{
    "_key": "884896",
    "_id": "transients/884896",
    "_rev": "_j6Z_uq6---",
    "classification": {
        "spec_classed": 0,
        "unambiguous": true,
        "value": [
            {
                "object_class": "TDE",
                "confidence": 1,
                "reference": [
                    "2017NatAs...1E..33L",
                    "2023PASP..135c4101G"
                ],
                "default": true
            }
        ],
        "discovery_method": "xray"
    },
    "coordinate": [
        {
            "ra": "15:00:52.0",
            "dec": "+01:54:52",
            "ra_units": "hour",
            "dec_units": "deg",
            "reference": [
                "2017NatAs...1E..33L"
            ],
            "coordinate_type": "equatorial"
        }
    ],
    "distance": [
        {
            "value": "0.145",
            "distance_type": "redshift",
            "reference": [
                "2017NatAs...1E..33L",
                "2023PASP..135c4101G"
            ],
            "default": true
        },
        {
            "value": "620",
            "distance_type": "comoving",
            "unit": "Mpc",
            "reference": [
                "2016A&A...594A..13P",
                "2017ApJ...835...64G",
                "2017NatAs...1E..33L"
            ],
            "default": true
        },
        {
            "value": "709",
            "distance_type": "luminosity",
            "unit": "Mpc",
            "reference": [
                "2016A&A...594A..13P",
                "2017ApJ...835...64G",
                "2017NatAs...1E..33L"
            ],
            "default": true
        }
    ],
    "schema_version": {
        "comment": "Copied from tde.space;",
        "comments": "From Goldtooth et al. (2023)",
        "value": 0
    },
    "name": {
        "alias": [
            {
                "value": "XJ1500+0154",
                "reference": [
                    "2017NatAs...1E..33L"
                ]
            },
            {
                "value": "3XMM J150052.0+015452",
                "reference": [
                    "2017NatAs...1E..33L",
                    "2023PASP..135c4101G"
                ]
            }
        ],
        "default_name": "3XMM J150052.0+015452"
    },
    "reference_alias": [
        {
            "name": "2017NatAs...1E..33L",
            "human_readable_name": "Lin et al. (2017)"
        },
        {
            "name": "2016A&A...594A..13P",
            "human_readable_name": "Planck Collaboration et al. (2016)"
        },
        {
            "name": "2011ApJ...737..103S",
            "human_readable_name": "Schlafly & Finkbeiner (2011)"
        },
        {
            "name": "2017ApJ...835...64G",
            "human_readable_name": "Guillochon et al. (2017)"
        },
        {
            "name": "2023PASP..135c4101G",
            "human_readable_name": "Goldtooth, Aaron et al. (2023)"
        }
    ],
    "date_reference": [
        {
            "value": "2005-07-23 ",
            "date_format": "iso",
            "date_type": "discovery",
            "reference": [
                "2023PASP..135c4101G",
                "2017NatAs...1E..33L"
            ],
            "default": true
        }
    ],
    "host": [
        {
            "host_name": "SDSS J150052.07+015453.8",
            "host_ra": 225.2169583333333,
            "host_dec": 1.9149444444444443,
            "host_ra_units": "deg",
            "host_dec_units": "deg",
            "reference": [
                "2023PASP..135c4101G",
                "2017NatAs...1E..33L"
            ]
        }
    ]
}