{
    "_key": "884789",
    "_id": "transients/884789",
    "_rev": "_j6Z-HBy---",
    "schema_version": {
        "comments": "From Goldtooth et al. (2023)",
        "value": 0
    },
    "name": {
        "alias": [
            {
                "value": "SRGE J163831.7+534020",
                "reference": [
                    "2023PASP..135c4101G"
                ]
            }
        ],
        "default_name": "SRGE J163831.7+534020"
    },
    "classification": {
        "spec_classed": 0,
        "unambiguous": false,
        "value": [
            {
                "object_class": "TDE",
                "confidence": 0,
                "reference": [
                    "2023PASP..135c4101G",
                    "2021MNRAS.508.3820S"
                ]
            }
        ],
        "discovery_method": "xray"
    },
    "distance": [
        {
            "value": "0.581",
            "reference": [
                "2023PASP..135c4101G",
                "2021MNRAS.508.3820S"
            ],
            "computed": false,
            "default": true,
            "distance_type": "redshift"
        }
    ],
    "coordinate": [
        {
            "ra": 249.633401,
            "dec": 53.672931,
            "ra_units": "deg",
            "dec_units": "deg",
            "coordinate_type": "equatorial",
            "reference": [
                "2023PASP..135c4101G",
                "2021MNRAS.508.3820S"
            ],
            "default": true
        }
    ],
    "date_reference": [
        {
            "value": "2020-08-01 ",
            "date_format": "iso",
            "date_type": "discovery",
            "reference": [
                "2023PASP..135c4101G",
                "2021MNRAS.508.3820S"
            ],
            "default": true
        }
    ],
    "host": [
        {
            "host_name": null,
            "host_ra": 249.633401,
            "host_dec": 53.672931,
            "host_ra_units": "deg",
            "host_dec_units": "deg",
            "reference": [
                "2023PASP..135c4101G",
                "2021MNRAS.508.3820S"
            ]
        }
    ],
    "reference_alias": [
        {
            "name": "2023PASP..135c4101G",
            "human_readable_name": "Goldtooth, Aaron et al. (2023)"
        },
        {
            "name": "2021MNRAS.508.3820S",
            "human_readable_name": "Sazonov, S. et al. (2021)"
        }
    ]
}