{
    "_key": "7553072",
    "_id": "vetting/7553072",
    "_rev": "_kl-4yay---",
    "name": {
        "default_name": "2023ugy",
        "alias": [
            {
                "value": "2023ugy",
                "reference": [
                    "2023TNSTR2516....1H"
                ]
            }
        ]
    },
    "coordinate": [
        {
            "ra": 325.183417,
            "dec": 21.016269,
            "ra_units": "deg",
            "dec_units": "deg",
            "reference": [
                "2023TNSTR2516....1H"
            ],
            "coordinate_type": "equatorial"
        }
    ],
    "distance": [
        {
            "value": 0.106,
            "reference": [
                "2023TNSCR2663....1Y"
            ],
            "computed": false,
            "distance_type": "redshift"
        }
    ],
    "classification": {
        "value": [
            {
                "object_class": "TDE",
                "confidence": 3,
                "reference": [
                    "2023TNSCR2663....1Y, 2025ApJS..281....7Y"
                ]
            }
        ]
    },
    "schema_version": {
        "comment": "Uploader:NF | Email:nfranz@arizona.edu"
    },
    "reference_alias": [
        {
            "name": "2025ApJS..281....7Y",
            "human_readable_name": "Yao, Yujun et al. (2025)"
        },
        {
            "name": "2023TNSTR2516....1H",
            "human_readable_name": "Hodgkin, S. T. et al. (2023)"
        },
        {
            "name": "2023TNSCR2663....1Y",
            "human_readable_name": "Yao, Y. & Qin, Y. (2023)"
        }
    ]
}