{
    "_key": "885117",
    "_id": "transients/885117",
    "_rev": "_j6ZBmIC---",
    "reference_alias": [
        {
            "name": "van Velzen, Sjoert et al. (2021)",
            "human_readable_name": "2021ApJ...908....4V"
        },
        {
            "name": "2024MNRAS.527.2452M",
            "human_readable_name": "Mummery et al. (2023)"
        },
        {
            "name": "2023ApJ...957...86H",
            "human_readable_name": "Hammerstein, Erica et al. (2023)"
        },
        {
            "name": "2018TNSTR.652....1F",
            "human_readable_name": "Fremling, C. & Taggart, K. (2018)"
        },
        {
            "name": "2020TNSCR2260....1D",
            "human_readable_name": "Dahiwale, A. & Fremling, C. (2020)"
        }
    ],
    "classification": {
        "spec_classed": 3,
        "unambiguous": true,
        "value": [
            {
                "object_class": "TDE",
                "confidence": 3.3,
                "reference": [
                    "2020TNSCR2260....1D",
                    "2021ApJ...908....4V",
                    "2024MNRAS.527.2452M"
                ],
                "default": true
            }
        ],
        "discovery_method": "uvoir"
    },
    "coordinate": [
        {
            "ra": "123.860919",
            "dec": "45.592208",
            "ra_units": "deg",
            "dec_units": "deg",
            "coordinate_type": "equatorial",
            "epoch": "J2000",
            "frame": "ICRS",
            "reference": [
                "2018TNSTR.652....1F"
            ],
            "default": false
        },
        {
            "ra": "123.860974754",
            "dec": "45.592225495",
            "ra_units": "deg",
            "dec_units": "deg",
            "coordinate_type": "equatorial",
            "reference": [
                "2021ApJ...908....4V",
                "2024MNRAS.527.2452M"
            ],
            "default": true
        }
    ],
    "distance": [
        {
            "value": "0.051",
            "distance_type": "redshift",
            "reference": [
                "2020TNSCR2260....1D",
                "2021ApJ...908....4V",
                "2024MNRAS.527.2452M"
            ],
            "default": true
        },
        {
            "value": "117.54",
            "distance_type": "dispersion_measure",
            "unit": "km/s",
            "reference": [
                "2023ApJ...957...86H",
                "2024MNRAS.527.2452M"
            ],
            "default": true
        }
    ],
    "name": {
        "alias": [
            {
                "value": "ZTF18aahqkbt",
                "reference": [
                    "TNS"
                ]
            },
            {
                "value": "2018bsi",
                "reference": [
                    "TNS"
                ]
            },
            {
                "value": "AT2018bsi",
                "reference": [
                    "2021ApJ...908....4V",
                    "2024MNRAS.527.2452M"
                ]
            }
        ],
        "default_name": "2018bsi"
    },
    "date_reference": [
        {
            "value": "58217.21199074074",
            "date_format": "mjd",
            "date_type": "discovery",
            "reference": [
                "2018TNSTR.652....1F"
            ],
            "default": true
        },
        {
            "value": "58224.958333333365",
            "date_format": "mjd",
            "date_type": "peak",
            "reference": [
                "2021ApJ...908....4V",
                "2024MNRAS.527.2452M"
            ],
            "default": true
        }
    ],
    "filter_alias": [
        {
            "filter_key": "B.uvot",
            "filter_name": "B.uvot",
            "freq_eff": 695280559412463.5,
            "freq_units": "Hz"
        },
        {
            "filter_key": "U.uvot",
            "filter_name": "U.uvot",
            "freq_eff": 872815357550259.6,
            "freq_units": "Hz"
        },
        {
            "filter_key": "UVM2.uvot",
            "filter_name": "UVM2.uvot",
            "freq_eff": 1346484181597652,
            "freq_units": "Hz"
        },
        {
            "filter_key": "UVW1.uvot",
            "filter_name": "UVW1.uvot",
            "freq_eff": 1198891057872408,
            "freq_units": "Hz"
        },
        {
            "filter_key": "UVW2.uvot",
            "filter_name": "UVW2.uvot",
            "freq_eff": 1492659946412262.2,
            "freq_units": "Hz"
        },
        {
            "filter_key": "W1.wise",
            "filter_name": "W1.wise",
            "freq_eff": 89917740678395.33,
            "freq_units": "Hz"
        },
        {
            "filter_key": "W2.wise",
            "filter_name": "W2.wise",
            "freq_eff": 65429370473910.305,
            "freq_units": "Hz"
        },
        {
            "filter_key": "r.ztf",
            "filter_name": "r.ztf",
            "freq_eff": 471994480402802.25,
            "freq_units": "Hz"
        }
    ],
    "photometry": [
        {
            "raw": [
                0.00022324,
                0.00018151,
                0.00017697,
                4.37e-05,
                1.8834e-05,
                9.4341e-06,
                8.1834e-06,
                1.3661e-05,
                8.5395e-06,
                0.00017752,
                0.00016131,
                3.0731e-05,
                9.6169e-06,
                -3.3332e-06,
                -9.6073e-07,
                -9.4542e-06,
                0.00016169,
                0.00015355,
                3.3086e-05,
                1.3239e-07,
                5.0059e-06,
                1.7108e-05,
                -4.5321e-06,
                0.00014339,
                8.3312e-05,
                -8.892e-05,
                -4.0854e-05,
                -7.9697e-05,
                -5.5297e-05,
                -5.3044e-05,
                -2.9415e-05,
                -0.00012216,
                -0.00010316,
                -0.000147,
                -0.00025515,
                -0.00018119,
                -0.00019076,
                -7.04126251865066e-05,
                -1.2956937866878266e-05,
                -4.3006552237884797e-05,
                -8.860971578696051e-05,
                -4.2040958579995997e-05,
                -2.1298291375427487e-06,
                -3.776136618263857e-05,
                -7.114860913978025e-05,
                -3.7748814673340525e-05,
                3.385717190410889e-05,
                -6.462365859058644e-05,
                -5.690767716256495e-05,
                -5.554326499998924e-05,
                -3.922794120741762e-05,
                1.5506267649778602e-05,
                7.667164731640863e-06,
                -4.6804761578309735e-05,
                3.237344639018348e-05,
                -4.2642217390718934e-05,
                2.001726528604453e-05,
                -1.5911593735538183e-05,
                -1.677230191782647e-05,
                1.7731809790202454e-05,
                -1.0168349891387648e-05,
                2.4150231733212342e-05,
                1.217867253251936e-05,
                6.655753074936435e-05,
                -1.0233425215143935e-05,
                0.000236012,
                0.000201703,
                0.000180055,
                0.000204782,
                0.000186182,
                0.000178746,
                0.000169807
            ],
            "raw_err": [
                1.1185e-05,
                1.0309e-05,
                1.1035e-05,
                8.1441e-06,
                5.0213e-06,
                3.6449e-06,
                8.2221e-06,
                9.2383e-06,
                4.0694e-06,
                9.9268e-06,
                1.0284e-05,
                7.322e-06,
                4.7584e-06,
                1.0379e-05,
                1.7249e-05,
                5.1471e-06,
                1.4388e-05,
                1.4636e-05,
                1.3099e-05,
                8.0048e-06,
                1.6731e-05,
                1.7679e-05,
                7.4669e-06,
                3.3492e-05,
                3.3973e-05,
                3.2296e-05,
                1.9035e-05,
                3.0746e-05,
                3.6681e-05,
                1.5766e-05,
                6.875e-05,
                7.1786e-05,
                7.5273e-05,
                5.0172e-05,
                7.5994e-05,
                8.6929e-05,
                4.503e-05,
                1.8821884364932676e-05,
                1.726536405002409e-05,
                1.8317284566307785e-05,
                1.784071334999884e-05,
                1.8121941013020027e-05,
                1.865032182144853e-05,
                1.944184614426329e-05,
                1.4175960987272731e-05,
                1.8167502981894793e-05,
                1.9625547811866825e-05,
                1.608046601390568e-05,
                1.6546337647602075e-05,
                1.8712234589034182e-05,
                1.8330095087673747e-05,
                2.3309470252300926e-05,
                2.114174050905316e-05,
                2.1221364252951436e-05,
                2.0688761326160324e-05,
                2.306719615235177e-05,
                2.2377574138914802e-05,
                2.179141714669653e-05,
                1.9920802402538367e-05,
                2.2163532394300708e-05,
                2.0761998282355434e-05,
                2.1585803333544594e-05,
                1.9961926476816656e-05,
                2.3821214553356904e-05,
                2.221224169362093e-05,
                6.225524925454435e-06,
                6.266438985494319e-06,
                6.336391181433852e-06,
                7.129155913429925e-06,
                5.502696386424816e-06,
                9.169840556100346e-06,
                6.233832948688152e-06
            ],
            "raw_units": "Jy",
            "date": [
                "58261.445106",
                "58269.253407",
                "58271.38605",
                "58366.119545",
                "58543.342619",
                "59586.456439",
                "60457.251293",
                "60459.482243",
                "60554.017983",
                "58269.255682",
                "58271.390874",
                "58366.126396",
                "58543.347773",
                "60457.253434",
                "60459.748768",
                "60554.022328",
                "58269.251566",
                "58271.382115",
                "58366.113763",
                "58543.338455",
                "60457.248893",
                "60459.480128",
                "60554.013251",
                "58269.252209",
                "58271.383401",
                "58366.115685",
                "58543.339921",
                "60457.249604",
                "60459.480766",
                "60554.014746",
                "58269.252542",
                "58271.384076",
                "58366.116676",
                "58543.340653",
                "60457.250098",
                "60459.481219",
                "60554.015733",
                "58045.748344139996",
                "58200.33399601",
                "58409.98831571",
                "58567.26115441",
                "58774.25873698",
                "58931.447184339995",
                "59141.189287835",
                "59296.156325050004",
                "59505.422738825",
                "59662.67866756",
                "59872.37814764",
                "60027.03348476",
                "60236.71148976",
                "60394.04645939",
                "58045.748344139996",
                "58200.33399601",
                "58409.98831571",
                "58567.26115441",
                "58774.25873698",
                "58931.447184339995",
                "59141.189287835",
                "59296.156325050004",
                "59505.422738825",
                "59662.67866756",
                "59872.37814764",
                "60027.03348476",
                "60236.71148976",
                "60394.04645939",
                "58227.11246",
                "58217.17",
                "58243.11919",
                "58224.11711",
                "58223.13968",
                "58254.133669999996",
                "58231.12728"
            ],
            "date_format": "mjd",
            "filter_key": [
                "UVW2.uvot",
                "UVW2.uvot",
                "UVW2.uvot",
                "UVW2.uvot",
                "UVW2.uvot",
                "UVW2.uvot",
                "UVW2.uvot",
                "UVW2.uvot",
                "UVW2.uvot",
                "UVM2.uvot",
                "UVM2.uvot",
                "UVM2.uvot",
                "UVM2.uvot",
                "UVM2.uvot",
                "UVM2.uvot",
                "UVM2.uvot",
                "UVW1.uvot",
                "UVW1.uvot",
                "UVW1.uvot",
                "UVW1.uvot",
                "UVW1.uvot",
                "UVW1.uvot",
                "UVW1.uvot",
                "U.uvot",
                "U.uvot",
                "U.uvot",
                "U.uvot",
                "U.uvot",
                "U.uvot",
                "U.uvot",
                "B.uvot",
                "B.uvot",
                "B.uvot",
                "B.uvot",
                "B.uvot",
                "B.uvot",
                "B.uvot",
                "W1.wise",
                "W1.wise",
                "W1.wise",
                "W1.wise",
                "W1.wise",
                "W1.wise",
                "W1.wise",
                "W1.wise",
                "W1.wise",
                "W1.wise",
                "W1.wise",
                "W1.wise",
                "W1.wise",
                "W1.wise",
                "W2.wise",
                "W2.wise",
                "W2.wise",
                "W2.wise",
                "W2.wise",
                "W2.wise",
                "W2.wise",
                "W2.wise",
                "W2.wise",
                "W2.wise",
                "W2.wise",
                "W2.wise",
                "W2.wise",
                "W2.wise",
                "r.ztf",
                "r.ztf",
                "r.ztf",
                "r.ztf",
                "r.ztf",
                "r.ztf",
                "r.ztf"
            ],
            "obs_type": "uvoir",
            "reference": [
                "2021ApJ...908....4V",
                "2024MNRAS.527.2452M"
            ],
            "upperlimit": [
                false,
                false,
                false,
                false,
                false,
                true,
                true,
                true,
                true,
                false,
                false,
                false,
                true,
                true,
                true,
                true,
                false,
                false,
                true,
                true,
                true,
                true,
                true,
                false,
                true,
                true,
                true,
                true,
                true,
                true,
                true,
                true,
                true,
                true,
                true,
                true,
                true,
                true,
                true,
                true,
                true,
                true,
                true,
                true,
                true,
                true,
                true,
                true,
                true,
                true,
                true,
                true,
                true,
                true,
                true,
                true,
                true,
                true,
                true,
                true,
                true,
                true,
                true,
                true,
                true,
                false,
                false,
                false,
                false,
                false,
                false,
                false
            ],
            "corr_k": false,
            "corr_s": false,
            "corr_av": false,
            "corr_host": false,
            "corr_hostav": false,
            "val_av": 0.17020342112689663
        }
    ]
}