{
    "_key": "5618656",
    "_id": "vetting/5618656",
    "_rev": "_kT6tNeK---",
    "name": {
        "alias": [
            {
                "value": "AT2020vwl",
                "reference": [
                    "2020TNSTR3089....1H"
                ]
            }
        ],
        "default_name": "AT2020vwl"
    },
    "coordinate": [
        {
            "ra": "15:30:37.800",
            "dec": 26.982469,
            "ra_units": "hourangle",
            "dec_units": "deg",
            "reference": [
                "2020TNSTR3089....1H"
            ],
            "coordinate_type": "equatorial"
        }
    ],
    "schema_version": {
        "comment": "Uploader:Collin Christy | Email:collinchristy@arizona.edu | approved"
    },
    "photometry": [
        {
            "reference": "2023MNRAS.522.5084G",
            "raw": [
                373,
                348,
                671,
                356
            ],
            "raw_err": [
                40,
                47,
                65,
                37
            ],
            "raw_units": "uJy",
            "date": [
                59440,
                59575,
                59693,
                59710
            ],
            "date_format": [
                "mjd",
                "mjd",
                "mjd",
                "mjd"
            ],
            "upperlimit": [
                false,
                false,
                false,
                false
            ],
            "filter_key": [
                "1.28GHz",
                "0.82GHz",
                "0.82GHz",
                "1.28GHz"
            ],
            "obs_type": "radio",
            "telescope": "MeerKAT",
            "reducer": [
                "AG",
                "AG",
                "AG",
                "AG"
            ],
            "val_k": false,
            "val_s": false,
            "val_host": false,
            "val_av": false,
            "val_hostav": false
        },
        {
            "reference": "2023MNRAS.522.5084G",
            "raw": [
                552,
                493,
                244,
                294,
                412,
                500,
                543,
                576,
                564,
                517,
                565,
                461,
                476,
                504,
                495,
                470,
                440,
                390,
                297,
                366,
                457,
                468,
                410,
                284,
                266,
                207,
                186,
                147,
                115,
                355,
                490,
                353,
                301,
                274,
                247,
                259,
                156,
                160,
                135,
                109,
                53,
                381,
                332,
                280,
                228,
                227,
                134,
                145,
                109,
                81,
                70,
                406,
                294,
                298,
                208,
                225,
                235,
                179,
                141,
                120,
                68
            ],
            "raw_err": [
                28,
                25,
                46,
                33,
                21,
                25,
                27,
                29,
                28,
                28,
                28,
                53,
                53,
                25,
                24,
                24,
                22,
                20,
                15,
                70,
                37,
                30,
                34,
                23,
                23,
                20,
                9,
                9,
                6,
                39,
                92,
                78,
                54,
                29,
                25,
                25,
                25,
                22,
                22,
                13,
                6,
                36,
                28,
                42,
                26,
                25,
                27,
                15,
                13,
                9,
                11,
                19,
                37,
                21,
                17,
                17,
                18,
                17,
                15,
                14,
                6
            ],
            "raw_units": "uJy",
            "date": [
                59268.54377,
                59268.54377,
                59272.59373,
                59272.59373,
                59272.59373,
                59272.59373,
                59272.59373,
                59272.59373,
                59272.59373,
                59272.59373,
                59272.59373,
                59341.39169,
                59341.39169,
                59341.39169,
                59341.39169,
                59341.39169,
                59341.39169,
                59341.39169,
                59341.39169,
                59437.06125,
                59437.06125,
                59437.06125,
                59437.06125,
                59437.06125,
                59437.06125,
                59437.06125,
                59437.06125,
                59437.06125,
                59437.06125,
                59505.96399,
                59505.96399,
                59505.96399,
                59505.96399,
                59505.96399,
                59505.96399,
                59505.96399,
                59505.96399,
                59505.96399,
                59505.96399,
                59505.96399,
                59505.96399,
                59562.78554,
                59562.78554,
                59562.78554,
                59562.78554,
                59562.78554,
                59562.78554,
                59562.78554,
                59562.78554,
                59562.78554,
                59562.78554,
                59707.43095,
                59707.43095,
                59707.43095,
                59707.43095,
                59707.43095,
                59707.43095,
                59707.43095,
                59707.43095,
                59707.43095,
                59707.43095
            ],
            "date_format": [
                "mjd",
                "mjd",
                "mjd",
                "mjd",
                "mjd",
                "mjd",
                "mjd",
                "mjd",
                "mjd",
                "mjd",
                "mjd",
                "mjd",
                "mjd",
                "mjd",
                "mjd",
                "mjd",
                "mjd",
                "mjd",
                "mjd",
                "mjd",
                "mjd",
                "mjd",
                "mjd",
                "mjd",
                "mjd",
                "mjd",
                "mjd",
                "mjd",
                "mjd",
                "mjd",
                "mjd",
                "mjd",
                "mjd",
                "mjd",
                "mjd",
                "mjd",
                "mjd",
                "mjd",
                "mjd",
                "mjd",
                "mjd",
                "mjd",
                "mjd",
                "mjd",
                "mjd",
                "mjd",
                "mjd",
                "mjd",
                "mjd",
                "mjd",
                "mjd",
                "mjd",
                "mjd",
                "mjd",
                "mjd",
                "mjd",
                "mjd",
                "mjd",
                "mjd",
                "mjd",
                "mjd"
            ],
            "upperlimit": [
                false,
                false,
                false,
                false,
                false,
                false,
                false,
                false,
                false,
                false,
                false,
                false,
                false,
                false,
                false,
                false,
                false,
                false,
                false,
                false,
                false,
                false,
                false,
                false,
                false,
                false,
                false,
                false,
                false,
                false,
                false,
                false,
                false,
                false,
                false,
                false,
                false,
                false,
                false,
                false,
                false,
                false,
                false,
                false,
                false,
                false,
                false,
                false,
                false,
                false,
                false,
                false,
                false,
                false,
                false,
                false,
                false,
                false,
                false,
                false,
                false
            ],
            "filter_key": [
                "9.0GHz",
                "11.0GHz",
                "1.26GHz",
                "1.78GHz",
                "3.0GHz",
                "4.5GHz",
                "5.51GHz",
                "6.49GHz",
                "7.51GHz",
                "9.0GHz",
                "11.0GHz",
                "2.75GHz",
                "3.25GHz",
                "5.51GHz",
                "6.49GHz",
                "7.51GHz",
                "9.0GHz",
                "11.0GHz",
                "15.0GHz",
                "1.52GHz",
                "2.5GHz",
                "3.24GHz",
                "4.49GHz",
                "5.51GHz",
                "6.49GHz",
                "7.51GHz",
                "9.0GHz",
                "11.0GHz",
                "15.08GHz",
                "1.26GHz",
                "1.65GHz",
                "1.9GHz",
                "2.24GHz",
                "2.75GHz",
                "3.24GHz",
                "3.75GHz",
                "5.61GHz",
                "6.61GHz",
                "7.57GHz",
                "9.0GHz",
                "15.08GHz",
                "1.25GHz",
                "1.75GHz",
                "2.31GHz",
                "2.87GHz",
                "3.3GHz",
                "3.75GHz",
                "5.0GHz",
                "7.0GHz",
                "9.0GHz",
                "11.0GHz",
                "1.5GHz",
                "2.243GHz",
                "2.754GHz",
                "3.24GHz",
                "3.75GHz",
                "4.48GHz",
                "5.51GHz",
                "6.49GHz",
                "7.45GHz",
                "10.0GHz"
            ],
            "obs_type": "radio",
            "telescope": "VLA",
            "reducer": [
                "AG",
                "AG",
                "AG",
                "AG",
                "AG",
                "AG",
                "AG",
                "AG",
                "AG",
                "AG",
                "AG",
                "AG",
                "AG",
                "AG",
                "AG",
                "AG",
                "AG",
                "AG",
                "AG",
                "AG",
                "AG",
                "AG",
                "AG",
                "AG",
                "AG",
                "AG",
                "AG",
                "AG",
                "AG",
                "AG",
                "AG",
                "AG",
                "AG",
                "AG",
                "AG",
                "AG",
                "AG",
                "AG",
                "AG",
                "AG",
                "AG",
                "AG",
                "AG",
                "AG",
                "AG",
                "AG",
                "AG",
                "AG",
                "AG",
                "AG",
                "AG",
                "AG",
                "AG",
                "AG",
                "AG",
                "AG",
                "AG",
                "AG",
                "AG",
                "AG",
                "AG"
            ],
            "val_k": false,
            "val_s": false,
            "val_host": false,
            "val_av": false,
            "val_hostav": false
        },
        {
            "reference": "2023MNRAS.522.5084G",
            "raw": [
                440,
                668,
                521
            ],
            "raw_err": [
                66,
                253,
                217
            ],
            "raw_units": "uJy",
            "date": [
                59562,
                59698,
                59698
            ],
            "date_format": [
                "mjd",
                "mjd",
                "mjd"
            ],
            "upperlimit": [
                false,
                false,
                false
            ],
            "filter_key": [
                "0.65GHz",
                "1.26GHz",
                "0.65GHz"
            ],
            "obs_type": "radio",
            "telescope": "uGMRT",
            "reducer": [
                "AG",
                "AG",
                "AG"
            ],
            "val_k": false,
            "val_s": false,
            "val_host": false,
            "val_av": false,
            "val_hostav": false
        },
        {
            "reference": "2025ApJ...981..122G",
            "raw": [
                292,
                417,
                156,
                689,
                601,
                595
            ],
            "raw_err": [
                42,
                41,
                54,
                59,
                64,
                93
            ],
            "raw_units": "uJy",
            "date": [
                59976,
                59976,
                60056,
                60187,
                60187,
                60263
            ],
            "date_format": [
                "mjd",
                "mjd",
                "mjd",
                "mjd",
                "mjd",
                "mjd"
            ],
            "upperlimit": [
                false,
                false,
                false,
                false,
                false,
                false
            ],
            "filter_key": [
                "0.65GHz",
                "1.26GHz",
                "0.65GHz",
                "0.65GHz",
                "1.26GHz",
                "0.65GHz"
            ],
            "obs_type": "radio",
            "telescope": "GMRT",
            "reducer": [
                "AG",
                "AG",
                "AG",
                "AG",
                "AG",
                "AG"
            ],
            "val_k": false,
            "val_s": false,
            "val_host": false,
            "val_av": false,
            "val_hostav": false
        },
        {
            "reference": "2025ApJ...981..122G",
            "raw": [
                1131
            ],
            "raw_err": [
                45
            ],
            "raw_units": "uJy",
            "date": [
                60367
            ],
            "date_format": [
                "mjd"
            ],
            "upperlimit": [
                false
            ],
            "filter_key": [
                "0.82GHz"
            ],
            "obs_type": "radio",
            "telescope": "MeerKAT",
            "reducer": [
                "AG"
            ],
            "val_k": false,
            "val_s": false,
            "val_host": false,
            "val_av": false,
            "val_hostav": false
        },
        {
            "reference": "2025ApJ...981..122G",
            "raw": [
                55.8,
                29.3,
                74,
                82,
                216,
                205,
                127,
                82,
                311,
                366,
                186,
                604,
                471,
                742,
                699,
                639,
                578,
                562,
                488,
                404,
                414,
                325,
                274,
                692,
                639,
                598,
                590,
                696,
                689,
                625,
                549,
                512,
                363,
                338,
                283,
                188,
                189,
                425,
                434,
                441,
                298,
                228,
                210,
                180,
                133,
                89,
                568,
                366,
                201,
                173,
                178,
                111,
                106,
                79,
                60,
                47
            ],
            "raw_err": [
                9,
                9,
                11,
                16,
                39,
                45,
                28,
                32,
                35,
                25,
                89,
                53,
                95,
                43,
                44,
                21,
                18,
                17,
                23,
                22,
                24,
                14,
                13,
                148,
                39,
                71,
                31,
                43,
                26,
                21,
                19,
                26,
                28,
                28,
                26,
                16,
                37,
                39,
                32,
                103,
                41,
                22,
                25,
                24,
                17,
                21,
                77,
                35,
                26,
                21,
                19,
                18,
                14,
                16,
                9,
                10
            ],
            "raw_units": "uJy",
            "date": [
                59895.92016,
                59895.92016,
                59895.92016,
                59895.92016,
                59895.92016,
                59895.92016,
                59895.92016,
                59895.92016,
                59895.92016,
                59895.92016,
                59895.92016,
                60035,
                60035,
                60035,
                60035,
                60035,
                60035,
                60035,
                60035,
                60035,
                60035,
                60035,
                60035,
                60157,
                60157,
                60157,
                60157,
                60157,
                60157,
                60157,
                60157,
                60157,
                60157,
                60157,
                60157,
                60157,
                60157,
                60258,
                60258,
                60258,
                60258,
                60258,
                60258,
                60258,
                60258,
                60258,
                60395,
                60395,
                60395,
                60395,
                60395,
                60395,
                60395,
                60395,
                60395,
                60395
            ],
            "date_format": [
                "mjd",
                "mjd",
                "mjd",
                "mjd",
                "mjd",
                "mjd",
                "mjd",
                "mjd",
                "mjd",
                "mjd",
                "mjd",
                "mjd",
                "mjd",
                "mjd",
                "mjd",
                "mjd",
                "mjd",
                "mjd",
                "mjd",
                "mjd",
                "mjd",
                "mjd",
                "mjd",
                "mjd",
                "mjd",
                "mjd",
                "mjd",
                "mjd",
                "mjd",
                "mjd",
                "mjd",
                "mjd",
                "mjd",
                "mjd",
                "mjd",
                "mjd",
                "mjd",
                "mjd",
                "mjd",
                "mjd",
                "mjd",
                "mjd",
                "mjd",
                "mjd",
                "mjd",
                "mjd",
                "mjd",
                "mjd",
                "mjd",
                "mjd",
                "mjd",
                "mjd",
                "mjd",
                "mjd",
                "mjd",
                "mjd"
            ],
            "upperlimit": [
                false,
                false,
                false,
                false,
                false,
                false,
                false,
                false,
                false,
                false,
                false,
                false,
                false,
                false,
                false,
                false,
                false,
                false,
                false,
                false,
                false,
                false,
                false,
                false,
                false,
                false,
                false,
                false,
                false,
                false,
                false,
                false,
                false,
                false,
                false,
                false,
                false,
                false,
                false,
                false,
                false,
                false,
                false,
                false,
                false,
                false,
                false,
                false,
                false,
                false,
                false,
                false,
                false,
                false,
                false,
                false
            ],
            "filter_key": [
                "13.55GHz",
                "16.61GHz",
                "9.1GHz",
                "11.13GHz",
                "4.48GHz",
                "5.51GHz",
                "6.59GHz",
                "7.45GHz",
                "2.77GHz",
                "3.24GHz",
                "1.5GHz",
                "1.263GHz",
                "1.65GHz",
                "1.9GHz",
                "2.24GHz",
                "2.75GHz",
                "3.25GHz",
                "3.75GHz",
                "4.49GHz",
                "5.51GHz",
                "6.49GHz",
                "9.0GHz",
                "11.0GHz",
                "1.14GHz",
                "1.4GHz",
                "1.65GHz",
                "1.9GHz",
                "2.24GHz",
                "2.75GHz",
                "3.25GHz",
                "3.75GHz",
                "4.49GHz",
                "5.51GHz",
                "6.49GHz",
                "7.51GHz",
                "9.0GHz",
                "11.0GHz",
                "2.75GHz",
                "3.24GHz",
                "3.75GHz",
                "4.49GHz",
                "5.51GHz",
                "6.49GHz",
                "7.51GHz",
                "9.0GHz",
                "11.0GHz",
                "2.24GHz",
                "2.75GHz",
                "4.5GHz",
                "5.5GHz",
                "6.49GHz",
                "7.51GHz",
                "9.0GHz",
                "11.0GHz",
                "13.5GHz",
                "16.62GHz"
            ],
            "obs_type": "radio",
            "telescope": "VLA",
            "reducer": [
                "AG",
                "AG",
                "AG",
                "AG",
                "AG",
                "AG",
                "AG",
                "AG",
                "AG",
                "AG",
                "AG",
                "AG",
                "AG",
                "AG",
                "AG",
                "AG",
                "AG",
                "AG",
                "AG",
                "AG",
                "AG",
                "AG",
                "AG",
                "AG",
                "AG",
                "AG",
                "AG",
                "AG",
                "AG",
                "AG",
                "AG",
                "AG",
                "AG",
                "AG",
                "AG",
                "AG",
                "AG",
                "AG",
                "AG",
                "AG",
                "AG",
                "AG",
                "AG",
                "AG",
                "AG",
                "AG",
                "AG",
                "AG",
                "AG",
                "AG",
                "AG",
                "AG",
                "AG",
                "AG",
                "AG",
                "AG"
            ],
            "val_k": false,
            "val_s": false,
            "val_host": false,
            "val_av": false,
            "val_hostav": false
        }
    ],
    "filter_alias": [
        {
            "filter_key": "9.0GHz",
            "filter_name": "X",
            "wave_eff": 33310273.111111104,
            "wave_units": "nm"
        },
        {
            "filter_key": "11.0GHz",
            "filter_name": "X",
            "wave_eff": 27253859.818181816,
            "wave_units": "nm"
        },
        {
            "filter_key": "1.26GHz",
            "filter_name": "L",
            "wave_eff": 237930522.22222218,
            "wave_units": "nm"
        },
        {
            "filter_key": "1.78GHz",
            "filter_name": "L",
            "wave_eff": 168422729.21348312,
            "wave_units": "nm"
        },
        {
            "filter_key": "3.0GHz",
            "filter_name": "S",
            "wave_eff": 99930819.33333333,
            "wave_units": "nm"
        },
        {
            "filter_key": "4.5GHz",
            "filter_name": "C",
            "wave_eff": 66620546.22222221,
            "wave_units": "nm"
        },
        {
            "filter_key": "5.51GHz",
            "filter_name": "C",
            "wave_eff": 54408794.5553539,
            "wave_units": "nm"
        },
        {
            "filter_key": "6.49GHz",
            "filter_name": "C",
            "wave_eff": 46192982.74268104,
            "wave_units": "nm"
        },
        {
            "filter_key": "7.51GHz",
            "filter_name": "C",
            "wave_eff": 39919102.26364847,
            "wave_units": "nm"
        },
        {
            "filter_key": "2.75GHz",
            "filter_name": "S",
            "wave_eff": 109015439.27272727,
            "wave_units": "nm"
        },
        {
            "filter_key": "3.25GHz",
            "filter_name": "S",
            "wave_eff": 92243833.23076922,
            "wave_units": "nm"
        },
        {
            "filter_key": "15.0GHz",
            "filter_name": "Ku",
            "wave_eff": 19986163.866666663,
            "wave_units": "nm"
        },
        {
            "filter_key": "1.52GHz",
            "filter_name": "L",
            "wave_eff": 197231880.26315784,
            "wave_units": "nm"
        },
        {
            "filter_key": "2.5GHz",
            "filter_name": "S",
            "wave_eff": 119916983.19999997,
            "wave_units": "nm"
        },
        {
            "filter_key": "3.24GHz",
            "filter_name": "S",
            "wave_eff": 92528536.41975307,
            "wave_units": "nm"
        },
        {
            "filter_key": "4.49GHz",
            "filter_name": "C",
            "wave_eff": 66768921.603563465,
            "wave_units": "nm"
        },
        {
            "filter_key": "15.08GHz",
            "filter_name": "Ku",
            "wave_eff": 19880136.47214854,
            "wave_units": "nm"
        },
        {
            "filter_key": "1.28GHz",
            "filter_name": "L",
            "wave_eff": 234212857.81249997,
            "wave_units": "nm"
        },
        {
            "filter_key": "1.65GHz",
            "filter_name": "L",
            "wave_eff": 181692398.7878788,
            "wave_units": "nm"
        },
        {
            "filter_key": "1.9GHz",
            "filter_name": "L",
            "wave_eff": 157785504.21052632,
            "wave_units": "nm"
        },
        {
            "filter_key": "2.24GHz",
            "filter_name": "S",
            "wave_eff": 133835918.74999999,
            "wave_units": "nm"
        },
        {
            "filter_key": "3.75GHz",
            "filter_name": "S",
            "wave_eff": 79944655.46666665,
            "wave_units": "nm"
        },
        {
            "filter_key": "5.61GHz",
            "filter_name": "C",
            "wave_eff": 53438940.81996434,
            "wave_units": "nm"
        },
        {
            "filter_key": "6.61GHz",
            "filter_name": "C",
            "wave_eff": 45354380.93797276,
            "wave_units": "nm"
        },
        {
            "filter_key": "7.57GHz",
            "filter_name": "C",
            "wave_eff": 39602702.50990752,
            "wave_units": "nm"
        },
        {
            "filter_key": "0.65GHz",
            "filter_name": "UHF",
            "wave_eff": 461219166.15384614,
            "wave_units": "nm"
        },
        {
            "filter_key": "0.82GHz",
            "filter_name": "UHF",
            "wave_eff": 365600558.5365854,
            "wave_units": "nm"
        },
        {
            "filter_key": "1.25GHz",
            "filter_name": "L",
            "wave_eff": 239833966.39999995,
            "wave_units": "nm"
        },
        {
            "filter_key": "1.75GHz",
            "filter_name": "L",
            "wave_eff": 171309975.99999997,
            "wave_units": "nm"
        },
        {
            "filter_key": "2.31GHz",
            "filter_name": "S",
            "wave_eff": 129780284.84848484,
            "wave_units": "nm"
        },
        {
            "filter_key": "2.87GHz",
            "filter_name": "S",
            "wave_eff": 104457302.43902437,
            "wave_units": "nm"
        },
        {
            "filter_key": "3.3GHz",
            "filter_name": "S",
            "wave_eff": 90846199.3939394,
            "wave_units": "nm"
        },
        {
            "filter_key": "5.0GHz",
            "filter_name": "C",
            "wave_eff": 59958491.59999999,
            "wave_units": "nm"
        },
        {
            "filter_key": "7.0GHz",
            "filter_name": "C",
            "wave_eff": 42827493.99999999,
            "wave_units": "nm"
        },
        {
            "filter_key": "1.5GHz",
            "filter_name": "L",
            "wave_eff": 199861638.66666666,
            "wave_units": "nm"
        },
        {
            "filter_key": "2.243GHz",
            "filter_name": "S",
            "wave_eff": 133656913.9545252,
            "wave_units": "nm"
        },
        {
            "filter_key": "2.754GHz",
            "filter_name": "S",
            "wave_eff": 108857101.67029773,
            "wave_units": "nm"
        },
        {
            "filter_key": "4.48GHz",
            "filter_name": "C",
            "wave_eff": 66917959.37499999,
            "wave_units": "nm"
        },
        {
            "filter_key": "7.45GHz",
            "filter_name": "C",
            "wave_eff": 40240598.38926174,
            "wave_units": "nm"
        },
        {
            "filter_key": "10.0GHz",
            "filter_name": "X",
            "wave_eff": 29979245.799999993,
            "wave_units": "nm"
        },
        {
            "filter_key": "13.55GHz",
            "filter_name": "Ku",
            "wave_eff": 22124904.64944649,
            "wave_units": "nm"
        },
        {
            "filter_key": "16.61GHz",
            "filter_name": "Ku",
            "wave_eff": 18048913.786875375,
            "wave_units": "nm"
        },
        {
            "filter_key": "9.1GHz",
            "filter_name": "X",
            "wave_eff": 32944226.15384615,
            "wave_units": "nm"
        },
        {
            "filter_key": "11.13GHz",
            "filter_name": "X",
            "wave_eff": 26935530.81761006,
            "wave_units": "nm"
        },
        {
            "filter_key": "6.59GHz",
            "filter_name": "C",
            "wave_eff": 45492027.01062215,
            "wave_units": "nm"
        },
        {
            "filter_key": "2.77GHz",
            "filter_name": "S",
            "wave_eff": 108228324.18772562,
            "wave_units": "nm"
        },
        {
            "filter_key": "1.263GHz",
            "filter_name": "L",
            "wave_eff": 237365366.5874901,
            "wave_units": "nm"
        },
        {
            "filter_key": "1.14GHz",
            "filter_name": "L",
            "wave_eff": 262975840.3508772,
            "wave_units": "nm"
        },
        {
            "filter_key": "1.4GHz",
            "filter_name": "L",
            "wave_eff": 214137470,
            "wave_units": "nm"
        },
        {
            "filter_key": "5.5GHz",
            "filter_name": "C",
            "wave_eff": 54507719.63636363,
            "wave_units": "nm"
        },
        {
            "filter_key": "13.5GHz",
            "filter_name": "Ku",
            "wave_eff": 22206848.74074074,
            "wave_units": "nm"
        },
        {
            "filter_key": "16.62GHz",
            "filter_name": "Ku",
            "wave_eff": 18038054.031287603,
            "wave_units": "nm"
        }
    ],
    "reference_alias": [
        {
            "name": "2025ApJ...981..122G",
            "human_readable_name": "Goodwin, A. J. et al. (2025)"
        },
        {
            "name": "2023MNRAS.522.5084G",
            "human_readable_name": "Goodwin, A. J. et al. (2023)"
        },
        {
            "name": "2020TNSTR3089....1H",
            "human_readable_name": "Hodgkin, S. T. et al. (2020)"
        }
    ]
}