{
    "_key": "7553082",
    "_id": "vetting/7553082",
    "_rev": "_kl-40Zq---",
    "name": {
        "default_name": "2022fpx",
        "alias": [
            {
                "value": "2022fpx",
                "reference": [
                    "2022TNSTR.836....1T"
                ]
            }
        ]
    },
    "coordinate": [
        {
            "ra": 232.765417,
            "dec": 53.40535,
            "ra_units": "deg",
            "dec_units": "deg",
            "reference": [
                "2022TNSTR.836....1T"
            ],
            "coordinate_type": "equatorial"
        }
    ],
    "distance": [
        {
            "value": 0.073,
            "reference": [
                "2022TNSCR1771....1P"
            ],
            "computed": false,
            "distance_type": "redshift"
        }
    ],
    "classification": {
        "value": [
            {
                "object_class": "TDE",
                "confidence": 3,
                "reference": [
                    "2022TNSCR1771....1P, 2025ApJ...990...22L"
                ]
            }
        ]
    },
    "schema_version": {
        "comment": "Uploader:NF | Email:nfranz@arizona.edu"
    },
    "reference_alias": [
        {
            "name": "2025ApJ...990...22L",
            "human_readable_name": "Lin, Zheyu et al. (2025)"
        },
        {
            "name": "2022TNSCR1771....1P",
            "human_readable_name": "Perez-Fournon, I. et al. (2022)"
        },
        {
            "name": "2022TNSTR.836....1T",
            "human_readable_name": "Tonry, J. et al. (2022)"
        }
    ]
}