{
    "_key": "7553101",
    "_id": "vetting/7553101",
    "_rev": "_kl-44xu---",
    "name": {
        "default_name": "2024tvd",
        "alias": [
            {
                "value": "2024tvd",
                "reference": [
                    "2024TNSTR3166....1S"
                ]
            }
        ]
    },
    "coordinate": [
        {
            "ra": 257.677437,
            "dec": 28.83753,
            "ra_units": "deg",
            "dec_units": "deg",
            "reference": [
                "2024TNSTR3166....1S"
            ],
            "coordinate_type": "equatorial"
        }
    ],
    "distance": [
        {
            "value": 0.044938,
            "reference": [
                "2024TNSCR4005....1F"
            ],
            "computed": false,
            "distance_type": "redshift"
        }
    ],
    "classification": {
        "value": [
            {
                "object_class": "TDE",
                "confidence": 3,
                "reference": [
                    "2024TNSCR4005....1F, 2025ApJ...992L..18S"
                ]
            }
        ]
    },
    "schema_version": {
        "comment": "Uploader:NF | Email:nfranz@arizona.edu"
    },
    "photometry": [
        {
            "reference": "2025ApJ...985L..48Y",
            "raw": [
                31.56,
                10.62,
                157.62,
                115.15,
                201.87,
                262.57,
                252.02,
                342.69,
                285.29,
                316.89,
                412.89,
                457.6,
                457.18,
                458.64,
                434.09,
                508.36,
                529.83,
                566.23,
                597.14,
                582.46,
                509.34,
                534.34,
                482.86,
                538.79,
                571.45,
                562.42,
                549.58,
                559.71,
                545.55,
                549.21,
                535.92,
                534.38,
                544.47,
                511.31,
                526.15,
                478.78,
                508.61,
                533.18,
                515.98,
                465.7,
                460.43,
                528.57,
                473.37,
                446.18,
                491.17,
                486.16,
                393.53,
                415.21,
                420.77,
                414.76,
                401.71,
                331.09,
                357.29,
                151.34,
                333.38,
                277.71,
                266.15,
                337.77,
                288.37,
                143,
                134.85,
                123.38,
                75.46
            ],
            "raw_err": [
                30.86,
                35.52,
                22.9,
                24.1,
                27.52,
                32.52,
                33.43,
                71.7,
                44.91,
                35.5,
                34.43,
                36.3,
                30.76,
                44.86,
                34.01,
                53.49,
                39.16,
                29.25,
                43.97,
                42.11,
                34.73,
                75.03,
                48.71,
                46.65,
                22.51,
                28.86,
                22.51,
                24.48,
                32.76,
                32.02,
                17.21,
                23.65,
                48.96,
                25.54,
                29.26,
                66.41,
                41.08,
                39.95,
                64.44,
                44.35,
                58.29,
                56.89,
                66.03,
                43.47,
                37.11,
                22,
                29.33,
                36.36,
                31.63,
                26.62,
                51.67,
                32.48,
                32.69,
                215.09,
                34.41,
                73.41,
                55.62,
                115.36,
                80.69,
                40.75,
                76.18,
                54.73,
                56.24
            ],
            "raw_units": "uJy",
            "date": [
                60546.2581,
                60549.2764,
                60553.2817,
                60554.3022,
                60555.3888,
                60556.2679,
                60557.2755,
                60558.2967,
                60559.2986,
                60560.3805,
                60561.2997,
                60562.3836,
                60563.2782,
                60564.3697,
                60565.299,
                60566.3244,
                60567.2952,
                60568.2874,
                60569.3346,
                60572.3195,
                60573.2632,
                60574.2735,
                60575.2609,
                60576.2783,
                60577.2489,
                60578.247,
                60581.2536,
                60582.2554,
                60583.2337,
                60584.2328,
                60586.2391,
                60587.2427,
                60588.2584,
                60589.2497,
                60590.2312,
                60591.2285,
                60592.2202,
                60593.2306,
                60595.2547,
                60596.2271,
                60599.2437,
                60600.2363,
                60601.2383,
                60602.2184,
                60603.2151,
                60604.2218,
                60605.2208,
                60606.2163,
                60607.2046,
                60608.2128,
                60613.21,
                60615.2317,
                60616.2186,
                60617.2089,
                60618.2084,
                60621.2092,
                60622.2126,
                60625.2065,
                60626.2021,
                60681.6512,
                60684.637,
                60691.6336,
                60692.6421
            ],
            "date_format": [
                "mjd",
                "mjd",
                "mjd",
                "mjd",
                "mjd",
                "mjd",
                "mjd",
                "mjd",
                "mjd",
                "mjd",
                "mjd",
                "mjd",
                "mjd",
                "mjd",
                "mjd",
                "mjd",
                "mjd",
                "mjd",
                "mjd",
                "mjd",
                "mjd",
                "mjd",
                "mjd",
                "mjd",
                "mjd",
                "mjd",
                "mjd",
                "mjd",
                "mjd",
                "mjd",
                "mjd",
                "mjd",
                "mjd",
                "mjd",
                "mjd",
                "mjd",
                "mjd",
                "mjd",
                "mjd",
                "mjd",
                "mjd",
                "mjd",
                "mjd",
                "mjd",
                "mjd",
                "mjd",
                "mjd",
                "mjd",
                "mjd",
                "mjd",
                "mjd",
                "mjd",
                "mjd",
                "mjd",
                "mjd",
                "mjd",
                "mjd",
                "mjd",
                "mjd",
                "mjd",
                "mjd",
                "mjd",
                "mjd"
            ],
            "upperlimit": [
                false,
                false,
                false,
                false,
                false,
                false,
                false,
                false,
                false,
                false,
                false,
                false,
                false,
                false,
                false,
                false,
                false,
                false,
                false,
                false,
                false,
                false,
                false,
                false,
                false,
                false,
                false,
                false,
                false,
                false,
                false,
                false,
                false,
                false,
                false,
                false,
                false,
                false,
                false,
                false,
                false,
                false,
                false,
                false,
                false,
                false,
                false,
                false,
                false,
                false,
                false,
                false,
                false,
                false,
                false,
                false,
                false,
                false,
                false,
                false,
                false,
                false,
                false
            ],
            "filter_key": [
                "o",
                "o",
                "o",
                "o",
                "o",
                "o",
                "o",
                "o",
                "o",
                "o",
                "o",
                "o",
                "o",
                "o",
                "o",
                "o",
                "o",
                "o",
                "o",
                "o",
                "o",
                "o",
                "o",
                "o",
                "c",
                "c",
                "c",
                "c",
                "o",
                "o",
                "c",
                "o",
                "o",
                "c",
                "c",
                "o",
                "o",
                "o",
                "o",
                "o",
                "o",
                "o",
                "o",
                "o",
                "o",
                "o",
                "o",
                "o",
                "c",
                "c",
                "o",
                "c",
                "c",
                "o",
                "o",
                "o",
                "o",
                "o",
                "o",
                "o",
                "o",
                "o",
                "o"
            ],
            "obs_type": "uvoir",
            "telescope": "ATLAS",
            "val_k": false,
            "val_s": false,
            "val_host": false,
            "val_av": false,
            "val_hostav": false
        },
        {
            "reference": "2025ApJ...985L..48Y",
            "raw": [
                512.76,
                596.42,
                409.76,
                467.67,
                508.1,
                615.46,
                430.09,
                474.22,
                496.3,
                586.65,
                411,
                451.64,
                410.46,
                466.1,
                408.13,
                394.93,
                342.28,
                393.86,
                340.17,
                361.92,
                347.12,
                316.87,
                309.59,
                343.58,
                332.01,
                268.08,
                289.35,
                307.53,
                310.07,
                278.21,
                282.1,
                293.28,
                310.43,
                264.28,
                241.54,
                268.39,
                267.81,
                287.08,
                225.08,
                274.75,
                249.38,
                303.36,
                246.63,
                252.03,
                249.01,
                215.1,
                167.53,
                233.97,
                236.31,
                241.43,
                215.98,
                263.33,
                173.85,
                223.41,
                144.44,
                224.36,
                159.36,
                134.43,
                93.05,
                195.8,
                184.54,
                136.88,
                136.49,
                144.52,
                132.73,
                122.2,
                76.06,
                140.6,
                126.84,
                117.23,
                34.44,
                135.86,
                84.99,
                98.84,
                70.14,
                73.57,
                101.94,
                89.51,
                62.93,
                115.26
            ],
            "raw_err": [
                28.6,
                44.18,
                19.24,
                21.09,
                27.24,
                46.26,
                19.32,
                21.51,
                28.27,
                48.24,
                19.18,
                20.5,
                26.92,
                43.82,
                19.71,
                18.86,
                21.02,
                34.15,
                15.8,
                16.88,
                21.11,
                32.15,
                14.67,
                16.31,
                18.54,
                28.69,
                13.11,
                17.69,
                18.7,
                29.9,
                13.22,
                13.72,
                17.92,
                28.37,
                11.72,
                13,
                16.89,
                18.37,
                26.29,
                13.19,
                16.49,
                18.84,
                27.22,
                12.65,
                14.79,
                15.62,
                25.72,
                11.58,
                15.57,
                17.87,
                31.7,
                13.46,
                13.33,
                17.57,
                30.29,
                12.18,
                14.27,
                15.67,
                28.19,
                10.87,
                15.6,
                14.87,
                24.91,
                9.42,
                12.24,
                12.58,
                21.12,
                8.26,
                14.26,
                13.68,
                22.55,
                8.87,
                10.24,
                12.75,
                23.41,
                8.14,
                9.03,
                10.81,
                20.45,
                7.48
            ],
            "raw_units": "uJy",
            "date": [
                60593.2299,
                60593.2319,
                60593.236,
                60593.2434,
                60600.4028,
                60600.4039,
                60600.4055,
                60600.4084,
                60606.2712,
                60606.2726,
                60606.2744,
                60606.2781,
                60612.5313,
                60612.5326,
                60612.5341,
                60612.5376,
                60618.3567,
                60618.3581,
                60618.3599,
                60618.3633,
                60622.7418,
                60622.7425,
                60622.7443,
                60622.7471,
                60626.1832,
                60626.1851,
                60626.1882,
                60626.3231,
                60630.596,
                60630.5978,
                60630.6005,
                60630.6058,
                60634.4892,
                60634.4911,
                60634.4942,
                60634.5001,
                60636.5153,
                60636.5202,
                60636.5231,
                60636.5277,
                60641.4202,
                60641.4252,
                60641.4282,
                60641.433,
                60646.2273,
                60646.2304,
                60646.2325,
                60646.2344,
                60651.2306,
                60651.2355,
                60651.2384,
                60651.243,
                60656.5979,
                60656.6,
                60656.6013,
                60656.6042,
                60661.7594,
                60661.7643,
                60661.7673,
                60661.772,
                60666.9183,
                60666.9232,
                60666.9261,
                60666.9306,
                60671.266,
                60671.2692,
                60671.2713,
                60671.2734,
                60676.4574,
                60676.4608,
                60676.4629,
                60676.4649,
                60681.2954,
                60681.3002,
                60681.303,
                60681.3076,
                60691.4818,
                60691.4842,
                60691.4858,
                60691.4875
            ],
            "date_format": [
                "mjd",
                "mjd",
                "mjd",
                "mjd",
                "mjd",
                "mjd",
                "mjd",
                "mjd",
                "mjd",
                "mjd",
                "mjd",
                "mjd",
                "mjd",
                "mjd",
                "mjd",
                "mjd",
                "mjd",
                "mjd",
                "mjd",
                "mjd",
                "mjd",
                "mjd",
                "mjd",
                "mjd",
                "mjd",
                "mjd",
                "mjd",
                "mjd",
                "mjd",
                "mjd",
                "mjd",
                "mjd",
                "mjd",
                "mjd",
                "mjd",
                "mjd",
                "mjd",
                "mjd",
                "mjd",
                "mjd",
                "mjd",
                "mjd",
                "mjd",
                "mjd",
                "mjd",
                "mjd",
                "mjd",
                "mjd",
                "mjd",
                "mjd",
                "mjd",
                "mjd",
                "mjd",
                "mjd",
                "mjd",
                "mjd",
                "mjd",
                "mjd",
                "mjd",
                "mjd",
                "mjd",
                "mjd",
                "mjd",
                "mjd",
                "mjd",
                "mjd",
                "mjd",
                "mjd",
                "mjd",
                "mjd",
                "mjd",
                "mjd",
                "mjd",
                "mjd",
                "mjd",
                "mjd",
                "mjd",
                "mjd",
                "mjd",
                "mjd"
            ],
            "upperlimit": [
                false,
                false,
                false,
                false,
                false,
                false,
                false,
                false,
                false,
                false,
                false,
                false,
                false,
                false,
                false,
                false,
                false,
                false,
                false,
                false,
                false,
                false,
                false,
                false,
                false,
                false,
                false,
                false,
                false,
                false,
                false,
                false,
                false,
                false,
                false,
                false,
                false,
                false,
                false,
                false,
                false,
                false,
                false,
                false,
                false,
                false,
                false,
                false,
                false,
                false,
                false,
                false,
                false,
                false,
                false,
                false,
                false,
                false,
                false,
                false,
                false,
                false,
                false,
                false,
                false,
                false,
                false,
                false,
                false,
                false,
                false,
                false,
                false,
                false,
                false,
                false,
                false,
                false,
                false,
                false
            ],
            "filter_key": [
                "uvw1",
                "U",
                "uvw2",
                "uvm2",
                "uvw1",
                "U",
                "uvw2",
                "uvm2",
                "uvw1",
                "U",
                "uvw2",
                "uvm2",
                "uvw1",
                "U",
                "uvw2",
                "uvm2",
                "uvw1",
                "U",
                "uvw2",
                "uvm2",
                "uvw1",
                "U",
                "uvw2",
                "uvm2",
                "uvw1",
                "U",
                "uvw2",
                "uvm2",
                "uvw1",
                "U",
                "uvw2",
                "uvm2",
                "uvw1",
                "U",
                "uvw2",
                "uvm2",
                "uvm2",
                "uvw1",
                "U",
                "uvw2",
                "uvm2",
                "uvw1",
                "U",
                "uvw2",
                "uvm2",
                "uvw1",
                "U",
                "uvw2",
                "uvm2",
                "uvw1",
                "U",
                "uvw2",
                "uvm2",
                "uvw1",
                "U",
                "uvw2",
                "uvm2",
                "uvw1",
                "U",
                "uvw2",
                "uvm2",
                "uvw1",
                "U",
                "uvw2",
                "uvm2",
                "uvw1",
                "U",
                "uvw2",
                "uvm2",
                "uvw1",
                "U",
                "uvw2",
                "uvm2",
                "uvw1",
                "U",
                "uvw2",
                "uvm2",
                "uvw1",
                "U",
                "uvw2"
            ],
            "obs_type": "uvoir",
            "telescope": "UVOT",
            "val_k": false,
            "val_s": false,
            "val_host": false,
            "val_av": false,
            "val_hostav": false
        },
        {
            "reference": "2025ApJ...985L..48Y",
            "raw": [
                32.28,
                32.31,
                58.21,
                55.16,
                66.45,
                87.48,
                111.25,
                85.56,
                98.32,
                126.99,
                85.24,
                152.08,
                107.59,
                185.78,
                151.15,
                197.84,
                181.56,
                135.08,
                248.25,
                221.78,
                255.32,
                321.65,
                215.9,
                356.52,
                287.36,
                313.95,
                389.88,
                431.71,
                349.1,
                436,
                540.35,
                597.7,
                508.74,
                445.92,
                585.21,
                524.03,
                554.53,
                606.24,
                598.21,
                659.51,
                626.19,
                707.59,
                520.02,
                717.11,
                618.62,
                657.5,
                599.18,
                705.75,
                660.16,
                557.1,
                651.44,
                589.1,
                516.36,
                660.24,
                532.3,
                587.86,
                603.07,
                596.63,
                559.29,
                479.18,
                570.03,
                549.76,
                507.76,
                567.26,
                560.14,
                553.21,
                522.91,
                553.55,
                537.56,
                528.34,
                517.78,
                452.67,
                576.98,
                603.78,
                559.52,
                557.02,
                567.89,
                514.71,
                497.85,
                473.51,
                485.25,
                444,
                455.75,
                76.25,
                99.91
            ],
            "raw_err": [
                9.84,
                5.26,
                9.28,
                7.1,
                6.86,
                4.55,
                7.13,
                8.53,
                7.73,
                4.72,
                20.91,
                5.72,
                8.14,
                5.09,
                8.12,
                10.51,
                15.06,
                16.74,
                9.11,
                18.12,
                13.65,
                9.96,
                21.01,
                6.91,
                11.75,
                9.1,
                6.17,
                9.89,
                13.18,
                13.32,
                11.93,
                10.53,
                16.77,
                33.53,
                8.3,
                24.86,
                16.86,
                13.37,
                12.31,
                10.57,
                16.63,
                11.97,
                32.41,
                15.7,
                18.68,
                16.56,
                22.29,
                12.05,
                14.28,
                35.46,
                11.3,
                21.85,
                32.1,
                11.72,
                28.27,
                19.76,
                14.4,
                22.98,
                20.08,
                33.37,
                19.28,
                14.84,
                29.27,
                20.24,
                10.12,
                9.44,
                19.87,
                22.75,
                10.93,
                19.49,
                37.96,
                30.41,
                21.29,
                14.96,
                17.03,
                16.23,
                24.47,
                17.45,
                33.05,
                37.78,
                11.97,
                24.53,
                24.62,
                21.43,
                31.57
            ],
            "raw_units": "uJy",
            "date": [
                60546.2347,
                60546.2553,
                60547.2277,
                60547.234,
                60548.2067,
                60548.2349,
                60549.1874,
                60549.2048,
                60550.2122,
                60550.22,
                60551.1931,
                60551.2188,
                60551.2269,
                60552.2143,
                60552.2287,
                60553.1929,
                60553.2398,
                60554.1571,
                60554.227,
                60554.2695,
                60556.1641,
                60556.1941,
                60557.1657,
                60557.1879,
                60557.2329,
                60558.1892,
                60558.2056,
                60559.1575,
                60559.2115,
                60561.1875,
                60561.2567,
                60562.1869,
                60562.2099,
                60565.1622,
                60565.2193,
                60565.2599,
                60566.1818,
                60566.1941,
                60567.1685,
                60567.2335,
                60568.1896,
                60568.1992,
                60568.2191,
                60569.1357,
                60569.1861,
                60571.135,
                60571.1992,
                60572.1542,
                60572.1849,
                60572.2177,
                60575.145,
                60575.1872,
                60575.2155,
                60576.1299,
                60576.1669,
                60576.175,
                60577.237,
                60577.2398,
                60578.1966,
                60579.2137,
                60591.1286,
                60591.153,
                60592.1143,
                60592.1424,
                60592.1898,
                60593.1232,
                60593.1743,
                60594.1192,
                60594.1535,
                60595.1141,
                60595.1769,
                60596.1405,
                60597.1105,
                60597.1557,
                60598.1218,
                60598.1698,
                60599.1328,
                60603.134,
                60603.155,
                60604.1561,
                60607.1142,
                60607.1626,
                60609.1368,
                60691.5188,
                60691.5786
            ],
            "date_format": [
                "mjd",
                "mjd",
                "mjd",
                "mjd",
                "mjd",
                "mjd",
                "mjd",
                "mjd",
                "mjd",
                "mjd",
                "mjd",
                "mjd",
                "mjd",
                "mjd",
                "mjd",
                "mjd",
                "mjd",
                "mjd",
                "mjd",
                "mjd",
                "mjd",
                "mjd",
                "mjd",
                "mjd",
                "mjd",
                "mjd",
                "mjd",
                "mjd",
                "mjd",
                "mjd",
                "mjd",
                "mjd",
                "mjd",
                "mjd",
                "mjd",
                "mjd",
                "mjd",
                "mjd",
                "mjd",
                "mjd",
                "mjd",
                "mjd",
                "mjd",
                "mjd",
                "mjd",
                "mjd",
                "mjd",
                "mjd",
                "mjd",
                "mjd",
                "mjd",
                "mjd",
                "mjd",
                "mjd",
                "mjd",
                "mjd",
                "mjd",
                "mjd",
                "mjd",
                "mjd",
                "mjd",
                "mjd",
                "mjd",
                "mjd",
                "mjd",
                "mjd",
                "mjd",
                "mjd",
                "mjd",
                "mjd",
                "mjd",
                "mjd",
                "mjd",
                "mjd",
                "mjd",
                "mjd",
                "mjd",
                "mjd",
                "mjd",
                "mjd",
                "mjd",
                "mjd",
                "mjd",
                "mjd",
                "mjd"
            ],
            "upperlimit": [
                false,
                false,
                false,
                false,
                false,
                false,
                false,
                false,
                false,
                false,
                false,
                false,
                false,
                false,
                false,
                false,
                false,
                false,
                false,
                false,
                false,
                false,
                false,
                false,
                false,
                false,
                false,
                false,
                false,
                false,
                false,
                false,
                false,
                false,
                false,
                false,
                false,
                false,
                false,
                false,
                false,
                false,
                false,
                false,
                false,
                false,
                false,
                false,
                false,
                false,
                false,
                false,
                false,
                false,
                false,
                false,
                false,
                false,
                false,
                false,
                false,
                false,
                false,
                false,
                false,
                false,
                false,
                false,
                false,
                false,
                false,
                false,
                false,
                false,
                false,
                false,
                false,
                false,
                false,
                false,
                false,
                false,
                false,
                false,
                false
            ],
            "filter_key": [
                "r",
                "g",
                "r",
                "g",
                "r",
                "g",
                "g",
                "r",
                "r",
                "g",
                "i",
                "g",
                "r",
                "g",
                "r",
                "g",
                "r",
                "i",
                "g",
                "r",
                "r",
                "g",
                "i",
                "g",
                "r",
                "r",
                "g",
                "g",
                "r",
                "r",
                "g",
                "g",
                "r",
                "i",
                "g",
                "r",
                "r",
                "g",
                "r",
                "g",
                "r",
                "g",
                "i",
                "g",
                "r",
                "g",
                "r",
                "g",
                "r",
                "i",
                "g",
                "r",
                "i",
                "g",
                "i",
                "r",
                "g",
                "r",
                "r",
                "i",
                "r",
                "g",
                "i",
                "r",
                "g",
                "g",
                "r",
                "r",
                "g",
                "g",
                "r",
                "i",
                "r",
                "g",
                "r",
                "g",
                "r",
                "g",
                "r",
                "i",
                "g",
                "r",
                "r",
                "g",
                "r"
            ],
            "obs_type": "uvoir",
            "telescope": "ZTF",
            "val_k": false,
            "val_s": false,
            "val_host": false,
            "val_av": false,
            "val_hostav": false
        }
    ],
    "filter_alias": [
        {
            "filter_key": "r",
            "filter_name": "r",
            "wave_eff": 618.5194477,
            "wave_units": "nm"
        },
        {
            "filter_key": "g",
            "filter_name": "g",
            "wave_eff": 471.8872246,
            "wave_units": "nm"
        },
        {
            "filter_key": "o",
            "filter_name": "o",
            "wave_eff": 686.626069,
            "wave_units": "nm"
        },
        {
            "filter_key": "i",
            "filter_name": "i",
            "wave_eff": 749.9704174,
            "wave_units": "nm"
        },
        {
            "filter_key": "c",
            "filter_name": "c",
            "wave_eff": 540.8724658,
            "wave_units": "nm"
        },
        {
            "filter_key": "uvw1",
            "filter_name": "uvw1",
            "wave_eff": 261.3713061,
            "wave_units": "nm"
        },
        {
            "filter_key": "U",
            "filter_name": "U",
            "wave_eff": 353.1050228,
            "wave_units": "nm"
        },
        {
            "filter_key": "uvw2",
            "filter_name": "uvw2",
            "wave_eff": 207.9875433,
            "wave_units": "nm"
        },
        {
            "filter_key": "uvm2",
            "filter_name": "uvm2",
            "wave_eff": 225.4780248,
            "wave_units": "nm"
        }
    ],
    "reference_alias": [
        {
            "name": "2025ApJ...985L..48Y",
            "human_readable_name": "Yao, Yuhan et al. (2025)"
        },
        {
            "name": "2025ApJ...992L..18S",
            "human_readable_name": "Sfaradi, Itai et al. (2025)"
        },
        {
            "name": "2024TNSTR3166....1S",
            "human_readable_name": "Sollerman, J. et al. (2024)"
        },
        {
            "name": "2024TNSCR4005....1F",
            "human_readable_name": "Faris, S. et al. (2024)"
        }
    ]
}