{
    "_key": "885029",
    "_id": "transients/885029",
    "_rev": "_j6ZBRmC---",
    "classification": {
        "spec_classed": 3,
        "unambiguous": true,
        "value": [
            {
                "object_class": "TDE",
                "confidence": 3.3,
                "reference": [
                    "2011ApJ...741...73V",
                    "2017ApJ...835...64G",
                    "2017ApJ...838..149A",
                    "2023PASP..135c4101G",
                    "2024MNRAS.527.2452M",
                    "['2013A&A...552A...5V', '2020SSRv..216...81A']"
                ],
                "default": true
            }
        ],
        "discovery_method": "uvoir"
    },
    "name": {
        "alias": [
            {
                "value": "TDE1",
                "reference": [
                    "2017ApJ...838..149A",
                    "2011ApJ...741...73V",
                    "2000A&AS..143....9W",
                    "2023PASP..135c4101G"
                ]
            },
            {
                "value": "SDSS-TDE1",
                "reference": [
                    "2011ApJ...741...73V",
                    "2024MNRAS.527.2452M",
                    "2000A&AS..143....9W"
                ]
            }
        ],
        "default_name": "TDE1"
    },
    "reference_alias": [
        {
            "name": "2017ApJ...838..149A",
            "human_readable_name": "Auchettl, Guillochon, & Ramirez-Ruiz (2017)"
        },
        {
            "name": "2016A&A...594A..13P",
            "human_readable_name": "Planck Collaboration et al. (2016)"
        },
        {
            "name": "2011ApJ...741...73V",
            "human_readable_name": "van Velzen et al. (2011)"
        },
        {
            "name": "2011ApJ...737..103S",
            "human_readable_name": "Schlafly & Finkbeiner (2011)"
        },
        {
            "name": "2017ApJ...835...64G",
            "human_readable_name": "Guillochon et al. (2017)"
        },
        {
            "name": "2000A&AS..143....9W",
            "human_readable_name": "Wenger et al. (2000)"
        },
        {
            "name": "van Velzen, Sjoert et al. (2011)",
            "human_readable_name": "2011ApJ...741...73V"
        },
        {
            "name": "2024MNRAS.527.2452M",
            "human_readable_name": "Mummery et al. (2023)"
        },
        {
            "name": "2017MNRAS.471.1694W",
            "human_readable_name": "Wevers, Thomas et al. (2017)"
        },
        {
            "name": "2023PASP..135c4101G",
            "human_readable_name": "Goldtooth, Aaron et al. (2023)"
        },
        {
            "name": "2013A&A...552A...5V",
            "human_readable_name": "van Velzen, S. et al. (2013)"
        },
        {
            "name": "2020SSRv..216...81A",
            "human_readable_name": "Alexander, Kate D. et al. (2020)"
        },
        {
            "name": "2013A&A...552A...5V",
            "human_readable_name": "van Velzen, S. et al. (2013)"
        }
    ],
    "photometry": [
        {
            "raw": [
                23.3,
                23
            ],
            "raw_err": [
                0.3,
                0.2
            ],
            "raw_units": "mag(AB)",
            "filter_key": [
                "FUV",
                "NUV"
            ],
            "obs_type": [
                "uvoir",
                "uvoir"
            ],
            "date": [
                "54754.892",
                "54754.892"
            ],
            "date_format": "MJD",
            "upperlimit": [
                false,
                false
            ],
            "telescope": "GALEX",
            "corr_k": null,
            "corr_av": null,
            "corr_host": null,
            "corr_hostav": null,
            "reference": [
                "2011ApJ...741...73V"
            ],
            "corr_s": null
        },
        {
            "raw": [
                21.9897,
                21.9897,
                21.9897,
                21.9897,
                21.9897,
                21.9897,
                20.639,
                20.9637,
                20.3115,
                20.4829,
                21.2966,
                20.1068,
                20.7926,
                21.7924,
                21.2271,
                20.9788,
                20.5862,
                20.8359,
                21.2954,
                20.645,
                21.1784,
                21.0524,
                20.8877,
                21.1117,
                20.7671,
                21.4787,
                21.6232,
                20.9684,
                21.2517,
                21.7246,
                21.3341,
                21.4622,
                20.8832,
                21.3784,
                21.887,
                21.2767,
                21.855,
                20.889,
                21.4899,
                21.0299,
                21.151,
                21.2179,
                21.6267,
                22,
                22,
                22
            ],
            "raw_units": "mag(AB)",
            "filter_key": [
                "g",
                "r",
                "u",
                "g",
                "r",
                "u",
                "g",
                "r",
                "u",
                "g",
                "r",
                "u",
                "g",
                "r",
                "u",
                "g",
                "u",
                "g",
                "r",
                "u",
                "g",
                "u",
                "g",
                "r",
                "u",
                "g",
                "r",
                "u",
                "g",
                "u",
                "g",
                "r",
                "u",
                "g",
                "r",
                "u",
                "g",
                "u",
                "g",
                "u",
                "g",
                "u",
                "g",
                "g",
                "r",
                "u"
            ],
            "obs_type": [
                "uvoir",
                "uvoir",
                "uvoir",
                "uvoir",
                "uvoir",
                "uvoir",
                "uvoir",
                "uvoir",
                "uvoir",
                "uvoir",
                "uvoir",
                "uvoir",
                "uvoir",
                "uvoir",
                "uvoir",
                "uvoir",
                "uvoir",
                "uvoir",
                "uvoir",
                "uvoir",
                "uvoir",
                "uvoir",
                "uvoir",
                "uvoir",
                "uvoir",
                "uvoir",
                "uvoir",
                "uvoir",
                "uvoir",
                "uvoir",
                "uvoir",
                "uvoir",
                "uvoir",
                "uvoir",
                "uvoir",
                "uvoir",
                "uvoir",
                "uvoir",
                "uvoir",
                "uvoir",
                "uvoir",
                "uvoir",
                "uvoir",
                "uvoir",
                "uvoir",
                "uvoir"
            ],
            "date": [
                "53693.216",
                "53693.216",
                "53693.216",
                "53704.199",
                "53704.199",
                "53704.199",
                "53974.292",
                "53974.292",
                "53974.292",
                "53989.295",
                "53989.295",
                "53989.295",
                "53997.391",
                "53997.391",
                "53997.391",
                "54000.271",
                "54000.271",
                "54007.321",
                "54007.321",
                "54007.321",
                "54009.245",
                "54009.245",
                "54011.309",
                "54011.309",
                "54011.309",
                "54019.259",
                "54019.259",
                "54019.259",
                "54025.308",
                "54025.308",
                "54029.239",
                "54029.239",
                "54029.239",
                "54031.225",
                "54031.225",
                "54031.225",
                "54036.230",
                "54036.230",
                "54039.228",
                "54039.228",
                "54048.223",
                "54048.223",
                "54054.246",
                "54348",
                "54348",
                "54348"
            ],
            "date_format": "MJD",
            "upperlimit": [
                false,
                false,
                false,
                false,
                false,
                false,
                false,
                false,
                false,
                false,
                false,
                false,
                false,
                false,
                false,
                false,
                false,
                false,
                false,
                false,
                false,
                false,
                false,
                false,
                false,
                false,
                false,
                false,
                false,
                false,
                false,
                false,
                false,
                false,
                false,
                false,
                false,
                false,
                false,
                false,
                false,
                false,
                false,
                false,
                false,
                false
            ],
            "telescope": "SDSS",
            "corr_k": null,
            "corr_av": null,
            "corr_host": null,
            "corr_hostav": null,
            "reference": [
                "2011ApJ...741...73V"
            ],
            "corr_s": null
        },
        {
            "raw": [
                1.8662028719258696e-05,
                1.4546440786101005e-05,
                5.444530263805959e-07,
                5.910608120806069e-06,
                -1.789648533079388e-05,
                -2.219285858448942e-05,
                -3.2773783129015893e-06,
                1.1740584587102717e-05,
                -8.985478143041159e-07,
                1.4019978856727539e-05,
                3.4238937553208496e-06,
                1.8128648558880222e-05,
                1.0105978140154723e-05,
                1.9025898729917372e-06,
                -2.6871949914531868e-06,
                -4.610828947669784e-06,
                -6.801105064216743e-06,
                -1.7812744965174065e-06,
                5.866388392097856e-06,
                1.797931808678915e-05,
                3.577431073995898e-05,
                -2.64680698936556e-06,
                2.844240482311014e-06,
                1.8485173690266278e-05,
                2.767832635212994e-06,
                1.726136918494099e-05,
                -5.1891101034762145e-06,
                4.214935246030541e-05,
                -2.088352925168735e-05,
                -1.2485442008651856e-05,
                -2.1460805947605204e-05,
                -9.483298624990664e-06,
                -1.0556171898496455e-05,
                9.206778221449581e-07,
                -7.203954882977076e-06,
                7.016704311318587e-06,
                2.2983578160913327e-05,
                -4.8431164489318384e-05,
                -2.2047693348676816e-05,
                -8.077599498776255e-06,
                -4.9006935295047836e-05,
                -2.8837877385478027e-05,
                1.97426e-06,
                2.60258e-06,
                3.09603e-05,
                3.73839e-05,
                1.33219e-05,
                2.40395e-05,
                2.27722e-05,
                1.56475e-05,
                2.035e-05,
                1.69061e-05,
                8.4249e-06,
                1.82862e-05,
                1.2727e-05,
                1.81888e-05,
                1.59751e-05,
                1.34352e-05,
                2.28984e-05,
                2.6439e-05,
                1.98776e-05,
                1.6745e-05,
                1.91005e-05,
                1.3933e-05,
                1.82106e-05,
                1.05663e-05,
                1.30234e-05,
                1.20716e-05,
                1.1589e-05,
                7.47144e-06,
                1.04579e-05,
                1.42891e-05,
                9.21987e-06,
                1.69795e-05,
                1.24958e-05,
                7.91488e-06,
                1.25096e-05,
                1.48158e-05,
                9.24963e-06,
                1.07281e-05,
                7.25445e-06
            ],
            "raw_err": [
                1.226966587507793e-05,
                1.1902636487417685e-05,
                1.0911181065835398e-05,
                1.0681585463484535e-05,
                1.1740522601580194e-05,
                1.3273456101957585e-05,
                1.219683594801893e-05,
                1.1212336849317391e-05,
                1.3129259874722464e-05,
                1.1730937346273141e-05,
                1.233878089268058e-05,
                1.2695496789460875e-05,
                1.0766408327975886e-05,
                1.2816732021845987e-05,
                1.1832465485894045e-05,
                1.3700951792626446e-05,
                1.172217376354676e-05,
                1.896634773587627e-05,
                1.113949323841788e-05,
                1.4538908461686053e-05,
                2.3966190960600167e-05,
                3.021743079816991e-05,
                2.8465281585967362e-05,
                2.5264986581701294e-05,
                2.43686616517337e-05,
                2.7983827817637474e-05,
                3.173092596205789e-05,
                2.8815472419730737e-05,
                2.850144886391317e-05,
                3.037826717389611e-05,
                2.8543894219632502e-05,
                2.727685772596774e-05,
                3.055121921555365e-05,
                2.5480497980407913e-05,
                3.091497456912528e-05,
                2.9915650744808544e-05,
                3.311692292363277e-05,
                2.6988007958623933e-05,
                4.35227929503565e-05,
                2.6282827116206258e-05,
                3.342766531511586e-05,
                6.463735801842098e-05,
                5.455083550707106e-07,
                4.794118265092316e-07,
                2.338884117471012e-06,
                3.5452096464905553e-06,
                2.276608226199873e-06,
                2.249448682335225e-06,
                2.501666664647994e-06,
                2.4033908723846983e-06,
                2.6569486123317693e-06,
                2.700597398320099e-06,
                1.6944763474322018e-06,
                2.386273282529103e-06,
                2.2905044520634923e-06,
                2.391708846042211e-06,
                2.7825691741168978e-06,
                2.59555463429421e-06,
                8.522905980073578e-07,
                1.5533174577930421e-06,
                8.488011693486791e-07,
                9.733917615952142e-07,
                8.673774636478704e-07,
                9.233354376861528e-07,
                1.3486757410121756e-06,
                1.0262131868913838e-06,
                7.866175011879859e-07,
                7.023829700380184e-07,
                7.145364321006138e-07,
                6.953241479497441e-07,
                1.2195003147986326e-06,
                1.1210651754572372e-06,
                1.3104981364948026e-06,
                1.2384567159684112e-06,
                1.6260076727449473e-06,
                1.1320227055532726e-06,
                1.1860035120142085e-06,
                1.5048401398571806e-06,
                1.354110064193483e-06,
                1.2356027645251896e-06,
                1.2503418829604502e-06
            ],
            "raw_units": "Jy",
            "date": [
                "56641.86810339",
                "56829.75153824",
                "57006.92498898",
                "57191.735611365",
                "57366.05172586501",
                "57555.85965752",
                "57725.202677875",
                "57922.704711775004",
                "58088.76287413",
                "58287.10261309",
                "58449.386236135004",
                "58651.15226838",
                "58813.57870893",
                "59018.48288138",
                "59180.69059413",
                "59382.78944588",
                "59544.9618706",
                "59746.57616608",
                "59909.0418065",
                "60113.855123479996",
                "60478.02852288",
                "56641.86810339",
                "56829.75153824",
                "57006.92498898",
                "57191.735611365",
                "57366.05172586501",
                "57555.85965752",
                "57725.202677875",
                "57922.704711775004",
                "58088.76287413",
                "58287.10261309",
                "58449.386236135004",
                "58651.15226838",
                "58813.57870893",
                "59018.48288138",
                "59180.69059413",
                "59382.78944588",
                "59544.9618706",
                "59746.57616608",
                "59909.0418065",
                "60113.855123479996",
                "60478.02852288",
                "54754.5624",
                "54754.5624",
                "53973.96",
                "53988.96656",
                "53997.054879999996",
                "53999.94032",
                "54006.98352",
                "54008.91472",
                "54010.98224",
                "54018.92288",
                "54024.97776",
                "54028.90832",
                "54030.89632",
                "54035.89472",
                "54038.89376",
                "54047.89088",
                "53973.96",
                "53988.96656",
                "53997.054879999996",
                "53999.94032",
                "54006.98352",
                "54008.91472",
                "54010.98224",
                "54018.92288",
                "54024.97776",
                "54028.90832",
                "54030.89632",
                "54035.89472",
                "54038.89376",
                "54047.89088",
                "54053.91168",
                "53973.96",
                "53988.96656",
                "53997.054879999996",
                "54006.98352",
                "54010.98224",
                "54018.92288",
                "54028.90832",
                "54030.89632"
            ],
            "date_format": "mjd",
            "filter_key": [
                "W1.wise",
                "W1.wise",
                "W1.wise",
                "W1.wise",
                "W1.wise",
                "W1.wise",
                "W1.wise",
                "W1.wise",
                "W1.wise",
                "W1.wise",
                "W1.wise",
                "W1.wise",
                "W1.wise",
                "W1.wise",
                "W1.wise",
                "W1.wise",
                "W1.wise",
                "W1.wise",
                "W1.wise",
                "W1.wise",
                "W1.wise",
                "W2.wise",
                "W2.wise",
                "W2.wise",
                "W2.wise",
                "W2.wise",
                "W2.wise",
                "W2.wise",
                "W2.wise",
                "W2.wise",
                "W2.wise",
                "W2.wise",
                "W2.wise",
                "W2.wise",
                "W2.wise",
                "W2.wise",
                "W2.wise",
                "W2.wise",
                "W2.wise",
                "W2.wise",
                "W2.wise",
                "W2.wise",
                "FUV",
                "NUV",
                "u.sdss",
                "u.sdss",
                "u.sdss",
                "u.sdss",
                "u.sdss",
                "u.sdss",
                "u.sdss",
                "u.sdss",
                "u.sdss",
                "u.sdss",
                "u.sdss",
                "u.sdss",
                "u.sdss",
                "u.sdss",
                "g.sdss",
                "g.sdss",
                "g.sdss",
                "g.sdss",
                "g.sdss",
                "g.sdss",
                "g.sdss",
                "g.sdss",
                "g.sdss",
                "g.sdss",
                "g.sdss",
                "g.sdss",
                "g.sdss",
                "g.sdss",
                "g.sdss",
                "r.sdss",
                "r.sdss",
                "r.sdss",
                "r.sdss",
                "r.sdss",
                "r.sdss",
                "r.sdss",
                "r.sdss"
            ],
            "obs_type": "uvoir",
            "reference": [
                "2011ApJ...741...73V",
                "2024MNRAS.527.2452M"
            ],
            "upperlimit": [
                true,
                true,
                true,
                true,
                true,
                true,
                true,
                true,
                true,
                true,
                true,
                true,
                true,
                true,
                true,
                true,
                true,
                true,
                true,
                true,
                true,
                true,
                true,
                true,
                true,
                true,
                true,
                true,
                true,
                true,
                true,
                true,
                true,
                true,
                true,
                true,
                true,
                true,
                true,
                true,
                true,
                true,
                false,
                false,
                false,
                false,
                false,
                false,
                false,
                false,
                false,
                false,
                false,
                false,
                false,
                false,
                false,
                false,
                false,
                false,
                false,
                false,
                false,
                false,
                false,
                false,
                false,
                false,
                false,
                false,
                false,
                false,
                false,
                false,
                false,
                false,
                false,
                false,
                false,
                false,
                false
            ],
            "corr_k": false,
            "corr_s": false,
            "corr_av": false,
            "corr_host": false,
            "corr_hostav": false,
            "val_av": 0.07601373089086481
        },
        {
            "reference": "['2013A&A...552A...5V', '2020SSRv..216...81A']",
            "raw": [
                30
            ],
            "raw_err": [
                0
            ],
            "raw_units": "uJy",
            "date": [
                "55955.942"
            ],
            "date_format": [
                "mjd"
            ],
            "upperlimit": [
                true
            ],
            "filter_key": [
                "5.0GHz"
            ],
            "obs_type": "radio",
            "corr_k": false,
            "corr_s": false,
            "corr_host": false,
            "corr_av": false,
            "corr_hostav": false
        }
    ],
    "distance": [
        {
            "value": "0.136",
            "distance_type": "redshift",
            "reference": [
                "2011ApJ...741...73V",
                "2013A&A...552A...5V",
                "2017ApJ...838..149A",
                "2023PASP..135c4101G",
                "2024MNRAS.527.2452M"
            ],
            "default": true
        },
        {
            "value": "126.0",
            "distance_type": "dispersion_measure",
            "unit": "km/s",
            "reference": [
                "2017MNRAS.471.1694W",
                "2024MNRAS.527.2452M"
            ],
            "default": true
        },
        {
            "value": "582",
            "distance_type": "comoving",
            "unit": "Mpc",
            "reference": [
                "2016A&A...594A..13P",
                "2017ApJ...835...64G",
                "2017ApJ...838..149A"
            ],
            "default": true
        },
        {
            "value": "662",
            "distance_type": "luminosity",
            "unit": "Mpc",
            "reference": [
                "2016A&A...594A..13P",
                "2017ApJ...835...64G",
                "2017ApJ...838..149A"
            ],
            "default": true
        }
    ],
    "coordinate": [
        {
            "ra": "23:42:01.406",
            "dec": "+01:06:29.30",
            "ra_units": "hour",
            "dec_units": "deg",
            "coordinate_type": "equatorial",
            "default": true,
            "reference": [
                "2000A&AS..143....9W",
                "2011ApJ...741...73V"
            ]
        },
        {
            "ra": "23:42:01.406",
            "dec": "+01:06:29.30",
            "ra_units": "hour",
            "dec_units": "degree",
            "coordinate_type": "equatorial",
            "default": false,
            "reference": [
                "2000A&AS..143....9W"
            ]
        },
        {
            "ra": "355.50586",
            "dec": "1.1081316",
            "ra_units": "deg",
            "dec_units": "deg",
            "coordinate_type": "equatorial",
            "default": false,
            "reference": [
                "2011ApJ...741...73V",
                "2024MNRAS.527.2452M"
            ]
        }
    ],
    "filter_alias": [
        {
            "filter_key": "FUV",
            "wave_eff": 153.8620701901866,
            "wave_units": "nm",
            "filter_name": "FUV"
        },
        {
            "filter_key": "NUV",
            "wave_eff": 231.56631043707714,
            "wave_units": "nm",
            "filter_name": "NUV"
        },
        {
            "filter_key": "g",
            "wave_eff": 475,
            "wave_units": "nm",
            "filter_name": "g"
        },
        {
            "filter_key": "r",
            "wave_eff": 622,
            "wave_units": "nm",
            "filter_name": "r"
        },
        {
            "filter_key": "u",
            "wave_eff": 354,
            "wave_units": "nm",
            "filter_name": "u"
        },
        {
            "filter_key": "W1.wise",
            "filter_name": "W1.wise",
            "freq_eff": 89917740678395.33,
            "freq_units": "Hz"
        },
        {
            "filter_key": "W2.wise",
            "filter_name": "W2.wise",
            "freq_eff": 65429370473910.305,
            "freq_units": "Hz"
        },
        {
            "filter_key": "g.sdss",
            "filter_name": "g.sdss",
            "freq_eff": 646569472243250,
            "freq_units": "Hz"
        },
        {
            "filter_key": "r.sdss",
            "filter_name": "r.sdss",
            "freq_eff": 488925642232043.75,
            "freq_units": "Hz"
        },
        {
            "filter_key": "u.sdss",
            "filter_name": "u.sdss",
            "freq_eff": 847747991775816.2,
            "freq_units": "Hz"
        },
        {
            "filter_key": "5.0GHz",
            "filter_name": "C",
            "freq_eff": 5,
            "freq_units": "GHz"
        }
    ],
    "date_reference": [
        {
            "value": "2006-08-27",
            "date_format": "iso",
            "date_type": "discovery",
            "reference": [
                "2011ApJ...741...73V",
                "2017ApJ...835...64G"
            ],
            "default": false
        },
        {
            "value": "2006-08-27 ",
            "date_format": "iso",
            "date_type": "discovery",
            "reference": [
                "2011ApJ...741...73V",
                "2017ApJ...838..149A",
                "2023PASP..135c4101G"
            ],
            "default": true
        },
        {
            "value": "53973.95833333336",
            "date_format": "mjd",
            "date_type": "peak",
            "reference": [
                "2011ApJ...741...73V",
                "2024MNRAS.527.2452M"
            ],
            "default": true
        }
    ],
    "host": [
        {
            "host_name": "SDSS J234201.40+010629.2",
            "host_ra": 355.5041666666666,
            "host_dec": 1.108138888888889,
            "host_ra_units": "deg",
            "host_dec_units": "deg",
            "reference": [
                "2023PASP..135c4101G",
                "2011ApJ...741...73V",
                "2017ApJ...838..149A"
            ]
        }
    ],
    "schema_version": {
        "comment": "Copied from tde.space;",
        "comments": "From Goldtooth et al. (2023)",
        "value": 0
    }
}