{
    "_key": "885037",
    "_id": "transients/885037",
    "_rev": "_j6ZBTg2---",
    "name": {
        "alias": [
            {
                "value": "WTP14adbjsh",
                "reference": [
                    "2023ApJ...948L...5P",
                    "2024ApJ...961..211M"
                ]
            }
        ],
        "default_name": "WTP14adbjsh"
    },
    "coordinate": [
        {
            "ra": 342.953459,
            "dec": -20.608018,
            "ra_units": "deg",
            "dec_units": "deg",
            "reference": [
                "2023ApJ...948L...5P",
                "2024ApJ...961..211M"
            ],
            "coordinate_type": "equatorial"
        }
    ],
    "distance": [
        {
            "value": 0.0106,
            "reference": [
                "2023ApJ...948L...5P",
                "2024ApJ...961..211M"
            ],
            "distance_type": "redshift"
        },
        {
            "value": 41,
            "reference": [
                "2023ApJ...948L...5P",
                "2024ApJ...961..211M"
            ],
            "unit": "Mpc",
            "distance_type": "luminosity"
        }
    ],
    "date_reference": [
        {
            "value": 57070,
            "reference": [
                "2023ApJ...948L...5P",
                "2024ApJ...961..211M"
            ],
            "date_format": "mjd",
            "date_type": "explosion"
        }
    ],
    "classification": {
        "spec_classed": 3,
        "unambiguous": true,
        "value": [
            {
                "object_class": "TDE",
                "confidence": 3.3,
                "reference": [
                    "2023ApJ...948L...5P",
                    "2024ApJ...961..211M"
                ]
            }
        ],
        "discovery_method": "uvoir"
    },
    "photometry": [
        {
            "date": [
                2017.80372104896,
                2017.9178411125872,
                2018.4238871408097,
                2018.5755426890428,
                2018.732954945286,
                2018.8937775585816,
                2018.993157042443,
                2019.3931296055623,
                2019.5236597030505,
                2019.6798624116464,
                2019.7412574057616,
                2019.855560418676,
                2019.9698900525184,
                2020.4426378822693,
                2020.6333192516104,
                2020.775840793441,
                2020.946821776376,
                2021.379008402279,
                2021.5288657420665,
                2021.6826058962056,
                2021.8283977836504,
                2021.958339673244,
                2022.3723506773592,
                2022.519138264446,
                2022.4797901390932,
                2022.6975790564368,
                2022.8947423562745,
                2022.997352186041,
                2023.304310307661,
                2013.9118858290744,
                2014.506573417183,
                2014.6793824672864,
                2014.8570096131864,
                2014.9571688145245,
                2015.413127916496,
                2015.603499354021,
                2015.7427499984844,
                2015.902553965604,
                2016.446127993225,
                2016.618441777697,
                2016.7901911607523,
                2016.92157497194,
                2017.4047665763017,
                2017.5638683695504,
                2017.7384667290464,
                2017.9001439676572,
                2018.437952046058,
                2018.6047020425171,
                2018.726128192613,
                2018.884345924252
            ],
            "date_format": [
                "decimalyear",
                "decimalyear",
                "decimalyear",
                "decimalyear",
                "decimalyear",
                "decimalyear",
                "decimalyear",
                "decimalyear",
                "decimalyear",
                "decimalyear",
                "decimalyear",
                "decimalyear",
                "decimalyear",
                "decimalyear",
                "decimalyear",
                "decimalyear",
                "decimalyear",
                "decimalyear",
                "decimalyear",
                "decimalyear",
                "decimalyear",
                "decimalyear",
                "decimalyear",
                "decimalyear",
                "decimalyear",
                "decimalyear",
                "decimalyear",
                "decimalyear",
                "decimalyear",
                "decimalyear",
                "decimalyear",
                "decimalyear",
                "decimalyear",
                "decimalyear",
                "decimalyear",
                "decimalyear",
                "decimalyear",
                "decimalyear",
                "decimalyear",
                "decimalyear",
                "decimalyear",
                "decimalyear",
                "decimalyear",
                "decimalyear",
                "decimalyear",
                "decimalyear",
                "decimalyear",
                "decimalyear",
                "decimalyear",
                "decimalyear"
            ],
            "filter_key": [
                "g",
                "g",
                "g",
                "g",
                "g",
                "g",
                "g",
                "g",
                "g",
                "g",
                "g",
                "g",
                "g",
                "g",
                "g",
                "g",
                "g",
                "g",
                "g",
                "g",
                "g",
                "g",
                "g",
                "g",
                "g",
                "g",
                "g",
                "g",
                "g",
                "V",
                "V",
                "V",
                "V",
                "V",
                "V",
                "V",
                "V",
                "V",
                "V",
                "V",
                "V",
                "V",
                "V",
                "V",
                "V",
                "V",
                "V",
                "V",
                "V",
                "V"
            ],
            "raw": [
                0.0015772368266577898,
                0.017075028902020443,
                0.050597895709776415,
                0.03412244939405805,
                0.04156042063190077,
                0.042957497355717175,
                0.1203306614213197,
                0.1216391666894911,
                0.023352784143886557,
                0.02079120190346427,
                0.2798568535469979,
                0.0230805673006539,
                0.04548860868704907,
                0.057501922106909575,
                0.00872887681719213,
                0.00899600008334268,
                0.05332856270822063,
                0.05685823832790483,
                0.02237460635748726,
                0.02508940632242892,
                0.037463514012942206,
                0.035762439050342376,
                0.02400734062691967,
                0.02775962554443057,
                0.242931627460161,
                0.01735442635870356,
                0.010467236333493779,
                0.7377,
                0.07184152084362831,
                0.02024460351392334,
                0.0969284805120814,
                0.049488537340406064,
                0.05384601335167446,
                0.2934193887261959,
                0.11639687172258302,
                0.08143933153547961,
                0.1564739400429388,
                0.09247798463204229,
                0.3154309804185824,
                0.08555854295968146,
                0.06856461755662233,
                0.2918303409353175,
                0.1427402863632602,
                0.11168419708771397,
                0.09116331782827242,
                0.11077810353685018,
                0.13191008507488242,
                0.0688216124114559,
                0.11162962208154774,
                0.1104834951342149
            ],
            "raw_err": [
                0,
                0,
                0,
                0,
                0,
                0,
                0,
                0.0090258915263524,
                0,
                0,
                0.0276759592270816,
                0,
                0,
                0,
                0,
                0,
                0,
                0,
                0,
                0,
                0,
                0,
                0,
                0,
                0,
                0,
                0,
                0,
                0,
                0,
                0,
                0,
                0,
                0,
                0,
                0,
                0.0144886980036094,
                0,
                0.0255966784033143,
                0,
                0,
                0.0258060941477699,
                0,
                0,
                0,
                0,
                0,
                0,
                0,
                0
            ],
            "raw_units": [
                "mJy",
                "mJy",
                "mJy",
                "mJy",
                "mJy",
                "mJy",
                "mJy",
                "mJy",
                "mJy",
                "mJy",
                "mJy",
                "mJy",
                "mJy",
                "mJy",
                "mJy",
                "mJy",
                "mJy",
                "mJy",
                "mJy",
                "mJy",
                "mJy",
                "mJy",
                "mJy",
                "mJy",
                "mJy",
                "mJy",
                "mJy",
                "mJy",
                "mJy",
                "mJy",
                "mJy",
                "mJy",
                "mJy",
                "mJy",
                "mJy",
                "mJy",
                "mJy",
                "mJy",
                "mJy",
                "mJy",
                "mJy",
                "mJy",
                "mJy",
                "mJy",
                "mJy",
                "mJy",
                "mJy",
                "mJy",
                "mJy",
                "mJy"
            ],
            "telescope": "ASASSN",
            "upperlimit": [
                true,
                true,
                true,
                true,
                true,
                true,
                true,
                false,
                true,
                true,
                false,
                true,
                true,
                true,
                true,
                true,
                true,
                true,
                true,
                true,
                true,
                true,
                true,
                true,
                true,
                true,
                true,
                true,
                true,
                true,
                true,
                true,
                true,
                true,
                true,
                true,
                false,
                true,
                false,
                true,
                true,
                false,
                true,
                true,
                true,
                true,
                true,
                true,
                true,
                true
            ],
            "corr_k": false,
            "corr_s": false,
            "corr_host": true,
            "corr_av": false,
            "corr_hostav": false,
            "val_host": [
                17.876,
                17.876,
                17.876,
                17.876,
                17.876,
                17.876,
                17.876,
                17.876,
                17.876,
                17.876,
                17.876,
                17.876,
                17.876,
                17.876,
                17.876,
                17.876,
                17.876,
                17.876,
                17.876,
                17.876,
                17.876,
                17.876,
                17.876,
                17.876,
                17.876,
                17.876,
                17.876,
                17.876,
                17.876,
                28.431,
                28.431,
                28.431,
                28.431,
                28.431,
                28.431,
                28.431,
                28.431,
                28.431,
                28.431,
                28.431,
                28.431,
                28.431,
                28.431,
                28.431,
                28.431,
                28.431,
                28.431,
                28.431,
                28.431,
                28.431
            ],
            "obs_type": "uvoir",
            "reference": [
                "2024ApJ...961..211M"
            ]
        },
        {
            "date": [
                55346.361494375,
                55523.5829129,
                56807.284978325,
                56987.40104253,
                57169.16633567,
                57346.048328100005,
                57534.8641276,
                57706.66281052,
                57900.414853725,
                58067.19021526,
                58264.56190077,
                58427.85541734,
                58630.255808615,
                58793.558768185,
                58995.89270945,
                59159.206836325,
                59360.07983077,
                59523.29817962,
                59727.16840893,
                59890.434416495,
                55346.36143069501,
                55523.5829129,
                56807.285042005,
                56987.40104253,
                57169.16633567,
                57346.048328100005,
                57534.8641276,
                57706.66281052,
                57900.414853725,
                58067.19021526,
                58264.56190077,
                58427.85548102,
                58630.255808615,
                58793.55883187,
                58995.89270945,
                59159.141448315,
                59360.07983077,
                59523.29817962,
                59727.16840893,
                59890.434416495
            ],
            "date_format": [
                "mjd",
                "mjd",
                "mjd",
                "mjd",
                "mjd",
                "mjd",
                "mjd",
                "mjd",
                "mjd",
                "mjd",
                "mjd",
                "mjd",
                "mjd",
                "mjd",
                "mjd",
                "mjd",
                "mjd",
                "mjd",
                "mjd",
                "mjd",
                "mjd",
                "mjd",
                "mjd",
                "mjd",
                "mjd",
                "mjd",
                "mjd",
                "mjd",
                "mjd",
                "mjd",
                "mjd",
                "mjd",
                "mjd",
                "mjd",
                "mjd",
                "mjd",
                "mjd",
                "mjd",
                "mjd",
                "mjd"
            ],
            "filter_key": [
                "W1",
                "W1",
                "W1",
                "W1",
                "W1",
                "W1",
                "W1",
                "W1",
                "W1",
                "W1",
                "W1",
                "W1",
                "W1",
                "W1",
                "W1",
                "W1",
                "W1",
                "W1",
                "W1",
                "W1",
                "W2",
                "W2",
                "W2",
                "W2",
                "W2",
                "W2",
                "W2",
                "W2",
                "W2",
                "W2",
                "W2",
                "W2",
                "W2",
                "W2",
                "W2",
                "W2",
                "W2",
                "W2",
                "W2",
                "W2"
            ],
            "raw": [
                0.02176770838933323,
                0.025490400715985278,
                0.01961285360218977,
                1.9149024213867187,
                59.600504203125006,
                54.876299765625006,
                30.215818476562504,
                33.823914914062506,
                16.7266214296875,
                14.0971328203125,
                7.494317015625,
                8.219239464843751,
                4.349102276367187,
                5.410193490234375,
                3.0167567402343747,
                4.290720890625001,
                1.7784762055664065,
                3.0341443271484376,
                1.9939800175781253,
                3.366459342773437,
                0.039630542662330626,
                0.04628080622488405,
                0.043087173995269776,
                1.4746376328125,
                71.068078,
                69.24591000000001,
                51.00513262500001,
                48.75412562500001,
                30.475037937500005,
                23.064485125,
                15.9451981875,
                14.1974605,
                10.8929346875,
                9.883700500000002,
                8.107564000000002,
                8.103319093749999,
                5.720677671875,
                5.87678984375,
                5.733742281250001,
                6.657020140625001
            ],
            "raw_err": [
                0,
                0,
                0,
                0.0367207105703425,
                35.522297420379324,
                30.114164721243693,
                9.130039618342826,
                11.440665135925563,
                2.797885776290136,
                1.9873811741269392,
                0.5617343459938157,
                0.6756621900422795,
                0.1892126628097508,
                0.2927826491370476,
                0.0910933230221579,
                0.1841945754428469,
                0.0317113873882348,
                0.0921505814920422,
                0.0398537600054812,
                0.1134289509183331,
                0,
                0,
                0,
                0.0220312945835778,
                50.50708707624363,
                47.95030661933336,
                26.015645810739283,
                23.77003514029071,
                9.287670008727218,
                5.320187825447561,
                2.5429116555949927,
                2.016055922043969,
                1.1870153521745432,
                0.9774289878131054,
                0.6577332088139833,
                0.657139485464964,
                0.3277319219342884,
                0.3457612771096226,
                0.3291457488172521,
                0.4436421779765333
            ],
            "raw_units": [
                "mJy",
                "mJy",
                "mJy",
                "mJy",
                "mJy",
                "mJy",
                "mJy",
                "mJy",
                "mJy",
                "mJy",
                "mJy",
                "mJy",
                "mJy",
                "mJy",
                "mJy",
                "mJy",
                "mJy",
                "mJy",
                "mJy",
                "mJy",
                "mJy",
                "mJy",
                "mJy",
                "mJy",
                "mJy",
                "mJy",
                "mJy",
                "mJy",
                "mJy",
                "mJy",
                "mJy",
                "mJy",
                "mJy",
                "mJy",
                "mJy",
                "mJy",
                "mJy",
                "mJy",
                "mJy",
                "mJy"
            ],
            "telescope": "WISE",
            "upperlimit": [
                true,
                true,
                true,
                false,
                false,
                false,
                false,
                false,
                false,
                false,
                false,
                false,
                false,
                false,
                false,
                false,
                false,
                false,
                false,
                false,
                true,
                true,
                true,
                false,
                false,
                false,
                false,
                false,
                false,
                false,
                false,
                false,
                false,
                false,
                false,
                false,
                false,
                false,
                false,
                false
            ],
            "corr_k": false,
            "corr_s": false,
            "corr_host": true,
            "corr_av": false,
            "corr_hostav": false,
            "val_host": [
                17.0613360234375,
                17.0613360234375,
                17.0613360234375,
                17.0613360234375,
                17.0613360234375,
                17.0613360234375,
                17.0613360234375,
                17.0613360234375,
                17.0613360234375,
                17.0613360234375,
                17.0613360234375,
                17.0613360234375,
                17.0613360234375,
                17.0613360234375,
                17.0613360234375,
                17.0613360234375,
                17.0613360234375,
                17.0613360234375,
                17.0613360234375,
                17.0613360234375,
                11.117442390625,
                11.117442390625,
                11.117442390625,
                11.117442390625,
                11.117442390625,
                11.117442390625,
                11.117442390625,
                11.117442390625,
                11.117442390625,
                11.117442390625,
                11.117442390625,
                11.117442390625,
                11.117442390625,
                11.117442390625,
                11.117442390625,
                11.117442390625,
                11.117442390625,
                11.117442390625,
                11.117442390625,
                11.117442390625
            ],
            "obs_type": "uvoir",
            "reference": [
                "2024ApJ...961..211M"
            ]
        },
        {
            "date": [
                58428.0480350393,
                58483.4448609977,
                58488.623201691,
                58489.2190179178,
                59745.448976544,
                59772.6982467269
            ],
            "date_format": [
                "mjd",
                "mjd",
                "mjd",
                "mjd",
                "mjd",
                "mjd"
            ],
            "filter_key": [
                "0.3-10 ",
                "0.3-10 ",
                "0.3-10 ",
                "0.3-10 ",
                "0.3-10 ",
                "0.3-10 "
            ],
            "raw": [
                6.9832e-12,
                1.409625e-12,
                3.2027800000000002e-12,
                1.43738e-12,
                9.24385e-13,
                7.23065e-13
            ],
            "raw_err": [
                0,
                0,
                0,
                0,
                0,
                0
            ],
            "raw_units": [
                "erg/s/cm^2",
                "erg/s/cm^2",
                "erg/s/cm^2",
                "erg/s/cm^2",
                "erg/s/cm^2",
                "erg/s/cm^2"
            ],
            "telescope": "Swift",
            "upperlimit": [
                true,
                true,
                true,
                true,
                true,
                true
            ],
            "corr_k": false,
            "corr_s": false,
            "corr_host": false,
            "corr_av": false,
            "corr_hostav": false,
            "obs_type": "xray",
            "xray_model": [
                {
                    "model_name": "Powerlaw",
                    "param_names": [
                        "Gamma"
                    ],
                    "param_values": [
                        2
                    ],
                    "param_units": [
                        "None"
                    ],
                    "min_energy": 0.3,
                    "max_energy": 10,
                    "energy_units": "keV",
                    "model_reference": "2024ApJ...961..211M"
                },
                {
                    "model_name": "Powerlaw",
                    "param_names": [
                        "Gamma"
                    ],
                    "param_values": [
                        2
                    ],
                    "param_units": [
                        "None"
                    ],
                    "min_energy": 0.3,
                    "max_energy": 10,
                    "energy_units": "keV",
                    "model_reference": "2024ApJ...961..211M"
                },
                {
                    "model_name": "Powerlaw",
                    "param_names": [
                        "Gamma"
                    ],
                    "param_values": [
                        2
                    ],
                    "param_units": [
                        "None"
                    ],
                    "min_energy": 0.3,
                    "max_energy": 10,
                    "energy_units": "keV",
                    "model_reference": "2024ApJ...961..211M"
                },
                {
                    "model_name": "Powerlaw",
                    "param_names": [
                        "Gamma"
                    ],
                    "param_values": [
                        2
                    ],
                    "param_units": [
                        "None"
                    ],
                    "min_energy": 0.3,
                    "max_energy": 10,
                    "energy_units": "keV",
                    "model_reference": "2024ApJ...961..211M"
                },
                {
                    "model_name": "Powerlaw",
                    "param_names": [
                        "Gamma"
                    ],
                    "param_values": [
                        2
                    ],
                    "param_units": [
                        "None"
                    ],
                    "min_energy": 0.3,
                    "max_energy": 10,
                    "energy_units": "keV",
                    "model_reference": "2024ApJ...961..211M"
                },
                {
                    "model_name": "Powerlaw",
                    "param_names": [
                        "Gamma"
                    ],
                    "param_values": [
                        2
                    ],
                    "param_units": [
                        "None"
                    ],
                    "min_energy": 0.3,
                    "max_energy": 10,
                    "energy_units": "keV",
                    "model_reference": "2024ApJ...961..211M"
                }
            ],
            "reference": [
                "2024ApJ...961..211M"
            ],
            "raw_err_detail": {
                "upper": [
                    0,
                    0,
                    0,
                    0,
                    0,
                    0
                ],
                "lower": [
                    0,
                    0,
                    0,
                    0,
                    0,
                    0
                ]
            }
        }
    ],
    "filter_alias": [
        {
            "filter_key": "g",
            "filter_name": "g",
            "wave_eff": 471.8872246248687,
            "wave_units": "nm"
        },
        {
            "filter_key": "V",
            "filter_name": "V",
            "wave_eff": 553.7155963302753,
            "wave_units": "nm"
        },
        {
            "filter_key": "W1",
            "filter_name": "W1",
            "wave_eff": 261.3713060531025,
            "wave_units": "nm"
        },
        {
            "filter_key": "W2",
            "filter_name": "W2",
            "wave_eff": 207.98754332676123,
            "wave_units": "nm"
        },
        {
            "filter_key": "0.3-10 ",
            "filter_name": "0.3-10 ",
            "wave_eff": 0.12781876127134048,
            "wave_min": 0.12398419843320027,
            "wave_max": 4.132806614440009,
            "wave_units": "nm"
        }
    ],
    "reference_alias": [
        {
            "name": "2023ApJ...948L...5P",
            "human_readable_name": "Panagiotou, Christos et al. (2023)"
        },
        {
            "name": "2024ApJ...961..211M",
            "human_readable_name": "Masterson, Megan et al. (2024)"
        }
    ]
}