{
    "_key": "7553062",
    "_id": "vetting/7553062",
    "_rev": "_kl-4wLe---",
    "name": {
        "default_name": "2022csn",
        "alias": [
            {
                "value": "2022csn",
                "reference": [
                    "2022TNSTR.452....1F"
                ]
            }
        ]
    },
    "coordinate": [
        {
            "ra": 112.228875,
            "dec": 26.897031,
            "ra_units": "deg",
            "dec_units": "deg",
            "reference": [
                "2022TNSTR.452....1F"
            ],
            "coordinate_type": "equatorial"
        }
    ],
    "distance": [
        {
            "value": 0.148,
            "reference": [
                "2022TNSCR.667....1S, 2022TNSCR3660....1A"
            ],
            "computed": false,
            "distance_type": "redshift"
        }
    ],
    "classification": {
        "value": [
            {
                "object_class": "TDE",
                "confidence": 3,
                "reference": [
                    "2022TNSCR.667....1S, 2022TNSCR3660....1A, 2023ApJ...957...57D"
                ]
            }
        ]
    },
    "schema_version": {
        "comment": "Uploader:NF | Email:nfranz@arizona.edu"
    },
    "reference_alias": [
        {
            "name": "2023ApJ...957...57D",
            "human_readable_name": "Dgany, Yael et al. (2023)"
        },
        {
            "name": "2022TNSCR3660....1A",
            "human_readable_name": "Arcavi, I. & Pellegrino, C. (2022)"
        },
        {
            "name": "2022TNSCR.667....1S",
            "human_readable_name": "Srivastav, S. et al. (2022)"
        },
        {
            "name": "2022TNSTR.452....1F",
            "human_readable_name": "Fremling, C. (2022)"
        }
    ]
}