{
    "_key": "7535902",
    "_id": "transients/7535902",
    "_rev": "_kk4VCte---",
    "classification": {
        "discovery_method": "xray",
        "spec_classed": 1,
        "unambiguous": true,
        "value": [
            {
                "object_class": "TDE",
                "confidence": 3.1,
                "reference": [
                    "2011ATel.3384....1K",
                    "2012ApJ...753...77C",
                    "2012MNRAS.420.2684C",
                    "2015ApJ...805...68P",
                    "2017ApJ...835...64G",
                    "2017ApJ...838..149A",
                    "2017MNRAS.472.4469B",
                    "2023PASP..135c4101G"
                ],
                "default": true
            }
        ]
    },
    "coordinate": [
        {
            "ra": "20 58 19.90",
            "dec": "+05 13 32.0",
            "ra_units": "hourangle",
            "dec_units": "deg",
            "coordinate_type": "equatorial",
            "epoch": "J2000",
            "system": "ICRS",
            "computed": "False",
            "default": true,
            "uuid": "b95412df-c710-4087-8a3d-ada0967080d0",
            "reference": [
                "2012ApJ...753...77C",
                "2015ApJ...805...68P",
                "2017MNRAS.472.4469B"
            ]
        },
        {
            "ra": "20:58:19.85",
            "dec": "+05:13:33.00",
            "ra_units": "hour",
            "dec_units": "deg",
            "coordinate_type": "equatorial",
            "default": false,
            "reference": [
                "2017ApJ...838..149A"
            ]
        },
        {
            "ra": "20:58:19.90",
            "dec": "+05:13:32.0",
            "ra_units": "hour",
            "dec_units": "degree",
            "coordinate_type": "equatorial",
            "default": false,
            "reference": [
                "2012ApJ...753...77C"
            ]
        },
        {
            "ra": "20h58m19.9s",
            "dec": "+05d13m32s",
            "ra_units": "hourangle",
            "dec_units": "deg",
            "coordinate_type": "equatorial",
            "default": false,
            "reference": [
                "2012ApJ...753...77C"
            ]
        },
        {
            "coordinate_type": "galactic",
            "computed": "True",
            "default": true,
            "l": "53.61702902648376",
            "b": "-25.11893929017656",
            "l_units": "deg",
            "b_units": "deg",
            "reference": [
                "b95412df-c710-4087-8a3d-ada0967080d0"
            ]
        }
    ],
    "date_reference": [
        {
            "value": "2011-05-20",
            "date_format": "iso",
            "date_type": "discovery",
            "reference": [
                "2012ApJ...753...77C"
            ],
            "default": false
        },
        {
            "value": "2011-05-27",
            "date_format": "iso",
            "date_type": "discovery",
            "reference": [
                "2017ApJ...835...64G",
                "2017ApJ...838..149A"
            ],
            "default": false
        },
        {
            "value": "2011-05-27 ",
            "date_format": "iso",
            "date_type": "discovery",
            "reference": [
                "2011ATel.3384....1K",
                "2012MNRAS.420.2684C",
                "2017ApJ...838..149A",
                "2023PASP..135c4101G"
            ],
            "default": true
        },
        {
            "value": "55698.0",
            "date_format": "mjd",
            "date_type": "discovery",
            "reference": [
                "2012ApJ...753...77C",
                "2015ApJ...805...68P",
                "2017MNRAS.472.4469B"
            ],
            "default": false
        }
    ],
    "distance": [
        {
            "value": "1.1853",
            "distance_type": "redshift",
            "reference": [
                "2011ATel.3384....1K",
                "2012ApJ...753...77C",
                "2012MNRAS.420.2684C",
                "2015ApJ...805...68P",
                "2017ApJ...838..149A",
                "2017MNRAS.472.4469B",
                "2023PASP..135c4101G"
            ],
            "default": true
        },
        {
            "value": "3833.1",
            "distance_type": "comoving",
            "unit": "Mpc",
            "reference": [
                "2012ApJ...753...77C",
                "2016A&A...594A..13P",
                "2017ApJ...835...64G",
                "2017ApJ...838..149A"
            ],
            "default": true
        },
        {
            "value": "8376.4",
            "distance_type": "luminosity",
            "unit": "Mpc",
            "reference": [
                "2012ApJ...753...77C",
                "2016A&A...594A..13P",
                "2017ApJ...835...64G",
                "2017ApJ...838..149A"
            ],
            "default": true
        }
    ],
    "filter_alias": [
        {
            "filter_key": "b",
            "filter_name": "b",
            "wave_eff": 435.912081730874,
            "wave_units": "nm"
        },
        {
            "filter_key": "J",
            "filter_name": "J",
            "wave_eff": 1255.0918319447906,
            "wave_units": "nm"
        },
        {
            "filter_key": "H",
            "filter_name": "H",
            "wave_eff": 1630.5155019191195,
            "wave_units": "nm"
        },
        {
            "filter_key": "K",
            "filter_name": "K",
            "wave_eff": 2157.3600605745955,
            "wave_units": "nm"
        },
        {
            "filter_key": "g'",
            "filter_name": "g'",
            "wave_eff": 471.8872246248687,
            "wave_units": "nm"
        },
        {
            "filter_key": "r'",
            "filter_name": "r'",
            "wave_eff": 618.5194476741524,
            "wave_units": "nm"
        },
        {
            "filter_key": "i'",
            "filter_name": "i'",
            "wave_eff": 749.9704174464691,
            "wave_units": "nm"
        },
        {
            "filter_key": "z'",
            "filter_name": "z'",
            "wave_eff": 896.1488333992431,
            "wave_units": "nm"
        },
        {
            "filter_key": "uvw1",
            "filter_name": "uvw1",
            "wave_eff": 261.3713060531025,
            "wave_units": "nm"
        },
        {
            "filter_key": "uvm2",
            "filter_name": "uvm2",
            "wave_eff": 225.478024787936,
            "wave_units": "nm"
        },
        {
            "filter_key": "uvw2",
            "filter_name": "uvw2",
            "wave_eff": 207.98754332676123,
            "wave_units": "nm"
        },
        {
            "filter_key": "u",
            "filter_name": "u",
            "wave_eff": 356.17887353001856,
            "wave_units": "nm"
        },
        {
            "filter_key": "R",
            "filter_name": "R",
            "wave_eff": 646.9439215118385,
            "wave_units": "nm"
        },
        {
            "filter_key": "g",
            "filter_name": "g",
            "wave_eff": 471.8872246248687,
            "wave_units": "nm"
        },
        {
            "filter_key": "r",
            "filter_name": "r",
            "wave_eff": 618.5194476741524,
            "wave_units": "nm"
        },
        {
            "filter_key": "i",
            "filter_name": "i",
            "wave_eff": 749.9704174464691,
            "wave_units": "nm"
        },
        {
            "filter_key": "z",
            "filter_name": "z",
            "wave_eff": 896.1488333992431,
            "wave_units": "nm"
        },
        {
            "filter_key": "F606W",
            "filter_name": "F606W",
            "wave_eff": 580.926,
            "wave_units": "nm"
        },
        {
            "filter_key": "4.5GHz",
            "filter_name": "C",
            "freq_eff": 4.5,
            "freq_units": "GHz"
        },
        {
            "filter_key": "5.5GHz",
            "filter_name": "C",
            "freq_eff": 5.5,
            "freq_units": "GHz"
        },
        {
            "filter_key": "0.3 - 2.0",
            "wave_eff": 0.7293188143129428,
            "wave_min": 0.6199209921660013,
            "wave_max": 4.132806614440009,
            "wave_units": "nm",
            "filter_name": "0.3 - 2.0"
        },
        {
            "filter_key": "7.9GHz",
            "filter_name": "C",
            "freq_eff": 7.9,
            "freq_units": "GHz"
        },
        {
            "filter_key": "8.4GHz",
            "filter_name": "X",
            "freq_eff": 8.4,
            "freq_units": "GHz"
        },
        {
            "filter_key": "22.5GHz",
            "filter_name": "K",
            "freq_eff": 22.5,
            "freq_units": "GHz"
        },
        {
            "filter_key": "22.0GHz",
            "filter_name": "K",
            "freq_eff": 22,
            "freq_units": "GHz"
        },
        {
            "filter_key": "9.0GHz",
            "filter_name": "X",
            "freq_eff": 9,
            "freq_units": "GHz"
        }
    ],
    "host": [
        {
            "host_name": "Swift J205819.7+051329",
            "host_ra": 314.58333333333326,
            "host_dec": 5.225833333333333,
            "host_ra_units": "deg",
            "host_dec_units": "deg",
            "reference": [
                "2023PASP..135c4101G",
                "2011ATel.3384....1K",
                "2012MNRAS.420.2684C",
                "2017ApJ...838..149A"
            ]
        }
    ],
    "name": {
        "alias": [
            {
                "value": "Swift J2058+05",
                "reference": [
                    "2017ApJ...838..149A",
                    "2023PASP..135c4101G"
                ]
            },
            {
                "value": "Sw J2058+05",
                "reference": [
                    "Swift",
                    "2012ApJ...753...77C"
                ]
            },
            {
                "value": "Swift J2058.4+0516",
                "reference": [
                    "2012ApJ...753...77C"
                ]
            }
        ],
        "default_name": "Swift J2058.4+0516"
    },
    "photometry": [
        {
            "reference": "2012ApJ...753...77C",
            "raw": [
                19.6,
                19,
                17.3,
                22.55,
                22.66,
                22.89,
                22.91,
                21,
                20.5,
                18,
                22.57,
                22.68,
                22.81,
                23.2,
                21.4,
                20.9,
                18.8,
                22.4,
                22.62,
                22.98,
                23.17,
                21.9,
                21.2,
                19.3
            ],
            "raw_err": [
                0,
                0,
                0,
                0.06,
                0.07,
                0.18,
                0.27,
                0,
                0,
                0,
                0.06,
                0.09,
                0.15,
                0.34,
                0,
                0,
                0,
                0.05,
                0.06,
                0.11,
                0.2,
                0,
                0,
                0
            ],
            "raw_units": [
                "vega",
                "vega",
                "vega",
                "mag(AB)",
                "mag(AB)",
                "mag(AB)",
                "mag(AB)",
                "vega",
                "vega",
                "vega",
                "mag(AB)",
                "mag(AB)",
                "mag(AB)",
                "mag(AB)",
                "vega",
                "vega",
                "vega",
                "mag(AB)",
                "mag(AB)",
                "mag(AB)",
                "mag(AB)",
                "vega",
                "vega",
                "vega"
            ],
            "date": [
                55709.38,
                55709.38,
                55709.38,
                55710.41,
                55710.41,
                55710.41,
                55710.41,
                55710.41,
                55710.41,
                55710.41,
                55715.4,
                55715.4,
                55715.4,
                55715.4,
                55715.4,
                55715.4,
                55715.4,
                55722.26,
                55722.26,
                55722.26,
                55722.26,
                55722.26,
                55722.26,
                55722.26
            ],
            "date_format": [
                "mjd",
                "mjd",
                "mjd",
                "mjd",
                "mjd",
                "mjd",
                "mjd",
                "mjd",
                "mjd",
                "mjd",
                "mjd",
                "mjd",
                "mjd",
                "mjd",
                "mjd",
                "mjd",
                "mjd",
                "mjd",
                "mjd",
                "mjd",
                "mjd",
                "mjd",
                "mjd",
                "mjd"
            ],
            "upperlimit": [
                true,
                true,
                true,
                false,
                false,
                false,
                false,
                true,
                true,
                true,
                false,
                false,
                false,
                false,
                true,
                true,
                true,
                false,
                false,
                false,
                false,
                true,
                true,
                true
            ],
            "filter_key": [
                "J",
                "H",
                "K",
                "g'",
                "r'",
                "i'",
                "z'",
                "J",
                "H",
                "K",
                "g'",
                "r'",
                "i'",
                "z'",
                "J",
                "H",
                "K",
                "g'",
                "r'",
                "i'",
                "z'",
                "J",
                "H",
                "K"
            ],
            "obs_type": "uvoir",
            "telescope": "GROND",
            "val_k": false,
            "val_s": false,
            "val_host": false,
            "val_av": false,
            "val_hostav": false
        },
        {
            "reference": "2012ApJ...753...77C",
            "raw": [
                22.75,
                22.82
            ],
            "raw_err": [
                0.04,
                0.04
            ],
            "raw_units": [
                "mag(AB)",
                "vega"
            ],
            "date": [
                55741.45,
                55741.45
            ],
            "date_format": [
                "mjd",
                "mjd"
            ],
            "upperlimit": [
                false,
                false
            ],
            "filter_key": [
                "g'",
                "R"
            ],
            "obs_type": "uvoir",
            "telescope": "Keck/LRIS",
            "val_k": false,
            "val_s": false,
            "val_host": false,
            "val_av": false,
            "val_hostav": false
        },
        {
            "reference": "2012ApJ...753...77C",
            "raw": [
                21.5,
                22.8,
                23.07,
                23.37,
                21.51,
                23.13,
                23.43,
                22.92,
                23.12,
                23.02,
                22.09,
                22.21,
                23.36
            ],
            "raw_err": [
                0,
                0,
                0,
                0,
                0.29,
                0,
                0,
                0,
                0,
                0,
                0.29,
                0,
                0
            ],
            "raw_units": [
                "mag(AB)",
                "vega",
                "vega",
                "vega",
                "mag(AB)",
                "vega",
                "vega",
                "vega",
                "vega",
                "vega",
                "mag(AB)",
                "vega",
                "vega"
            ],
            "date": [
                55708.91,
                55711.58,
                55714.41,
                55717.88,
                55720.57,
                55726.04,
                55729.11,
                55735.54,
                55738.55,
                55743.76,
                55748.46,
                55749,
                55753.53
            ],
            "date_format": [
                "mjd",
                "mjd",
                "mjd",
                "mjd",
                "mjd",
                "mjd",
                "mjd",
                "mjd",
                "mjd",
                "mjd",
                "mjd",
                "mjd",
                "mjd"
            ],
            "upperlimit": [
                true,
                true,
                true,
                true,
                false,
                true,
                true,
                true,
                true,
                true,
                false,
                true,
                true
            ],
            "filter_key": [
                "b",
                "uvw1",
                "uvm2",
                "uvw2",
                "u",
                "uvm2",
                "uvw2",
                "uvw1",
                "uvm2",
                "uvw1",
                "u",
                "uvw2",
                "uvw2"
            ],
            "obs_type": "uvoir",
            "telescope": "UVOT",
            "val_k": false,
            "val_s": false,
            "val_host": false,
            "val_av": false,
            "val_hostav": false
        },
        {
            "reference": "2012ApJ...753...77C",
            "raw": [
                20.8,
                20.9
            ],
            "raw_err": [
                0,
                0
            ],
            "raw_units": "vega",
            "date": [
                55730.51,
                55730.53
            ],
            "date_format": [
                "mjd",
                "mjd"
            ],
            "upperlimit": [
                true,
                true
            ],
            "filter_key": [
                "H",
                "K"
            ],
            "obs_type": "uvoir",
            "telescope": "WFCAM",
            "val_k": false,
            "val_s": false,
            "val_host": false,
            "val_av": false,
            "val_hostav": false
        },
        {
            "reference": "2012ApJ...753...77C",
            "raw": [
                22.96,
                23.02
            ],
            "raw_err": [
                0.04,
                0.05
            ],
            "raw_units": "mag(AB)",
            "date": [
                55751.15,
                55751.17
            ],
            "date_format": [
                "mjd",
                "mjd"
            ],
            "upperlimit": [
                false,
                false
            ],
            "filter_key": [
                "r'",
                "g'"
            ],
            "obs_type": "uvoir",
            "telescope": "WHT",
            "val_k": false,
            "val_s": false,
            "val_host": false,
            "val_av": false,
            "val_hostav": false
        },
        {
            "reference": "2015ApJ...805...68P",
            "raw": [
                24.5,
                23.93,
                23.53
            ],
            "raw_err": [
                0,
                0.21,
                0.16
            ],
            "raw_units": "mag(AB)",
            "date": [
                55885.02,
                55885.02,
                55885.02
            ],
            "date_format": [
                "mjd",
                "mjd",
                "mjd"
            ],
            "upperlimit": [
                true,
                false,
                false
            ],
            "filter_key": [
                "u",
                "g",
                "r"
            ],
            "obs_type": "uvoir",
            "telescope": "Gemini-S-GMOS",
            "val_k": false,
            "val_s": false,
            "val_host": false,
            "val_av": false,
            "val_hostav": false
        },
        {
            "reference": "2015ApJ...805...68P",
            "raw": [
                23.36,
                23.06,
                23.56,
                23.89,
                25.99
            ],
            "raw_err": [
                0.02,
                0.02,
                0.02,
                0.02,
                0.08
            ],
            "raw_units": "mag(AB)",
            "date": [
                55803.56,
                55803.58,
                55894.96,
                55894.99,
                56636.58
            ],
            "date_format": [
                "mjd",
                "mjd",
                "mjd",
                "mjd",
                "mjd"
            ],
            "upperlimit": [
                false,
                false,
                false,
                false,
                false
            ],
            "filter_key": [
                "H",
                "g",
                "H",
                "g",
                "H"
            ],
            "obs_type": "uvoir",
            "telescope": "HST-WFC3",
            "val_k": false,
            "val_s": false,
            "val_host": false,
            "val_av": false,
            "val_hostav": false
        },
        {
            "reference": "2015ApJ...805...68P",
            "raw": [
                26.78
            ],
            "raw_err": [
                0.1
            ],
            "raw_units": "mag(AB)",
            "date": [
                56900.48
            ],
            "date_format": [
                "mjd"
            ],
            "upperlimit": [
                false
            ],
            "filter_key": [
                "F606W"
            ],
            "obs_type": "uvoir",
            "telescope": "HST/ACS-WFC",
            "val_k": false,
            "val_s": false,
            "val_host": false,
            "val_av": false,
            "val_hostav": false
        },
        {
            "reference": "2015ApJ...805...68P",
            "raw": [
                22.86,
                22.69,
                23.07,
                22.84,
                22.79,
                22.98,
                23.11,
                22.97,
                23.1,
                23.32,
                24.24,
                24.78,
                25.14,
                24.32,
                23.99
            ],
            "raw_err": [
                0.13,
                0.11,
                0.11,
                0.11,
                0.14,
                0.1,
                0.11,
                0.13,
                0.14,
                0.08,
                0.17,
                0.15,
                0.38,
                0.17,
                0.23
            ],
            "raw_units": "mag(AB)",
            "date": [
                55793.07,
                55793.07,
                55793.07,
                55793.08,
                55793.08,
                55826.06,
                55826.07,
                55826.07,
                55826.07,
                55826.07,
                56094.32,
                56094.33,
                56094.34,
                56094.35,
                56094.35
            ],
            "date_format": [
                "mjd",
                "mjd",
                "mjd",
                "mjd",
                "mjd",
                "mjd",
                "mjd",
                "mjd",
                "mjd",
                "mjd",
                "mjd",
                "mjd",
                "mjd",
                "mjd",
                "mjd"
            ],
            "upperlimit": [
                false,
                false,
                false,
                false,
                false,
                false,
                false,
                false,
                false,
                false,
                false,
                false,
                false,
                false,
                false
            ],
            "filter_key": [
                "u",
                "g",
                "r",
                "i",
                "z",
                "r",
                "u",
                "g",
                "i",
                "z",
                "r",
                "g",
                "u",
                "i",
                "z"
            ],
            "obs_type": "uvoir",
            "telescope": "VLT-FORS 2",
            "val_k": false,
            "val_s": false,
            "val_host": false,
            "val_av": false,
            "val_hostav": false
        },
        {
            "reference": "2015ApJ...805...68P",
            "raw": [
                25.39,
                24.97,
                24.48,
                24.2,
                23.81,
                25.8,
                26.4,
                26,
                24.9,
                25.2,
                26,
                26.3,
                26.2,
                24.8,
                25.2
            ],
            "raw_err": [
                0.26,
                0.14,
                0.14,
                0.15,
                0.25,
                0,
                0,
                0,
                0,
                0,
                0,
                0,
                0,
                0,
                0
            ],
            "raw_units": "mag(AB)",
            "date": [
                56126.27,
                56126.26,
                56126.26,
                56126.28,
                56126.29,
                56161.09,
                56161.08,
                56161.08,
                56161.1,
                56161,
                56209.01,
                56209.01,
                56209,
                56209.02,
                56209.03
            ],
            "date_format": [
                "mjd",
                "mjd",
                "mjd",
                "mjd",
                "mjd",
                "mjd",
                "mjd",
                "mjd",
                "mjd",
                "mjd",
                "mjd",
                "mjd",
                "mjd",
                "mjd",
                "mjd"
            ],
            "upperlimit": [
                false,
                false,
                false,
                false,
                false,
                true,
                true,
                true,
                true,
                true,
                true,
                true,
                true,
                true,
                true
            ],
            "filter_key": [
                "u",
                "g",
                "r",
                "i",
                "z",
                "u",
                "g",
                "r",
                "i",
                "z",
                "u",
                "g",
                "r",
                "i",
                "z"
            ],
            "obs_type": "uvoir",
            "telescope": "VLT-FORS2",
            "val_k": false,
            "val_s": false,
            "val_host": false,
            "val_av": false,
            "val_hostav": false
        },
        {
            "reference": "2015ApJ...805...68P",
            "raw": [
                22.72,
                21.6,
                22.22,
                21.87,
                22.46,
                21.6
            ],
            "raw_err": [
                0.33,
                0,
                0.22,
                0.25,
                0.16,
                0.2
            ],
            "raw_units": "mag(AB)",
            "date": [
                55785.05,
                55785.07,
                55806.21,
                55806.21,
                55828.99,
                55829.01
            ],
            "date_format": [
                "mjd",
                "mjd",
                "mjd",
                "mjd",
                "mjd",
                "mjd"
            ],
            "upperlimit": [
                false,
                true,
                false,
                false,
                false,
                false
            ],
            "filter_key": [
                "J",
                "K",
                "J",
                "K",
                "J",
                "K"
            ],
            "obs_type": "uvoir",
            "telescope": "VLT-HAWK-I",
            "val_k": false,
            "val_s": false,
            "val_host": false,
            "val_av": false,
            "val_hostav": false
        },
        {
            "reference": [
                "2012ApJ...753...77C",
                "2015ApJ...805...68P",
                "2017MNRAS.472.4469B"
            ],
            "raw": [
                0.88,
                0.225
            ],
            "raw_units": [
                "mJy",
                "mJy"
            ],
            "date": [
                55741,
                57522
            ],
            "date_format": [
                "mjd",
                "mjd"
            ],
            "filter_key": [
                "4.5GHz",
                "5.5GHz"
            ],
            "computed": [
                false,
                false
            ],
            "obs_type": [
                "radio",
                "radio"
            ],
            "upperlimit": [
                false,
                false
            ],
            "corr_k": false,
            "corr_s": false,
            "corr_av": false,
            "corr_host": false,
            "corr_hostav": false
        },
        {
            "raw": [
                0.000431662,
                0.000353764
            ],
            "raw_units": [
                "ct",
                "ct"
            ],
            "value": [
                5.48e-15,
                4.49e-15
            ],
            "value_units": [
                "ergs/cm^2/s",
                "ergs/cm^2/s"
            ],
            "filter_key": [
                "0.3 - 2.0",
                "0.3 - 2.0"
            ],
            "obs_type": [
                "xray",
                "xray"
            ],
            "date": [
                "56383.8",
                "56596.3"
            ],
            "date_format": "MJD",
            "upperlimit": [
                true,
                true
            ],
            "telescope": "Chandra",
            "corr_k": null,
            "corr_av": null,
            "corr_host": null,
            "corr_hostav": null,
            "reference": [
                "2017ApJ...838..149A"
            ],
            "xray_model": [
                {
                    "model_name": "Absorbed Powerlaw",
                    "param_names": [
                        "photonindex",
                        "nhmw"
                    ],
                    "param_values": [
                        "4.5",
                        "0.0697"
                    ],
                    "param_units": [
                        "None",
                        "10^22 cm^-2"
                    ],
                    "min_energy": 0.3,
                    "max_energy": 2,
                    "energy_units": "keV"
                },
                {
                    "model_name": "Absorbed Powerlaw",
                    "param_names": [
                        "photonindex",
                        "nhmw"
                    ],
                    "param_values": [
                        "4.5",
                        "0.0697"
                    ],
                    "param_units": [
                        "None",
                        "10^22 cm^-2"
                    ],
                    "min_energy": 0.3,
                    "max_energy": 2,
                    "energy_units": "keV"
                }
            ],
            "corr_s": null
        },
        {
            "raw": [
                0.0282693
            ],
            "raw_units": [
                "ct"
            ],
            "value": [
                4.22e-13
            ],
            "value_units": [
                "ergs/cm^2/s"
            ],
            "filter_key": [
                "0.3 - 2.0"
            ],
            "obs_type": [
                "xray"
            ],
            "date": [
                "48188.9"
            ],
            "date_format": "MJD",
            "upperlimit": [
                true
            ],
            "telescope": "ROSAT",
            "corr_k": null,
            "corr_av": null,
            "corr_host": null,
            "corr_hostav": null,
            "reference": [
                "2017ApJ...838..149A"
            ],
            "xray_model": [
                {
                    "model_name": "Absorbed Powerlaw",
                    "param_names": [
                        "photonindex",
                        "nhmw"
                    ],
                    "param_values": [
                        "4.5",
                        "0.0697"
                    ],
                    "param_units": [
                        "None",
                        "10^22 cm^-2"
                    ],
                    "min_energy": 0.3,
                    "max_energy": 2,
                    "energy_units": "keV"
                }
            ],
            "corr_s": null
        },
        {
            "raw": [
                0.999299,
                0.02422,
                0.00725647,
                0.0026471,
                0.00225235
            ],
            "raw_err": [
                0.0195121,
                0.00118726,
                0.000643452,
                0.00134011,
                0.000627106
            ],
            "raw_units": [
                "ct",
                "ct",
                "ct",
                "ct",
                "ct"
            ],
            "value": [
                1.1e-11,
                2.96e-13,
                8.33e-14,
                3.09e-14,
                2.63e-14
            ],
            "value_units": [
                "ergs/cm^2/s",
                "ergs/cm^2/s",
                "ergs/cm^2/s",
                "ergs/cm^2/s",
                "ergs/cm^2/s"
            ],
            "filter_key": [
                "0.3 - 2.0",
                "0.3 - 2.0",
                "0.3 - 2.0",
                "0.3 - 2.0",
                "0.3 - 2.0"
            ],
            "obs_type": [
                "xray",
                "xray",
                "xray",
                "xray",
                "xray"
            ],
            "date": [
                "55708.9",
                "55773.5",
                "55867.5",
                "55902.3",
                "56126.6"
            ],
            "date_format": "MJD",
            "upperlimit": [
                false,
                false,
                false,
                false,
                false
            ],
            "telescope": "Swift",
            "corr_k": null,
            "corr_av": null,
            "corr_host": null,
            "corr_hostav": null,
            "reference": [
                "2017ApJ...838..149A"
            ],
            "xray_model": [
                {
                    "model_name": "Powerlaw",
                    "param_names": [
                        "photonindex"
                    ],
                    "param_values": [
                        "1.3698"
                    ],
                    "param_units": [
                        "None"
                    ],
                    "min_energy": 0.3,
                    "max_energy": 2,
                    "energy_units": "keV"
                },
                {
                    "model_name": "Powerlaw",
                    "param_names": [
                        "photonindex"
                    ],
                    "param_values": [
                        "1.59"
                    ],
                    "param_units": [
                        "None"
                    ],
                    "min_energy": 0.3,
                    "max_energy": 2,
                    "energy_units": "keV"
                },
                {
                    "model_name": "Powerlaw",
                    "param_names": [
                        "photonindex"
                    ],
                    "param_values": [
                        "1.5"
                    ],
                    "param_units": [
                        "None"
                    ],
                    "min_energy": 0.3,
                    "max_energy": 2,
                    "energy_units": "keV"
                },
                {
                    "model_name": "Powerlaw",
                    "param_names": [
                        "photonindex"
                    ],
                    "param_values": [
                        "1.59745"
                    ],
                    "param_units": [
                        "None"
                    ],
                    "min_energy": 0.3,
                    "max_energy": 2,
                    "energy_units": "keV"
                },
                {
                    "model_name": "Powerlaw",
                    "param_names": [
                        "photonindex"
                    ],
                    "param_values": [
                        "1.6"
                    ],
                    "param_units": [
                        "None"
                    ],
                    "min_energy": 0.3,
                    "max_energy": 2,
                    "energy_units": "keV"
                }
            ],
            "corr_s": null
        },
        {
            "raw": [
                1.29,
                0.0417,
                0.546,
                0.0359805,
                1.67,
                0.893
            ],
            "raw_units": [
                "ct",
                "ct",
                "ct",
                "ct",
                "ct",
                "ct"
            ],
            "value": [
                4.42e-12,
                4.15e-14,
                1.87e-12,
                4.16e-14,
                5.72e-12,
                3.06e-12
            ],
            "value_units": [
                "ergs/cm^2/s",
                "ergs/cm^2/s",
                "ergs/cm^2/s",
                "ergs/cm^2/s",
                "ergs/cm^2/s",
                "ergs/cm^2/s"
            ],
            "filter_key": [
                "0.3 - 2.0",
                "0.3 - 2.0",
                "0.3 - 2.0",
                "0.3 - 2.0",
                "0.3 - 2.0",
                "0.3 - 2.0"
            ],
            "obs_type": [
                "xray",
                "xray",
                "xray",
                "xray",
                "xray",
                "xray"
            ],
            "date": [
                "54598.6",
                "55886.6",
                "55888",
                "56048.7",
                "56052.7",
                "56976.1"
            ],
            "date_format": "MJD",
            "upperlimit": [
                false,
                false,
                false,
                false,
                false,
                false
            ],
            "telescope": "XMM",
            "corr_k": null,
            "corr_av": null,
            "corr_host": null,
            "corr_hostav": null,
            "reference": [
                "2017ApJ...838..149A"
            ],
            "xray_model": [
                {
                    "model_name": "Powerlaw",
                    "param_names": [
                        "photonindex"
                    ],
                    "param_values": [
                        "1.885"
                    ],
                    "param_units": [
                        "None"
                    ],
                    "min_energy": 0.3,
                    "max_energy": 2,
                    "energy_units": "keV"
                },
                {
                    "model_name": "Powerlaw",
                    "param_names": [
                        "photonindex"
                    ],
                    "param_values": [
                        "1.98"
                    ],
                    "param_units": [
                        "None"
                    ],
                    "min_energy": 0.3,
                    "max_energy": 2,
                    "energy_units": "keV"
                },
                {
                    "model_name": "Powerlaw",
                    "param_names": [
                        "photonindex"
                    ],
                    "param_values": [
                        "1.885"
                    ],
                    "param_units": [
                        "None"
                    ],
                    "min_energy": 0.3,
                    "max_energy": 2,
                    "energy_units": "keV"
                },
                {
                    "model_name": "Powerlaw",
                    "param_names": [
                        "photonindex"
                    ],
                    "param_values": [
                        "1.51"
                    ],
                    "param_units": [
                        "None"
                    ],
                    "min_energy": 0.3,
                    "max_energy": 2,
                    "energy_units": "keV"
                },
                {
                    "model_name": "Powerlaw",
                    "param_names": [
                        "photonindex"
                    ],
                    "param_values": [
                        "1.885"
                    ],
                    "param_units": [
                        "None"
                    ],
                    "min_energy": 0.3,
                    "max_energy": 2,
                    "energy_units": "keV"
                },
                {
                    "model_name": "Powerlaw",
                    "param_names": [
                        "photonindex"
                    ],
                    "param_values": [
                        "1.885"
                    ],
                    "param_units": [
                        "None"
                    ],
                    "min_energy": 0.3,
                    "max_energy": 2,
                    "energy_units": "keV"
                }
            ],
            "corr_s": null
        },
        {
            "reference": "2012ApJ...753...77C",
            "raw": [
                0.88,
                0.84,
                1.34,
                1.21
            ],
            "raw_err": [
                0.05,
                0.04,
                0.04,
                0.15
            ],
            "raw_units": "mJy",
            "date": [
                "2011-06-29 08:38:24",
                "2011-06-29 08:38:24",
                "2011-07-29 09:21:35",
                "2011-07-29 09:21:35"
            ],
            "date_format": [
                "iso",
                "iso",
                "iso",
                "iso"
            ],
            "upperlimit": [
                false,
                false,
                false,
                false
            ],
            "filter_key": [
                "4.5GHz",
                "7.9GHz",
                "8.4GHz",
                "22.5GHz"
            ],
            "obs_type": "radio",
            "telescope": "VLA",
            "corr_k": false,
            "corr_s": false,
            "corr_host": false,
            "corr_av": false,
            "corr_hostav": false
        },
        {
            "reference": "2015ApJ...805...68P",
            "raw": [
                350,
                580
            ],
            "raw_err": [
                70,
                0
            ],
            "raw_units": "uJy",
            "date": [
                "2011-08-12",
                "2011-08-12"
            ],
            "date_format": [
                "iso",
                "iso"
            ],
            "upperlimit": [
                false,
                true
            ],
            "filter_key": [
                "8.4GHz",
                "22.0GHz"
            ],
            "obs_type": "radio",
            "telescope": "VLBA",
            "corr_k": false,
            "corr_s": false,
            "corr_host": false,
            "corr_av": false,
            "corr_hostav": false
        },
        {
            "reference": "2017MNRAS.472.4469B",
            "raw": [
                225,
                236
            ],
            "raw_err": [
                15,
                13
            ],
            "raw_units": "uJy",
            "date": [
                "57522",
                "57522"
            ],
            "date_format": [
                "mjd",
                "mjd"
            ],
            "upperlimit": [
                false,
                false
            ],
            "filter_key": [
                "5.5GHz",
                "9.0GHz"
            ],
            "obs_type": "radio",
            "telescope": "ATCA",
            "corr_k": false,
            "corr_s": false,
            "corr_host": false,
            "corr_av": false,
            "corr_hostav": false
        }
    ],
    "reference_alias": [
        {
            "name": "2012ApJ...753...77C",
            "human_readable_name": "Cenko, S. Bradley et al. (2012)"
        },
        {
            "name": "2015ApJ...805...68P",
            "human_readable_name": "Pasham, Dheeraj R. et al. (2015)"
        },
        {
            "name": "2017MNRAS.472.4469B",
            "human_readable_name": "Brown et al. (2017)"
        },
        {
            "name": "2017ApJ...838..149A",
            "human_readable_name": "Auchettl, Guillochon, & Ramirez-Ruiz (2017)"
        },
        {
            "name": "2016A&A...594A..13P",
            "human_readable_name": "Planck Collaboration et al. (2016)"
        },
        {
            "name": "2017ApJ...835...64G",
            "human_readable_name": "Guillochon et al. (2017)"
        },
        {
            "name": "2023PASP..135c4101G",
            "human_readable_name": "Goldtooth, Aaron et al. (2023)"
        },
        {
            "name": "2011ATel.3384....1K",
            "human_readable_name": "Krimm, H. A. et al. (2011)"
        },
        {
            "name": "2012MNRAS.420.2684C",
            "human_readable_name": "Cenko, S. Bradley et al. (2012)"
        }
    ],
    "schema_version": {
        "comment": "Uploader:Noah Franz | Email:noahfranz13@gmail.com;Original Dataset;Copied from tde.space;",
        "comments": "From Goldtooth et al. (2023)",
        "value": 0
    }
}