{
    "_key": "7536152",
    "_id": "transients/7536152",
    "_rev": "_kk4VUDG---",
    "classification": {
        "discovery_method": "xray",
        "spec_classed": 3,
        "unambiguous": true,
        "value": [
            {
                "object_class": "TDE",
                "confidence": 3.3,
                "reference": [
                    "2019A&A...630A..98S",
                    "2023PASP..135c4101G",
                    "['2019A&A...630A..98S', '2020SSRv..216...81A']"
                ],
                "default": true
            }
        ]
    },
    "name": {
        "alias": [
            {
                "value": "XMMSL2_J1446+68",
                "reference": [
                    "2019A&A...630A..98S"
                ]
            },
            {
                "value": "XMMSL2 J144605.0+685735",
                "reference": [
                    "2023PASP..135c4101G"
                ]
            }
        ],
        "default_name": "XMMSL2 J144605.0+685735"
    },
    "reference_alias": [
        {
            "name": "2023PASP..135c4101G",
            "human_readable_name": "Goldtooth, Aaron et al. (2023)"
        },
        {
            "name": "2019A&A...630A..98S",
            "human_readable_name": "Saxton, R. D. et al. (2019)"
        },
        {
            "name": "2020SSRv..216...81A",
            "human_readable_name": "Alexander, Kate D. et al. (2020)"
        }
    ],
    "distance": [
        {
            "value": "0.029",
            "distance_type": "redshift",
            "reference": [
                "2019A&A...630A..98S",
                "2023PASP..135c4101G"
            ],
            "default": true
        }
    ],
    "coordinate": [
        {
            "ra": "221.520833333333",
            "dec": "68.9586111111111",
            "ra_units": "degree",
            "dec_units": "degree",
            "coordinate_type": "equatorial",
            "default": false,
            "reference": [
                "2019A&A...630A..98S"
            ]
        },
        {
            "ra": "221.52083333333331",
            "dec": "68.95861111111111",
            "ra_units": "deg",
            "dec_units": "deg",
            "coordinate_type": "equatorial",
            "default": true,
            "reference": [
                "2019A&A...630A..98S",
                "2023PASP..135c4101G"
            ]
        }
    ],
    "date_reference": [
        {
            "value": "2006-08-22 ",
            "date_format": "iso",
            "date_type": "discovery",
            "reference": [
                "2023PASP..135c4101G",
                "2019A&A...630A..98S"
            ],
            "default": true
        }
    ],
    "host": [
        {
            "host_name": "2MASX 14460522+6857311, LEDA 2725953",
            "host_ra": 221.52083333333331,
            "host_dec": 68.95861111111111,
            "host_ra_units": "deg",
            "host_dec_units": "deg",
            "reference": [
                "2023PASP..135c4101G",
                "2019A&A...630A..98S"
            ]
        }
    ],
    "schema_version": {
        "comments": "From Goldtooth et al. (2023)",
        "value": 0
    },
    "photometry": [
        {
            "reference": "['2019A&A...630A..98S', '2020SSRv..216...81A']",
            "raw": [
                28,
                18
            ],
            "raw_err": [
                0,
                0
            ],
            "raw_units": "uJy",
            "date": [
                "57646.167",
                "57806.524"
            ],
            "date_format": [
                "mjd",
                "mjd"
            ],
            "upperlimit": [
                true,
                true
            ],
            "filter_key": [
                "6.0GHz",
                "6.0GHz"
            ],
            "obs_type": "radio",
            "corr_k": false,
            "corr_s": false,
            "corr_host": false,
            "corr_av": false,
            "corr_hostav": false
        }
    ],
    "filter_alias": [
        {
            "filter_key": "6.0GHz",
            "filter_name": "C",
            "freq_eff": 6,
            "freq_units": "GHz"
        }
    ]
}