{
    "_key": "3861390",
    "_id": "vetting/3861390",
    "_rev": "_kGYYLxK---",
    "name": {
        "alias": [
            {
                "value": "AT 2018cqh",
                "reference": [
                    "2018TNSTR.839....1D"
                ]
            }
        ],
        "default_name": "AT 2018cqh"
    },
    "coordinate": [
        {
            "ra": "02h33m46.93s",
            "dec": "-01d01m28.38s",
            "ra_units": "hourangle",
            "dec_units": "deg",
            "reference": [
                "2018TNSTR.839....1D"
            ],
            "coordinate_type": "equatorial"
        }
    ],
    "distance": [
        {
            "value": 0.048,
            "reference": [
                "2024MNRAS.527.1962B"
            ],
            "computed": false,
            "distance_type": "redshift"
        },
        {
            "value": 203,
            "reference": [
                "2024MNRAS.527.1962B"
            ],
            "unit": "Mpc",
            "computed": false,
            "distance_type": "luminosity"
        }
    ],
    "classification": {
        "value": [
            {
                "object_class": "TDE",
                "confidence": 1,
                "reference": [
                    "2024MNRAS.527.1962B"
                ]
            }
        ]
    },
    "schema_version": {
        "comment": "Uploader:Noah Franz | Email:nfranz@arizona.edu | approved"
    },
    "reference_alias": [
        {
            "name": "2024MNRAS.527.1962B",
            "human_readable_name": "Bykov, S. D. et al. (2024)"
        },
        {
            "name": "2018TNSTR.839....1D",
            "human_readable_name": "Delgado, A. et al. (2018)"
        }
    ]
}