{
    "_key": "3801396",
    "_id": "vetting/3801396",
    "_rev": "_kGYhNTC---",
    "name": {
        "alias": [
            {
                "value": "VT J2030",
                "reference": [
                    "2025ApJ...982..163S"
                ]
            }
        ],
        "default_name": "VT J2030"
    },
    "coordinate": [
        {
            "ra": "20h30m47.3s",
            "dec": "+04d13m31.0s",
            "ra_units": "hourangle",
            "dec_units": "deg",
            "reference": [
                "2025ApJ...982..163S"
            ],
            "coordinate_type": "equatorial"
        }
    ],
    "distance": [
        {
            "value": 0.061,
            "reference": [
                "2025ApJ...982..163S"
            ],
            "computed": false,
            "distance_type": "redshift"
        }
    ],
    "classification": {
        "value": [
            {
                "object_class": "TDE",
                "confidence": 1,
                "reference": [
                    "2025ApJ...982..163S"
                ]
            }
        ]
    },
    "schema_version": {
        "comment": "Uploader:Noah Franz | Email:nfranz@arizona.edu | approved"
    },
    "reference_alias": [
        {
            "name": "2025ApJ...982..163S",
            "human_readable_name": "Somalwar, Jean J. et al. (2025)"
        }
    ]
}