{
    "_key": "7535908",
    "_id": "transients/7535908",
    "_rev": "_kk4VDdK---",
    "reference_alias": [
        {
            "name": "Yao, Yuhan et al. (2023)",
            "human_readable_name": "2023ApJ...955L...6Y"
        },
        {
            "name": "2024MNRAS.527.2452M",
            "human_readable_name": "Mummery et al. (2023)"
        },
        {
            "name": "2023ApJ...955L...6Y",
            "human_readable_name": "Yao, Yuhan et al. (2023)"
        },
        {
            "name": "2021TNSTR.422....1F",
            "human_readable_name": "Forster, F. et al. (2021)"
        },
        {
            "name": "2023TNSCR2004....1Y",
            "human_readable_name": "Yao, Y. (2023)"
        }
    ],
    "classification": {
        "discovery_method": "optical",
        "spec_classed": 3,
        "unambiguous": true,
        "value": [
            {
                "object_class": "TDE",
                "confidence": 3.3,
                "reference": [
                    "2023ApJ...955L...6Y",
                    "2023TNSCR2004....1Y",
                    "2024MNRAS.527.2452M"
                ],
                "default": true
            }
        ]
    },
    "coordinate": [
        {
            "ra": "176.2787808",
            "dec": "18.5403678",
            "ra_units": "deg",
            "dec_units": "deg",
            "coordinate_type": "equatorial",
            "reference": [
                "2023ApJ...955L...6Y",
                "2024MNRAS.527.2452M"
            ],
            "default": true
        },
        {
            "ra": "176.278955216",
            "dec": "18.5403591039",
            "ra_units": "deg",
            "dec_units": "deg",
            "coordinate_type": "equatorial",
            "epoch": "J2000",
            "frame": "ICRS",
            "reference": [
                "2021TNSTR.422....1F"
            ],
            "default": false
        }
    ],
    "distance": [
        {
            "value": "0.155",
            "distance_type": "redshift",
            "reference": [
                "2023ApJ...955L...6Y",
                "2024MNRAS.527.2452M"
            ],
            "default": true
        },
        {
            "value": "0.1555",
            "distance_type": "redshift",
            "reference": [
                "2023TNSCR2004....1Y"
            ],
            "default": false
        },
        {
            "value": "57.62",
            "distance_type": "dispersion_measure",
            "unit": "km/s",
            "reference": [
                "2023ApJ...955L...6Y",
                "2024MNRAS.527.2452M"
            ],
            "default": true
        }
    ],
    "name": {
        "alias": [
            {
                "value": "2021crk",
                "reference": [
                    "TNS"
                ]
            },
            {
                "value": "ATLAS21hdc",
                "reference": [
                    "TNS"
                ]
            },
            {
                "value": "ZTF21aakfqwq",
                "reference": [
                    "TNS"
                ]
            },
            {
                "value": "PS21cpw",
                "reference": [
                    "TNS"
                ]
            },
            {
                "value": "AT2021crk",
                "reference": [
                    "2023ApJ...955L...6Y",
                    "2024MNRAS.527.2452M"
                ]
            }
        ],
        "default_name": "2021crk"
    },
    "date_reference": [
        {
            "value": "59252.48956019676",
            "date_format": "mjd",
            "date_type": "discovery",
            "reference": [
                "2021TNSTR.422....1F"
            ],
            "default": true
        },
        {
            "value": "59273.99999999998",
            "date_format": "mjd",
            "date_type": "peak",
            "reference": [
                "2023ApJ...955L...6Y",
                "2024MNRAS.527.2452M"
            ],
            "default": true
        }
    ],
    "filter_alias": [
        {
            "filter_key": "B.uvot",
            "filter_name": "B.uvot",
            "freq_eff": 695280559412463.5,
            "freq_units": "Hz"
        },
        {
            "filter_key": "U.uvot",
            "filter_name": "U.uvot",
            "freq_eff": 872815357550259.6,
            "freq_units": "Hz"
        },
        {
            "filter_key": "UVM2.uvot",
            "filter_name": "UVM2.uvot",
            "freq_eff": 1346484181597652,
            "freq_units": "Hz"
        },
        {
            "filter_key": "UVW1.uvot",
            "filter_name": "UVW1.uvot",
            "freq_eff": 1198891057872408,
            "freq_units": "Hz"
        },
        {
            "filter_key": "UVW2.uvot",
            "filter_name": "UVW2.uvot",
            "freq_eff": 1492659946412262.2,
            "freq_units": "Hz"
        },
        {
            "filter_key": "W1.wise",
            "filter_name": "W1.wise",
            "freq_eff": 89917740678395.33,
            "freq_units": "Hz"
        },
        {
            "filter_key": "W2.wise",
            "filter_name": "W2.wise",
            "freq_eff": 65429370473910.305,
            "freq_units": "Hz"
        },
        {
            "filter_key": "g.ztf",
            "filter_name": "g.ztf",
            "freq_eff": 634121907623677.4,
            "freq_units": "Hz"
        }
    ],
    "photometry": [
        {
            "raw": [
                8.642876730456671e-07,
                5.513997045797503e-07,
                8.215480722854118e-07,
                -2.157304892572044e-06,
                1.9240243597075466e-06,
                6.262894406772905e-07,
                -3.7275124389759644e-06,
                1.0127266483989129e-06,
                2.044892425512761e-06,
                2.310419647158924e-06,
                -1.9723797755568566e-08,
                -1.0575465327501127e-06,
                4.5796582233357936e-07,
                5.084737944822644e-06,
                1.6499898464136042e-06,
                3.7801799048413576e-06,
                -1.9229810838672465e-05,
                9.078229606229403e-07,
                -2.181301849059428e-06,
                -2.9907894156955945e-06,
                1.8871469560551367e-06,
                -6.436690050961342e-07,
                3.889806838557628e-06,
                -4.663916529810007e-06,
                2.107850563813253e-06,
                -5.8310870199071015e-06,
                1.4633630834222665e-06,
                -1.4697975972941618e-06,
                1.1459832108477453e-07,
                -4.641945184567053e-06,
                6.10117755764627e-06,
                -7.675682472009065e-07,
                -2.5872406062218153e-07,
                5.816731956319014e-07,
                -8.097118630264564e-07,
                -8.953863800398086e-07,
                4.4627938071340267e-07,
                -3.3605902064548587e-06,
                -2.076082285203187e-06,
                -3.7986443973021086e-06,
                1.2718141535387702e-06,
                -8.67049265879154e-08,
                -3.0784924710124195e-07,
                -1.1465327300095813e-06,
                1.06839781142796e-06,
                6.1363303682032355e-06,
                -2.1078525867061467e-06,
                4.150826450915045e-06,
                -1.0253198721210292e-06,
                -1.7397374767560763e-06,
                -1.0140172121147225e-06,
                -5.009612190203979e-07,
                -2.663910641971872e-06,
                -1.6543789845846306e-06,
                9.721055689193993e-07,
                -1.93669508243653e-06,
                2.7757626287797223e-06,
                3.68599988692093e-07,
                7.645907338788398e-06,
                -7.000905627737276e-06,
                -9.431306735069597e-06,
                8.3834065320818e-06,
                8.580401321519264e-06,
                -3.1159218544308475e-06,
                1.7270630182947383e-06,
                -1.4178423292118185e-08,
                -1.0214940662955397e-06,
                -9.820457530740522e-07,
                1.6330778295405775e-06,
                -2.285796989534249e-06,
                3.4271686181090083e-06,
                -9.111356543787724e-07,
                8.66465251789819e-08,
                -2.550499606230283e-06,
                -1.1630170859961111e-06,
                -8.4974184044167e-09,
                1.515915136386265e-06,
                6.532966766007026e-07,
                6.425810057105297e-07,
                -1.616024497643525e-06,
                4.1928034901794167e-07,
                2.4265940308689693e-06,
                -7.427759889154548e-07,
                -1.8702751411774246e-06,
                -1.3554500942602149e-06,
                -6.955060214717242e-06,
                -3.4592200215506798e-06,
                -1.0979079960337467e-06,
                7.283014456040026e-07,
                3.788322090467926e-06,
                1.4234399735861485e-06,
                2.124394132353552e-06,
                2.1013347214740612e-06,
                -4.668773723956715e-07,
                -4.299457383840118e-06,
                2.8286345333904133e-06,
                3.5855404427815507e-06,
                -4.5021696459909216e-06,
                1.0803381947281996e-06,
                7.408391855711855e-06,
                9.892169901285613e-06,
                1.9721373985823856e-06,
                7.96924936183727e-06,
                3.4658897598260633e-06,
                -1.6982335149477333e-07,
                -1.3398909787165812e-06,
                -2.010067900204942e-06,
                9.772155161589818e-07,
                -3.102558259805208e-06,
                0,
                -6.119855795450405e-07,
                -8.595437925935106e-08,
                1.5632552236937967e-06,
                -1.1975626960707236e-06,
                -7.100465106958289e-06,
                9.189847854580449e-07,
                3.3827856001283686e-06,
                5.492089307283001e-06,
                -5.00273386639951e-07,
                1.858418046247041e-05,
                -1.8368133918416877e-05,
                -2.918349307984642e-06,
                -3.6751642249947697e-06,
                2.3812204298912227e-06,
                2.6921491542275124e-06,
                5.142832763515894e-07,
                1.2644068921994637e-06,
                3.028677153872686e-06,
                1.2165687080153559e-08,
                6.976527784165627e-07,
                -7.626049208256426e-07,
                3.3756720042690945e-06,
                7.501443592141391e-06,
                2.826924252385754e-07,
                -1.5760652890849792e-06,
                5.984381873597331e-07,
                2.694776339866319e-06,
                7.372903089517686e-06,
                -3.7130209266284736e-06,
                6.8796899450246e-07,
                -6.5870147909932066e-06,
                2.5995930951708246e-06,
                1.7548046823734354e-06,
                4.523769761494937e-06,
                -1.9646753840840084e-06,
                1.86156799025275e-06,
                9.683994845412364e-06,
                1.408618503998642e-05,
                2.165156073109178e-05,
                3.117953792798319e-05,
                5.166164966288469e-05,
                6.251282401853171e-05,
                7.637202121933398e-05,
                8.594478794053732e-05,
                7.970177146025607e-05,
                7.319931897645843e-05,
                7.158692343866172e-05,
                6.631018127348572e-05,
                6.089033553372715e-05,
                5.3813288480633724e-05,
                4.191349773563995e-05,
                3.9640291411506904e-05,
                4.269669461295257e-05,
                3.506117396468901e-05,
                3.932617140701103e-05,
                3.3317102447629e-05,
                3.0404592805639194e-05,
                3.368163251611038e-05,
                2.4699432435999873e-05,
                2.342391448922076e-05,
                2.760280521800572e-05,
                2.0594102154906146e-05,
                2.269873852816375e-05,
                1.9444033340623304e-05,
                1.8908182766012793e-05,
                1.432359667329376e-05,
                2.038247412775944e-05,
                1.3867630771825052e-05,
                1.782170504243301e-05,
                1.6121739023748034e-05,
                9.896645088847015e-06,
                1.340732908743779e-05,
                1.8140092709448248e-05,
                -5.683584565385267e-07,
                3.496032168086915e-06,
                1.1459054452686453e-05,
                1.4862647651016409e-05,
                1.185461481774039e-05,
                1.2483625170415945e-05,
                1.2440152897219343e-05,
                8.187626142191276e-06,
                -4.749846936924079e-06,
                7.164455754199136e-07,
                -1.7148239736842092e-06,
                4.87998160507042e-06,
                -1.17260974573606e-07,
                3.461111000374958e-08,
                1.6894408157444122e-06,
                7.23134543872342e-06,
                2.910461995415835e-06,
                8.99280945254309e-06,
                -3.5772446886544585e-06,
                3.335488816680496e-06,
                2.4415123730134565e-06,
                4.3839192086955215e-06,
                5.767941353375285e-06,
                3.86682984376607e-06,
                2.045193168643304e-06,
                2.592096579055109e-06,
                4.073634212350933e-06,
                5.693080944711458e-06,
                3.3684173709733475e-06,
                -1.1281331975613589e-06,
                -5.284552805903571e-07,
                2.817261149448132e-06,
                3.2066312932866663e-06,
                -1.3589797861349666e-06,
                -1.2766564933934415e-05,
                3.3679194007824073e-07,
                -5.051054345313355e-06,
                3.737871099877955e-06,
                1.4089531735614673e-06,
                3.63665641353221e-06,
                -1.3725666324710872e-05,
                -3.0669868230148394e-06,
                -2.7101128688303834e-06,
                2.952646937978095e-06,
                6.355815136124325e-06,
                1.6958069656779377e-06,
                3.7687996668343377e-06,
                3.3417716969962502e-06,
                3.210649442049462e-06,
                3.3821513408547385e-06,
                4.1004675382662805e-08,
                3.644878589438238e-06,
                4.363998554995665e-07,
                -3.1822299030143466e-06,
                -2.800527782950326e-06,
                6.437660831191754e-07,
                -6.465538330506252e-06,
                1.8126131367617643e-06,
                -6.724747824459921e-06,
                1.285216172152786e-06,
                -6.81279084057136e-07,
                5.721486378934155e-07,
                -4.2341271575862315e-06,
                -2.401972285001672e-07,
                -2.838161480552803e-06,
                1.1957137774543918e-07,
                2.8208082224948114e-06,
                -4.87516168285186e-07,
                5.061588570190051e-06,
                -2.744640491003081e-06,
                3.1414074889459077e-06,
                -6.983191977473055e-06,
                -7.494657304050538e-07,
                1.5907343214666283e-06,
                -2.462784493960751e-06,
                -5.137662378573932e-06,
                -6.740083902039971e-07,
                4.447012881889598e-06,
                5.872643215166518e-06,
                3.4626366901334323e-06,
                -2.4060064166850166e-07,
                3.907654870127309e-06,
                -3.634978255665971e-08,
                -6.227701909551548e-06,
                1.4540752037434926e-06,
                -5.692040014549296e-07,
                5.252424139512085e-06,
                -1.0543102289063636e-06,
                6.391230930326879e-06,
                5.913324920198442e-06,
                -3.2541302610540643e-06,
                2.7147982860731724e-06,
                6.607969531293889e-07,
                4.5344509778347607e-07,
                -1.5319711253975603e-06,
                2.141329847252109e-07,
                -8.365250095946797e-07,
                6.349850169337168e-06,
                -1.5627134405010133e-05,
                8.097633185168859e-07,
                1.5188732283874255e-06,
                -2.804088909959786e-06,
                1.75701728879982e-07,
                3.7261022296476568e-06,
                -1.464433107949859e-07,
                -1.280279776642929e-06,
                2.7601760074553583e-06,
                4.84674866916781e-06,
                -4.436690757072363e-06,
                4.683788201242717e-06,
                -2.90889193295636e-06,
                9.029039180833244e-07,
                -6.049223916971271e-06,
                3.368547963288208e-06,
                2.9312848804847807e-06,
                8.799698801013704e-06,
                1.7110220652063081e-06,
                5.991564694185995e-06,
                5.0408e-05,
                2.6951e-05,
                2.9213e-05,
                2.6795e-05,
                2.2328e-05,
                4.2454e-05,
                3.8806e-05,
                3.0458e-05,
                2.1515e-05,
                2.5279e-05,
                6.0134e-05,
                3.9749e-05,
                3.3179e-05,
                3.2116e-05,
                2.2475e-05,
                6.5849e-05,
                3.9376e-05,
                4.0236e-05,
                2.0108e-05,
                2.4737e-05,
                3.1738e-05,
                5.9398e-05,
                4.7278e-05,
                1.9089e-05,
                3.6694e-05,
                -9.64018589266374e-06,
                -4.35913553679903e-06,
                1.629715492327002e-05,
                1.2513927449345091e-05,
                -1.7553622014950387e-05,
                3.7226833441209776e-06,
                2.9360915867724353e-05,
                1.027321641848104e-05,
                2.028604416407867e-05,
                8.017755867952145e-06,
                3.130165441622239e-05,
                4.433596597520584e-05,
                1.8601261327457887e-05,
                -1.5663883281590785e-05,
                3.113444313300248e-05,
                2.9379474662523108e-05
            ],
            "raw_err": [
                1.7587227133372008e-06,
                2.0519856172311327e-06,
                3.884277987154595e-06,
                2.4498791176555103e-06,
                2.23603304180329e-06,
                2.2431065846399464e-06,
                2.7083784490654594e-06,
                1.9106186378762998e-06,
                2.5192646447508213e-06,
                2.3291885375645253e-06,
                2.4432054344003948e-06,
                2.125270860335625e-06,
                2.1947576541918784e-06,
                2.140719356303852e-06,
                2.4053362479794098e-06,
                2.6760108683339473e-06,
                6.923673698700154e-06,
                2.838516230423858e-06,
                3.171859982153606e-06,
                2.746740576593755e-06,
                6.6561071081208255e-06,
                8.498100846734156e-06,
                5.957161498545876e-06,
                7.319521589885951e-06,
                5.487893003324529e-06,
                6.780907279733061e-06,
                4.205256932393927e-06,
                1.8351081969266558e-06,
                2.169257478639834e-06,
                6.115129823938538e-06,
                6.1522214446102e-06,
                1.0656370416913459e-05,
                9.134626177240367e-06,
                3.8952588243530225e-06,
                3.710747568719181e-06,
                2.8447844510276902e-06,
                2.2414819415036548e-06,
                2.228839238578699e-06,
                2.3925419689975915e-06,
                2.4246120453922876e-06,
                2.1506363386779716e-06,
                1.924517512044905e-06,
                1.4598190514332791e-06,
                1.8506838855589873e-06,
                1.898516228315052e-06,
                3.176544661384941e-06,
                2.516375708944625e-06,
                2.931294919477662e-06,
                2.5325636456639703e-06,
                2.8233151080854308e-06,
                2.3882336068761395e-06,
                2.0507752094343696e-06,
                2.0735338558131857e-06,
                2.158074317079846e-06,
                1.9833998117609505e-06,
                2.1048191668699503e-06,
                3.129329226593651e-06,
                4.833050567747472e-06,
                5.3350678222602165e-06,
                5.37722718854511e-06,
                7.951269165999292e-06,
                6.976237987476219e-06,
                6.860421363063502e-06,
                5.5441098421002835e-06,
                4.595620760029466e-06,
                3.43931612698341e-06,
                3.5156770216214e-06,
                2.8195851143050404e-06,
                2.656345121027113e-06,
                2.9210546092874354e-06,
                2.696898534416763e-06,
                1.6388126247205524e-06,
                1.5752933080488808e-06,
                1.6113416906119504e-06,
                1.892780766929695e-06,
                1.9034748526577263e-06,
                1.9142546014508883e-06,
                2.7179694550473723e-06,
                2.058369495027777e-06,
                2.1219274988536923e-06,
                2.0941479055925512e-06,
                2.0625424542567325e-06,
                2.6073271833744314e-06,
                2.152129771833522e-06,
                2.021145434120518e-06,
                2.9080464595413722e-06,
                3.210991300144124e-06,
                3.1488653886181933e-06,
                2.812431680948866e-06,
                2.727730101348456e-06,
                2.643569172733114e-06,
                2.3519710562513152e-06,
                3.588385968867304e-06,
                2.9241547308480526e-06,
                2.8348055508590388e-06,
                4.016653047241091e-06,
                3.957096881685209e-06,
                3.590096965180623e-06,
                4.35053704696545e-06,
                4.134649181151867e-06,
                7.88147211034973e-06,
                7.986144637340795e-06,
                7.10799213170189e-06,
                1.8542095565512225e-06,
                1.922954135780272e-06,
                3.897010559302679e-06,
                3.7373480201208855e-06,
                2.2560957964667112e-06,
                1.8791264229089452e-06,
                1.8741811538322655e-06,
                1.838924854242965e-06,
                1.909033731784103e-06,
                2.4239917980653263e-06,
                2.3843499275239404e-06,
                6.61214354876629e-06,
                1.4954357190053117e-06,
                1.856468232850563e-06,
                2.0634825157590995e-06,
                2.50030946552363e-06,
                6.532885909664395e-06,
                7.040721086316293e-06,
                2.6312753659295966e-06,
                2.4670186067306745e-06,
                2.195181233837536e-06,
                2.2739637740347985e-06,
                2.586162781344538e-06,
                8.669641840846267e-06,
                2.486421058495223e-06,
                2.7244128214651968e-06,
                3.3561749306309913e-06,
                2.547845603176626e-06,
                2.9032394722550882e-06,
                3.9441371181738385e-06,
                4.177934887572647e-06,
                3.1827447559156954e-06,
                2.524053240265016e-06,
                2.4244680378333028e-06,
                3.034117332902999e-06,
                2.3720806359444187e-06,
                2.5635839887907415e-06,
                5.151947976897477e-06,
                2.9992123560244716e-06,
                3.122446290937479e-06,
                2.205969270461856e-06,
                1.9250227825563194e-06,
                3.7190043084043344e-06,
                2.6693233741982314e-06,
                1.8666514657176718e-06,
                1.915991542223444e-06,
                2.3459492790795825e-06,
                2.433153459933979e-06,
                2.386763485054842e-06,
                3.81831110255104e-06,
                6.184380350351729e-06,
                6.896949388320531e-06,
                4.591137026107481e-06,
                4.791512747589553e-06,
                2.5457304544934587e-06,
                2.462069210843419e-06,
                2.554458395766417e-06,
                4.321148493544786e-06,
                6.57617762544538e-06,
                6.866439571625604e-06,
                5.864588918336944e-06,
                6.328500156523651e-06,
                2.9016487183378977e-06,
                2.0265184718704074e-06,
                2.229339546203751e-06,
                2.8063183158008385e-06,
                2.630490056846095e-06,
                1.994250065270943e-06,
                1.6313974014835247e-06,
                2.2112114020787196e-06,
                2.610126354115227e-06,
                3.5670903845617073e-06,
                3.0227229628916415e-06,
                2.2777879784293193e-06,
                1.962189874903761e-06,
                2.1232332475029557e-06,
                1.8421937664335046e-06,
                2.847443877277234e-06,
                2.733399665644987e-06,
                4.334873736610754e-06,
                7.787002392471272e-06,
                7.882901401863889e-06,
                2.3122070103161393e-06,
                2.363377681725778e-06,
                2.3099073819958737e-06,
                2.3942946072435077e-06,
                2.0423662759058038e-06,
                2.629428751667971e-06,
                4.951033859104715e-06,
                2.939463359327272e-06,
                2.626264550357449e-06,
                5.091141183075004e-06,
                5.1305434912996935e-06,
                8.279024353702226e-06,
                2.398315097503016e-06,
                2.6416940026551543e-06,
                2.191071499802022e-06,
                3.525157255840503e-06,
                3.1299281966833994e-06,
                9.31118579231359e-06,
                5.7957803105975856e-06,
                4.74334100734414e-06,
                2.638163976895734e-06,
                2.1330533942840513e-06,
                1.9641163748072604e-06,
                2.088350645912322e-06,
                2.564368511312588e-06,
                6.648423195780554e-06,
                7.510958245573887e-06,
                5.040979772051263e-06,
                2.331141486919949e-06,
                2.442667941312433e-06,
                1.8137537837957261e-06,
                4.695794003967183e-06,
                5.961703123421534e-06,
                8.175915934445397e-06,
                6.975295184284371e-06,
                6.380092461775615e-06,
                2.9249206381113834e-06,
                3.947582375558878e-06,
                1.075623307378833e-05,
                7.039894180714975e-06,
                2.7715512692341026e-06,
                3.036452341718788e-06,
                2.717247993534377e-06,
                3.2965327078023463e-06,
                6.766860593082526e-06,
                5.550967604506605e-06,
                3.443142070215428e-06,
                4.936717433819878e-06,
                2.559937240842997e-06,
                2.2779948894370576e-06,
                1.7135768755652135e-06,
                2.5642108676509826e-06,
                2.2352022336951842e-06,
                2.3380626225832388e-06,
                2.8956410398892806e-06,
                3.4970884786759288e-06,
                5.802428962414986e-06,
                1.9927120025759817e-06,
                2.1050108450596197e-06,
                2.0422743609836213e-06,
                1.8767863683361847e-06,
                2.4380261174322333e-06,
                2.196197172640464e-06,
                1.0729960276235695e-05,
                2.5568457560137204e-06,
                2.7469125184693806e-06,
                3.594884467211685e-06,
                3.219243742056063e-06,
                5.159665020448306e-06,
                4.1478476172131175e-06,
                4.305860026570712e-06,
                2.3278070632872313e-06,
                4.370258136445846e-06,
                2.6943544371644898e-06,
                2.4086654741076924e-06,
                4.207888907786529e-06,
                2.3366088477730415e-06,
                2.1861640873764627e-06,
                1.8936434959336934e-06,
                5.526126611262762e-06,
                2.235323880216773e-06,
                6.874927250650591e-06,
                3.1312285982460224e-06,
                1.938077488807548e-06,
                2.508495773360299e-06,
                1.8960154442010867e-06,
                3.7654457625121697e-06,
                7.906753489532084e-06,
                7.831508207826913e-06,
                2.498906205799097e-06,
                1.774349834281648e-06,
                2.143629624798344e-06,
                2.7430982864853066e-06,
                2.3993552483288797e-06,
                2.885206400220561e-06,
                4.503793688152637e-06,
                6.00576478777962e-06,
                7.104733086511742e-06,
                2.426622871188002e-06,
                2.3893211595934308e-06,
                2.212130952519927e-06,
                2.6865713562009947e-06,
                3.6835455566668814e-06,
                2.789518544091403e-06,
                2.8116158559246296e-06,
                2.6678363525536426e-06,
                5.940700318957606e-06,
                3.935779815472731e-06,
                1.930004856857862e-06,
                3.1325028971987596e-06,
                3.1376798061725968e-06,
                2.9819509206421084e-06,
                4.317702216175138e-06,
                6.448005061603858e-06,
                4.8918395244464526e-06,
                3.6117709192619097e-06,
                4.6898e-06,
                3.7874e-06,
                3.8833e-06,
                3.5498e-06,
                3.8797e-06,
                5.9415e-06,
                5.6298e-06,
                5.719e-06,
                4.1883e-06,
                5.3553e-06,
                7.2084e-06,
                6.0756e-06,
                5.8453e-06,
                5.3782e-06,
                5.8551e-06,
                9.977e-06,
                8.7025e-06,
                8.9191e-06,
                7.4495e-06,
                9.0932e-06,
                1.7156e-05,
                1.6738e-05,
                1.6708e-05,
                1.4515e-05,
                1.7993e-05,
                1.121863233402716e-05,
                1.0648163404872673e-05,
                8.885042834937132e-06,
                9.611216773433122e-06,
                9.290537250665604e-06,
                8.652689362807099e-06,
                9.897212983820722e-06,
                8.394100647316105e-06,
                2.730825378665929e-05,
                2.6223314643119396e-05,
                1.9712700593955086e-05,
                2.054174520480071e-05,
                2.0714359977307676e-05,
                1.9083896260597043e-05,
                2.6029500104459754e-05,
                2.2907629563379042e-05
            ],
            "raw_units": "Jy",
            "date": [
                "58575.27319440013",
                "58580.25355320005",
                "58586.17165509984",
                "58597.27377310023",
                "58600.19039350003",
                "58605.23387729982",
                "58608.27655090019",
                "58612.17233800003",
                "58633.22726849979",
                "58633.2281944002",
                "58634.217164400034",
                "58635.195208299905",
                "58636.245532399975",
                "58636.24644679995",
                "58639.226388900075",
                "58642.199259299785",
                "58649.17530089989",
                "58658.193738400005",
                "58662.20017360011",
                "58668.1927546002",
                "58676.17587959999",
                "58679.18582180003",
                "58792.54890049994",
                "58802.55585649982",
                "58805.523287000135",
                "58828.544664400164",
                "58837.51813660003",
                "58852.541782400105",
                "58855.52125000022",
                "58859.50421300018",
                "58859.52642360004",
                "58861.44215280004",
                "58861.4795022998",
                "58864.43690969981",
                "58864.43782409979",
                "58866.54512730008",
                "58867.414814800024",
                "58867.4223842998",
                "58871.43673609989",
                "58871.44086810015",
                "58873.35958330007",
                "58873.40072919987",
                "58874.398043999914",
                "58876.374328699894",
                "58876.382708299905",
                "58877.35876160022",
                "58877.39614580013",
                "58878.38195599988",
                "58878.49018519977",
                "58879.46479169978",
                "58879.49849539995",
                "58880.43932869984",
                "58880.44071759982",
                "58880.46326390002",
                "58881.44164349977",
                "58881.47799770022",
                "58883.461168999784",
                "58885.42300930014",
                "58886.43945599999",
                "58886.44035879988",
                "58891.420879600104",
                "58891.42178239999",
                "58891.43892360013",
                "58892.339224500116",
                "58892.37493060017",
                "58893.44067130005",
                "58893.46179400012",
                "58894.353703700006",
                "58894.354606499895",
                "58894.374884299934",
                "58895.41646989994",
                "58898.380092599895",
                "58898.38098380016",
                "58898.42313659983",
                "58899.37901620008",
                "58899.37991899997",
                "58899.42121529998",
                "58900.314641200006",
                "58900.330046299845",
                "58900.3538079001",
                "58900.35627309978",
                "58903.33487269981",
                "58904.28740740009",
                "58904.29621529998",
                "58904.311469899956",
                "58905.27429400012",
                "58905.29498839984",
                "58905.31012730021",
                "58906.31019680016",
                "58906.31394679984",
                "58906.31486110017",
                "58908.316365700215",
                "58911.358969899826",
                "58911.37999999989",
                "58911.40077550011",
                "58912.270161999855",
                "58912.27106480021",
                "58912.29054399999",
                "58913.278784700204",
                "58913.29414349981",
                "58915.21172450017",
                "58915.23523150012",
                "58915.24972219998",
                "58936.291134300176",
                "58936.29202549998",
                "58941.245208300184",
                "58941.26902779983",
                "58954.299895800184",
                "58962.246458299924",
                "58963.22864580015",
                "58965.210208300035",
                "58965.24828700023",
                "58967.24340280006",
                "58968.23203699989",
                "58974.18976850016",
                "58980.19236110011",
                "58985.18864580011",
                "58991.17246530019",
                "58997.18490740005",
                "59001.16751160007",
                "59005.18442129996",
                "59011.205868099816",
                "59014.20314810006",
                "59017.218344899826",
                "59020.200127299875",
                "59023.21675929986",
                "59033.19886570005",
                "59165.53065969981",
                "59168.506840299815",
                "59170.49626159994",
                "59176.51736109983",
                "59179.485671299975",
                "59181.52890049992",
                "59188.54104170017",
                "59193.477511600126",
                "59194.53120370023",
                "59194.5321411998",
                "59195.52805559989",
                "59198.51501160022",
                "59203.54145829985",
                "59219.5260648001",
                "59223.400613400154",
                "59225.44273150014",
                "59227.44156249985",
                "59231.42137729982",
                "59248.46325229993",
                "59250.369085600134",
                "59252.4895601999",
                "59256.3688542",
                "59258.36550930003",
                "59262.41210650001",
                "59264.35329859983",
                "59268.43369209999",
                "59270.382939800154",
                "59275.213425899856",
                "59276.257962999865",
                "59276.2589004999",
                "59280.35936339991",
                "59290.31609949982",
                "59292.29616900021",
                "59295.275231500156",
                "59297.207395799924",
                "59303.2810531999",
                "59304.2354282001",
                "59304.349143499974",
                "59306.31217590021",
                "59307.2777315001",
                "59309.193715299945",
                "59311.212812500075",
                "59313.25028940011",
                "59315.213356500026",
                "59317.23614579998",
                "59320.1755903",
                "59322.208472200204",
                "59324.17233800003",
                "59335.25530089997",
                "59338.20723380009",
                "59340.21449070005",
                "59342.23598380014",
                "59344.25726850005",
                "59346.330590299796",
                "59350.20631940011",
                "59353.22135420004",
                "59358.24254629994",
                "59361.28971059993",
                "59363.21493060002",
                "59365.20553239994",
                "59367.2451272998",
                "59369.213136599865",
                "59371.18785879994",
                "59373.18582180003",
                "59523.54826389998",
                "59525.49871530011",
                "59527.49887729995",
                "59622.46192129981",
                "59624.50788189983",
                "59629.40207180008",
                "59636.45400460018",
                "59639.27975689992",
                "59671.400879600085",
                "59676.33303239988",
                "59678.319062499795",
                "59684.27747689979",
                "59687.26042820001",
                "59689.27547449991",
                "59693.2483333",
                "59697.211458299775",
                "59699.238067099825",
                "59701.2592823999",
                "59703.25979170017",
                "59712.23614579998",
                "59714.25550930016",
                "59717.28239580011",
                "59722.2570369998",
                "59724.20792819979",
                "59726.22734950017",
                "59739.1948958002",
                "59741.19358799979",
                "59743.25957180001",
                "59889.498622700106",
                "59897.49148150021",
                "59903.51535880007",
                "59930.52427079994",
                "59951.46651619999",
                "59957.45596060017",
                "59965.41422449984",
                "59968.422673599795",
                "59971.37797449995",
                "59977.53127310006",
                "59980.4136458002",
                "59985.43684029998",
                "60031.28849539999",
                "60043.32753469981",
                "60045.319062499795",
                "60050.18309029983",
                "60052.268923600204",
                "60054.257696799934",
                "60056.21326390002",
                "60058.298402800225",
                "60060.25209489977",
                "60062.257928200066",
                "60073.33745370014",
                "60077.25824069977",
                "60080.23846059991",
                "60084.25289350003",
                "60086.214282399975",
                "60086.306006900035",
                "60088.277326399926",
                "60102.28752310015",
                "60104.254166699946",
                "60111.24560189992",
                "60113.26565970015",
                "60115.239409700036",
                "60117.26739579998",
                "60260.49534719996",
                "60287.433611100074",
                "60291.45679400023",
                "60314.387905099895",
                "60322.45776619995",
                "60324.39359949995",
                "60341.42011569999",
                "60352.466874999925",
                "60354.44501159992",
                "60356.46557869995",
                "60368.43072920013",
                "60374.401458300184",
                "60396.3701272998",
                "60398.21269680001",
                "60404.29807869997",
                "60408.332048600074",
                "60413.302222200204",
                "60417.31853009993",
                "60421.27696759999",
                "60423.30836809985",
                "60429.258217600174",
                "60433.26483799983",
                "60437.17342589982",
                "60439.2470602002",
                "60441.2174769002",
                "60443.28268520022",
                "60445.267210599966",
                "60449.22072920017",
                "60451.21533560008",
                "60457.20672449982",
                "60459.24804400001",
                "60462.2254745001",
                "60464.24739579996",
                "60615.52901619999",
                "60625.51796300011",
                "60650.52353010001",
                "60652.49453700008",
                "60658.52696759999",
                "60667.503611099906",
                "60674.47834490007",
                "60676.36806710018",
                "60680.44067130005",
                "60682.402361100074",
                "60684.44355319999",
                "60687.46049770014",
                "60694.461458299775",
                "60699.40053239977",
                "59298.427725",
                "59305.330781",
                "59312.69937",
                "59319.693049",
                "59326.304101",
                "59298.434618",
                "59305.338002",
                "59312.705901",
                "59319.697619",
                "59326.309901",
                "59298.419906",
                "59305.322568",
                "59312.691425",
                "59319.688605",
                "59326.297634",
                "59298.422256",
                "59305.325031",
                "59312.693811",
                "59319.690253",
                "59326.299581",
                "59298.423836",
                "59305.326694",
                "59312.695417",
                "59319.69124",
                "59326.300894",
                "58986.86897559",
                "59194.97511226",
                "59350.897814359996",
                "59559.10517605",
                "59717.90234845",
                "60082.15301197",
                "60290.61965693",
                "60449.132050185",
                "58986.86897559",
                "59194.97511226",
                "59350.897814359996",
                "59559.10517605",
                "59717.90234845",
                "60082.15301197",
                "60290.61965693",
                "60449.132050185"
            ],
            "date_format": "mjd",
            "filter_key": [
                "g.ztf",
                "g.ztf",
                "g.ztf",
                "g.ztf",
                "g.ztf",
                "g.ztf",
                "g.ztf",
                "g.ztf",
                "g.ztf",
                "g.ztf",
                "g.ztf",
                "g.ztf",
                "g.ztf",
                "g.ztf",
                "g.ztf",
                "g.ztf",
                "g.ztf",
                "g.ztf",
                "g.ztf",
                "g.ztf",
                "g.ztf",
                "g.ztf",
                "g.ztf",
                "g.ztf",
                "g.ztf",
                "g.ztf",
                "g.ztf",
                "g.ztf",
                "g.ztf",
                "g.ztf",
                "g.ztf",
                "g.ztf",
                "g.ztf",
                "g.ztf",
                "g.ztf",
                "g.ztf",
                "g.ztf",
                "g.ztf",
                "g.ztf",
                "g.ztf",
                "g.ztf",
                "g.ztf",
                "g.ztf",
                "g.ztf",
                "g.ztf",
                "g.ztf",
                "g.ztf",
                "g.ztf",
                "g.ztf",
                "g.ztf",
                "g.ztf",
                "g.ztf",
                "g.ztf",
                "g.ztf",
                "g.ztf",
                "g.ztf",
                "g.ztf",
                "g.ztf",
                "g.ztf",
                "g.ztf",
                "g.ztf",
                "g.ztf",
                "g.ztf",
                "g.ztf",
                "g.ztf",
                "g.ztf",
                "g.ztf",
                "g.ztf",
                "g.ztf",
                "g.ztf",
                "g.ztf",
                "g.ztf",
                "g.ztf",
                "g.ztf",
                "g.ztf",
                "g.ztf",
                "g.ztf",
                "g.ztf",
                "g.ztf",
                "g.ztf",
                "g.ztf",
                "g.ztf",
                "g.ztf",
                "g.ztf",
                "g.ztf",
                "g.ztf",
                "g.ztf",
                "g.ztf",
                "g.ztf",
                "g.ztf",
                "g.ztf",
                "g.ztf",
                "g.ztf",
                "g.ztf",
                "g.ztf",
                "g.ztf",
                "g.ztf",
                "g.ztf",
                "g.ztf",
                "g.ztf",
                "g.ztf",
                "g.ztf",
                "g.ztf",
                "g.ztf",
                "g.ztf",
                "g.ztf",
                "g.ztf",
                "g.ztf",
                "g.ztf",
                "g.ztf",
                "g.ztf",
                "g.ztf",
                "g.ztf",
                "g.ztf",
                "g.ztf",
                "g.ztf",
                "g.ztf",
                "g.ztf",
                "g.ztf",
                "g.ztf",
                "g.ztf",
                "g.ztf",
                "g.ztf",
                "g.ztf",
                "g.ztf",
                "g.ztf",
                "g.ztf",
                "g.ztf",
                "g.ztf",
                "g.ztf",
                "g.ztf",
                "g.ztf",
                "g.ztf",
                "g.ztf",
                "g.ztf",
                "g.ztf",
                "g.ztf",
                "g.ztf",
                "g.ztf",
                "g.ztf",
                "g.ztf",
                "g.ztf",
                "g.ztf",
                "g.ztf",
                "g.ztf",
                "g.ztf",
                "g.ztf",
                "g.ztf",
                "g.ztf",
                "g.ztf",
                "g.ztf",
                "g.ztf",
                "g.ztf",
                "g.ztf",
                "g.ztf",
                "g.ztf",
                "g.ztf",
                "g.ztf",
                "g.ztf",
                "g.ztf",
                "g.ztf",
                "g.ztf",
                "g.ztf",
                "g.ztf",
                "g.ztf",
                "g.ztf",
                "g.ztf",
                "g.ztf",
                "g.ztf",
                "g.ztf",
                "g.ztf",
                "g.ztf",
                "g.ztf",
                "g.ztf",
                "g.ztf",
                "g.ztf",
                "g.ztf",
                "g.ztf",
                "g.ztf",
                "g.ztf",
                "g.ztf",
                "g.ztf",
                "g.ztf",
                "g.ztf",
                "g.ztf",
                "g.ztf",
                "g.ztf",
                "g.ztf",
                "g.ztf",
                "g.ztf",
                "g.ztf",
                "g.ztf",
                "g.ztf",
                "g.ztf",
                "g.ztf",
                "g.ztf",
                "g.ztf",
                "g.ztf",
                "g.ztf",
                "g.ztf",
                "g.ztf",
                "g.ztf",
                "g.ztf",
                "g.ztf",
                "g.ztf",
                "g.ztf",
                "g.ztf",
                "g.ztf",
                "g.ztf",
                "g.ztf",
                "g.ztf",
                "g.ztf",
                "g.ztf",
                "g.ztf",
                "g.ztf",
                "g.ztf",
                "g.ztf",
                "g.ztf",
                "g.ztf",
                "g.ztf",
                "g.ztf",
                "g.ztf",
                "g.ztf",
                "g.ztf",
                "g.ztf",
                "g.ztf",
                "g.ztf",
                "g.ztf",
                "g.ztf",
                "g.ztf",
                "g.ztf",
                "g.ztf",
                "g.ztf",
                "g.ztf",
                "g.ztf",
                "g.ztf",
                "g.ztf",
                "g.ztf",
                "g.ztf",
                "g.ztf",
                "g.ztf",
                "g.ztf",
                "g.ztf",
                "g.ztf",
                "g.ztf",
                "g.ztf",
                "g.ztf",
                "g.ztf",
                "g.ztf",
                "g.ztf",
                "g.ztf",
                "g.ztf",
                "g.ztf",
                "g.ztf",
                "g.ztf",
                "g.ztf",
                "g.ztf",
                "g.ztf",
                "g.ztf",
                "g.ztf",
                "g.ztf",
                "g.ztf",
                "g.ztf",
                "g.ztf",
                "g.ztf",
                "g.ztf",
                "g.ztf",
                "g.ztf",
                "g.ztf",
                "g.ztf",
                "g.ztf",
                "g.ztf",
                "g.ztf",
                "g.ztf",
                "g.ztf",
                "g.ztf",
                "g.ztf",
                "g.ztf",
                "g.ztf",
                "g.ztf",
                "g.ztf",
                "g.ztf",
                "g.ztf",
                "g.ztf",
                "g.ztf",
                "g.ztf",
                "g.ztf",
                "g.ztf",
                "g.ztf",
                "g.ztf",
                "g.ztf",
                "g.ztf",
                "g.ztf",
                "g.ztf",
                "g.ztf",
                "g.ztf",
                "g.ztf",
                "g.ztf",
                "g.ztf",
                "g.ztf",
                "g.ztf",
                "UVW2.uvot",
                "UVW2.uvot",
                "UVW2.uvot",
                "UVW2.uvot",
                "UVW2.uvot",
                "UVM2.uvot",
                "UVM2.uvot",
                "UVM2.uvot",
                "UVM2.uvot",
                "UVM2.uvot",
                "UVW1.uvot",
                "UVW1.uvot",
                "UVW1.uvot",
                "UVW1.uvot",
                "UVW1.uvot",
                "U.uvot",
                "U.uvot",
                "U.uvot",
                "U.uvot",
                "U.uvot",
                "B.uvot",
                "B.uvot",
                "B.uvot",
                "B.uvot",
                "B.uvot",
                "W1.wise",
                "W1.wise",
                "W1.wise",
                "W1.wise",
                "W1.wise",
                "W1.wise",
                "W1.wise",
                "W1.wise",
                "W2.wise",
                "W2.wise",
                "W2.wise",
                "W2.wise",
                "W2.wise",
                "W2.wise",
                "W2.wise",
                "W2.wise"
            ],
            "obs_type": "uvoir",
            "reference": [
                "2023ApJ...955L...6Y",
                "2024MNRAS.527.2452M"
            ],
            "upperlimit": [
                true,
                true,
                true,
                true,
                true,
                true,
                true,
                true,
                true,
                true,
                true,
                true,
                true,
                true,
                true,
                true,
                true,
                true,
                true,
                true,
                true,
                true,
                true,
                true,
                true,
                true,
                true,
                true,
                true,
                true,
                true,
                true,
                true,
                true,
                true,
                true,
                true,
                true,
                true,
                true,
                true,
                true,
                true,
                true,
                true,
                true,
                true,
                true,
                true,
                true,
                true,
                true,
                true,
                true,
                true,
                true,
                true,
                true,
                true,
                true,
                true,
                true,
                true,
                true,
                true,
                true,
                true,
                true,
                true,
                true,
                true,
                true,
                true,
                true,
                true,
                true,
                true,
                true,
                true,
                true,
                true,
                true,
                true,
                true,
                true,
                true,
                true,
                true,
                true,
                true,
                true,
                true,
                true,
                true,
                true,
                true,
                true,
                true,
                true,
                true,
                true,
                true,
                true,
                true,
                true,
                true,
                true,
                true,
                true,
                true,
                true,
                true,
                true,
                true,
                true,
                true,
                true,
                true,
                true,
                true,
                true,
                true,
                true,
                true,
                true,
                true,
                true,
                true,
                true,
                true,
                true,
                true,
                true,
                true,
                true,
                true,
                true,
                true,
                true,
                true,
                true,
                true,
                true,
                true,
                true,
                true,
                false,
                false,
                false,
                false,
                false,
                false,
                false,
                false,
                false,
                false,
                false,
                false,
                false,
                false,
                false,
                false,
                false,
                false,
                false,
                false,
                false,
                false,
                false,
                false,
                false,
                false,
                false,
                false,
                false,
                false,
                false,
                false,
                false,
                false,
                false,
                false,
                false,
                true,
                true,
                false,
                false,
                false,
                false,
                false,
                false,
                true,
                true,
                true,
                true,
                true,
                true,
                true,
                true,
                true,
                true,
                true,
                true,
                true,
                true,
                true,
                true,
                true,
                true,
                true,
                true,
                true,
                true,
                true,
                true,
                true,
                true,
                true,
                true,
                true,
                true,
                true,
                true,
                true,
                true,
                true,
                true,
                true,
                true,
                true,
                true,
                true,
                true,
                true,
                true,
                true,
                true,
                true,
                true,
                true,
                true,
                true,
                true,
                true,
                true,
                true,
                true,
                true,
                true,
                true,
                true,
                true,
                true,
                true,
                true,
                true,
                true,
                true,
                true,
                true,
                true,
                true,
                true,
                true,
                true,
                true,
                true,
                true,
                true,
                true,
                true,
                true,
                true,
                true,
                true,
                true,
                true,
                true,
                true,
                true,
                true,
                true,
                true,
                true,
                true,
                true,
                true,
                true,
                true,
                true,
                true,
                true,
                true,
                true,
                true,
                true,
                true,
                true,
                true,
                true,
                true,
                false,
                false,
                false,
                false,
                false,
                false,
                false,
                false,
                false,
                false,
                false,
                false,
                false,
                false,
                false,
                false,
                false,
                false,
                true,
                true,
                true,
                false,
                true,
                true,
                true,
                true,
                true,
                true,
                true,
                true,
                true,
                true,
                true,
                true,
                true,
                true,
                true,
                true,
                true,
                true,
                true
            ],
            "corr_k": false,
            "corr_s": false,
            "corr_av": false,
            "corr_host": false,
            "corr_hostav": false,
            "val_av": 0.08066770821259325
        }
    ]
}