{
    "_key": "7535848",
    "_id": "transients/7535848",
    "_rev": "_kk4V-wK---",
    "reference_alias": [
        {
            "name": "Charalampopoulos, P. (2024)",
            "human_readable_name": "2024TNSCR2633....1C"
        },
        {
            "name": "2024MNRAS.527.2452M",
            "human_readable_name": "Mummery et al. (2023)"
        },
        {
            "name": "2024TNSTR2568....1S",
            "human_readable_name": "Sollerman, J. et al. (2024)"
        },
        {
            "name": "2024TNSCR2633....1C",
            "human_readable_name": "Charalampopoulos, P. (2024)"
        }
    ],
    "classification": {
        "discovery_method": "optical",
        "spec_classed": 3,
        "unambiguous": true,
        "value": [
            {
                "object_class": "TDE",
                "confidence": 3.3,
                "reference": [
                    "2024MNRAS.527.2452M",
                    "2024TNSCR2633....1C"
                ],
                "default": true
            }
        ]
    },
    "coordinate": [
        {
            "ra": "273.5258",
            "dec": "36.2499152",
            "ra_units": "deg",
            "dec_units": "deg",
            "coordinate_type": "equatorial",
            "epoch": "J2000",
            "frame": "ICRS",
            "reference": [
                "2024TNSTR2568....1S"
            ],
            "default": false
        },
        {
            "ra": "273.5258",
            "dec": "36.2499152",
            "ra_units": "deg",
            "dec_units": "deg",
            "coordinate_type": "equatorial",
            "reference": [
                "2024MNRAS.527.2452M",
                "2024TNSCR2633....1C"
            ],
            "default": true
        }
    ],
    "distance": [
        {
            "value": "0.1398",
            "distance_type": "redshift",
            "reference": [
                "2024MNRAS.527.2452M",
                "2024TNSCR2633....1C"
            ],
            "default": true
        }
    ],
    "name": {
        "alias": [
            {
                "value": "GOTO24dts",
                "reference": [
                    "TNS"
                ]
            },
            {
                "value": "ZTF24aatxshz",
                "reference": [
                    "TNS"
                ]
            },
            {
                "value": "2024qab",
                "reference": [
                    "TNS"
                ]
            },
            {
                "value": "ATLAS24lsw",
                "reference": [
                    "TNS"
                ]
            },
            {
                "value": "AT2023qab",
                "reference": [
                    "2024TNSCR2633....1C",
                    "2024MNRAS.527.2452M"
                ]
            }
        ],
        "default_name": "2024qab"
    },
    "date_reference": [
        {
            "value": "60476.37518519676",
            "date_format": "mjd",
            "date_type": "discovery",
            "reference": [
                "2024TNSTR2568....1S"
            ],
            "default": true
        },
        {
            "value": "60518.958333333365",
            "date_format": "mjd",
            "date_type": "peak",
            "reference": [
                "2024MNRAS.527.2452M",
                "2024TNSCR2633....1C"
            ],
            "default": true
        }
    ],
    "filter_alias": [
        {
            "filter_key": "B.uvot",
            "filter_name": "B.uvot",
            "freq_eff": 695280559412463.5,
            "freq_units": "Hz"
        },
        {
            "filter_key": "U.uvot",
            "filter_name": "U.uvot",
            "freq_eff": 872815357550259.6,
            "freq_units": "Hz"
        },
        {
            "filter_key": "UVM2.uvot",
            "filter_name": "UVM2.uvot",
            "freq_eff": 1346484181597652,
            "freq_units": "Hz"
        },
        {
            "filter_key": "UVW1.uvot",
            "filter_name": "UVW1.uvot",
            "freq_eff": 1198891057872408,
            "freq_units": "Hz"
        },
        {
            "filter_key": "UVW2.uvot",
            "filter_name": "UVW2.uvot",
            "freq_eff": 1492659946412262.2,
            "freq_units": "Hz"
        },
        {
            "filter_key": "r.ztf",
            "filter_name": "r.ztf",
            "freq_eff": 471994480402802.25,
            "freq_units": "Hz"
        }
    ],
    "photometry": [
        {
            "raw": [
                -5.273127728942214e-07,
                -3.6096702068556236e-06,
                -1.7926836307087173e-06,
                2.5713173056526235e-06,
                9.755987051488457e-08,
                8.26995091453374e-07,
                -6.186404246155967e-07,
                2.9957385742136873e-06,
                1.798822688593696e-06,
                8.250991059666076e-06,
                -9.34199471553095e-07,
                5.514528340716311e-06,
                1.192567831575774e-06,
                2.3740443943427163e-06,
                3.380528599916596e-06,
                -2.692934988031629e-06,
                -4.895376914761029e-06,
                -6.859228295098283e-07,
                -2.7815058979183236e-08,
                -2.1498658681404866e-06,
                4.361757943939243e-06,
                7.73861783603341e-06,
                4.803885589769616e-06,
                2.9077172242063117e-06,
                8.248445838766855e-06,
                9.089909539680453e-06,
                3.2305920405791706e-06,
                3.489676812411979e-07,
                -2.934146834630657e-06,
                5.809828218534095e-06,
                5.371496253740573e-07,
                1.247378587408391e-06,
                -2.3922897336100038e-06,
                -5.242765228887664e-06,
                -1.7279646774680836e-06,
                -6.39447902966011e-06,
                9.900478895812297e-06,
                -1.5327400707861159e-06,
                -6.773321636220755e-07,
                -2.510838711283096e-06,
                -3.411589773509439e-06,
                -1.4093328049334165e-06,
                -2.2792262154659592e-06,
                2.5349383524759256e-06,
                -9.048707916159666e-06,
                4.548163761491704e-06,
                3.7676072937725057e-07,
                -3.27313029111429e-06,
                1.2015976466673571e-06,
                -7.259773926541408e-07,
                5.391560615407469e-07,
                -7.405965508929452e-06,
                -3.6623895889888503e-07,
                -7.565423863756415e-07,
                -3.4082366773493602e-06,
                7.10729633830168e-07,
                -4.947383877067491e-06,
                2.5429362862115494e-06,
                -6.784478740466417e-06,
                5.05239906463928e-06,
                8.99432390785671e-06,
                2.260626501735203e-06,
                3.6502833327291684e-06,
                1.2419205412995859e-07,
                -1.4952347331449066e-06,
                -1.8742954752505293e-06,
                -4.542310924871446e-06,
                -7.210078203601286e-07,
                5.590740809926999e-06,
                5.110344719906015e-06,
                3.8080272835854147e-06,
                0,
                -1.5160138028536263e-07,
                -9.8440545847974e-07,
                -5.054708163199988e-06,
                7.964572942079885e-07,
                6.390183853631717e-06,
                -2.737692876255554e-06,
                4.715246563780325e-06,
                -7.167083413254583e-06,
                3.297706637403366e-06,
                -9.090729384837403e-07,
                -1.1553868306826857e-05,
                -2.2084284021602343e-06,
                -9.079721961934608e-07,
                -3.661885395935828e-06,
                2.6308764789795145e-06,
                3.4928964300457266e-07,
                2.055415356049155e-06,
                -1.8266040789520758e-06,
                1.1368343008385778e-06,
                6.669275113937239e-07,
                1.1867355889325042e-06,
                1.1495355998169116e-05,
                5.482017604381008e-06,
                -4.7261995152506375e-07,
                -1.4837639413631472e-06,
                4.670412270799472e-06,
                -1.1154631408928387e-06,
                3.6374390360186924e-07,
                3.95512358114583e-06,
                -4.284515927905423e-06,
                2.1665752264846924e-06,
                -3.0549264566325113e-06,
                3.4062474417149044e-07,
                -8.961188106032144e-07,
                4.368823082517376e-06,
                -1.0405270345187916e-06,
                -8.888152721951336e-08,
                4.2775148196214086e-06,
                6.5081115142886075e-06,
                4.094411901049593e-06,
                2.5716035126893892e-05,
                2.7216280152404298e-05,
                3.278043465882525e-05,
                4.732592658534878e-05,
                4.692854046746158e-05,
                5.549268931647939e-05,
                5.990550179498676e-05,
                7.616059262440693e-05,
                7.244467863024924e-05,
                7.559648521003322e-05,
                6.767227687910627e-05,
                6.808629364917058e-05,
                7.174073351319804e-05,
                7.47593537040615e-05,
                7.040630056647827e-05,
                7.117056156608795e-05,
                5.3259615904514265e-05,
                6.261913320487331e-05,
                6.410454862684486e-05,
                5.240738064393012e-05,
                6.10352044554114e-05,
                5.9239944239041956e-05,
                5.2573574024352214e-05,
                5.847032823362926e-05,
                5.303004188167749e-05,
                4.6146896642437397e-05,
                4.2278632449163614e-05,
                4.842489140743695e-05,
                4.617188465666224e-05,
                3.615620401840324e-05,
                4.4161731707298375e-05,
                4.122972140552993e-05,
                5.3169250248200816e-05,
                2.6916501232577e-05,
                2.8125410374465674e-05,
                2.6248774654779925e-05,
                2.3212818053583282e-05,
                3.332447792190071e-05,
                3.688976835996559e-05,
                2.139779873173941e-05,
                2.4472226302464526e-05,
                2.0777918624781052e-05,
                1.12798682825343e-05,
                1.8316756502609717e-05,
                2.0434764022277252e-05,
                2.1267492172179186e-05,
                1.709301400216027e-05,
                1.4157361156140188e-05,
                9.199369894093563e-06,
                6.935361277271169e-06,
                4.6051762972392574e-06,
                0.00019969,
                0.00022088,
                0.00017538,
                0.00019409,
                0.00018721,
                0.00014408,
                0.00013558,
                0.00010415,
                0.00017555,
                0.00019512,
                0.00018044,
                0.0001645,
                0.00013189,
                0.00011131,
                9.3884e-05,
                2.2789e-05,
                2.1105e-05,
                0.00014488,
                0.00015905,
                0.00013893,
                0.0001403,
                0.00011194,
                0.00010049,
                9.0425e-05,
                0.00010921,
                0.00013862,
                0.00011463,
                7.5021e-05
            ],
            "raw_err": [
                2.492197129725016e-06,
                4.608513409660477e-06,
                3.930815244481913e-06,
                2.754518103216556e-06,
                2.3289656927162033e-06,
                2.6147442803864396e-06,
                3.868183058119268e-06,
                3.4816419341526787e-06,
                3.1986779419218652e-06,
                5.093146169491146e-06,
                2.9302760758069076e-06,
                2.9429160672748967e-06,
                3.209506453849051e-06,
                2.8035798158065485e-06,
                2.7541143542848875e-06,
                3.971154509369922e-06,
                3.946807771645488e-06,
                3.6567640779121193e-06,
                5.442159118463201e-06,
                6.360626044776189e-06,
                7.58185882927472e-06,
                6.461547621574827e-06,
                4.970331772340423e-06,
                6.571330771818807e-06,
                6.736866839221081e-06,
                4.598008036447392e-06,
                3.894200043628523e-06,
                3.34813480546316e-06,
                3.7497231158601102e-06,
                5.167007476485382e-06,
                3.5145575362628253e-06,
                2.7799094607034755e-06,
                2.8850816705377223e-06,
                3.054683589195768e-06,
                2.425851315515836e-06,
                2.1849773834828215e-06,
                7.507484673839018e-06,
                2.4818050703097355e-06,
                2.3180439033781204e-06,
                2.017116005141876e-06,
                2.260704088148909e-06,
                2.168644734114569e-06,
                2.470764883536322e-06,
                2.238744814060616e-06,
                6.756505055072715e-06,
                5.9110740507184344e-06,
                3.2985934631394337e-06,
                2.2172920045132814e-06,
                2.976541762438312e-06,
                3.049427420963895e-06,
                2.5469275448588496e-06,
                4.3138698944448996e-06,
                3.0974421702976568e-06,
                2.4028679372855924e-06,
                2.5042758109922165e-06,
                3.0723446663590766e-06,
                2.6034481381338975e-06,
                2.812273793587031e-06,
                3.877269451087886e-06,
                4.541593850461717e-06,
                9.754590870813246e-06,
                4.7590019952735444e-06,
                3.012511649027682e-06,
                2.6323818319241217e-06,
                2.8293898852117324e-06,
                2.826340386470782e-06,
                2.529713115807756e-06,
                2.8670614297779597e-06,
                4.942479743956706e-06,
                5.303092986463199e-06,
                2.7641506668383023e-06,
                2.7776908429385927e-06,
                2.3200361641482e-06,
                2.641749484264422e-06,
                4.057724828335488e-06,
                3.2489733008664667e-06,
                4.3509763273473e-06,
                9.659420060334144e-06,
                7.331632831847637e-06,
                5.802629464910736e-06,
                6.269783684537438e-06,
                4.719647776558737e-06,
                9.451652668305341e-06,
                5.587679753329374e-06,
                3.59788253617191e-06,
                4.4791292167534215e-06,
                4.6192750535386825e-06,
                3.0473007861015403e-06,
                4.540716174947318e-06,
                6.239558974738642e-06,
                6.146388378141351e-06,
                2.683299938421072e-06,
                2.863676195421373e-06,
                4.510752414755219e-06,
                4.100284712269048e-06,
                3.505978807492494e-06,
                2.9557341317540573e-06,
                2.1903757629901898e-06,
                3.346663665750926e-06,
                3.2261233553046778e-06,
                3.074426123060392e-06,
                2.986433921396287e-06,
                2.2556452965468725e-06,
                2.4280814438363855e-06,
                2.9081910372276888e-06,
                4.485506992467391e-06,
                5.6584484226156375e-06,
                2.766577393031727e-06,
                2.604404561630639e-06,
                2.4060959069067203e-06,
                2.260050266034978e-06,
                6.05941053441986e-06,
                4.220297801242884e-06,
                2.8052064933336298e-06,
                3.025249315546141e-06,
                3.1447030414793263e-06,
                3.253776132855157e-06,
                3.3439013376956097e-06,
                6.9091344646794315e-06,
                6.668272979900491e-06,
                5.061206063903242e-06,
                4.365083636952473e-06,
                3.735833696940191e-06,
                5.559505226079078e-06,
                3.3196683411393013e-06,
                3.3872772666443063e-06,
                3.4503694249940534e-06,
                3.575158924526815e-06,
                5.214962588276922e-06,
                4.7436127129007155e-06,
                4.822376860585522e-06,
                3.917024933894246e-06,
                8.075330573300546e-06,
                3.4462130026033052e-06,
                3.2588722927075335e-06,
                3.91732841598652e-06,
                3.501798562260775e-06,
                3.4259490929219745e-06,
                3.6868967178364633e-06,
                4.459326673437983e-06,
                4.369087770757646e-06,
                5.401510863877164e-06,
                5.175442207772607e-06,
                3.76354173369319e-06,
                3.2079909937766863e-06,
                4.235079345731931e-06,
                7.3253707664506455e-06,
                4.133864950653146e-06,
                5.231378006097315e-06,
                5.238603316661026e-06,
                3.968317895096905e-06,
                4.105080940640748e-06,
                7.4581407853508155e-06,
                7.322410574941316e-06,
                6.390149100122681e-06,
                5.74753993053323e-06,
                8.411383437301287e-06,
                8.065262315660948e-06,
                5.356665589396629e-06,
                4.409364970275466e-06,
                4.108213499868828e-06,
                3.4910925269493856e-06,
                2.8628065459006568e-06,
                9.1408e-06,
                9.6029e-06,
                2.0659e-05,
                9.8818e-06,
                9.4323e-06,
                8.0862e-06,
                7.0943e-06,
                6.7798e-06,
                8.3452e-06,
                9.407e-06,
                1.0759e-05,
                9.7846e-06,
                8.7035e-06,
                9.9323e-06,
                7.3988e-06,
                3.3313e-06,
                2.7916e-06,
                9.2351e-06,
                8.8899e-06,
                8.2494e-06,
                7.8143e-06,
                7.1375e-06,
                1.2248e-05,
                6.2272e-06,
                1.0366e-05,
                1.0649e-05,
                1.6419e-05,
                1.3776e-05
            ],
            "raw_units": "Jy",
            "date": [
                "59793.22487269994",
                "59799.22115739994",
                "59807.308032399975",
                "59809.25827550003",
                "59814.244629600085",
                "59816.17902779998",
                "59820.16459489986",
                "59823.26151619991",
                "59825.18208329985",
                "59827.32015050016",
                "59842.1750810002",
                "59846.15798609983",
                "59848.20331020001",
                "59850.136099500116",
                "59853.1864467999",
                "59870.187951399945",
                "59872.13255790016",
                "59877.1164119998",
                "59881.17768519977",
                "59887.1182754999",
                "59889.13918979978",
                "59902.104409699794",
                "59904.102280099876",
                "59906.14116899995",
                "59972.5158218001",
                "59994.51223379979",
                "60016.51871530013",
                "60021.49333330011",
                "60032.44615740003",
                "60042.47013889998",
                "60044.4264814998",
                "60054.47629630007",
                "60056.468634299934",
                "60060.46364580002",
                "60062.47057869984",
                "60064.44909719983",
                "60067.430937500205",
                "60078.4287268999",
                "60081.40123840002",
                "60083.45114579983",
                "60085.42498840019",
                "60087.40302080009",
                "60089.386099500116",
                "60091.395694400184",
                "60099.378923600074",
                "60101.38443290023",
                "60103.30778940022",
                "60110.353483799845",
                "60112.380335600115",
                "60118.36170140002",
                "60120.363217600156",
                "60122.283425900154",
                "60134.428159699775",
                "60143.35193290003",
                "60145.27739580022",
                "60146.370474500116",
                "60147.288888900075",
                "60151.37361110002",
                "60153.24035880016",
                "60155.31743060006",
                "60158.429166700225",
                "60159.24701389996",
                "60164.21098379977",
                "60164.28565970017",
                "60168.325659700204",
                "60170.28465279983",
                "60172.205624999944",
                "60174.235729199834",
                "60182.30160879996",
                "60186.24787040008",
                "60198.17196760001",
                "60202.16222220007",
                "60204.16200229991",
                "60206.17427079985",
                "60222.13194439979",
                "60235.13265050016",
                "60242.12030090019",
                "60245.17390049994",
                "60249.158044000156",
                "60251.16040509986",
                "60253.157615699805",
                "60255.1344444002",
                "60268.13850690005",
                "60351.49535880005",
                "60353.53439809987",
                "60355.494340300094",
                "60368.526562499814",
                "60389.51099540014",
                "60391.465462999884",
                "60396.48665509978",
                "60398.44418979995",
                "60404.486516200006",
                "60408.43031249987",
                "60417.38539349986",
                "60422.39090280002",
                "60428.46396989981",
                "60430.39767359989",
                "60433.450625000056",
                "60436.46047449997",
                "60437.404328700155",
                "60438.401759299915",
                "60439.414467600174",
                "60442.42339120014",
                "60444.432187499944",
                "60446.445833299775",
                "60450.4123958",
                "60452.40649309987",
                "60459.414803199936",
                "60461.40361109981",
                "60463.37339119986",
                "60468.381018499844",
                "60483.34144680016",
                "60485.340694400016",
                "60488.339907399844",
                "60494.3519444",
                "60500.36379629979",
                "60502.34203700023",
                "60504.36246530013",
                "60511.298819399904",
                "60513.268900500145",
                "60515.25314809987",
                "60517.303692100104",
                "60519.32027779985",
                "60521.41452550003",
                "60525.264907400124",
                "60529.25909719989",
                "60531.2468634001",
                "60536.196666699834",
                "60538.25309030013",
                "60540.25920139998",
                "60544.25724539999",
                "60546.21364580002",
                "60548.22219910007",
                "60550.22810189985",
                "60552.2141435002",
                "60553.26179399993",
                "60557.227245400194",
                "60559.20219910005",
                "60561.202731499914",
                "60565.26619210001",
                "60567.17193289986",
                "60569.18755789986",
                "60572.176041699946",
                "60575.18577549979",
                "60576.193136599846",
                "60593.15020829998",
                "60595.18362270016",
                "60597.12002310017",
                "60599.13138889987",
                "60604.18120370014",
                "60606.14443290001",
                "60608.15548609989",
                "60619.09811339993",
                "60621.09796300018",
                "60623.136088000145",
                "60625.11516200006",
                "60627.08776619984",
                "60634.09686340019",
                "60636.11420139996",
                "60706.50630789995",
                "60725.50866900012",
                "60729.51770830015",
                "60731.53626159998",
                "60524.789932",
                "60527.260439",
                "60534.128852",
                "60537.852526",
                "60544.162052",
                "60554.338958",
                "60564.420346",
                "60574.516253",
                "60524.795439",
                "60527.266755",
                "60537.85584",
                "60544.165335",
                "60554.342105",
                "60564.421981",
                "60574.519416",
                "60664.114766",
                "60679.674886",
                "60524.785104",
                "60527.255093",
                "60537.858818",
                "60544.168573",
                "60554.34507",
                "60564.193115",
                "60574.522551",
                "60524.786931",
                "60527.257202",
                "60524.787787",
                "60527.258161"
            ],
            "date_format": "mjd",
            "filter_key": [
                "r.ztf",
                "r.ztf",
                "r.ztf",
                "r.ztf",
                "r.ztf",
                "r.ztf",
                "r.ztf",
                "r.ztf",
                "r.ztf",
                "r.ztf",
                "r.ztf",
                "r.ztf",
                "r.ztf",
                "r.ztf",
                "r.ztf",
                "r.ztf",
                "r.ztf",
                "r.ztf",
                "r.ztf",
                "r.ztf",
                "r.ztf",
                "r.ztf",
                "r.ztf",
                "r.ztf",
                "r.ztf",
                "r.ztf",
                "r.ztf",
                "r.ztf",
                "r.ztf",
                "r.ztf",
                "r.ztf",
                "r.ztf",
                "r.ztf",
                "r.ztf",
                "r.ztf",
                "r.ztf",
                "r.ztf",
                "r.ztf",
                "r.ztf",
                "r.ztf",
                "r.ztf",
                "r.ztf",
                "r.ztf",
                "r.ztf",
                "r.ztf",
                "r.ztf",
                "r.ztf",
                "r.ztf",
                "r.ztf",
                "r.ztf",
                "r.ztf",
                "r.ztf",
                "r.ztf",
                "r.ztf",
                "r.ztf",
                "r.ztf",
                "r.ztf",
                "r.ztf",
                "r.ztf",
                "r.ztf",
                "r.ztf",
                "r.ztf",
                "r.ztf",
                "r.ztf",
                "r.ztf",
                "r.ztf",
                "r.ztf",
                "r.ztf",
                "r.ztf",
                "r.ztf",
                "r.ztf",
                "r.ztf",
                "r.ztf",
                "r.ztf",
                "r.ztf",
                "r.ztf",
                "r.ztf",
                "r.ztf",
                "r.ztf",
                "r.ztf",
                "r.ztf",
                "r.ztf",
                "r.ztf",
                "r.ztf",
                "r.ztf",
                "r.ztf",
                "r.ztf",
                "r.ztf",
                "r.ztf",
                "r.ztf",
                "r.ztf",
                "r.ztf",
                "r.ztf",
                "r.ztf",
                "r.ztf",
                "r.ztf",
                "r.ztf",
                "r.ztf",
                "r.ztf",
                "r.ztf",
                "r.ztf",
                "r.ztf",
                "r.ztf",
                "r.ztf",
                "r.ztf",
                "r.ztf",
                "r.ztf",
                "r.ztf",
                "r.ztf",
                "r.ztf",
                "r.ztf",
                "r.ztf",
                "r.ztf",
                "r.ztf",
                "r.ztf",
                "r.ztf",
                "r.ztf",
                "r.ztf",
                "r.ztf",
                "r.ztf",
                "r.ztf",
                "r.ztf",
                "r.ztf",
                "r.ztf",
                "r.ztf",
                "r.ztf",
                "r.ztf",
                "r.ztf",
                "r.ztf",
                "r.ztf",
                "r.ztf",
                "r.ztf",
                "r.ztf",
                "r.ztf",
                "r.ztf",
                "r.ztf",
                "r.ztf",
                "r.ztf",
                "r.ztf",
                "r.ztf",
                "r.ztf",
                "r.ztf",
                "r.ztf",
                "r.ztf",
                "r.ztf",
                "r.ztf",
                "r.ztf",
                "r.ztf",
                "r.ztf",
                "r.ztf",
                "r.ztf",
                "r.ztf",
                "r.ztf",
                "r.ztf",
                "r.ztf",
                "r.ztf",
                "r.ztf",
                "r.ztf",
                "r.ztf",
                "r.ztf",
                "r.ztf",
                "r.ztf",
                "r.ztf",
                "UVW2.uvot",
                "UVW2.uvot",
                "UVW2.uvot",
                "UVW2.uvot",
                "UVW2.uvot",
                "UVW2.uvot",
                "UVW2.uvot",
                "UVW2.uvot",
                "UVM2.uvot",
                "UVM2.uvot",
                "UVM2.uvot",
                "UVM2.uvot",
                "UVM2.uvot",
                "UVM2.uvot",
                "UVM2.uvot",
                "UVM2.uvot",
                "UVM2.uvot",
                "UVW1.uvot",
                "UVW1.uvot",
                "UVW1.uvot",
                "UVW1.uvot",
                "UVW1.uvot",
                "UVW1.uvot",
                "UVW1.uvot",
                "U.uvot",
                "U.uvot",
                "B.uvot",
                "B.uvot"
            ],
            "obs_type": "uvoir",
            "reference": [
                "2024TNSCR2633....1C",
                "2024MNRAS.527.2452M"
            ],
            "upperlimit": [
                true,
                true,
                true,
                true,
                true,
                true,
                true,
                true,
                true,
                true,
                true,
                true,
                true,
                true,
                true,
                true,
                true,
                true,
                true,
                true,
                true,
                true,
                true,
                true,
                true,
                true,
                true,
                true,
                true,
                true,
                true,
                true,
                true,
                true,
                true,
                true,
                true,
                true,
                true,
                true,
                true,
                true,
                true,
                true,
                true,
                true,
                true,
                true,
                true,
                true,
                true,
                true,
                true,
                true,
                true,
                true,
                true,
                true,
                true,
                true,
                true,
                true,
                true,
                true,
                true,
                true,
                true,
                true,
                true,
                true,
                true,
                true,
                true,
                true,
                true,
                true,
                true,
                true,
                true,
                true,
                true,
                true,
                true,
                true,
                true,
                true,
                true,
                true,
                true,
                true,
                true,
                true,
                true,
                true,
                true,
                true,
                true,
                true,
                true,
                true,
                true,
                true,
                true,
                true,
                true,
                true,
                true,
                true,
                true,
                true,
                true,
                true,
                false,
                false,
                false,
                false,
                false,
                false,
                false,
                false,
                false,
                false,
                false,
                false,
                false,
                false,
                false,
                false,
                false,
                false,
                false,
                false,
                false,
                false,
                false,
                false,
                false,
                false,
                false,
                false,
                false,
                false,
                false,
                false,
                false,
                false,
                false,
                false,
                false,
                false,
                false,
                false,
                false,
                true,
                true,
                false,
                true,
                true,
                false,
                false,
                true,
                true,
                true,
                false,
                false,
                false,
                false,
                false,
                false,
                false,
                false,
                false,
                false,
                false,
                false,
                false,
                false,
                false,
                false,
                false,
                false,
                false,
                false,
                false,
                false,
                false,
                false,
                false,
                false,
                false,
                false
            ],
            "corr_k": false,
            "corr_s": false,
            "corr_av": false,
            "corr_host": false,
            "corr_hostav": false,
            "val_av": 0.10801842598242205
        }
    ]
}