{
    "_key": "7536101",
    "_id": "transients/7536101",
    "_rev": "_kk4VQ1C---",
    "classification": {
        "discovery_method": "uv",
        "spec_classed": 3,
        "unambiguous": true,
        "value": [
            {
                "object_class": "TDE",
                "confidence": 3.3,
                "reference": [
                    "2008ApJ...676..944G",
                    "2017ApJ...838..149A",
                    "2023PASP..135c4101G",
                    "2024MNRAS.527.2452M",
                    "['2011ApJ...732L..12B', '2020SSRv..216...81A']"
                ],
                "default": true
            }
        ]
    },
    "name": {
        "alias": [
            {
                "value": "D3-13",
                "reference": [
                    "2017ApJ...838..149A",
                    "2023PASP..135c4101G"
                ]
            },
            {
                "value": "GALEX-D3-13",
                "reference": [
                    "2008ApJ...676..944G",
                    "2024MNRAS.527.2452M",
                    "2008ApJ...676..944G"
                ]
            }
        ],
        "default_name": "D3-13"
    },
    "reference_alias": [
        {
            "name": "2017ApJ...838..149A",
            "human_readable_name": "Auchettl, Guillochon, & Ramirez-Ruiz (2017)"
        },
        {
            "name": "2016A&A...594A..13P",
            "human_readable_name": "Planck Collaboration et al. (2016)"
        },
        {
            "name": "2011ApJ...737..103S",
            "human_readable_name": "Schlafly & Finkbeiner (2011)"
        },
        {
            "name": "2008ApJ...676..944G",
            "human_readable_name": "Gezari et al. (2008)"
        },
        {
            "name": "2006ApJ...653L..25G",
            "human_readable_name": "Gezari et al. (2006)"
        },
        {
            "name": "2017ApJ...835...64G",
            "human_readable_name": "Guillochon et al. (2017)"
        },
        {
            "name": "Gezari, S. et al. (2008)",
            "human_readable_name": "2008ApJ...676..944G"
        },
        {
            "name": "2024MNRAS.527.2452M",
            "human_readable_name": "Mummery et al. (2023)"
        },
        {
            "name": "2017MNRAS.471.1694W",
            "human_readable_name": "Wevers, Thomas et al. (2017)"
        },
        {
            "name": "2023PASP..135c4101G",
            "human_readable_name": "Goldtooth, Aaron et al. (2023)"
        },
        {
            "name": "2011ApJ...732L..12B",
            "human_readable_name": "Bower, Geoffrey C. (2011)"
        },
        {
            "name": "2020SSRv..216...81A",
            "human_readable_name": "Alexander, Kate D. et al. (2020)"
        },
        {
            "name": "2013A&A...552A...5V",
            "human_readable_name": "van Velzen, S. et al. (2013)"
        },
        {
            "name": "2011ApJ...732L..12B",
            "human_readable_name": "Bower, Geoffrey C. (2011)"
        }
    ],
    "photometry": [
        {
            "raw": [
                0.000106453,
                6.33976e-05
            ],
            "raw_units": [
                "ct",
                "ct"
            ],
            "value": [
                5.91e-15,
                3.54e-15
            ],
            "value_units": [
                "ergs/cm^2/s",
                "ergs/cm^2/s"
            ],
            "filter_key": [
                "0.3 - 2.0",
                "0.3 - 2.0"
            ],
            "obs_type": [
                "xray",
                "xray"
            ],
            "date": [
                "53556.3",
                "54700"
            ],
            "date_format": "MJD",
            "upperlimit": [
                false,
                false
            ],
            "telescope": "Chandra",
            "corr_k": null,
            "corr_av": null,
            "corr_host": null,
            "corr_hostav": null,
            "reference": [
                "2017ApJ...838..149A"
            ],
            "xray_model": [
                {
                    "model_name": "Absorbed Powerlaw",
                    "param_names": [
                        "photonindex",
                        "nhmw"
                    ],
                    "param_values": [
                        "4.5",
                        "0.0134"
                    ],
                    "param_units": [
                        "None",
                        "10^22 cm^-2"
                    ],
                    "min_energy": 0.3,
                    "max_energy": 2,
                    "energy_units": "keV"
                },
                {
                    "model_name": "Absorbed Powerlaw",
                    "param_names": [
                        "photonindex",
                        "nhmw"
                    ],
                    "param_values": [
                        "4.5",
                        "0.0134"
                    ],
                    "param_units": [
                        "None",
                        "10^22 cm^-2"
                    ],
                    "min_energy": 0.3,
                    "max_energy": 2,
                    "energy_units": "keV"
                }
            ],
            "corr_s": null
        },
        {
            "raw": [
                0.0348557
            ],
            "raw_units": [
                "ct"
            ],
            "value": [
                6.56e-14
            ],
            "value_units": [
                "ergs/cm^2/s"
            ],
            "filter_key": [
                "0.3 - 2.0"
            ],
            "obs_type": [
                "xray"
            ],
            "date": [
                "48083.6"
            ],
            "date_format": "MJD",
            "upperlimit": [
                true
            ],
            "telescope": "ROSAT",
            "corr_k": null,
            "corr_av": null,
            "corr_host": null,
            "corr_hostav": null,
            "reference": [
                "2017ApJ...838..149A"
            ],
            "xray_model": [
                {
                    "model_name": "Absorbed Powerlaw",
                    "param_names": [
                        "photonindex",
                        "nhmw"
                    ],
                    "param_values": [
                        "4.5",
                        "0.0134"
                    ],
                    "param_units": [
                        "None",
                        "10^22 cm^-2"
                    ],
                    "min_energy": 0.3,
                    "max_energy": 2,
                    "energy_units": "keV"
                }
            ],
            "corr_s": null
        },
        {
            "raw": [
                0.00424594,
                0.0127885,
                0.00351683
            ],
            "raw_units": [
                "ct",
                "ct",
                "ct"
            ],
            "value": [
                1.01e-13,
                3.05e-13,
                8.39e-14
            ],
            "value_units": [
                "ergs/cm^2/s",
                "ergs/cm^2/s",
                "ergs/cm^2/s"
            ],
            "filter_key": [
                "0.3 - 2.0",
                "0.3 - 2.0",
                "0.3 - 2.0"
            ],
            "obs_type": [
                "xray",
                "xray",
                "xray"
            ],
            "date": [
                "56797.2",
                "56800.4",
                "56904.2"
            ],
            "date_format": "MJD",
            "upperlimit": [
                true,
                true,
                true
            ],
            "telescope": "Swift",
            "corr_k": null,
            "corr_av": null,
            "corr_host": null,
            "corr_hostav": null,
            "reference": [
                "2017ApJ...838..149A"
            ],
            "xray_model": [
                {
                    "model_name": "Absorbed Powerlaw",
                    "param_names": [
                        "photonindex",
                        "nhmw"
                    ],
                    "param_values": [
                        "4.5",
                        "0.0134"
                    ],
                    "param_units": [
                        "None",
                        "10^22 cm^-2"
                    ],
                    "min_energy": 0.3,
                    "max_energy": 2,
                    "energy_units": "keV"
                },
                {
                    "model_name": "Absorbed Powerlaw",
                    "param_names": [
                        "photonindex",
                        "nhmw"
                    ],
                    "param_values": [
                        "4.5",
                        "0.0134"
                    ],
                    "param_units": [
                        "None",
                        "10^22 cm^-2"
                    ],
                    "min_energy": 0.3,
                    "max_energy": 2,
                    "energy_units": "keV"
                },
                {
                    "model_name": "Absorbed Powerlaw",
                    "param_names": [
                        "photonindex",
                        "nhmw"
                    ],
                    "param_values": [
                        "4.5",
                        "0.0134"
                    ],
                    "param_units": [
                        "None",
                        "10^22 cm^-2"
                    ],
                    "min_energy": 0.3,
                    "max_energy": 2,
                    "energy_units": "keV"
                }
            ],
            "corr_s": null
        },
        {
            "raw": [
                0.575,
                0.501
            ],
            "raw_units": [
                "ct",
                "ct"
            ],
            "value": [
                2.06e-12,
                1.8e-12
            ],
            "value_units": [
                "ergs/cm^2/s",
                "ergs/cm^2/s"
            ],
            "filter_key": [
                "0.3 - 2.0",
                "0.3 - 2.0"
            ],
            "obs_type": [
                "xray",
                "xray"
            ],
            "date": [
                "52808.8",
                "56475.2"
            ],
            "date_format": "MJD",
            "upperlimit": [
                true,
                true
            ],
            "telescope": "XMM",
            "corr_k": null,
            "corr_av": null,
            "corr_host": null,
            "corr_hostav": null,
            "reference": [
                "2017ApJ...838..149A"
            ],
            "xray_model": [
                {
                    "model_name": "Absorbed Powerlaw",
                    "param_names": [
                        "photonindex",
                        "nhmw"
                    ],
                    "param_values": [
                        "4.5",
                        "0.0134"
                    ],
                    "param_units": [
                        "None",
                        "10^22 cm^-2"
                    ],
                    "min_energy": 0.3,
                    "max_energy": 2,
                    "energy_units": "keV"
                },
                {
                    "model_name": "Absorbed Powerlaw",
                    "param_names": [
                        "photonindex",
                        "nhmw"
                    ],
                    "param_values": [
                        "4.5",
                        "0.0134"
                    ],
                    "param_units": [
                        "None",
                        "10^22 cm^-2"
                    ],
                    "min_energy": 0.3,
                    "max_energy": 2,
                    "energy_units": "keV"
                }
            ],
            "corr_s": null
        },
        {
            "raw": [
                2.7838e-06,
                2.93e-05,
                2.5061e-07,
                2.67746e-07,
                4.29223e-06,
                1.9984e-06,
                9.21899e-07,
                9.13447e-07,
                3.57012e-06,
                2.2526e-06,
                2.05439e-06,
                1.82257e-06,
                1.27258e-06,
                1.08814e-06,
                1.23789e-06,
                1.56417e-06,
                1.41868e-06,
                1.35607e-06,
                1.27023e-06,
                1.11143e-06,
                1.18764e-06,
                1.22316e-06,
                1.14785e-06,
                1.10023e-06,
                5.02439e-07,
                9.81484e-07,
                5.38869e-07,
                3.0781e-06,
                3.05551e-06,
                1.47871e-06,
                1.38766e-06,
                1.32765e-06,
                1.43709e-06,
                1.04974e-06,
                1.17134e-06,
                1.13732e-06,
                9.89654e-07,
                8.96775e-07,
                6.64788e-07,
                1.05362e-06,
                7.78186e-07,
                9.76075e-07,
                1.06631e-06,
                7.99251e-07,
                8.5405e-07,
                1.03248e-06,
                8.57992e-07,
                9.64458e-07,
                8.05162e-07,
                6.09654e-07
            ],
            "raw_err": [
                5.6452e-06,
                3.1497e-05,
                4.015372713977565e-08,
                4.289940606198595e-08,
                3.9532862539671796e-07,
                1.2884171422939048e-07,
                1.1887418013422576e-07,
                2.103293371997344e-07,
                2.6305679312492215e-07,
                8.298862181018698e-08,
                1.3245146937739765e-07,
                1.1750582548415864e-07,
                1.7581378604373203e-07,
                9.01992046979251e-08,
                1.8242258606915262e-07,
                5.3303989586700294e-08,
                6.92525287269178e-08,
                4.8710383476805074e-08,
                5.030677310317202e-08,
                5.2206965254276575e-08,
                5.141129740590401e-08,
                4.956903793529227e-08,
                4.863153873129785e-08,
                5.472087004803063e-08,
                3.294880990296364e-07,
                5.1527088828080403e-08,
                4.6157580703494764e-08,
                1.3041150104804284e-07,
                8.161256432413775e-08,
                7.899268674241216e-08,
                9.969027566583974e-08,
                8.315121379443959e-08,
                8.471087764380192e-08,
                7.831476669185059e-08,
                8.630770629032789e-08,
                8.589596717603866e-08,
                9.661954331965917e-08,
                7.68143107144906e-08,
                8.939463011027279e-08,
                9.995347820921273e-08,
                8.027463957338268e-08,
                8.450591134086724e-08,
                6.97296347163591e-08,
                8.760015599967818e-08,
                1.10911436592075e-07,
                9.319323896877167e-08,
                8.139471217016342e-08,
                7.728233579439128e-08,
                8.898949109118597e-08,
                9.264953966626584e-08
            ],
            "raw_units": "Jy",
            "date": [
                "58052.08167",
                "58052.083657",
                "57584.457406",
                "57584.457406",
                "53135.429194",
                "53446.250512",
                "53848.752544",
                "54200.489788",
                "53135.429194",
                "53446.250512",
                "53446.620358",
                "53490.084112",
                "53532.08218",
                "53848.752544",
                "54200.489788",
                "53085.3904",
                "53111.320714",
                "53119.347742",
                "53123.374954",
                "53140.168702",
                "53148.209428",
                "53177.427262",
                "53180.344936",
                "53197.152382",
                "53200.070056",
                "53202.261736",
                "53502.138352",
                "53019.64",
                "53025.489046",
                "53083.554868",
                "53085.3904",
                "53096.3488",
                "53111.320714",
                "53119.347742",
                "53123.374954",
                "53125.196788",
                "53136.155188",
                "53140.168702",
                "53148.209428",
                "53153.318782",
                "53171.222068",
                "53177.427262",
                "53180.344936",
                "53184.372148",
                "53195.330548",
                "53199.344062",
                "53200.070056",
                "53206.288948",
                "53230.027582",
                "53413.375312"
            ],
            "date_format": "mjd",
            "filter_key": [
                "UVW1.uvot",
                "B.uvot",
                "F125LP",
                "F150LP",
                "FUV",
                "FUV",
                "FUV",
                "FUV",
                "NUV",
                "NUV",
                "NUV",
                "NUV",
                "NUV",
                "NUV",
                "NUV",
                "g.sdss",
                "g.sdss",
                "g.sdss",
                "g.sdss",
                "g.sdss",
                "g.sdss",
                "g.sdss",
                "g.sdss",
                "g.sdss",
                "g.sdss",
                "g.sdss",
                "g.sdss",
                "r.sdss",
                "r.sdss",
                "r.sdss",
                "r.sdss",
                "r.sdss",
                "r.sdss",
                "r.sdss",
                "r.sdss",
                "r.sdss",
                "r.sdss",
                "r.sdss",
                "r.sdss",
                "r.sdss",
                "r.sdss",
                "r.sdss",
                "r.sdss",
                "r.sdss",
                "r.sdss",
                "r.sdss",
                "r.sdss",
                "r.sdss",
                "r.sdss",
                "r.sdss"
            ],
            "obs_type": "uvoir",
            "reference": [
                "2008ApJ...676..944G",
                "2024MNRAS.527.2452M"
            ],
            "upperlimit": [
                true,
                true,
                false,
                false,
                false,
                false,
                false,
                false,
                false,
                false,
                false,
                false,
                false,
                false,
                false,
                false,
                false,
                false,
                false,
                false,
                false,
                false,
                false,
                false,
                true,
                false,
                false,
                false,
                false,
                false,
                false,
                false,
                false,
                false,
                false,
                false,
                false,
                false,
                false,
                false,
                false,
                false,
                false,
                false,
                false,
                false,
                false,
                false,
                false,
                false
            ],
            "corr_k": false,
            "corr_s": false,
            "corr_av": false,
            "corr_host": false,
            "corr_hostav": false,
            "val_av": 0.020778248468209512
        },
        {
            "reference": "['2011ApJ...732L..12B', '2020SSRv..216...81A']",
            "raw": [
                45
            ],
            "raw_err": [
                0
            ],
            "raw_units": "uJy",
            "date": [
                "53478.312"
            ],
            "date_format": [
                "mjd"
            ],
            "upperlimit": [
                true
            ],
            "filter_key": [
                "1.4GHz"
            ],
            "obs_type": "radio",
            "corr_k": false,
            "corr_s": false,
            "corr_host": false,
            "corr_av": false,
            "corr_hostav": false
        },
        {
            "reference": "['2013A&A...552A...5V', '2020SSRv..216...81A']",
            "raw": [
                24
            ],
            "raw_err": [
                0
            ],
            "raw_units": "uJy",
            "date": [
                "55955.498"
            ],
            "date_format": [
                "mjd"
            ],
            "upperlimit": [
                true
            ],
            "filter_key": [
                "5.0GHz"
            ],
            "obs_type": "radio",
            "corr_k": false,
            "corr_s": false,
            "corr_host": false,
            "corr_av": false,
            "corr_hostav": false
        }
    ],
    "distance": [
        {
            "value": "0.3698",
            "distance_type": "redshift",
            "reference": [
                "2006ApJ...653L..25G",
                "2008ApJ...676..944G",
                "2011ApJ...732L..12B",
                "2017ApJ...838..149A",
                "2023PASP..135c4101G",
                "2024MNRAS.527.2452M"
            ],
            "default": true
        },
        {
            "value": "133.0",
            "distance_type": "dispersion_measure",
            "unit": "km/s",
            "reference": [
                "2017MNRAS.471.1694W",
                "2024MNRAS.527.2452M"
            ],
            "default": true
        },
        {
            "value": "1491",
            "distance_type": "comoving",
            "unit": "Mpc",
            "reference": [
                "2006ApJ...653L..25G",
                "2016A&A...594A..13P",
                "2017ApJ...835...64G",
                "2017ApJ...838..149A"
            ],
            "default": true
        },
        {
            "value": "2042",
            "distance_type": "luminosity",
            "unit": "Mpc",
            "reference": [
                "2006ApJ...653L..25G",
                "2016A&A...594A..13P",
                "2017ApJ...835...64G",
                "2017ApJ...838..149A"
            ],
            "default": true
        }
    ],
    "coordinate": [
        {
            "ra": "14:19:29.76",
            "dec": "+52:52:06.24",
            "ra_units": "hour",
            "dec_units": "deg",
            "coordinate_type": "equatorial",
            "default": false,
            "reference": [
                "2008ApJ...676..944G"
            ]
        },
        {
            "ra": "14:19:29.76",
            "dec": "+52:52:06.24",
            "ra_units": "hour",
            "dec_units": "degree",
            "coordinate_type": "equatorial",
            "default": false,
            "reference": [
                "2008ApJ...676..944G"
            ]
        },
        {
            "ra": "214.874116942",
            "dec": "52.868436516",
            "ra_units": "deg",
            "dec_units": "deg",
            "coordinate_type": "equatorial",
            "default": true,
            "reference": [
                "2008ApJ...676..944G",
                "2024MNRAS.527.2452M"
            ]
        }
    ],
    "filter_alias": [
        {
            "filter_key": "0.3 - 2.0",
            "wave_eff": 0.7293188143129428,
            "wave_min": 0.6199209921660013,
            "wave_max": 4.132806614440009,
            "wave_units": "nm",
            "filter_name": "0.3 - 2.0"
        },
        {
            "filter_key": "B.uvot",
            "filter_name": "B.uvot",
            "freq_eff": 695280559412463.5,
            "freq_units": "Hz"
        },
        {
            "filter_key": "F125LP",
            "filter_name": "F125LP",
            "freq_eff": 2105859020713276.5,
            "freq_units": "Hz"
        },
        {
            "filter_key": "F150LP",
            "filter_name": "F150LP",
            "freq_eff": 1872747059283952.8,
            "freq_units": "Hz"
        },
        {
            "filter_key": "FUV",
            "filter_name": "FUV",
            "freq_eff": 1956520502303101,
            "freq_units": "Hz"
        },
        {
            "filter_key": "NUV",
            "filter_name": "NUV",
            "freq_eff": 1322268446213041.5,
            "freq_units": "Hz"
        },
        {
            "filter_key": "UVW1.uvot",
            "filter_name": "UVW1.uvot",
            "freq_eff": 1198891057872408,
            "freq_units": "Hz"
        },
        {
            "filter_key": "g.sdss",
            "filter_name": "g.sdss",
            "freq_eff": 646569472243250,
            "freq_units": "Hz"
        },
        {
            "filter_key": "r.sdss",
            "filter_name": "r.sdss",
            "freq_eff": 488925642232043.75,
            "freq_units": "Hz"
        },
        {
            "filter_key": "1.4GHz",
            "filter_name": "L",
            "freq_eff": 1.4,
            "freq_units": "GHz"
        },
        {
            "filter_key": "5.0GHz",
            "filter_name": "C",
            "freq_eff": 5,
            "freq_units": "GHz"
        }
    ],
    "date_reference": [
        {
            "value": "2004-01-15",
            "date_format": "iso",
            "date_type": "discovery",
            "reference": [
                "2006ApJ...653L..25G",
                "2008ApJ...676..944G",
                "2017ApJ...835...64G",
                "2017ApJ...838..149A",
                "2023PASP..135c4101G"
            ],
            "default": true
        },
        {
            "value": "53019.639999999985",
            "date_format": "mjd",
            "date_type": "peak",
            "reference": [
                "2008ApJ...676..944G",
                "2024MNRAS.527.2452M"
            ],
            "default": true
        }
    ],
    "host": [
        {
            "host_name": "GALEX J141929.8+525206",
            "host_ra": 214.87499999999997,
            "host_dec": 52.86843611111111,
            "host_ra_units": "deg",
            "host_dec_units": "deg",
            "reference": [
                "2023PASP..135c4101G",
                "2008ApJ...676..944G",
                "2017ApJ...838..149A"
            ]
        }
    ],
    "schema_version": {
        "comment": "Copied from tde.space;",
        "comments": "From Goldtooth et al. (2023)",
        "value": 0
    }
}