{
    "_key": "7536184",
    "_id": "transients/7536184",
    "_rev": "_kk4VWZe---",
    "schema_version": {
        "comments": "From Goldtooth et al. (2023)",
        "value": 0
    },
    "name": {
        "alias": [
            {
                "value": "Gaia 16aka",
                "reference": [
                    "2023PASP..135c4101G"
                ]
            }
        ],
        "default_name": "Gaia 16aka"
    },
    "classification": {
        "discovery_method": "optical",
        "spec_classed": 3,
        "unambiguous": true,
        "value": [
            {
                "object_class": "TDE",
                "confidence": 3.3,
                "reference": [
                    "2023PASP..135c4101G",
                    "2016TNSTR.480....1D",
                    "2017IAUS..324..127W"
                ]
            }
        ]
    },
    "distance": [
        {
            "value": "0.31",
            "reference": [
                "2023PASP..135c4101G",
                "2016TNSTR.480....1D",
                "2017IAUS..324..127W"
            ],
            "computed": false,
            "default": true,
            "distance_type": "redshift"
        }
    ],
    "coordinate": [
        {
            "ra": 222.03333333333333,
            "dec": 37.23305555555556,
            "ra_units": "deg",
            "dec_units": "deg",
            "coordinate_type": "equatorial",
            "reference": [
                "2023PASP..135c4101G",
                "2016TNSTR.480....1D",
                "2017IAUS..324..127W"
            ],
            "default": true
        }
    ],
    "date_reference": [
        {
            "value": "2016-03-31 ",
            "date_format": "iso",
            "date_type": "discovery",
            "reference": [
                "2023PASP..135c4101G",
                "2016TNSTR.480....1D",
                "2017IAUS..324..127W"
            ],
            "default": true
        }
    ],
    "host": [
        {
            "host_name": "SDSS J144808.24+371358.8",
            "host_ra": 222.03333333333333,
            "host_dec": 37.23305555555556,
            "host_ra_units": "deg",
            "host_dec_units": "deg",
            "reference": [
                "2023PASP..135c4101G",
                "2016TNSTR.480....1D",
                "2017IAUS..324..127W"
            ]
        }
    ],
    "reference_alias": [
        {
            "name": "2023PASP..135c4101G",
            "human_readable_name": "Goldtooth, Aaron et al. (2023)"
        },
        {
            "name": "2016TNSTR.480....1D",
            "human_readable_name": "Delgado, A. et al. (2016)"
        },
        {
            "name": "2017IAUS..324..127W",
            "human_readable_name": "Wyrzykowski, \u0141ukasz et al. (2017)"
        }
    ]
}