{
    "_key": "884694",
    "_id": "transients/884694",
    "_rev": "_j6Y9JOy---",
    "reference_alias": [
        {
            "name": "2024ApJ...974..241A",
            "human_readable_name": "Anumarlapudi, Akash et al. (2024)"
        },
        {
            "name": "2024ApJ...974..241A",
            "human_readable_name": "Anumarlapudi, Akash et al. (2024)"
        },
        {
            "name": "2023ApJS..266....9A",
            "human_readable_name": "Aleo, P. D. et al. (2023)"
        },
        {
            "name": "2023ApJS..266....9A",
            "human_readable_name": "Aleo, P. D. et al. (2023)"
        },
        {
            "name": "2021TNSTR2199....1J",
            "human_readable_name": "Jones, D. O. et al. (2021)"
        },
        {
            "name": "2021TNSCR2383....1S",
            "human_readable_name": "Siebert, M. R. et al. (2021)"
        }
    ],
    "classification": {
        "spec_classed": 3,
        "unambiguous": true,
        "value": [
            {
                "object_class": "TDE",
                "confidence": 3.3,
                "reference": [
                    "2021TNSCR2383....1S",
                    "2023ApJS..266....9A",
                    "2024ApJ...974..241A"
                ],
                "default": true
            }
        ],
        "discovery_method": "uvoir"
    },
    "coordinate": [
        {
            "ra": "15h18m59.3s",
            "dec": "-03d11m45s",
            "ra_units": "hour",
            "dec_units": "degree",
            "coordinate_type": "equatorial",
            "default": true,
            "reference": [
                "2024ApJ...974..241A"
            ]
        },
        {
            "ra": "229.747063",
            "dec": "-3.195855",
            "ra_units": "deg",
            "dec_units": "degree",
            "coordinate_type": "equatorial",
            "default": false,
            "reference": [
                "2023ApJS..266....9A"
            ]
        },
        {
            "ra": "229.747063006",
            "dec": "-3.19585485935",
            "ra_units": "deg",
            "dec_units": "deg",
            "coordinate_type": "equatorial",
            "default": false,
            "epoch": "J2000",
            "frame": "ICRS",
            "reference": [
                "2021TNSTR2199....1J"
            ]
        }
    ],
    "distance": [
        {
            "value": "0.183",
            "distance_type": "redshift",
            "reference": [
                "2021TNSCR2383....1S",
                "2023ApJS..266....9A",
                "2024ApJ...974..241A"
            ],
            "default": true
        }
    ],
    "name": {
        "alias": [
            {
                "value": "PS21grp",
                "reference": [
                    "TNS"
                ]
            },
            {
                "value": "AT2021qxv",
                "reference": [
                    "2024ApJ...974..241A"
                ]
            },
            {
                "value": "2021qxv",
                "reference": [
                    "2023ApJS..266....9A",
                    "TNS"
                ]
            }
        ],
        "default_name": "2021qxv"
    },
    "date_reference": [
        {
            "value": "2021-05-10T10:50:52.800",
            "date_format": "isot",
            "date_type": "discovery",
            "reference": [
                "2024ApJ...974..241A"
            ],
            "default": true
        },
        {
            "value": "59344.452",
            "date_format": "mjd",
            "date_type": "discovery",
            "reference": [
                "2021TNSTR2199....1J"
            ],
            "default": false
        }
    ],
    "host": [
        {
            "host_name": "WISEA J151859.45-031145.6",
            "host_ra": 229.7471752,
            "host_dec": -3.1959615,
            "host_ra_units": "deg",
            "host_dec_units": "deg",
            "reference": [
                "2023ApJS..266....9A"
            ]
        }
    ],
    "filter_alias": [
        {
            "filter_key": "3000.0MHz",
            "filter_name": "S",
            "freq_eff": 3000,
            "freq_units": "MHz"
        },
        {
            "filter_key": "887.5MHz",
            "filter_name": "UHF",
            "freq_eff": 887.5,
            "freq_units": "MHz"
        },
        {
            "filter_key": "1367.5MHz",
            "filter_name": "L",
            "freq_eff": 1367.5,
            "freq_units": "MHz"
        },
        {
            "filter_key": "1655.5MHz",
            "filter_name": "L",
            "freq_eff": 1655.5,
            "freq_units": "MHz"
        },
        {
            "filter_key": "ztf.g",
            "filter_name": "ztf.g",
            "freq_eff": 470899.4091,
            "freq_units": "GHz"
        },
        {
            "filter_key": "ztf.r",
            "filter_name": "ztf.r",
            "freq_eff": 631610.0731,
            "freq_units": "GHz"
        },
        {
            "filter_key": "ps.g",
            "filter_name": "ps.g",
            "freq_eff": 623248.4117,
            "freq_units": "GHz"
        },
        {
            "filter_key": "ps.i",
            "filter_name": "ps.i",
            "freq_eff": 399561.8543,
            "freq_units": "GHz"
        },
        {
            "filter_key": "ps.z",
            "filter_name": "ps.z",
            "freq_eff": 345846.8015,
            "freq_units": "GHz"
        },
        {
            "filter_key": "ps.r",
            "filter_name": "ps.r",
            "freq_eff": 487034.2281,
            "freq_units": "GHz"
        }
    ],
    "photometry": [
        {
            "reference": "2024ApJ...974..241A",
            "raw": [
                0.6
            ],
            "raw_err": [
                0
            ],
            "raw_units": "mJy",
            "date": [
                "59590.051999999996"
            ],
            "date_format": [
                "mjd"
            ],
            "upperlimit": [
                true
            ],
            "filter_key": [
                "1655.5MHz"
            ],
            "obs_type": "radio",
            "telescope": "RACS.high",
            "corr_k": false,
            "corr_s": false,
            "corr_host": false,
            "corr_av": false,
            "corr_hostav": false
        },
        {
            "reference": "2024ApJ...974..241A",
            "raw": [
                1.32,
                1.66,
                1.43,
                1.15,
                1.36,
                1.56
            ],
            "raw_err": [
                0,
                0.38,
                0,
                0,
                0,
                0
            ],
            "raw_units": "mJy",
            "date": [
                "58602.551999999996",
                "59675.752",
                "60108.651999999995",
                "60118.551999999996",
                "60131.551999999996",
                "60188.352"
            ],
            "date_format": [
                "mjd",
                "mjd",
                "mjd",
                "mjd",
                "mjd",
                "mjd"
            ],
            "upperlimit": [
                true,
                false,
                true,
                true,
                true,
                true
            ],
            "filter_key": [
                "887.5MHz",
                "887.5MHz",
                "887.5MHz",
                "887.5MHz",
                "887.5MHz",
                "887.5MHz"
            ],
            "obs_type": "radio",
            "telescope": "RACS.low",
            "corr_k": false,
            "corr_s": false,
            "corr_host": false,
            "corr_av": false,
            "corr_hostav": false
        },
        {
            "reference": "2024ApJ...974..241A",
            "raw": [
                0.57
            ],
            "raw_err": [
                0
            ],
            "raw_units": "mJy",
            "date": [
                "59264.952"
            ],
            "date_format": [
                "mjd"
            ],
            "upperlimit": [
                true
            ],
            "filter_key": [
                "1367.5MHz"
            ],
            "obs_type": "radio",
            "telescope": "RACS.mid",
            "corr_k": false,
            "corr_s": false,
            "corr_host": false,
            "corr_av": false,
            "corr_hostav": false
        },
        {
            "reference": "2024ApJ...974..241A",
            "raw": [
                0.59,
                0.41
            ],
            "raw_err": [
                0,
                0
            ],
            "raw_units": "mJy",
            "date": [
                "58596.452",
                "59560.651999999995"
            ],
            "date_format": [
                "mjd",
                "mjd"
            ],
            "upperlimit": [
                true,
                true
            ],
            "filter_key": [
                "3000.0MHz",
                "3000.0MHz"
            ],
            "obs_type": "radio",
            "telescope": "VLASS",
            "corr_k": false,
            "corr_s": false,
            "corr_host": false,
            "corr_av": false,
            "corr_hostav": false
        },
        {
            "reference": "2023ApJS..266....9A",
            "raw": [
                20.786,
                20.261,
                20.463,
                20.793,
                19.937,
                20.64,
                20.641,
                19.64,
                19.976,
                20.39,
                19.945,
                20.613,
                20.863,
                20.239,
                19.817,
                20.706,
                20.059,
                19.639,
                20.141,
                19.829,
                20.576,
                20.717,
                20.493,
                21.477,
                20.079,
                20.148,
                20.421,
                20.79,
                20.683,
                19.933,
                20.809,
                20.859,
                20.163,
                20.668,
                20.791,
                20.904,
                20.197,
                20.975,
                20.078,
                19.86,
                20.318,
                20.6,
                20.926
            ],
            "raw_err": [
                0.12,
                0.103,
                0.209,
                0.201,
                0.094,
                0.166,
                0.151,
                0.092,
                0.111,
                0.149,
                0.095,
                0.15,
                0.134,
                0.067,
                0.079,
                0.155,
                0.161,
                0.158,
                0.104,
                0.134,
                0.148,
                0.149,
                0.176,
                0.189,
                0.076,
                0.11,
                0.129,
                0.115,
                0.205,
                0.193,
                0.216,
                0.215,
                0.136,
                0.205,
                0.165,
                0.18,
                0.165,
                0.197,
                0.148,
                0.139,
                0.106,
                0.263,
                0.235
            ],
            "raw_units": "mag(AB)",
            "date": [
                59344.45,
                59344.46,
                59349.37,
                59349.37,
                59354.36,
                59354.37,
                59355.36,
                59355.36,
                59356.37,
                59356.38,
                59375.36,
                59375.37,
                59378.44,
                59378.44,
                59383.27,
                59383.28,
                59390.29,
                59390.29,
                59410.27,
                59423.28,
                59423.29,
                59424.27,
                59424.27,
                59426.28,
                59426.28,
                59428.27,
                59432.28,
                59435.28,
                59444.27,
                59444.28,
                59446.27,
                59448.28,
                59448.28,
                59451.25,
                59451.26,
                59453.26,
                59453.26,
                59454.25,
                59454.26,
                59455.26,
                59457.25,
                59462.25,
                59465.25
            ],
            "date_format": [
                "mjd",
                "mjd",
                "mjd",
                "mjd",
                "mjd",
                "mjd",
                "mjd",
                "mjd",
                "mjd",
                "mjd",
                "mjd",
                "mjd",
                "mjd",
                "mjd",
                "mjd",
                "mjd",
                "mjd",
                "mjd",
                "mjd",
                "mjd",
                "mjd",
                "mjd",
                "mjd",
                "mjd",
                "mjd",
                "mjd",
                "mjd",
                "mjd",
                "mjd",
                "mjd",
                "mjd",
                "mjd",
                "mjd",
                "mjd",
                "mjd",
                "mjd",
                "mjd",
                "mjd",
                "mjd",
                "mjd",
                "mjd",
                "mjd",
                "mjd"
            ],
            "upperlimit": [
                false,
                false,
                false,
                false,
                false,
                false,
                false,
                false,
                false,
                false,
                false,
                false,
                false,
                false,
                false,
                false,
                false,
                false,
                false,
                false,
                false,
                false,
                false,
                false,
                false,
                false,
                false,
                false,
                false,
                false,
                false,
                false,
                false,
                false,
                false,
                false,
                false,
                false,
                false,
                false,
                false,
                false,
                false
            ],
            "filter_key": [
                "ps.g",
                "ps.i",
                "ps.i",
                "ps.g",
                "ps.i",
                "ps.g",
                "ps.g",
                "ps.z",
                "ps.i",
                "ps.r",
                "ps.i",
                "ps.g",
                "ps.g",
                "ps.r",
                "ps.i",
                "ps.g",
                "ps.r",
                "ps.z",
                "ps.i",
                "ps.z",
                "ps.r",
                "ps.r",
                "ps.i",
                "ps.g",
                "ps.i",
                "ps.i",
                "ps.i",
                "ps.r",
                "ps.r",
                "ps.z",
                "ps.r",
                "ps.r",
                "ps.z",
                "ps.i",
                "ps.r",
                "ps.r",
                "ps.i",
                "ps.r",
                "ps.z",
                "ps.z",
                "ps.i",
                "ps.i",
                "ps.r"
            ],
            "obs_type": "uvoir",
            "telescope": "PANSTARRS",
            "corr_k": false,
            "corr_s": false,
            "corr_host": false,
            "corr_av": [
                true,
                true,
                true,
                true,
                true,
                true,
                true,
                true,
                true,
                true,
                true,
                true,
                true,
                true,
                true,
                true,
                true,
                true,
                true,
                true,
                true,
                true,
                true,
                true,
                true,
                true,
                true,
                true,
                true,
                true,
                true,
                true,
                true,
                true,
                true,
                true,
                true,
                true,
                true,
                true,
                true,
                true,
                true
            ],
            "val_av": [
                0.3456,
                0.3456,
                0.3456,
                0.3456,
                0.3456,
                0.3456,
                0.3456,
                0.3456,
                0.3456,
                0.3456,
                0.3456,
                0.3456,
                0.3456,
                0.3456,
                0.3456,
                0.3456,
                0.3456,
                0.3456,
                0.3456,
                0.3456,
                0.3456,
                0.3456,
                0.3456,
                0.3456,
                0.3456,
                0.3456,
                0.3456,
                0.3456,
                0.3456,
                0.3456,
                0.3456,
                0.3456,
                0.3456,
                0.3456,
                0.3456,
                0.3456,
                0.3456,
                0.3456,
                0.3456,
                0.3456,
                0.3456,
                0.3456,
                0.3456
            ],
            "corr_hostav": false
        },
        {
            "reference": "2023ApJS..266....9A",
            "raw": [
                20.457,
                20.953,
                20.737,
                20.688,
                20.447,
                20.855,
                20.943,
                20.188,
                20.847,
                19.973,
                20.705,
                20.636,
                19.953,
                20.638,
                20.697,
                20.098,
                20.207,
                20.202,
                20.963,
                19.731,
                19.983,
                20.908,
                20.073,
                20.776,
                20.267,
                20.981,
                20.103,
                20.187,
                20.127,
                20.213,
                20.243,
                20.063,
                20.065,
                20.55,
                20.521
            ],
            "raw_err": [
                0.136,
                0.206,
                0.17,
                0.171,
                0.15,
                0.203,
                0.173,
                0.131,
                0.222,
                0.259,
                0.271,
                0.147,
                0.131,
                0.17,
                0.179,
                0.1,
                0.167,
                0.11,
                0.265,
                0.152,
                0.214,
                0.205,
                0.213,
                0.211,
                0.26,
                0.215,
                0.117,
                0.141,
                0.116,
                0.144,
                0.158,
                0.22,
                0.125,
                0.257,
                0.237
            ],
            "raw_units": "mag(AB)",
            "date": [
                59339.316,
                59339.375,
                59341.279,
                59343.276,
                59343.333,
                59345.358,
                59349.362,
                59353.316,
                59353.353,
                59361.373,
                59363.274,
                59365.294,
                59365.354,
                59367.273,
                59369.232,
                59369.315,
                59374.189,
                59379.231,
                59379.297,
                59383.229,
                59385.23,
                59392.211,
                59392.316,
                59394.191,
                59394.299,
                59396.231,
                59399.189,
                59401.275,
                59403.189,
                59405.197,
                59409.186,
                59411.212,
                59425.18,
                59430.228,
                59438.174
            ],
            "date_format": [
                "mjd",
                "mjd",
                "mjd",
                "mjd",
                "mjd",
                "mjd",
                "mjd",
                "mjd",
                "mjd",
                "mjd",
                "mjd",
                "mjd",
                "mjd",
                "mjd",
                "mjd",
                "mjd",
                "mjd",
                "mjd",
                "mjd",
                "mjd",
                "mjd",
                "mjd",
                "mjd",
                "mjd",
                "mjd",
                "mjd",
                "mjd",
                "mjd",
                "mjd",
                "mjd",
                "mjd",
                "mjd",
                "mjd",
                "mjd",
                "mjd"
            ],
            "upperlimit": [
                false,
                false,
                false,
                false,
                false,
                false,
                false,
                false,
                false,
                false,
                false,
                false,
                false,
                false,
                false,
                false,
                false,
                false,
                false,
                false,
                false,
                false,
                false,
                false,
                false,
                false,
                false,
                false,
                false,
                false,
                false,
                false,
                false,
                false,
                false
            ],
            "filter_key": [
                "ztf.g",
                "ztf.r",
                "ztf.g",
                "ztf.r",
                "ztf.g",
                "ztf.r",
                "ztf.r",
                "ztf.g",
                "ztf.r",
                "ztf.g",
                "ztf.r",
                "ztf.r",
                "ztf.g",
                "ztf.r",
                "ztf.r",
                "ztf.g",
                "ztf.g",
                "ztf.g",
                "ztf.r",
                "ztf.g",
                "ztf.g",
                "ztf.r",
                "ztf.g",
                "ztf.r",
                "ztf.g",
                "ztf.r",
                "ztf.g",
                "ztf.g",
                "ztf.g",
                "ztf.g",
                "ztf.g",
                "ztf.g",
                "ztf.g",
                "ztf.g",
                "ztf.g"
            ],
            "obs_type": "uvoir",
            "telescope": "ZTF",
            "corr_k": false,
            "corr_s": false,
            "corr_host": false,
            "corr_av": [
                true,
                true,
                true,
                true,
                true,
                true,
                true,
                true,
                true,
                true,
                true,
                true,
                true,
                true,
                true,
                true,
                true,
                true,
                true,
                true,
                true,
                true,
                true,
                true,
                true,
                true,
                true,
                true,
                true,
                true,
                true,
                true,
                true,
                true,
                true
            ],
            "val_av": [
                0.3456,
                0.3456,
                0.3456,
                0.3456,
                0.3456,
                0.3456,
                0.3456,
                0.3456,
                0.3456,
                0.3456,
                0.3456,
                0.3456,
                0.3456,
                0.3456,
                0.3456,
                0.3456,
                0.3456,
                0.3456,
                0.3456,
                0.3456,
                0.3456,
                0.3456,
                0.3456,
                0.3456,
                0.3456,
                0.3456,
                0.3456,
                0.3456,
                0.3456,
                0.3456,
                0.3456,
                0.3456,
                0.3456,
                0.3456,
                0.3456
            ],
            "corr_hostav": false
        }
    ]
}