{
    "_key": "884656",
    "_id": "transients/884656",
    "_rev": "_j6Y8y0u---",
    "reference_alias": [
        {
            "name": "Wise, J. et al. (2023)",
            "human_readable_name": "2023TNSAN.197....1W"
        },
        {
            "name": "2024MNRAS.527.2452M",
            "human_readable_name": "Mummery et al. (2023)"
        },
        {
            "name": "2023TNSTR1555....1S",
            "human_readable_name": "Sollerman, J. (2023)"
        },
        {
            "name": "2023TNSCR1730....1S",
            "human_readable_name": "Sollerman, J. et al. (2023)"
        },
        {
            "name": "2023TNSCR1754....1N",
            "human_readable_name": "Newsome, M. et al. (2023)"
        }
    ],
    "classification": {
        "spec_classed": 3,
        "unambiguous": true,
        "value": [
            {
                "object_class": "TDE",
                "confidence": 3.3,
                "reference": [
                    "2023TNSAN.197....1W",
                    "2023TNSCR1730....1S",
                    "2023TNSCR1754....1N",
                    "2024MNRAS.527.2452M"
                ],
                "default": true
            }
        ],
        "discovery_method": "uvoir"
    },
    "coordinate": [
        {
            "ra": "205.815338",
            "dec": "19.2502509",
            "ra_units": "deg",
            "dec_units": "deg",
            "coordinate_type": "equatorial",
            "epoch": "J2000",
            "frame": "ICRS",
            "reference": [
                "2023TNSTR1555....1S"
            ],
            "default": false
        },
        {
            "ra": "205.815338",
            "dec": "19.2502509",
            "ra_units": "deg",
            "dec_units": "deg",
            "coordinate_type": "equatorial",
            "reference": [
                "2023TNSAN.197....1W",
                "2024MNRAS.527.2452M"
            ],
            "default": true
        }
    ],
    "distance": [
        {
            "value": "0.0482",
            "distance_type": "redshift",
            "reference": [
                "2023TNSAN.197....1W",
                "2023TNSCR1730....1S",
                "2023TNSCR1754....1N",
                "2024MNRAS.527.2452M"
            ],
            "default": true
        }
    ],
    "name": {
        "alias": [
            {
                "value": "ATLAS23njv",
                "reference": [
                    "TNS"
                ]
            },
            {
                "value": "2023mhs",
                "reference": [
                    "TNS"
                ]
            },
            {
                "value": "ZTF23aaqdjhi",
                "reference": [
                    "TNS"
                ]
            },
            {
                "value": "AT2023mhs",
                "reference": [
                    "2023TNSAN.197....1W",
                    "2024MNRAS.527.2452M"
                ]
            }
        ],
        "default_name": "2023mhs"
    },
    "date_reference": [
        {
            "value": "60125.300034699074",
            "date_format": "mjd",
            "date_type": "discovery",
            "reference": [
                "2023TNSTR1555....1S"
            ],
            "default": true
        },
        {
            "value": "60133.95833333332",
            "date_format": "mjd",
            "date_type": "peak",
            "reference": [
                "2023TNSAN.197....1W",
                "2024MNRAS.527.2452M"
            ],
            "default": true
        }
    ],
    "filter_alias": [
        {
            "filter_key": "B.uvot",
            "filter_name": "B.uvot",
            "freq_eff": 695280559412463.5,
            "freq_units": "Hz"
        },
        {
            "filter_key": "U.uvot",
            "filter_name": "U.uvot",
            "freq_eff": 872815357550259.6,
            "freq_units": "Hz"
        },
        {
            "filter_key": "UVM2.uvot",
            "filter_name": "UVM2.uvot",
            "freq_eff": 1346484181597652,
            "freq_units": "Hz"
        },
        {
            "filter_key": "UVW1.uvot",
            "filter_name": "UVW1.uvot",
            "freq_eff": 1198891057872408,
            "freq_units": "Hz"
        },
        {
            "filter_key": "UVW2.uvot",
            "filter_name": "UVW2.uvot",
            "freq_eff": 1492659946412262.2,
            "freq_units": "Hz"
        },
        {
            "filter_key": "g.ztf",
            "filter_name": "g.ztf",
            "freq_eff": 634121907623677.4,
            "freq_units": "Hz"
        },
        {
            "filter_key": "r.ztf",
            "filter_name": "r.ztf",
            "freq_eff": 471994480402802.25,
            "freq_units": "Hz"
        }
    ],
    "photometry": [
        {
            "raw": [
                -7.896934856723741e-06,
                2.8382191846308044e-06,
                6.417882101672284e-06,
                2.6911278058298944e-06,
                -8.729264807297408e-06,
                6.836035676456029e-06,
                -1.0682511868940235e-05,
                -1.1272601457180425e-06,
                -1.6082163291174757e-05,
                8.41208451453841e-06,
                -6.903037711012799e-06,
                -3.782655129002039e-06,
                -4.944133925044803e-07,
                4.0410881553057786e-07,
                -7.978360417614438e-06,
                -1.3680957276564923e-05,
                -8.014705093026283e-07,
                -3.4731307237558494e-06,
                -3.990025656689555e-06,
                9.8574646090881e-07,
                -1.0778652456127436e-05,
                4.129026071742145e-06,
                1.9653756302747226e-07,
                1.8366863226043411e-06,
                -5.802531472610481e-06,
                1.0119574380305387e-05,
                -1.9476361069683817e-05,
                4.051935499960554e-06,
                1.0696391338237491e-06,
                1.8008377486029104e-07,
                3.208251049132834e-06,
                1.0259444694957322e-05,
                8.305102577030695e-06,
                -4.605930050736427e-06,
                -7.334285253015246e-06,
                4.717114778918583e-06,
                -1.1447860301624458e-05,
                1.0081409458762168e-07,
                -3.3209159608184233e-06,
                7.421627083142699e-07,
                -1.934077903755672e-05,
                -5.346400650025142e-07,
                8.086631646702477e-06,
                -1.9591723926209695e-05,
                -1.2223807076063522e-05,
                -6.098780580651594e-06,
                -5.4094463013579235e-06,
                4.19538628036285e-06,
                9.0946313989538e-07,
                -2.0452619325758226e-05,
                -3.1399883856450623e-06,
                -8.676844343341791e-06,
                -1.4973610936815576e-05,
                -8.534990059175236e-06,
                -1.4936873395046016e-05,
                2.531623602515588e-06,
                -8.108762913762515e-06,
                -8.286544070965977e-06,
                5.7645613294864795e-06,
                5.5629476772205815e-06,
                -4.912163869102467e-06,
                -1.0355345674745201e-05,
                -3.039910836971967e-06,
                -1.5991427493999537e-05,
                3.7483888658610904e-06,
                2.95434307069824e-07,
                -8.503661120509088e-06,
                2.2527801036894782e-06,
                -5.210414216675919e-06,
                -1.2859876782817645e-06,
                9.494184786985886e-06,
                -1.140451473800319e-06,
                1.9016767046010174e-07,
                -8.184843600554404e-07,
                -1.051490548252442e-06,
                3.6714675206918208e-06,
                1.8047553914961431e-06,
                -1.5699114035194384e-07,
                -6.262951320542559e-06,
                4.678725751205401e-06,
                1.2456702708942173e-05,
                7.506051977430098e-06,
                2.81694411382135e-06,
                1.2185820556843714e-06,
                -7.217537080199031e-07,
                4.234994589624152e-08,
                -6.668605655985154e-07,
                9.176533381444484e-08,
                -2.9559423628443187e-06,
                -4.234994589624152e-08,
                -4.4738092847146845e-06,
                -1.5293140689644845e-07,
                -7.5360683610879445e-06,
                -6.656741949267544e-06,
                -4.451792939751834e-06,
                4.204186829453243e-06,
                -1.008140945876218e-07,
                1.929381052148812e-06,
                -4.12221085270894e-06,
                -8.038054988561058e-06,
                1.3895591771680315e-06,
                3.447901961183348e-07,
                -4.127587261566392e-06,
                -2.0050127737658803e-06,
                -1.6105581900847025e-06,
                -5.848462174480043e-06,
                -2.465354044374673e-06,
                -1.3540825802588728e-05,
                1.2819361295352653e-05,
                1.125046576382259e-06,
                -1.0462966528802112e-05,
                4.413829248176624e-06,
                -1.0203863059604368e-05,
                7.580698495092289e-06,
                2.6676447306257003e-05,
                2.100804236468717e-06,
                1.4907855050489016e-06,
                -2.084001121157791e-06,
                1.4556725684399798e-05,
                1.094272474655595e-05,
                -8.616618687424343e-06,
                3.021495401112002e-06,
                -2.758069817519958e-06,
                -3.7852111370812976e-06,
                -9.936613722581882e-06,
                -4.3250011287601595e-06,
                1.0548473734269201e-06,
                -7.099114704004578e-06,
                6.449581564360996e-06,
                -3.664322192151144e-06,
                2.6788922079908275e-06,
                -1.0873520275917587e-06,
                -8.068463807634419e-06,
                4.471760869259624e-06,
                -6.7740600043330706e-06,
                -4.5757490013585646e-06,
                8.154861368055072e-07,
                8.39647312834091e-06,
                8.082591314200084e-07,
                2.8940128487012672e-06,
                -9.71062407327218e-07,
                2.481059058734429e-06,
                -1.7288178179302357e-06,
                4.355382058529036e-06,
                -1.1131588518351893e-05,
                -1.6000736412019466e-06,
                -1.4759157770250314e-06,
                -7.4391553801716895e-06,
                4.1010476165255045e-06,
                3.3507951179377444e-06,
                1.8471626939239134e-06,
                8.191909334311749e-07,
                -1.7591898004231335e-06,
                -5.4072296816531844e-06,
                6.151702370532921e-07,
                6.472504737630422e-06,
                5.351022192392616e-07,
                -9.700409832240014e-07,
                -4.749525630264002e-07,
                -8.282986517196985e-06,
                -6.92817867538505e-07,
                -4.372481554346615e-06,
                2.3058452233675054e-06,
                -5.701052024460602e-06,
                -9.492117040576055e-06,
                6.369655964012645e-06,
                9.13724757029236e-06,
                1.4398852124906386e-05,
                5.564222113181948e-06,
                7.114132086838863e-06,
                -4.77965719057349e-06,
                1.718863423558455e-05,
                7.368976961417006e-06,
                9.004833589275212e-06,
                2.740145628969792e-06,
                8.639895243504472e-07,
                9.6376978374494e-06,
                -4.187805813537423e-06,
                -1.2407976217945331e-05,
                5.382641111796273e-06,
                -3.1795475395146276e-06,
                -2.7445778674669805e-06,
                1.0889615313802425e-05,
                2.05045872187253e-06,
                -3.3200432609624304e-06,
                -2.4804024739657543e-06,
                3.4234898842415938e-06,
                1.1067103718240244e-07,
                -4.691414385322053e-06,
                1.174328823048022e-05,
                2.567458663060965e-06,
                -4.104868582091392e-07,
                3.726039372971989e-06,
                1.1552464184834654e-05,
                -9.265319090111828e-07,
                4.1766518382242835e-06,
                8.735240508489706e-06,
                1.6076814041620607e-05,
                -4.667996043597372e-06,
                -7.809130434105829e-06,
                2.0648237310582063e-06,
                -2.925394849386309e-07,
                3.7979485687118123e-06,
                9.183878676288446e-06,
                -9.92307046410715e-07,
                3.1131236256925997e-06,
                -3.4801594924884176e-06,
                1.1077990816459341e-05,
                1.1022052601104616e-06,
                1.4458627225617233e-06,
                -2.362877394715239e-06,
                4.651296923276577e-06,
                -8.216752668223233e-06,
                4.398731355216507e-06,
                -4.744201586996135e-06,
                -1.763642185891659e-06,
                -6.734169385846051e-07,
                2.1181389882874903e-06,
                3.84855404145243e-07,
                5.733825585460581e-06,
                5.300921114080197e-07,
                -5.911037301448293e-07,
                3.906576836665038e-06,
                1.4945087765992252e-05,
                -1.119480184794415e-05,
                2.310356204864301e-05,
                -8.651466649621037e-06,
                -4.070119160987911e-06,
                -2.8764242132329757e-06,
                7.236401642048231e-07,
                1.2969015281875968e-05,
                -9.472396038776489e-07,
                6.821920038442992e-07,
                1.1655913135092733e-05,
                4.12638666685639e-05,
                -1.6686742096837853e-06,
                1.1534265907998025e-05,
                2.397186343317248e-06,
                1.7823658971806032e-05,
                5.34555329386884e-06,
                -1.0006769544608128e-05,
                2.1193281083479526e-05,
                5.1330432281124575e-06,
                -2.3728225913849562e-05,
                -2.007276626993172e-06,
                -2.29773365656333e-06,
                8.440923839101902e-06,
                -2.2258005559119828e-05,
                -4.3811528331082245e-06,
                1.1065012435440813e-05,
                -4.2302236178313546e-06,
                -1.6764359863237144e-05,
                9.046134542277634e-06,
                2.0573514857995726e-05,
                -6.455158565657657e-06,
                -1.0498620891966469e-05,
                1.930740074524298e-05,
                -9.299971526717194e-06,
                -4.600354034184153e-06,
                6.89973962634017e-06,
                4.207836953162281e-06,
                1.1099123657852128e-05,
                1.5978288678332576e-05,
                7.151959583005594e-07,
                5.003244675069438e-06,
                -4.4562560425339466e-07,
                7.920152869411711e-06,
                -6.7796854744505115e-06,
                -2.0289381346806372e-05,
                1.4678310043137732e-05,
                9.046942863538995e-06,
                -2.5496115063824973e-06,
                -9.41084859522054e-07,
                -4.831202736933108e-06,
                1.0612942932061046e-05,
                3.2393253592519278e-06,
                2.307007974134218e-06,
                7.664892365161299e-06,
                -2.0003102684359808e-07,
                1.0359541048269283e-07,
                7.611657338876182e-06,
                2.397922831331363e-06,
                8.337334060398102e-07,
                -4.937438049987877e-07,
                -1.2446492933077532e-05,
                -1.0023536525772492e-05,
                1.004961014998436e-06,
                -6.258055565682867e-06,
                2.601609561760842e-07,
                5.882284697937453e-06,
                -6.041055661561838e-07,
                -2.346541242991209e-07,
                5.119233902123887e-06,
                5.913899755969665e-06,
                8.600604807121446e-06,
                4.452253997381606e-06,
                5.930929796012576e-06,
                -4.189138102458085e-06,
                6.204455842941846e-06,
                -3.819400028965011e-06,
                -5.492093532308135e-07,
                3.271226736904155e-06,
                -1.6129673001242238e-06,
                3.2584378642343424e-06,
                -4.1253807867094404e-07,
                -6.8263969918603705e-06,
                1.999534473436336e-06,
                -3.0670882465303843e-06,
                -2.4634208663695254e-06,
                4.833700285665701e-06,
                -5.1319877187279756e-06,
                -2.247114911729783e-06,
                -4.985314568819525e-06,
                3.413321021039957e-06,
                4.202872756400355e-06,
                -6.824080089602356e-06,
                8.643220208681942e-07,
                3.5007946500643676e-06,
                -7.255475771786005e-06,
                7.284702097818058e-07,
                1.97817167789528e-06,
                9.200959459700501e-06,
                -4.3345299362964945e-06,
                -6.641992039895969e-06,
                4.158531306501141e-06,
                -2.7125735179895065e-06,
                6.714522495532678e-07,
                2.4689063945591683e-06,
                -9.179991765618662e-07,
                -3.360216331829903e-06,
                3.116140914712524e-07,
                3.5783281207330537e-06,
                -9.751596387425452e-06,
                -2.96567928849879e-06,
                2.013168821275996e-06,
                -2.070735721095798e-06,
                2.8189341435766745e-06,
                -8.461390595478874e-06,
                2.2322696284341914e-06,
                3.100702935546142e-06,
                -7.681329776422016e-06,
                1.335875304005151e-05,
                -2.0136957962780393e-06,
                -8.079892678085826e-06,
                7.134731702401235e-06,
                8.871438571477043e-06,
                4.826270091391045e-06,
                2.34357683172662e-06,
                5.361511148324232e-06,
                3.79009694916725e-06,
                1.4218124197768609e-06,
                1.8751084691803811e-06,
                3.7793140592374668e-06,
                -5.532776216733515e-07,
                -5.20800410969532e-06,
                -8.508917130047429e-06,
                3.902363564647997e-06,
                -1.2402052603575614e-06,
                1.4669056908845669e-06,
                2.3333515741918926e-06,
                5.725348490545356e-06,
                -5.473855574465426e-06,
                2.2518700712360236e-06,
                -6.770054227572102e-06,
                3.313665720264242e-06,
                -3.0013164897307548e-06,
                -1.0830580824459813e-06,
                -3.156362189209676e-06,
                0.00012209635518488896,
                0.001308785832400055,
                0.00042745257754487953,
                0.0003897790851830937,
                3.970977829898652e-05,
                2.21328987844423e-05,
                2.5963801986509166e-05,
                1.4909909534113009e-05,
                1.573641236240931e-05,
                1.2681234600968625e-05,
                1.9552865157654937e-05,
                1.284064884556174e-05,
                1.4778437819497636e-05,
                1.097809348749978e-05,
                1.152970588521745e-05,
                1.942917459411006e-05,
                8.665226594513746e-06,
                -1.8626904511909847e-06,
                3.2952793829659005e-06,
                9.977968105259662e-06,
                1.3016103992001503e-05,
                1.3747612961238623e-05,
                6.7774256888319995e-06,
                1.339387018962002e-05,
                1.178096186124915e-05,
                -4.015563177076883e-06,
                8.953724993885529e-06,
                1.5321034581301745e-05,
                9.526776815174838e-06,
                7.081090371551467e-06,
                9.576417140434802e-07,
                3.888856591185278e-06,
                2.3134485316953924e-05,
                2.23405679809099e-06,
                6.96781723717141e-06,
                6.267904794794856e-06,
                7.427810254636566e-06,
                -2.7914013424833908e-06,
                3.858740209325831e-06,
                3.5399847139921707e-06,
                4.19147293240255e-06,
                1.527140982556736e-05,
                9.532673028928729e-08,
                2.001906694143663e-05,
                2.4737221053476773e-05,
                4.755537091901519e-06,
                7.567065770634526e-06,
                -6.245046352209578e-06,
                -2.2108438152290897e-06,
                1.6184779354365816e-05,
                1.4825087598503462e-06,
                -3.2851539439944766e-06,
                3.43544665933605e-07,
                -3.0447260254455805e-06,
                -4.678486263515789e-06,
                2.2118495780573515e-06,
                -1.2235618970065817e-05,
                -1.3639932360814648e-05,
                1.091257458159561e-05,
                -7.036387082108551e-06,
                5.676689829866123e-06,
                -1.0749777738875041e-05,
                -6.253709221885568e-06,
                7.167713813833628e-06,
                9.271685789703184e-06,
                1.1643795525829688e-05,
                6.053529495151288e-06,
                4.213723520679431e-06,
                0.0011326,
                0.0010905,
                0.00074334,
                0.00044415,
                0.00019211,
                0.00023097,
                0.00024212,
                0.00031687,
                0.00030851,
                0.00025484,
                1.0259e-06,
                -1.0104e-05,
                -3.9258e-06,
                -1.4418e-05,
                -1.8578e-06,
                -2.7734e-06,
                -7.3668e-06,
                4.5975e-06,
                0.0016453,
                0.0011424,
                0.00060516,
                0.00024183,
                0.00029317,
                0.00028721,
                0.00035652,
                0.00016124,
                0.00026363,
                -3.8207e-05,
                -1.4926e-05,
                -5.9947e-06,
                -1.2926e-05,
                -2.6289e-06,
                -8.6125e-06,
                1.0406e-05,
                4.6636e-07,
                0.0021603,
                0.0020435,
                0.0016579,
                0.0011154,
                0.00050421,
                0.0006116,
                0.00040535,
                0.00035774,
                0.00039337,
                0.00028311,
                2.1213e-06,
                -7.5931e-06,
                -7.49e-06,
                -1.5525e-05,
                -2.4127e-06,
                5.0158e-06,
                -1.3336e-05,
                -6.8991e-06,
                0.0023062,
                0.0022493,
                0.0020085,
                0.0018653,
                0.0011612,
                0.0013013,
                0.00073931,
                0.0004614,
                0.00020337,
                0.00036134,
                1.0815e-05,
                2.6883e-05,
                6.001e-06,
                3.382e-05,
                0.0017574,
                0.0017251,
                0.0015741,
                0.001346,
                0.00091426,
                0.00097413,
                0.00064301,
                0.00033639,
                -2.4986e-06,
                0.00035291,
                -2.6633e-05,
                2.0177e-05,
                -4.017e-05,
                5.0639e-06
            ],
            "raw_err": [
                6.358206973414838e-06,
                4.399823025601854e-06,
                7.708972737225534e-06,
                8.725853799689932e-06,
                1.0753769204466918e-05,
                9.019060707548932e-06,
                5.8549305770661845e-06,
                1.0219172535550291e-05,
                6.499621446609405e-06,
                1.0891063875305747e-05,
                1.092011354101849e-05,
                1.1520093913911575e-05,
                1.0701756255473781e-05,
                9.605629597752646e-06,
                1.1161292242751041e-05,
                9.958437142026848e-06,
                9.887045704350808e-06,
                9.417943758871116e-06,
                1.0609698961520535e-05,
                9.403153155518419e-06,
                8.733939754241013e-06,
                9.088889809718934e-06,
                8.781576012656692e-06,
                8.882825991868218e-06,
                1.832653944810545e-05,
                1.6010333572087582e-05,
                1.404278311714885e-05,
                1.3522540774707419e-05,
                1.3403920323017914e-05,
                2.1361501182779056e-05,
                1.6852398079630824e-05,
                1.642653658354073e-05,
                1.4002869646474434e-05,
                1.358575711475281e-05,
                1.749945632064166e-05,
                1.3990058225000213e-05,
                1.3954851308776163e-05,
                1.6539144881788284e-05,
                1.3475222429244613e-05,
                1.668796603356982e-05,
                1.5361296393907465e-05,
                2.1311793856586753e-05,
                1.886778052251436e-05,
                7.216128929521841e-06,
                8.210312681507906e-06,
                9.43530851615021e-06,
                1.1100405432041942e-05,
                1.4537545656503364e-05,
                1.1800683552640064e-05,
                1.9179011151069462e-05,
                1.7543369097805062e-05,
                1.2820843368360941e-05,
                1.1295246546659056e-05,
                1.113319397841363e-05,
                1.1798173864479425e-05,
                7.047480284638455e-06,
                9.168127658696105e-06,
                6.741596260389144e-06,
                5.350677322224375e-06,
                1.0910761691236895e-05,
                8.288770984387307e-06,
                9.740353803873094e-06,
                1.4009501871695548e-05,
                8.213074228966695e-06,
                6.735824376325116e-06,
                5.32750301991618e-06,
                5.922252429246784e-06,
                4.56814336652807e-06,
                6.003147638560555e-06,
                2.9582035138130502e-06,
                4.599182906779301e-06,
                2.642629531514031e-06,
                4.765455073275568e-06,
                2.303860869865608e-06,
                2.288344740688949e-06,
                5.7719937379434156e-06,
                3.2152685089008353e-06,
                5.558120466743454e-06,
                3.3272331733460757e-06,
                3.432471891934831e-06,
                5.663681459266533e-06,
                4.304765986109743e-06,
                3.206057480405715e-06,
                3.2278394223451904e-06,
                2.8769244916193305e-06,
                4.734539302014793e-06,
                5.017622863982622e-06,
                4.041435099051322e-06,
                4.278374331588532e-06,
                3.434887824089311e-06,
                5.89804210827631e-06,
                5.817797030884936e-06,
                3.712090566945302e-06,
                3.4492944160011433e-06,
                5.169460971971901e-06,
                6.595392836690813e-06,
                7.035725281857745e-06,
                4.925836768783925e-06,
                4.277055937026968e-06,
                3.9428651550470034e-06,
                5.926308318663194e-06,
                8.115521326280205e-06,
                9.430211646628801e-06,
                9.15285067548185e-06,
                8.589856903048502e-06,
                9.006904622245954e-06,
                7.1714151108527365e-06,
                8.861699275623858e-06,
                1.2834996476533178e-05,
                1.265819800963948e-05,
                1.3677576175716076e-05,
                1.3283361366331848e-05,
                1.3958208670975597e-05,
                1.3133045517156106e-05,
                1.1926847970060257e-05,
                1.201551498903127e-05,
                9.849378417017489e-06,
                1.050141969483539e-05,
                8.54127914652037e-06,
                8.066992842526428e-06,
                7.533606876832766e-06,
                8.153013976744326e-06,
                1.0253508876231784e-05,
                2.8511511167885657e-06,
                5.378040943394591e-06,
                5.340246211397673e-06,
                5.761620877729944e-06,
                6.173060471828964e-06,
                6.163961165604786e-06,
                4.071834719054493e-06,
                3.935007818604844e-06,
                5.447195789562832e-06,
                5.71389319413194e-06,
                5.524966299867833e-06,
                4.092953953335068e-06,
                3.970100514566336e-06,
                3.4376511697007583e-06,
                6.514743038097819e-06,
                4.983911426306413e-06,
                3.872035020430966e-06,
                2.914329178136527e-06,
                2.235110884346595e-06,
                2.203573711306859e-06,
                5.116429136676099e-06,
                4.695356070134747e-06,
                5.071851215795138e-06,
                3.1406960968785367e-06,
                4.90474160451519e-06,
                4.000227703334667e-06,
                4.35716105495862e-06,
                5.829386566412425e-06,
                3.3610004284972977e-06,
                4.933042023214504e-06,
                3.05163381306529e-06,
                3.126531224538864e-06,
                3.4536238992343772e-06,
                3.557436503592342e-06,
                2.6727327762492587e-06,
                3.3912922289457875e-06,
                3.490184622742084e-06,
                2.8388981677860752e-06,
                4.0585877271169656e-06,
                6.010918803987147e-06,
                6.295039580059605e-06,
                5.232291070312429e-06,
                7.63774026458423e-06,
                7.2177723319684e-06,
                8.490567136595304e-06,
                6.656435185071972e-06,
                8.833146468356068e-06,
                1.355157198101621e-05,
                1.3969994803696826e-05,
                1.3944662117896093e-05,
                1.039681143712153e-05,
                8.979491524546664e-06,
                7.801139770625761e-06,
                5.227061530427638e-06,
                6.16831821896808e-06,
                1.0073271920421999e-05,
                3.159945271048143e-06,
                3.021423010645242e-06,
                3.540933409073176e-06,
                5.148401378909723e-06,
                3.2404812697519495e-06,
                2.6422534362687176e-06,
                4.728813167857522e-06,
                2.8130134492273843e-06,
                2.8307951701236017e-06,
                4.916300514344731e-06,
                6.386906580836524e-06,
                5.156241491553348e-06,
                3.347843130895612e-06,
                4.971779307909627e-06,
                7.123505839791741e-06,
                1.0261209709417475e-05,
                6.981622454351682e-06,
                1.0895106470683173e-05,
                1.1744496003197805e-05,
                3.8067055054103005e-06,
                3.857284585790895e-06,
                6.046337433747986e-06,
                3.867261527271485e-06,
                3.525063239381115e-06,
                5.868738008534441e-06,
                5.406860135105836e-06,
                3.7856636471689504e-06,
                3.062249355951878e-06,
                5.300010166522284e-06,
                3.4189449515447253e-06,
                6.1219901387913384e-06,
                4.298185381328766e-06,
                5.672203095487423e-06,
                4.458959914507706e-06,
                6.783775131914935e-06,
                5.632667505786503e-06,
                5.757138987660208e-06,
                6.398369970851399e-06,
                8.590295902078098e-06,
                8.899707333026144e-06,
                1.459485598035089e-05,
                5.935332040941473e-06,
                6.6237276037932515e-06,
                7.820392549710578e-06,
                1.1450739150734323e-05,
                1.1886431121384612e-05,
                1.132112130677246e-05,
                1.0904360156817363e-05,
                1.135002005387315e-05,
                1.0471984251406008e-05,
                1.0296828916866115e-05,
                1.0935386762664422e-05,
                1.288403530993753e-05,
                1.3052965906681617e-05,
                1.303873391979955e-05,
                1.4537314193665066e-05,
                1.35906518921004e-05,
                1.422779770538787e-05,
                1.3061781855014112e-05,
                1.3869571197554833e-05,
                1.6979259432242132e-05,
                1.5653218560133066e-05,
                1.5309967933778452e-05,
                1.614956551958252e-05,
                1.0895851933065175e-05,
                1.5096382936678412e-05,
                1.2936937211561833e-05,
                1.3742470371585907e-05,
                1.4702242515778668e-05,
                1.608596597325103e-05,
                1.683345492253228e-05,
                1.6094953793044692e-05,
                1.500987564622087e-05,
                1.045416432455412e-05,
                1.1833872467748973e-05,
                1.1703105404437917e-05,
                1.4491126587435015e-05,
                9.369582172303061e-06,
                9.919933114371811e-06,
                9.857065560013763e-06,
                9.407530966819977e-06,
                9.970936270465785e-06,
                8.640830014660711e-06,
                8.520397532133913e-06,
                8.717629672246576e-06,
                1.0143983222365873e-05,
                7.419111666724481e-06,
                8.826209257187197e-06,
                9.004609361034038e-06,
                9.833032315492275e-06,
                1.1609774584395736e-05,
                8.973143659212937e-06,
                9.542936944033896e-06,
                3.3448740443037064e-06,
                3.528729783428099e-06,
                8.572165548145783e-06,
                6.418423834521145e-06,
                4.647177383153009e-06,
                5.452413144509635e-06,
                1.082081430713454e-05,
                7.576113231028782e-06,
                7.679205195966293e-06,
                6.677356927177477e-06,
                6.4247959760994185e-06,
                7.745846446128896e-06,
                3.8918360318200716e-06,
                6.554004782236807e-06,
                4.637778558147649e-06,
                5.02863970929195e-06,
                6.979509657925002e-06,
                7.380127673301249e-06,
                5.456291131781277e-06,
                1.036766175089824e-05,
                1.530645953230669e-05,
                8.496768000072413e-06,
                8.518037834274278e-06,
                4.602128821397422e-06,
                4.915319237693172e-06,
                6.1214520410434e-06,
                3.336133576655185e-06,
                4.489504383603201e-06,
                2.5608589274385806e-06,
                2.4286977602666215e-06,
                2.444961644644823e-06,
                4.899353235374349e-06,
                2.894982625027378e-06,
                3.243315935489724e-06,
                2.7654529811685414e-06,
                2.3973923968552204e-06,
                2.4397795472557078e-06,
                2.7560717990871407e-06,
                3.6052218302606706e-06,
                3.0493490163816147e-06,
                7.288755748844608e-06,
                6.811602485342095e-06,
                4.992110833440252e-06,
                3.586884173757157e-06,
                3.7630550984241627e-06,
                3.7029331335875046e-06,
                3.739230817169926e-06,
                3.558156244306364e-06,
                5.351091747240984e-06,
                4.166234426461892e-06,
                2.999672144782004e-06,
                3.30732094552738e-06,
                3.508164427291824e-06,
                2.9044122558696917e-06,
                2.9847237520158312e-06,
                5.790084326277148e-06,
                3.456633754791227e-06,
                2.945404907906403e-06,
                5.45385597748602e-06,
                3.808609862347603e-06,
                4.9908002264161036e-06,
                3.288400948900133e-06,
                3.511362634161313e-06,
                3.6916270574888953e-06,
                3.563378470991841e-06,
                3.3767176447637966e-06,
                3.2908104095801535e-06,
                6.0612646635288765e-06,
                8.207038802730952e-06,
                1.220721827306101e-05,
                6.6154668626357e-06,
                1.2495893843748095e-05,
                1.8132144185591454e-05,
                5.003005715451883e-06,
                3.0751162332771254e-06,
                3.016260089150282e-06,
                3.239648752135716e-06,
                2.9945255653444677e-06,
                2.336277568257495e-06,
                4.339016071950952e-06,
                6.905386282616335e-06,
                4.60154599984274e-06,
                1.0315964172524334e-05,
                6.924209064962821e-06,
                1.0138016394924035e-05,
                2.912165828540495e-06,
                2.71896809740037e-06,
                3.079304666182701e-06,
                2.8696850300976493e-06,
                2.8486255339524613e-06,
                3.379397356030899e-06,
                4.65629676710259e-06,
                9.513399685632532e-06,
                4.388607097671413e-06,
                4.826766461217768e-06,
                6.125063167317899e-06,
                1.1961556501022306e-05,
                3.757437825365023e-05,
                1.9394755814105063e-05,
                1.062446165226923e-05,
                6.6871527019557974e-06,
                4.009431136346329e-06,
                6.744196597357525e-06,
                5.117929107400276e-06,
                3.186294325703639e-06,
                3.979054579635964e-06,
                3.199564771572962e-06,
                3.3134752508044555e-06,
                1.41336484570825e-05,
                6.381027694260674e-06,
                3.7272369017056077e-06,
                4.283905792621726e-06,
                7.017971316645202e-06,
                1.0017917415792278e-05,
                6.753188772319153e-06,
                6.705738901867912e-06,
                3.287957699361925e-06,
                3.127469915791619e-06,
                4.246491890642704e-06,
                6.1392144847396716e-06,
                9.287185462675939e-06,
                1.0004780535813457e-05,
                3.4923718710234683e-06,
                3.628709131673442e-06,
                4.949092784956229e-06,
                7.109520848302e-06,
                1.3396625169515484e-05,
                1.0851766590225336e-05,
                1.2831674070737471e-05,
                3.389115906082785e-06,
                4.056560825630796e-06,
                5.285642010902469e-06,
                6.378566489802592e-06,
                1.0701345267881137e-05,
                7.3711143475972625e-06,
                1.5260424968730487e-05,
                6.507950931905418e-06,
                7.485616388038852e-06,
                4.049132141797504e-06,
                1.0097558545903735e-05,
                1.2942307101525525e-05,
                1.0818757196643911e-05,
                1.6818179319335687e-05,
                4.1911949025985805e-06,
                1.1846317291654008e-05,
                1.0390899841651379e-05,
                3.9215650999415775e-06,
                4.025220715557718e-06,
                6.301317371888157e-06,
                3.3920195953046124e-06,
                3.800254919397066e-06,
                5.429272927893131e-06,
                4.9711585590135145e-06,
                1.1478849129001141e-05,
                1.0373181324435727e-05,
                9.370548882975885e-06,
                1.037468292651296e-05,
                1.2500936637806363e-05,
                7.68079871608546e-06,
                6.182706876821001e-06,
                3.2527587538372626e-06,
                5.585580989299477e-06,
                4.457975142472051e-06,
                4.625402801292053e-06,
                4.5124e-05,
                4.331e-05,
                3.141e-05,
                2.0012e-05,
                1.1678e-05,
                1.3612e-05,
                1.6806e-05,
                1.6249e-05,
                1.5718e-05,
                1.5089e-05,
                8.2233e-06,
                5.4962e-06,
                4.4489e-06,
                4.3311e-06,
                5.0818e-06,
                4.1738e-06,
                5.6368e-06,
                4.7508e-06,
                6.3812e-05,
                4.6187e-05,
                2.6511e-05,
                1.3735e-05,
                1.5903e-05,
                2.2575e-05,
                1.812e-05,
                1.1006e-05,
                1.5766e-05,
                9.2556e-06,
                6.0528e-06,
                5.2134e-06,
                5.0636e-06,
                5.8346e-06,
                5.3343e-06,
                8.601e-06,
                6.247e-06,
                8.1772e-05,
                7.9403e-05,
                6.6144e-05,
                4.54e-05,
                2.5143e-05,
                3.0057e-05,
                2.1799e-05,
                2.0503e-05,
                2.2176e-05,
                1.6537e-05,
                1.3569e-05,
                6.8479e-06,
                5.2906e-06,
                5.1555e-06,
                5.8318e-06,
                7.1023e-06,
                9.6768e-06,
                7.5422e-06,
                8.7032e-05,
                8.4727e-05,
                7.7468e-05,
                6.8168e-05,
                4.8727e-05,
                5.5472e-05,
                3.664e-05,
                2.8885e-05,
                1.922e-05,
                2.2633e-05,
                2.0572e-05,
                1.0585e-05,
                1.4993e-05,
                1.1831e-05,
                8.1673e-05,
                7.9488e-05,
                7.6028e-05,
                6.1938e-05,
                5.2447e-05,
                5.7477e-05,
                4.6521e-05,
                3.9134e-05,
                2.4751e-05,
                3.9562e-05,
                4.141e-05,
                2.1834e-05,
                3.1405e-05,
                2.3474e-05
            ],
            "raw_units": "Jy",
            "date": [
                "59404.22501160018",
                "59406.20810189983",
                "59406.241157399956",
                "59410.22339119995",
                "59412.21347220009",
                "59415.18598379986",
                "59424.235370399896",
                "59426.23725689994",
                "59428.18280090019",
                "59458.14631940005",
                "59458.148287000135",
                "59458.15026619984",
                "59458.15222219983",
                "59458.1542014",
                "59459.14230319997",
                "59459.14428240014",
                "59459.14625000022",
                "59459.14821759984",
                "59459.15019680001",
                "59460.141296300106",
                "59460.14327549981",
                "59460.14524309989",
                "59460.14722219994",
                "59460.149189800024",
                "59466.12495370023",
                "59466.12737269979",
                "59466.12980319979",
                "59466.1322337999",
                "59466.134675899986",
                "59467.12638889998",
                "59468.1253819",
                "59468.1278241002",
                "59468.1302546002",
                "59468.13218750013",
                "59469.12634260021",
                "59469.12877310021",
                "59469.13120369986",
                "59470.12653939985",
                "59470.128888899926",
                "59473.12407410005",
                "59473.12644679984",
                "59474.12306710007",
                "59474.12543979986",
                "59531.54428240005",
                "59531.54671300016",
                "59531.54916669987",
                "59531.55160879996",
                "59531.55406250013",
                "59532.54554399988",
                "59532.55288190022",
                "59539.547546300106",
                "59540.53767360002",
                "59540.5479282001",
                "59540.55050930008",
                "59540.553090299945",
                "59600.43589119986",
                "59600.5185647998",
                "59623.40305559989",
                "59623.43348379992",
                "59625.34221060015",
                "59625.44320600014",
                "59628.38104170002",
                "59628.430081000086",
                "59630.36056709988",
                "59630.4349769",
                "59637.37084490014",
                "59637.42390049994",
                "59639.40067130001",
                "59639.45840279991",
                "59641.38453700021",
                "59641.41687500011",
                "59671.45113429986",
                "59671.48589120014",
                "59672.30181710003",
                "59672.31770829996",
                "59673.30699069984",
                "59673.3182639",
                "59673.35866900021",
                "59673.399733799975",
                "59674.399108800106",
                "59674.443113400135",
                "59674.485405100044",
                "59675.321330999956",
                "59675.32229170017",
                "59675.35910880007",
                "59676.31688660011",
                "59676.378298600204",
                "59677.3021644",
                "59677.312604200095",
                "59677.35277780006",
                "59677.380659699906",
                "59678.267546299845",
                "59678.29839120014",
                "59678.336041700095",
                "59678.39410880022",
                "59679.227534700185",
                "59679.23436339991",
                "59679.25984949991",
                "59679.3087847",
                "59679.309733800124",
                "59679.36105319997",
                "59680.34586809995",
                "59682.22572920006",
                "59682.27666669991",
                "59682.31827550009",
                "59682.357777799945",
                "59682.39928240003",
                "59683.44358799979",
                "59684.30060190009",
                "59684.333217599895",
                "59684.33953699982",
                "59684.40841440018",
                "59685.336655099876",
                "59687.37212960003",
                "59687.373078700155",
                "59687.3992130002",
                "59687.41959490022",
                "59688.31791670015",
                "59688.3938310002",
                "59689.27046300005",
                "59689.31130790012",
                "59689.31225690013",
                "59689.38975689979",
                "59690.29106480023",
                "59690.31858799979",
                "59690.338657400105",
                "59690.43381940015",
                "59693.25752309989",
                "59693.274166699965",
                "59693.35122689977",
                "59693.35216439981",
                "59693.439942100085",
                "59694.29068290023",
                "59694.30125000002",
                "59694.37371530011",
                "59694.380914399866",
                "59695.36884259991",
                "59695.410520799924",
                "59696.23380789999",
                "59696.35429400019",
                "59697.22833329998",
                "59697.2865394",
                "59697.287488400005",
                "59697.33074070001",
                "59697.38244209997",
                "59698.36817129981",
                "59699.24796300009",
                "59699.340104199946",
                "59699.445706000086",
                "59699.44665510021",
                "59700.17353009991",
                "59700.24616899993",
                "59700.29490739992",
                "59700.34028939996",
                "59701.31207180023",
                "59701.32938659983",
                "59701.330335599836",
                "59701.33674769988",
                "59701.35973379994",
                "59701.3823958002",
                "59702.32081020018",
                "59702.34384260001",
                "59707.301388899796",
                "59707.32107640011",
                "59707.374548600055",
                "59709.21796299983",
                "59709.28821759997",
                "59709.30127310008",
                "59710.315844899975",
                "59711.203530100174",
                "59711.29668979999",
                "59711.36165509978",
                "59713.27534720022",
                "59713.316701400094",
                "59715.2526273001",
                "59718.35365739977",
                "59719.2901504999",
                "59719.30744209979",
                "59719.38146989979",
                "59722.23701390019",
                "59722.29429400014",
                "59722.369953699876",
                "59724.290428199805",
                "59724.31932870019",
                "59726.290381900035",
                "59726.35188659979",
                "59730.31130790012",
                "59732.25803240016",
                "59734.19223379996",
                "59734.23817129992",
                "59736.2254745001",
                "59736.25405090023",
                "59738.21305559995",
                "59738.25342589989",
                "59740.2141435002",
                "59740.25267359987",
                "59742.231597200036",
                "59742.30185189983",
                "59747.214513900224",
                "59747.25472219987",
                "59749.21872689994",
                "59749.2643519002",
                "59751.22795139998",
                "59751.268078700174",
                "59753.20686340006",
                "59753.26761570014",
                "59760.21723379986",
                "59760.26969909994",
                "59762.20431709988",
                "59762.24300929997",
                "59764.21718750009",
                "59764.2745949002",
                "59766.19350690022",
                "59766.22865739977",
                "59768.21236110013",
                "59769.20832179999",
                "59769.240324100014",
                "59771.22710649995",
                "59771.2585880002",
                "59775.28406250011",
                "59777.20138890017",
                "59779.18600689992",
                "59779.247858799994",
                "59823.14564809995",
                "59823.14762730012",
                "59823.1495949002",
                "59824.142569399904",
                "59824.144548600074",
                "59824.146516200155",
                "59824.14848379977",
                "59824.15045139985",
                "59825.14351850003",
                "59825.1454977002",
                "59825.1474768999",
                "59825.149455999956",
                "59826.142569399904",
                "59826.144536999986",
                "59826.146516200155",
                "59826.14848379977",
                "59837.12531250017",
                "59837.127696800046",
                "59838.13479170017",
                "59838.136724499986",
                "59840.119965299964",
                "59842.119907400105",
                "59896.54362270003",
                "59896.54606480012",
                "59896.5485069002",
                "59896.55096059991",
                "59896.55340280011",
                "59897.547002300154",
                "59897.54945599986",
                "59898.549340299796",
                "59898.55178239988",
                "59898.55422449997",
                "59898.55667820014",
                "59906.54311340023",
                "59906.545624999795",
                "59906.548125000205",
                "59906.55063659977",
                "59909.540057899896",
                "59909.54256939981",
                "59909.545080999844",
                "59909.547604199965",
                "59909.55011569988",
                "59910.54143519979",
                "59910.54395829979",
                "59910.546481499914",
                "59910.54900459992",
                "59910.55151619995",
                "59923.517766200006",
                "59923.53789350018",
                "59935.48978010006",
                "59937.530497699976",
                "59956.486273100134",
                "59956.52604170004",
                "59969.38432870014",
                "59969.49565970013",
                "59971.499768500216",
                "59977.476388900075",
                "59985.45456020022",
                "59993.44873839989",
                "60016.41518520005",
                "60016.43703699997",
                "60021.362071800046",
                "60021.4441550998",
                "60032.33354170015",
                "60032.36753469985",
                "60036.33159720013",
                "60036.3984375",
                "60036.48988430016",
                "60042.458460600115",
                "60043.270393500105",
                "60043.29723379994",
                "60043.453020799905",
                "60044.29913190007",
                "60044.330300900154",
                "60044.4619907001",
                "60045.340173599776",
                "60045.38568289997",
                "60046.276203699876",
                "60046.29020830011",
                "60046.29561340017",
                "60046.3197337999",
                "60049.34549769992",
                "60049.443090300076",
                "60050.34256940009",
                "60051.32234949991",
                "60051.358622699976",
                "60052.26017360017",
                "60052.354560200125",
                "60052.358067099936",
                "60053.255671299994",
                "60053.32688659988",
                "60053.365891200025",
                "60053.37917819992",
                "60054.35064810002",
                "60054.35158560006",
                "60054.36077550007",
                "60055.28934030002",
                "60055.36035879981",
                "60055.435057899915",
                "60056.28728009993",
                "60056.28822920006",
                "60056.433611100074",
                "60057.3093634001",
                "60057.360752299894",
                "60058.26554400008",
                "60058.33052079985",
                "60058.33681710018",
                "60058.366458300035",
                "60058.41003469983",
                "60059.298750000075",
                "60059.33167820005",
                "60059.3591781999",
                "60060.244629600085",
                "60060.37931710016",
                "60060.38026619982",
                "60062.422604199965",
                "60064.26394680003",
                "60065.324213000014",
                "60065.41215279978",
                "60065.456192099955",
                "60067.268680599984",
                "60067.36290509999",
                "60076.41549770022",
                "60078.32869210001",
                "60082.25450230017",
                "60084.34436339978",
                "60086.27821760019",
                "60088.29915509978",
                "60090.2896412001",
                "60090.30231480021",
                "60092.36025460018",
                "60099.22750000004",
                "60101.278680600226",
                "60101.33884260012",
                "60103.23319440009",
                "60105.22890050011",
                "60109.213657400105",
                "60111.26652779989",
                "60113.255659699906",
                "60115.25702549983",
                "60117.258530099876",
                "60117.35162039986",
                "60119.240821800195",
                "60121.22486109985",
                "60123.24912039982",
                "60125.30003469996",
                "60140.20728009986",
                "60159.23586810008",
                "60162.20438659983",
                "60287.51018519979",
                "60291.49809029978",
                "60311.470115699805",
                "60315.4456944",
                "60324.51980319992",
                "60351.39240740007",
                "60353.41359949997",
                "60355.434733800124",
                "60363.40884259995",
                "60369.5008911998",
                "60379.351712999865",
                "60388.41615739977",
                "60391.38369210018",
                "60396.34577549994",
                "60398.34067129996",
                "60404.3174883998",
                "60408.31939810002",
                "60413.35180559987",
                "60417.35447920021",
                "60419.29916669987",
                "60421.31039350014",
                "60423.29083329998",
                "60437.31201389991",
                "60440.33175930008",
                "60446.349351900164",
                "60448.366793999914",
                "60450.25268519996",
                "60450.29586810013",
                "60452.310069399886",
                "60460.24689809978",
                "60473.223541699816",
                "60475.228703700006",
                "60477.26561339991",
                "60477.31293979986",
                "60480.225879599806",
                "60480.33250000002",
                "60482.19038189994",
                "60484.260011599865",
                "60494.226967600174",
                "60509.21464119991",
                "60511.22241900023",
                "60513.21763890004",
                "60513.25827550003",
                "60517.19305559993",
                "60628.5395717998",
                "60628.542986100074",
                "60646.52001160011",
                "60650.54312499985",
                "60664.53972220002",
                "60674.527083300054",
                "60676.490243100096",
                "60680.55013890006",
                "60682.434201399796",
                "60684.416539399885",
                "60687.509039400145",
                "60687.53111110022",
                "60690.5290045999",
                "60690.54471059982",
                "60692.45748839993",
                "60694.4994907002",
                "60705.507662000135",
                "60725.42067130003",
                "60727.44361109985",
                "60728.4369907002",
                "60133.58872",
                "60135.575852",
                "60137.360086",
                "60139.803869",
                "60141.619726",
                "60143.40698",
                "60149.321661",
                "60163.071019",
                "60166.446315",
                "60169.414425",
                "60406.987063",
                "60447.524815",
                "60462.492296",
                "60477.612006",
                "60492.903021",
                "60541.205858",
                "60542.910011",
                "60543.53146",
                "60135.583152",
                "60137.363911",
                "60139.807802",
                "60141.624278",
                "60143.409779",
                "60149.130151",
                "60163.075178",
                "60166.449948",
                "60169.420982",
                "60406.989055",
                "60447.529421",
                "60462.496308",
                "60477.616195",
                "60492.909414",
                "60541.208025",
                "60542.915079",
                "60543.536776",
                "60133.590643",
                "60135.569626",
                "60137.356818",
                "60139.800141",
                "60141.615812",
                "60143.404561",
                "60149.31914",
                "60163.067428",
                "60166.443107",
                "60169.24501",
                "60406.984636",
                "60447.533596",
                "60462.500237",
                "60477.619893",
                "60492.915709",
                "60541.203154",
                "60542.904234",
                "60543.525656",
                "60133.584799",
                "60135.571698",
                "60137.357861",
                "60139.801385",
                "60141.617447",
                "60143.405423",
                "60149.320154",
                "60163.068864",
                "60166.444236",
                "60169.246855",
                "60406.985367",
                "60541.203943",
                "60542.905968",
                "60543.527527",
                "60133.585843",
                "60135.572757",
                "60137.358427",
                "60139.802036",
                "60141.618162",
                "60143.405856",
                "60149.320871",
                "60163.069516",
                "60166.4448",
                "60169.247808",
                "60406.985867",
                "60541.204498",
                "60542.907141",
                "60543.528745"
            ],
            "date_format": "mjd",
            "filter_key": [
                "r.ztf",
                "g.ztf",
                "r.ztf",
                "r.ztf",
                "r.ztf",
                "r.ztf",
                "g.ztf",
                "r.ztf",
                "r.ztf",
                "r.ztf",
                "r.ztf",
                "r.ztf",
                "r.ztf",
                "r.ztf",
                "r.ztf",
                "r.ztf",
                "r.ztf",
                "r.ztf",
                "r.ztf",
                "r.ztf",
                "r.ztf",
                "r.ztf",
                "r.ztf",
                "r.ztf",
                "r.ztf",
                "r.ztf",
                "r.ztf",
                "r.ztf",
                "r.ztf",
                "r.ztf",
                "r.ztf",
                "r.ztf",
                "r.ztf",
                "r.ztf",
                "r.ztf",
                "r.ztf",
                "r.ztf",
                "r.ztf",
                "r.ztf",
                "r.ztf",
                "r.ztf",
                "r.ztf",
                "r.ztf",
                "r.ztf",
                "r.ztf",
                "r.ztf",
                "r.ztf",
                "r.ztf",
                "r.ztf",
                "r.ztf",
                "r.ztf",
                "r.ztf",
                "r.ztf",
                "r.ztf",
                "r.ztf",
                "g.ztf",
                "r.ztf",
                "r.ztf",
                "g.ztf",
                "g.ztf",
                "r.ztf",
                "g.ztf",
                "r.ztf",
                "r.ztf",
                "g.ztf",
                "g.ztf",
                "r.ztf",
                "g.ztf",
                "r.ztf",
                "g.ztf",
                "r.ztf",
                "g.ztf",
                "r.ztf",
                "g.ztf",
                "g.ztf",
                "r.ztf",
                "g.ztf",
                "r.ztf",
                "g.ztf",
                "g.ztf",
                "r.ztf",
                "g.ztf",
                "g.ztf",
                "g.ztf",
                "g.ztf",
                "g.ztf",
                "g.ztf",
                "g.ztf",
                "g.ztf",
                "g.ztf",
                "r.ztf",
                "r.ztf",
                "g.ztf",
                "g.ztf",
                "r.ztf",
                "r.ztf",
                "r.ztf",
                "g.ztf",
                "g.ztf",
                "g.ztf",
                "r.ztf",
                "r.ztf",
                "g.ztf",
                "r.ztf",
                "r.ztf",
                "r.ztf",
                "g.ztf",
                "g.ztf",
                "g.ztf",
                "r.ztf",
                "r.ztf",
                "r.ztf",
                "r.ztf",
                "r.ztf",
                "r.ztf",
                "r.ztf",
                "g.ztf",
                "r.ztf",
                "r.ztf",
                "r.ztf",
                "g.ztf",
                "g.ztf",
                "r.ztf",
                "g.ztf",
                "r.ztf",
                "r.ztf",
                "g.ztf",
                "r.ztf",
                "r.ztf",
                "g.ztf",
                "g.ztf",
                "g.ztf",
                "r.ztf",
                "r.ztf",
                "g.ztf",
                "g.ztf",
                "g.ztf",
                "r.ztf",
                "r.ztf",
                "g.ztf",
                "g.ztf",
                "g.ztf",
                "g.ztf",
                "r.ztf",
                "r.ztf",
                "r.ztf",
                "g.ztf",
                "r.ztf",
                "g.ztf",
                "g.ztf",
                "r.ztf",
                "g.ztf",
                "r.ztf",
                "g.ztf",
                "g.ztf",
                "g.ztf",
                "g.ztf",
                "g.ztf",
                "g.ztf",
                "g.ztf",
                "g.ztf",
                "r.ztf",
                "r.ztf",
                "r.ztf",
                "r.ztf",
                "r.ztf",
                "r.ztf",
                "r.ztf",
                "g.ztf",
                "g.ztf",
                "r.ztf",
                "r.ztf",
                "r.ztf",
                "g.ztf",
                "g.ztf",
                "r.ztf",
                "r.ztf",
                "r.ztf",
                "r.ztf",
                "g.ztf",
                "g.ztf",
                "g.ztf",
                "r.ztf",
                "g.ztf",
                "g.ztf",
                "r.ztf",
                "g.ztf",
                "g.ztf",
                "g.ztf",
                "r.ztf",
                "r.ztf",
                "g.ztf",
                "g.ztf",
                "r.ztf",
                "r.ztf",
                "g.ztf",
                "r.ztf",
                "g.ztf",
                "r.ztf",
                "g.ztf",
                "r.ztf",
                "g.ztf",
                "g.ztf",
                "r.ztf",
                "r.ztf",
                "g.ztf",
                "g.ztf",
                "r.ztf",
                "g.ztf",
                "r.ztf",
                "g.ztf",
                "r.ztf",
                "g.ztf",
                "r.ztf",
                "g.ztf",
                "g.ztf",
                "g.ztf",
                "g.ztf",
                "g.ztf",
                "r.ztf",
                "r.ztf",
                "r.ztf",
                "r.ztf",
                "r.ztf",
                "r.ztf",
                "r.ztf",
                "r.ztf",
                "r.ztf",
                "r.ztf",
                "r.ztf",
                "r.ztf",
                "r.ztf",
                "r.ztf",
                "r.ztf",
                "r.ztf",
                "r.ztf",
                "r.ztf",
                "r.ztf",
                "r.ztf",
                "r.ztf",
                "r.ztf",
                "r.ztf",
                "r.ztf",
                "g.ztf",
                "r.ztf",
                "r.ztf",
                "r.ztf",
                "r.ztf",
                "r.ztf",
                "r.ztf",
                "r.ztf",
                "r.ztf",
                "r.ztf",
                "r.ztf",
                "r.ztf",
                "r.ztf",
                "r.ztf",
                "r.ztf",
                "r.ztf",
                "r.ztf",
                "r.ztf",
                "r.ztf",
                "r.ztf",
                "r.ztf",
                "r.ztf",
                "r.ztf",
                "r.ztf",
                "r.ztf",
                "r.ztf",
                "r.ztf",
                "g.ztf",
                "r.ztf",
                "g.ztf",
                "g.ztf",
                "r.ztf",
                "g.ztf",
                "g.ztf",
                "r.ztf",
                "r.ztf",
                "r.ztf",
                "g.ztf",
                "r.ztf",
                "g.ztf",
                "r.ztf",
                "g.ztf",
                "r.ztf",
                "g.ztf",
                "r.ztf",
                "g.ztf",
                "r.ztf",
                "g.ztf",
                "r.ztf",
                "r.ztf",
                "g.ztf",
                "g.ztf",
                "g.ztf",
                "g.ztf",
                "g.ztf",
                "g.ztf",
                "g.ztf",
                "g.ztf",
                "g.ztf",
                "g.ztf",
                "r.ztf",
                "g.ztf",
                "g.ztf",
                "g.ztf",
                "g.ztf",
                "g.ztf",
                "g.ztf",
                "g.ztf",
                "g.ztf",
                "r.ztf",
                "r.ztf",
                "g.ztf",
                "g.ztf",
                "g.ztf",
                "g.ztf",
                "g.ztf",
                "g.ztf",
                "r.ztf",
                "g.ztf",
                "g.ztf",
                "g.ztf",
                "g.ztf",
                "g.ztf",
                "g.ztf",
                "r.ztf",
                "g.ztf",
                "g.ztf",
                "r.ztf",
                "g.ztf",
                "r.ztf",
                "g.ztf",
                "g.ztf",
                "g.ztf",
                "g.ztf",
                "g.ztf",
                "g.ztf",
                "g.ztf",
                "g.ztf",
                "r.ztf",
                "g.ztf",
                "g.ztf",
                "r.ztf",
                "g.ztf",
                "g.ztf",
                "g.ztf",
                "g.ztf",
                "g.ztf",
                "g.ztf",
                "g.ztf",
                "r.ztf",
                "g.ztf",
                "g.ztf",
                "g.ztf",
                "r.ztf",
                "g.ztf",
                "g.ztf",
                "g.ztf",
                "g.ztf",
                "g.ztf",
                "g.ztf",
                "g.ztf",
                "r.ztf",
                "g.ztf",
                "g.ztf",
                "g.ztf",
                "g.ztf",
                "g.ztf",
                "r.ztf",
                "g.ztf",
                "g.ztf",
                "g.ztf",
                "g.ztf",
                "g.ztf",
                "g.ztf",
                "g.ztf",
                "g.ztf",
                "g.ztf",
                "g.ztf",
                "g.ztf",
                "g.ztf",
                "g.ztf",
                "g.ztf",
                "g.ztf",
                "g.ztf",
                "g.ztf",
                "g.ztf",
                "g.ztf",
                "g.ztf",
                "g.ztf",
                "g.ztf",
                "g.ztf",
                "g.ztf",
                "g.ztf",
                "g.ztf",
                "g.ztf",
                "r.ztf",
                "g.ztf",
                "g.ztf",
                "g.ztf",
                "g.ztf",
                "g.ztf",
                "g.ztf",
                "r.ztf",
                "g.ztf",
                "r.ztf",
                "g.ztf",
                "g.ztf",
                "g.ztf",
                "g.ztf",
                "g.ztf",
                "g.ztf",
                "r.ztf",
                "g.ztf",
                "r.ztf",
                "r.ztf",
                "g.ztf",
                "g.ztf",
                "g.ztf",
                "g.ztf",
                "g.ztf",
                "g.ztf",
                "g.ztf",
                "r.ztf",
                "r.ztf",
                "g.ztf",
                "g.ztf",
                "r.ztf",
                "g.ztf",
                "g.ztf",
                "g.ztf",
                "g.ztf",
                "g.ztf",
                "g.ztf",
                "UVW2.uvot",
                "UVW2.uvot",
                "UVW2.uvot",
                "UVW2.uvot",
                "UVW2.uvot",
                "UVW2.uvot",
                "UVW2.uvot",
                "UVW2.uvot",
                "UVW2.uvot",
                "UVW2.uvot",
                "UVW2.uvot",
                "UVW2.uvot",
                "UVW2.uvot",
                "UVW2.uvot",
                "UVW2.uvot",
                "UVW2.uvot",
                "UVW2.uvot",
                "UVW2.uvot",
                "UVM2.uvot",
                "UVM2.uvot",
                "UVM2.uvot",
                "UVM2.uvot",
                "UVM2.uvot",
                "UVM2.uvot",
                "UVM2.uvot",
                "UVM2.uvot",
                "UVM2.uvot",
                "UVM2.uvot",
                "UVM2.uvot",
                "UVM2.uvot",
                "UVM2.uvot",
                "UVM2.uvot",
                "UVM2.uvot",
                "UVM2.uvot",
                "UVM2.uvot",
                "UVW1.uvot",
                "UVW1.uvot",
                "UVW1.uvot",
                "UVW1.uvot",
                "UVW1.uvot",
                "UVW1.uvot",
                "UVW1.uvot",
                "UVW1.uvot",
                "UVW1.uvot",
                "UVW1.uvot",
                "UVW1.uvot",
                "UVW1.uvot",
                "UVW1.uvot",
                "UVW1.uvot",
                "UVW1.uvot",
                "UVW1.uvot",
                "UVW1.uvot",
                "UVW1.uvot",
                "U.uvot",
                "U.uvot",
                "U.uvot",
                "U.uvot",
                "U.uvot",
                "U.uvot",
                "U.uvot",
                "U.uvot",
                "U.uvot",
                "U.uvot",
                "U.uvot",
                "U.uvot",
                "U.uvot",
                "U.uvot",
                "B.uvot",
                "B.uvot",
                "B.uvot",
                "B.uvot",
                "B.uvot",
                "B.uvot",
                "B.uvot",
                "B.uvot",
                "B.uvot",
                "B.uvot",
                "B.uvot",
                "B.uvot",
                "B.uvot",
                "B.uvot"
            ],
            "obs_type": "uvoir",
            "reference": [
                "2023TNSAN.197....1W",
                "2024MNRAS.527.2452M"
            ],
            "upperlimit": [
                true,
                true,
                true,
                true,
                true,
                true,
                true,
                true,
                true,
                true,
                true,
                true,
                true,
                true,
                true,
                true,
                true,
                true,
                true,
                true,
                true,
                true,
                true,
                true,
                true,
                true,
                true,
                true,
                true,
                true,
                true,
                true,
                true,
                true,
                true,
                true,
                true,
                true,
                true,
                true,
                true,
                true,
                true,
                true,
                true,
                true,
                true,
                true,
                true,
                true,
                true,
                true,
                true,
                true,
                true,
                true,
                true,
                true,
                true,
                true,
                true,
                true,
                true,
                true,
                true,
                true,
                true,
                true,
                true,
                true,
                true,
                true,
                true,
                true,
                true,
                true,
                true,
                true,
                true,
                true,
                true,
                true,
                true,
                true,
                true,
                true,
                true,
                true,
                true,
                true,
                true,
                true,
                true,
                true,
                true,
                true,
                true,
                true,
                true,
                true,
                true,
                true,
                true,
                true,
                true,
                true,
                true,
                true,
                true,
                true,
                true,
                true,
                true,
                true,
                true,
                true,
                true,
                true,
                true,
                true,
                true,
                true,
                true,
                true,
                true,
                true,
                true,
                true,
                true,
                true,
                true,
                true,
                true,
                true,
                true,
                true,
                true,
                true,
                true,
                true,
                true,
                true,
                true,
                true,
                true,
                true,
                true,
                true,
                true,
                true,
                true,
                true,
                true,
                true,
                true,
                true,
                true,
                true,
                true,
                true,
                true,
                true,
                true,
                true,
                true,
                true,
                true,
                true,
                true,
                true,
                true,
                true,
                true,
                true,
                true,
                true,
                true,
                true,
                true,
                true,
                true,
                true,
                true,
                true,
                true,
                true,
                true,
                true,
                true,
                true,
                true,
                true,
                true,
                true,
                true,
                true,
                true,
                true,
                true,
                true,
                true,
                true,
                true,
                true,
                true,
                true,
                true,
                true,
                true,
                true,
                true,
                true,
                true,
                true,
                true,
                true,
                true,
                true,
                true,
                true,
                true,
                true,
                true,
                true,
                true,
                true,
                true,
                true,
                true,
                true,
                true,
                true,
                true,
                true,
                true,
                true,
                true,
                true,
                true,
                true,
                true,
                true,
                true,
                true,
                true,
                true,
                true,
                true,
                true,
                true,
                true,
                true,
                true,
                true,
                true,
                true,
                true,
                true,
                true,
                true,
                true,
                true,
                true,
                true,
                true,
                true,
                true,
                true,
                true,
                true,
                true,
                true,
                true,
                true,
                true,
                true,
                true,
                true,
                true,
                true,
                true,
                true,
                true,
                true,
                true,
                true,
                true,
                true,
                true,
                true,
                true,
                true,
                true,
                true,
                true,
                true,
                true,
                true,
                true,
                true,
                true,
                true,
                true,
                true,
                true,
                true,
                true,
                true,
                true,
                true,
                true,
                true,
                true,
                true,
                true,
                true,
                true,
                true,
                true,
                true,
                true,
                true,
                true,
                true,
                true,
                true,
                true,
                true,
                true,
                true,
                true,
                true,
                true,
                true,
                true,
                true,
                true,
                true,
                true,
                true,
                true,
                true,
                true,
                true,
                true,
                true,
                true,
                true,
                true,
                true,
                true,
                true,
                true,
                true,
                true,
                true,
                true,
                true,
                true,
                true,
                true,
                true,
                true,
                true,
                true,
                true,
                true,
                true,
                false,
                false,
                false,
                false,
                false,
                false,
                false,
                true,
                false,
                false,
                false,
                false,
                true,
                true,
                false,
                false,
                true,
                true,
                true,
                true,
                false,
                false,
                true,
                true,
                true,
                true,
                true,
                false,
                true,
                true,
                true,
                true,
                true,
                true,
                true,
                true,
                true,
                true,
                true,
                true,
                true,
                true,
                true,
                true,
                true,
                true,
                true,
                true,
                true,
                true,
                true,
                true,
                true,
                true,
                true,
                true,
                true,
                true,
                true,
                true,
                true,
                true,
                true,
                true,
                true,
                true,
                true,
                true,
                false,
                false,
                false,
                false,
                false,
                false,
                false,
                false,
                false,
                false,
                true,
                true,
                true,
                true,
                true,
                true,
                true,
                true,
                false,
                false,
                false,
                false,
                false,
                false,
                false,
                false,
                false,
                true,
                true,
                true,
                true,
                true,
                true,
                true,
                true,
                false,
                false,
                false,
                false,
                false,
                false,
                false,
                false,
                false,
                false,
                true,
                true,
                true,
                true,
                true,
                true,
                true,
                true,
                false,
                false,
                false,
                false,
                false,
                false,
                false,
                false,
                false,
                false,
                true,
                true,
                true,
                true,
                false,
                false,
                false,
                false,
                false,
                false,
                false,
                false,
                true,
                false,
                true,
                true,
                true,
                true
            ],
            "corr_k": false,
            "corr_s": false,
            "corr_av": false,
            "corr_host": false,
            "corr_hostav": false,
            "val_av": 0.0631575634337531
        }
    ]
}