{
    "_key": "885025",
    "_id": "transients/885025",
    "_rev": "_j6ZBQ1C---",
    "classification": {
        "spec_classed": 0,
        "unambiguous": true,
        "value": [
            {
                "object_class": "TDE",
                "confidence": 1,
                "reference": [
                    "2017ApJ...835...64G",
                    "2018MNRAS.477.2943W",
                    "2023PASP..135c4101G"
                ],
                "default": true
            }
        ],
        "discovery_method": "uvoir"
    },
    "coordinate": [
        {
            "ra": "14:10:36.81",
            "dec": "+26:54:25.0",
            "ra_units": "hour",
            "dec_units": "deg",
            "reference": [
                "2018arXiv180205105W"
            ],
            "coordinate_type": "equatorial"
        }
    ],
    "distance": [
        {
            "value": "0.1071",
            "distance_type": "redshift",
            "reference": [
                "2018MNRAS.477.2943W",
                "2018arXiv180205105W",
                "2023PASP..135c4101G"
            ],
            "default": true
        },
        {
            "value": "462",
            "distance_type": "comoving",
            "unit": "Mpc",
            "reference": [
                "2016A&A...594A..13P",
                "2017ApJ...835...64G",
                "2018arXiv180205105W"
            ],
            "default": true
        },
        {
            "value": "511.5",
            "distance_type": "luminosity",
            "unit": "Mpc",
            "reference": [
                "2016A&A...594A..13P",
                "2017ApJ...835...64G",
                "2018arXiv180205105W"
            ],
            "default": true
        }
    ],
    "date_reference": [
        {
            "value": "2009-04-24",
            "date_format": "iso",
            "date_type": "discovery",
            "reference": [
                "2017ApJ...835...64G",
                "2018arXiv180205105W"
            ],
            "default": true
        },
        {
            "value": "2009-04-24 ",
            "date_format": "iso",
            "date_type": "discovery",
            "reference": [
                "2018MNRAS.477.2943W",
                "2023PASP..135c4101G"
            ],
            "default": false
        }
    ],
    "schema_version": {
        "comment": "Copied from tde.space;",
        "comments": "From Goldtooth et al. (2023)",
        "value": 0
    },
    "name": {
        "alias": [
            {
                "value": "J141036",
                "reference": [
                    "2018arXiv180205105W",
                    "2023PASP..135c4101G"
                ]
            }
        ],
        "default_name": "J141036"
    },
    "reference_alias": [
        {
            "name": "2018arXiv180205105W",
            "human_readable_name": "Wang et al. (2018)"
        },
        {
            "name": "2016A&A...594A..13P",
            "human_readable_name": "Planck Collaboration et al. (2016)"
        },
        {
            "name": "2011ApJ...737..103S",
            "human_readable_name": "Schlafly & Finkbeiner (2011)"
        },
        {
            "name": "2017ApJ...835...64G",
            "human_readable_name": "Guillochon et al. (2017)"
        },
        {
            "name": "2023PASP..135c4101G",
            "human_readable_name": "Goldtooth, Aaron et al. (2023)"
        },
        {
            "name": "2018MNRAS.477.2943W",
            "human_readable_name": "Wang, Tinggui et al. (2018)"
        }
    ],
    "filter_alias": [
        {
            "filter_key": "V",
            "wave_eff": 551,
            "wave_units": "nm",
            "filter_name": "V"
        },
        {
            "filter_key": "W1",
            "wave_eff": 3352.6,
            "wave_units": "nm",
            "filter_name": "W1"
        },
        {
            "filter_key": "W2",
            "wave_eff": 4602.8,
            "wave_units": "nm",
            "filter_name": "W2"
        }
    ],
    "photometry": [
        {
            "raw": [
                17.459
            ],
            "raw_err": [
                0.021
            ],
            "raw_units": "vega",
            "filter_key": [
                "V"
            ],
            "obs_type": [
                "uvoir"
            ],
            "date": [
                "54945.2"
            ],
            "date_format": "MJD",
            "upperlimit": [
                false
            ],
            "telescope": "CRTS",
            "corr_k": null,
            "corr_av": null,
            "corr_host": null,
            "corr_hostav": null,
            "reference": [
                "2018arXiv180205105W"
            ],
            "corr_s": null
        },
        {
            "raw": [
                14.167,
                13.716,
                14.222,
                13.61,
                13.884,
                13.185,
                14.276,
                13.594,
                14.219,
                13.618,
                14.306,
                13.689,
                14.281,
                13.72,
                14.261,
                13.846
            ],
            "raw_err": [
                0.031,
                0.061,
                0.023,
                0.049,
                0.02,
                0.031,
                0.035,
                0.066,
                0.033,
                0.061,
                0.038,
                0.067,
                0.026,
                0.06,
                0.029,
                0.051
            ],
            "raw_units": "vega",
            "filter_key": [
                "W1",
                "W2",
                "W1",
                "W2",
                "W1",
                "W2",
                "W1",
                "W2",
                "W1",
                "W2",
                "W1",
                "W2",
                "W1",
                "W2",
                "W1",
                "W2"
            ],
            "obs_type": [
                "uvoir",
                "uvoir",
                "uvoir",
                "uvoir",
                "uvoir",
                "uvoir",
                "uvoir",
                "uvoir",
                "uvoir",
                "uvoir",
                "uvoir",
                "uvoir",
                "uvoir",
                "uvoir",
                "uvoir",
                "uvoir"
            ],
            "date": [
                "55208.8",
                "55208.8",
                "55383.4",
                "55383.4",
                "55571.2",
                "55571.2",
                "56668.9",
                "56668.9",
                "56847.9",
                "56847.9",
                "57033.9",
                "57033.9",
                "57207.1",
                "57207.1",
                "57398.0",
                "57398.0"
            ],
            "date_format": "MJD",
            "upperlimit": [
                false,
                false,
                false,
                false,
                false,
                false,
                false,
                false,
                false,
                false,
                false,
                false,
                false,
                false,
                false,
                false
            ],
            "telescope": "WISE",
            "corr_k": null,
            "corr_av": null,
            "corr_host": null,
            "corr_hostav": null,
            "reference": [
                "2018arXiv180205105W"
            ],
            "corr_s": null
        }
    ],
    "host": [
        {
            "host_name": "SDSS J141036.81+265425.0",
            "host_ra": 212.65416666666664,
            "host_dec": 26.90694444444444,
            "host_ra_units": "deg",
            "host_dec_units": "deg",
            "reference": [
                "2023PASP..135c4101G",
                "2018MNRAS.477.2943W"
            ]
        }
    ]
}