{
    "_key": "884959",
    "_id": "transients/884959",
    "_rev": "_j6ZAuaW---",
    "classification": {
        "spec_classed": 0,
        "unambiguous": true,
        "value": [
            {
                "object_class": "TDE",
                "confidence": 1,
                "reference": [
                    "2016A&A...586A...9H",
                    "2017ApJ...835...64G",
                    "2023PASP..135c4101G"
                ],
                "default": true
            }
        ],
        "discovery_method": "xray"
    },
    "coordinate": [
        {
            "ra": "05:33:37.68",
            "dec": "+73:43:26.40",
            "ra_units": "hour",
            "dec_units": "deg",
            "reference": [
                "2017ApJ...838..149A"
            ],
            "coordinate_type": "equatorial"
        }
    ],
    "distance": [
        {
            "value": "0.004136",
            "distance_type": "redshift",
            "reference": [
                "2015arXiv150506612H",
                "2016A&A...586A...9H",
                "2017ApJ...838..149A",
                "2023PASP..135c4101G"
            ],
            "default": true
        },
        {
            "value": "18.29",
            "distance_type": "comoving",
            "unit": "Mpc",
            "reference": [
                "2015arXiv150506612H",
                "2016A&A...594A..13P",
                "2017ApJ...835...64G",
                "2017ApJ...838..149A"
            ],
            "default": true
        },
        {
            "value": "18.36",
            "distance_type": "luminosity",
            "unit": "Mpc",
            "reference": [
                "2015arXiv150506612H",
                "2016A&A...594A..13P",
                "2017ApJ...835...64G",
                "2017ApJ...838..149A"
            ],
            "default": true
        }
    ],
    "schema_version": {
        "comment": "Copied from tde.space;",
        "comments": "From Goldtooth et al. (2023)",
        "value": 0
    },
    "name": {
        "alias": [
            {
                "value": "UGC 03317",
                "reference": [
                    "2017ApJ...838..149A",
                    "2023PASP..135c4101G"
                ]
            }
        ],
        "default_name": "UGC 03317"
    },
    "reference_alias": [
        {
            "name": "2017ApJ...838..149A",
            "human_readable_name": "Auchettl, Guillochon, & Ramirez-Ruiz (2017)"
        },
        {
            "name": "2016A&A...594A..13P",
            "human_readable_name": "Planck Collaboration et al. (2016)"
        },
        {
            "name": "2015arXiv150506612H",
            "human_readable_name": "Hryniewicz & Walter (2015)"
        },
        {
            "name": "2011ApJ...737..103S",
            "human_readable_name": "Schlafly & Finkbeiner (2011)"
        },
        {
            "name": "2017ApJ...835...64G",
            "human_readable_name": "Guillochon et al. (2017)"
        },
        {
            "name": "2023PASP..135c4101G",
            "human_readable_name": "Goldtooth, Aaron et al. (2023)"
        },
        {
            "name": "2016A&A...586A...9H",
            "human_readable_name": "Hryniewicz, K. & Walter, R. (2016)"
        }
    ],
    "date_reference": [
        {
            "value": "2010-09-22 ",
            "date_format": "iso",
            "date_type": "discovery",
            "reference": [
                "2023PASP..135c4101G",
                "2016A&A...586A...9H"
            ],
            "default": true
        }
    ],
    "host": [
        {
            "host_name": "UGC 3317",
            "host_ra": 83.40833333333332,
            "host_dec": 73.72397222222223,
            "host_ra_units": "deg",
            "host_dec_units": "deg",
            "reference": [
                "2023PASP..135c4101G",
                "2016A&A...586A...9H"
            ]
        }
    ]
}