{
    "_key": "884900",
    "_id": "transients/884900",
    "_rev": "_j6Z_zQS---",
    "name": {
        "alias": [
            {
                "value": "WTP14acnjbu",
                "reference": [
                    "2024ApJ...961..211M"
                ]
            }
        ],
        "default_name": "WTP14acnjbu"
    },
    "coordinate": [
        {
            "ra": 264.328943,
            "dec": 19.292112,
            "ra_units": "deg",
            "dec_units": "deg",
            "reference": [
                "2024ApJ...961..211M"
            ],
            "coordinate_type": "equatorial"
        }
    ],
    "distance": [
        {
            "value": 0.026,
            "reference": [
                "2024ApJ...961..211M"
            ],
            "distance_type": "redshift"
        },
        {
            "value": 112.8,
            "reference": [
                "2024ApJ...961..211M"
            ],
            "unit": "Mpc",
            "distance_type": "luminosity"
        }
    ],
    "date_reference": [
        {
            "value": 57823,
            "reference": [
                "2024ApJ...961..211M"
            ],
            "date_format": "mjd",
            "date_type": "explosion"
        }
    ],
    "classification": {
        "spec_classed": 2,
        "unambiguous": true,
        "value": [
            {
                "object_class": "TDE",
                "confidence": 3.2,
                "reference": [
                    "2024ApJ...961..211M"
                ]
            }
        ],
        "discovery_method": "uvoir"
    },
    "photometry": [
        {
            "date": [
                2017.7796142330576,
                2018.1398733278843,
                2018.302117470696,
                2018.465205583938,
                2018.6241779630072,
                2018.774760175405,
                2019.1564441202984,
                2019.3181885689223,
                2019.4529408149497,
                2019.6433813849085,
                2019.7919614336377,
                2020.142239730016,
                2020.3757316708209,
                2020.5401413830089,
                2020.6902302971569,
                2021.1020433072567,
                2021.3016657678,
                2021.470761467766,
                2021.629714760728,
                2021.7680901875565,
                2022.1398099727191,
                2022.243406679161,
                2022.3636059231253,
                2022.535749450734,
                2022.737998211987,
                2023.1577162790888,
                2015.112291556086,
                2015.2421024749185,
                2015.396297255131,
                2015.5553647661848,
                2015.7067996422777,
                2016.139727774838,
                2016.2937732863024,
                2016.472274208988,
                2016.6226887276737,
                2016.7523336806464,
                2017.161198841458,
                2017.3123273948268,
                2017.501254857848,
                2017.6544866871109,
                2017.7622232964231,
                2018.2673237130416,
                2018.4128521628768,
                2018.555254275736,
                2018.71451678636
            ],
            "date_format": [
                "decimalyear",
                "decimalyear",
                "decimalyear",
                "decimalyear",
                "decimalyear",
                "decimalyear",
                "decimalyear",
                "decimalyear",
                "decimalyear",
                "decimalyear",
                "decimalyear",
                "decimalyear",
                "decimalyear",
                "decimalyear",
                "decimalyear",
                "decimalyear",
                "decimalyear",
                "decimalyear",
                "decimalyear",
                "decimalyear",
                "decimalyear",
                "decimalyear",
                "decimalyear",
                "decimalyear",
                "decimalyear",
                "decimalyear",
                "decimalyear",
                "decimalyear",
                "decimalyear",
                "decimalyear",
                "decimalyear",
                "decimalyear",
                "decimalyear",
                "decimalyear",
                "decimalyear",
                "decimalyear",
                "decimalyear",
                "decimalyear",
                "decimalyear",
                "decimalyear",
                "decimalyear",
                "decimalyear",
                "decimalyear",
                "decimalyear",
                "decimalyear"
            ],
            "filter_key": [
                "g",
                "g",
                "g",
                "g",
                "g",
                "g",
                "g",
                "g",
                "g",
                "g",
                "g",
                "g",
                "g",
                "g",
                "g",
                "g",
                "g",
                "g",
                "g",
                "g",
                "g",
                "g",
                "g",
                "g",
                "g",
                "g",
                "V",
                "V",
                "V",
                "V",
                "V",
                "V",
                "V",
                "V",
                "V",
                "V",
                "V",
                "V",
                "V",
                "V",
                "V",
                "V",
                "V",
                "V",
                "V"
            ],
            "raw": [
                0.0367328258581932,
                0.03488674540506774,
                0.056647688730935467,
                0.04301400459258588,
                0.057999518442299704,
                0.05196488147624265,
                0.020194545868136037,
                0.023899450179527788,
                0.02813296649828058,
                0.015530531163520682,
                0.02519353666185639,
                0.03252418831273671,
                0.024521145118620514,
                0.020704077545256418,
                0.019466077592419827,
                0.04292307019534167,
                0.022049702768666246,
                0.023213228231709453,
                0.02431307326042899,
                0.029001583175707262,
                0.029746899369726208,
                0.0677315074520667,
                0.01571971425049365,
                0.05462086693313191,
                0.02729326459738284,
                0.07198083790467477,
                0.0763089018141676,
                0.06411345346324446,
                0.0525884826617847,
                0.049143110931762754,
                0.08569467089753838,
                0.02998830592758045,
                0.031233974183708074,
                0.05473750617523061,
                0.04421420839223493,
                0.10412624441440309,
                0.04568289494648832,
                0.029262582425837583,
                0.05512822723326802,
                0.039555742908520056,
                0.2763,
                0.08692511980942488,
                0.046091772748287324,
                0.0460157486781467,
                0.07682009430718409
            ],
            "raw_err": [
                0,
                0,
                0,
                0,
                0,
                0,
                0,
                0,
                0,
                0,
                0,
                0,
                0,
                0,
                0,
                0,
                0,
                0,
                0,
                0,
                0,
                0,
                0,
                0,
                0,
                0,
                0,
                0,
                0,
                0,
                0,
                0,
                0,
                0,
                0,
                0,
                0,
                0,
                0,
                0,
                0,
                0,
                0,
                0,
                0
            ],
            "raw_units": [
                "mJy",
                "mJy",
                "mJy",
                "mJy",
                "mJy",
                "mJy",
                "mJy",
                "mJy",
                "mJy",
                "mJy",
                "mJy",
                "mJy",
                "mJy",
                "mJy",
                "mJy",
                "mJy",
                "mJy",
                "mJy",
                "mJy",
                "mJy",
                "mJy",
                "mJy",
                "mJy",
                "mJy",
                "mJy",
                "mJy",
                "mJy",
                "mJy",
                "mJy",
                "mJy",
                "mJy",
                "mJy",
                "mJy",
                "mJy",
                "mJy",
                "mJy",
                "mJy",
                "mJy",
                "mJy",
                "mJy",
                "mJy",
                "mJy",
                "mJy",
                "mJy",
                "mJy"
            ],
            "telescope": "ASASSN",
            "upperlimit": [
                true,
                true,
                true,
                true,
                true,
                true,
                true,
                true,
                true,
                true,
                true,
                true,
                true,
                true,
                true,
                true,
                true,
                true,
                true,
                true,
                true,
                true,
                true,
                true,
                true,
                true,
                true,
                true,
                true,
                true,
                true,
                true,
                true,
                true,
                true,
                true,
                true,
                true,
                true,
                true,
                true,
                true,
                true,
                true,
                true
            ],
            "corr_k": false,
            "corr_s": false,
            "corr_host": true,
            "corr_av": false,
            "corr_hostav": false,
            "val_host": [
                1.586,
                1.586,
                1.586,
                1.586,
                1.586,
                1.586,
                1.586,
                1.586,
                1.586,
                1.586,
                1.586,
                1.586,
                1.586,
                1.586,
                1.586,
                1.586,
                1.586,
                1.586,
                1.586,
                1.586,
                1.586,
                1.586,
                1.586,
                1.586,
                1.586,
                1.586,
                2.428,
                2.428,
                2.428,
                2.428,
                2.428,
                2.428,
                2.428,
                2.428,
                2.428,
                2.428,
                2.428,
                2.428,
                2.428,
                2.428,
                2.428,
                2.428,
                2.428,
                2.428,
                2.428
            ],
            "obs_type": "uvoir",
            "reference": [
                "2024ApJ...961..211M"
            ]
        },
        {
            "date": [
                55268.8828013,
                55450.745962985005,
                56730.98859854,
                56913.173145975,
                57094.38820875,
                57272.009081715005,
                57459.95380196,
                57630.94651103,
                57827.626631005,
                57992.994464405,
                58191.257125265,
                58354.968113235,
                58555.473153015,
                58719.12612511,
                58921.33030982,
                59085.126155535,
                59286.66531422,
                59450.310242825,
                59650.91225099,
                59814.489274285006,
                55268.8828013,
                55450.745962985005,
                56730.98859854,
                56913.173145975,
                57094.38820875,
                57272.009081715005,
                57459.95380196,
                57630.94651103,
                57827.626631005,
                57992.994464405,
                58191.257125265,
                58354.968113235,
                58555.473153015,
                58719.12618879,
                58921.33024616,
                59085.126155535,
                59286.66531422,
                59450.310306485,
                59650.91225099,
                59814.55428018
            ],
            "date_format": [
                "mjd",
                "mjd",
                "mjd",
                "mjd",
                "mjd",
                "mjd",
                "mjd",
                "mjd",
                "mjd",
                "mjd",
                "mjd",
                "mjd",
                "mjd",
                "mjd",
                "mjd",
                "mjd",
                "mjd",
                "mjd",
                "mjd",
                "mjd",
                "mjd",
                "mjd",
                "mjd",
                "mjd",
                "mjd",
                "mjd",
                "mjd",
                "mjd",
                "mjd",
                "mjd",
                "mjd",
                "mjd",
                "mjd",
                "mjd",
                "mjd",
                "mjd",
                "mjd",
                "mjd",
                "mjd",
                "mjd"
            ],
            "filter_key": [
                "W1",
                "W1",
                "W1",
                "W1",
                "W1",
                "W1",
                "W1",
                "W1",
                "W1",
                "W1",
                "W1",
                "W1",
                "W1",
                "W1",
                "W1",
                "W1",
                "W1",
                "W1",
                "W1",
                "W1",
                "W2",
                "W2",
                "W2",
                "W2",
                "W2",
                "W2",
                "W2",
                "W2",
                "W2",
                "W2",
                "W2",
                "W2",
                "W2",
                "W2",
                "W2",
                "W2",
                "W2",
                "W2",
                "W2",
                "W2"
            ],
            "raw": [
                0.01662252905876898,
                0.0150448297323339,
                0.02065322456745957,
                0.3290833780517578,
                0.4134535045166016,
                0.4315813787841797,
                0.02277267825447534,
                0.02437592205390501,
                0.1667289428100586,
                0.8568511911621094,
                1.1092201516113285,
                1.809757929199219,
                1.0133994477539063,
                1.2043378352050782,
                0.7559192380371095,
                0.8581003176269532,
                0.4696695516357422,
                0.6711465666503906,
                0.2128920038452148,
                0.1648656071777344,
                0.03387334343360136,
                0.030769380928974147,
                0.22145403125,
                0.403688283203125,
                0.8917186308593752,
                0.7033940000000001,
                0.1611987380371093,
                0.1568139243164062,
                0.74710299609375,
                1.52917792578125,
                2.7674506054687504,
                3.4972891015625,
                2.68642012890625,
                2.2183679843750004,
                1.8960463671875,
                1.62473400390625,
                1.242443259765625,
                1.070533375,
                0.755182208984375,
                0.2922356215820313
            ],
            "raw_err": [
                0,
                0,
                0,
                0.0011270530246872,
                0.0017596462873817,
                0.0019158512339029,
                0,
                0,
                0.0003434723063862,
                0.0074055714947276,
                0.0123679601439496,
                0.0328212304302907,
                0.010346957054819,
                0.0145748824866598,
                0.0057793133936448,
                0.007436175423808,
                0.0022796681449873,
                0.0045746649814852,
                0.0005125895502934,
                0.0003566283700656,
                0,
                0,
                0.0006188825094444,
                0.0017751057814906,
                0.0081152217248804,
                0.0051947132763554,
                0.0004702245369707,
                0.0004811362245878,
                0.0058358240093146,
                0.0236503771463781,
                0.0768436653704986,
                0.122583462062617,
                0.0724528066973336,
                0.0494837493971166,
                0.0361771683891219,
                0.0266584571674874,
                0.0156995599674,
                0.0117582820088996,
                0.0059594892912224,
                0.0011758804216541
            ],
            "raw_units": [
                "mJy",
                "mJy",
                "mJy",
                "mJy",
                "mJy",
                "mJy",
                "mJy",
                "mJy",
                "mJy",
                "mJy",
                "mJy",
                "mJy",
                "mJy",
                "mJy",
                "mJy",
                "mJy",
                "mJy",
                "mJy",
                "mJy",
                "mJy",
                "mJy",
                "mJy",
                "mJy",
                "mJy",
                "mJy",
                "mJy",
                "mJy",
                "mJy",
                "mJy",
                "mJy",
                "mJy",
                "mJy",
                "mJy",
                "mJy",
                "mJy",
                "mJy",
                "mJy",
                "mJy",
                "mJy",
                "mJy"
            ],
            "telescope": "WISE",
            "upperlimit": [
                true,
                true,
                true,
                false,
                false,
                false,
                true,
                true,
                false,
                false,
                false,
                false,
                false,
                false,
                false,
                false,
                false,
                false,
                false,
                false,
                true,
                true,
                false,
                false,
                false,
                false,
                false,
                false,
                false,
                false,
                false,
                false,
                false,
                false,
                false,
                false,
                false,
                false,
                false,
                false
            ],
            "corr_k": false,
            "corr_s": false,
            "corr_host": true,
            "corr_av": false,
            "corr_hostav": false,
            "val_host": [
                2.2746760400390627,
                2.2746760400390627,
                2.2746760400390627,
                2.2746760400390627,
                2.2746760400390627,
                2.2746760400390627,
                2.2746760400390627,
                2.2746760400390627,
                2.2746760400390627,
                2.2746760400390627,
                2.2746760400390627,
                2.2746760400390627,
                2.2746760400390627,
                2.2746760400390627,
                2.2746760400390627,
                2.2746760400390627,
                2.2746760400390627,
                2.2746760400390627,
                2.2746760400390627,
                2.2746760400390627,
                1.4961863437500005,
                1.4961863437500005,
                1.4961863437500005,
                1.4961863437500005,
                1.4961863437500005,
                1.4961863437500005,
                1.4961863437500005,
                1.4961863437500005,
                1.4961863437500005,
                1.4961863437500005,
                1.4961863437500005,
                1.4961863437500005,
                1.4961863437500005,
                1.4961863437500005,
                1.4961863437500005,
                1.4961863437500005,
                1.4961863437500005,
                1.4961863437500005,
                1.4961863437500005,
                1.4961863437500005
            ],
            "obs_type": "uvoir",
            "reference": [
                "2024ApJ...961..211M"
            ]
        },
        {
            "date": [
                60052.3355101725
            ],
            "date_format": [
                "mjd"
            ],
            "filter_key": [
                "0.3-10 "
            ],
            "raw": [
                4.6571e-13
            ],
            "raw_err": [
                0
            ],
            "raw_units": [
                "erg/s/cm^2"
            ],
            "telescope": "Swift",
            "upperlimit": [
                true
            ],
            "corr_k": false,
            "corr_s": false,
            "corr_host": false,
            "corr_av": false,
            "corr_hostav": false,
            "obs_type": "xray",
            "xray_model": [
                {
                    "model_name": "Powerlaw",
                    "param_names": [
                        "Gamma"
                    ],
                    "param_values": [
                        2
                    ],
                    "param_units": [
                        "None"
                    ],
                    "min_energy": 0.3,
                    "max_energy": 10,
                    "energy_units": "keV",
                    "model_reference": "2024ApJ...961..211M"
                }
            ],
            "reference": [
                "2024ApJ...961..211M"
            ],
            "raw_err_detail": {
                "upper": [
                    0
                ],
                "lower": [
                    0
                ]
            }
        }
    ],
    "filter_alias": [
        {
            "filter_key": "g",
            "filter_name": "g",
            "wave_eff": 471.8872246248687,
            "wave_units": "nm"
        },
        {
            "filter_key": "V",
            "filter_name": "V",
            "wave_eff": 553.7155963302753,
            "wave_units": "nm"
        },
        {
            "filter_key": "W1",
            "filter_name": "W1",
            "wave_eff": 261.3713060531025,
            "wave_units": "nm"
        },
        {
            "filter_key": "W2",
            "filter_name": "W2",
            "wave_eff": 207.98754332676123,
            "wave_units": "nm"
        },
        {
            "filter_key": "0.3-10 ",
            "filter_name": "0.3-10 ",
            "wave_eff": 0.12781876127134048,
            "wave_min": 0.12398419843320027,
            "wave_max": 4.132806614440009,
            "wave_units": "nm"
        }
    ],
    "reference_alias": [
        {
            "name": "2024ApJ...961..211M",
            "human_readable_name": "Masterson, Megan et al. (2024)"
        }
    ]
}