{
    "_key": "884825",
    "_id": "transients/884825",
    "_rev": "_j6Z-sou---",
    "name": {
        "alias": [
            {
                "value": "WTP17aamoxe",
                "reference": [
                    "2024ApJ...961..211M"
                ]
            }
        ],
        "default_name": "WTP17aamoxe"
    },
    "coordinate": [
        {
            "ra": 317.242691,
            "dec": -56.475355,
            "ra_units": "deg",
            "dec_units": "deg",
            "reference": [
                "2024ApJ...961..211M"
            ],
            "coordinate_type": "equatorial"
        }
    ],
    "distance": [
        {
            "value": 0.042,
            "reference": [
                "2024ApJ...961..211M"
            ],
            "distance_type": "redshift"
        },
        {
            "value": 183.6,
            "reference": [
                "2024ApJ...961..211M"
            ],
            "unit": "Mpc",
            "distance_type": "luminosity"
        }
    ],
    "date_reference": [
        {
            "value": 57934,
            "reference": [
                "2024ApJ...961..211M"
            ],
            "date_format": "mjd",
            "date_type": "explosion"
        }
    ],
    "classification": {
        "spec_classed": 3,
        "unambiguous": true,
        "value": [
            {
                "object_class": "TDE",
                "confidence": 3.3,
                "reference": [
                    "2024ApJ...961..211M"
                ]
            }
        ],
        "discovery_method": "uvoir"
    },
    "photometry": [
        {
            "date": [
                2017.795470041989,
                2017.927024484889,
                2018.3090130700664,
                2018.4583533443408,
                2018.644145490941,
                2018.8080233500268,
                2018.900784584491,
                2019.3103036200196,
                2019.2066113830224,
                2019.4762759498312,
                2019.580552797223,
                2019.6521989838925,
                2019.764112221614,
                2019.8495507920727,
                2019.8938182575891,
                2020.2090557561855,
                2020.452828875594,
                2020.5964151683547,
                2020.8153709682288,
                2020.910101768265,
                2021.289052805916,
                2021.3691632541384,
                2021.474135604983,
                2021.6360866911905,
                2021.7566214755184,
                2021.866146636558,
                2021.958303143011,
                2022.2896436467647,
                2022.4746101762585,
                2022.6245924538623,
                2022.6067553609385,
                2022.7733396174344,
                2022.8944970403445,
                2022.9450776869528,
                2023.2876866631088,
                2023.2432752043824,
                2014.446369475491,
                2014.6166927070908,
                2014.7665124147804,
                2014.9174737285,
                2015.3066625381368,
                2015.4671074380733,
                2015.6423860021305,
                2015.8290716285696,
                2015.9106551951104,
                2016.310600418896,
                2016.4654084304436,
                2016.6487411241465,
                2016.808989700413,
                2016.9087904583605,
                2017.300388296693,
                2017.236755409849,
                2017.49768234864,
                2017.6719381067528,
                2017.8471186491668,
                2018.299771347448,
                2018.592246330203,
                2018.69754817506
            ],
            "date_format": [
                "decimalyear",
                "decimalyear",
                "decimalyear",
                "decimalyear",
                "decimalyear",
                "decimalyear",
                "decimalyear",
                "decimalyear",
                "decimalyear",
                "decimalyear",
                "decimalyear",
                "decimalyear",
                "decimalyear",
                "decimalyear",
                "decimalyear",
                "decimalyear",
                "decimalyear",
                "decimalyear",
                "decimalyear",
                "decimalyear",
                "decimalyear",
                "decimalyear",
                "decimalyear",
                "decimalyear",
                "decimalyear",
                "decimalyear",
                "decimalyear",
                "decimalyear",
                "decimalyear",
                "decimalyear",
                "decimalyear",
                "decimalyear",
                "decimalyear",
                "decimalyear",
                "decimalyear",
                "decimalyear",
                "decimalyear",
                "decimalyear",
                "decimalyear",
                "decimalyear",
                "decimalyear",
                "decimalyear",
                "decimalyear",
                "decimalyear",
                "decimalyear",
                "decimalyear",
                "decimalyear",
                "decimalyear",
                "decimalyear",
                "decimalyear",
                "decimalyear",
                "decimalyear",
                "decimalyear",
                "decimalyear",
                "decimalyear",
                "decimalyear",
                "decimalyear",
                "decimalyear"
            ],
            "filter_key": [
                "g",
                "g",
                "g",
                "g",
                "g",
                "g",
                "g",
                "g",
                "g",
                "g",
                "g",
                "g",
                "g",
                "g",
                "g",
                "g",
                "g",
                "g",
                "g",
                "g",
                "g",
                "g",
                "g",
                "g",
                "g",
                "g",
                "g",
                "g",
                "g",
                "g",
                "g",
                "g",
                "g",
                "g",
                "g",
                "g",
                "V",
                "V",
                "V",
                "V",
                "V",
                "V",
                "V",
                "V",
                "V",
                "V",
                "V",
                "V",
                "V",
                "V",
                "V",
                "V",
                "V",
                "V",
                "V",
                "V",
                "V",
                "V"
            ],
            "raw": [
                0.0782306760375856,
                0.07618371431194268,
                0.03863098267322859,
                0.04260553505465367,
                0.03789472023598578,
                0.025126601679043053,
                0.07675548710198904,
                0.029981310507155908,
                0.7850999999999999,
                0.02719567745822124,
                0.01633125204510318,
                0.016575659975440624,
                0.022062503134153325,
                0.13987350180554797,
                0.03677837631881691,
                0.14843979530789603,
                0.033529234409893804,
                0.02008228309494054,
                0.02637237739016223,
                0.0642288023487747,
                0.03377990476574069,
                0.04757759188695378,
                0.021039501533148784,
                0.021176237077791572,
                0.024133641847804893,
                0.02202021345357192,
                1.0773000000000001,
                0.0201210069857658,
                0.0152165575623831,
                0.014266078474403369,
                0.3131200073266208,
                0.018930467389513407,
                0.054171581109709294,
                0.055982247838502426,
                0.020128820607925653,
                2.62175213325421,
                0.060671627036929444,
                0.037940948947048164,
                0.06001911708749889,
                0.13198136392667423,
                0.08024636250087216,
                0.07344251225044174,
                0.060125895613220126,
                0.038911621144374964,
                0.1015883631850243,
                0.1240178173113118,
                0.051324985580277864,
                0.03511041082508109,
                0.02691347419513446,
                0.08773350018106552,
                0.05297974725176958,
                0.6534,
                0.036217194633786906,
                0.07784530055253078,
                0.07805678943043423,
                0.0642505015148865,
                0.08079818834998109,
                0.12539934720571047
            ],
            "raw_err": [
                0.0078158478095534,
                0,
                0,
                0,
                0,
                0,
                0,
                0,
                0,
                0,
                0,
                0,
                0,
                0,
                0,
                0,
                0,
                0,
                0,
                0,
                0,
                0,
                0,
                0,
                0,
                0,
                0,
                0,
                0,
                0,
                0,
                0,
                0,
                0,
                0,
                0.0971214859240504,
                0,
                0,
                0,
                0,
                0,
                0,
                0,
                0,
                0,
                0,
                0,
                0,
                0,
                0,
                0,
                0,
                0,
                0,
                0,
                0,
                0,
                0
            ],
            "raw_units": [
                "mJy",
                "mJy",
                "mJy",
                "mJy",
                "mJy",
                "mJy",
                "mJy",
                "mJy",
                "mJy",
                "mJy",
                "mJy",
                "mJy",
                "mJy",
                "mJy",
                "mJy",
                "mJy",
                "mJy",
                "mJy",
                "mJy",
                "mJy",
                "mJy",
                "mJy",
                "mJy",
                "mJy",
                "mJy",
                "mJy",
                "mJy",
                "mJy",
                "mJy",
                "mJy",
                "mJy",
                "mJy",
                "mJy",
                "mJy",
                "mJy",
                "mJy",
                "mJy",
                "mJy",
                "mJy",
                "mJy",
                "mJy",
                "mJy",
                "mJy",
                "mJy",
                "mJy",
                "mJy",
                "mJy",
                "mJy",
                "mJy",
                "mJy",
                "mJy",
                "mJy",
                "mJy",
                "mJy",
                "mJy",
                "mJy",
                "mJy",
                "mJy"
            ],
            "telescope": "ASASSN",
            "upperlimit": [
                false,
                true,
                true,
                true,
                true,
                true,
                true,
                true,
                true,
                true,
                true,
                true,
                true,
                true,
                true,
                true,
                true,
                true,
                true,
                true,
                true,
                true,
                true,
                true,
                true,
                true,
                true,
                true,
                true,
                true,
                true,
                true,
                true,
                true,
                true,
                false,
                true,
                true,
                true,
                true,
                true,
                true,
                true,
                true,
                true,
                true,
                true,
                true,
                true,
                true,
                true,
                true,
                true,
                true,
                true,
                true,
                true,
                true
            ],
            "corr_k": false,
            "corr_s": false,
            "corr_host": true,
            "corr_av": false,
            "corr_hostav": false,
            "val_host": [
                1.685,
                1.685,
                1.685,
                1.685,
                1.685,
                1.685,
                1.685,
                1.685,
                1.685,
                1.685,
                1.685,
                1.685,
                1.685,
                1.685,
                1.685,
                1.685,
                1.685,
                1.685,
                1.685,
                1.685,
                1.685,
                1.685,
                1.685,
                1.685,
                1.685,
                1.685,
                1.685,
                1.685,
                1.685,
                1.685,
                1.685,
                1.685,
                1.685,
                1.685,
                1.685,
                1.685,
                2.652,
                2.652,
                2.652,
                2.652,
                2.652,
                2.652,
                2.652,
                2.652,
                2.652,
                2.652,
                2.652,
                2.652,
                2.652,
                2.652,
                2.652,
                2.652,
                2.652,
                2.652,
                2.652,
                2.652,
                2.652,
                2.652
            ],
            "obs_type": "uvoir",
            "reference": [
                "2024ApJ...961..211M"
            ]
        },
        {
            "date": [
                55307.66663176,
                55489.783980395005,
                56771.49025008,
                56951.82832172,
                57134.2557394,
                57312.891237465,
                57502.303617725,
                57671.35098577,
                57864.21235283,
                58033.34033908,
                58229.75336512001,
                58393.88879361,
                58596.11372082,
                58760.028799585,
                58961.04224187,
                59125.13237229,
                59325.31232265,
                59489.37747063,
                59690.820243975,
                59854.904391355,
                55307.66663176,
                55489.783980395005,
                56771.49025008,
                56951.82832172,
                57134.2557394,
                57312.891237465,
                57502.303617725,
                57671.35098577,
                57864.21235283,
                58033.34033908,
                58229.75336512001,
                58393.88879361,
                58596.11372082,
                58760.028799585,
                58961.04224187,
                59125.13237229,
                59325.31232265,
                59489.37747063,
                59690.820243975,
                59854.904391355
            ],
            "date_format": [
                "mjd",
                "mjd",
                "mjd",
                "mjd",
                "mjd",
                "mjd",
                "mjd",
                "mjd",
                "mjd",
                "mjd",
                "mjd",
                "mjd",
                "mjd",
                "mjd",
                "mjd",
                "mjd",
                "mjd",
                "mjd",
                "mjd",
                "mjd",
                "mjd",
                "mjd",
                "mjd",
                "mjd",
                "mjd",
                "mjd",
                "mjd",
                "mjd",
                "mjd",
                "mjd",
                "mjd",
                "mjd",
                "mjd",
                "mjd",
                "mjd",
                "mjd",
                "mjd",
                "mjd",
                "mjd",
                "mjd"
            ],
            "filter_key": [
                "W1",
                "W1",
                "W1",
                "W1",
                "W1",
                "W1",
                "W1",
                "W1",
                "W1",
                "W1",
                "W1",
                "W1",
                "W1",
                "W1",
                "W1",
                "W1",
                "W1",
                "W1",
                "W1",
                "W1",
                "W2",
                "W2",
                "W2",
                "W2",
                "W2",
                "W2",
                "W2",
                "W2",
                "W2",
                "W2",
                "W2",
                "W2",
                "W2",
                "W2",
                "W2",
                "W2",
                "W2",
                "W2",
                "W2",
                "W2"
            ],
            "raw": [
                0.0721283400878906,
                0.01743367893522333,
                0.016997325704187872,
                0.019768354567037336,
                0.02373137646024798,
                0.022355221563040498,
                0.02194765452530622,
                0.0835635372619629,
                0.02142604598830032,
                6.033487529296875,
                6.847345248046875,
                4.095863800781251,
                1.701522833496094,
                1.1405987395019532,
                0.5535688227539063,
                0.4527871450195312,
                0.3457682841796875,
                0.2375608747558593,
                0.022534165634031753,
                0.1356792143554687,
                0.031606489877071375,
                0.032102056227172854,
                0.036001621946628565,
                0.039755415166728966,
                0.048948046395904526,
                0.047499288070587155,
                0.04110418945814895,
                0.044114540267280566,
                0.04742716339228821,
                5.4680869375,
                9.351601703125,
                6.397343812500001,
                3.4880027812500005,
                2.22422757421875,
                1.279384291015625,
                0.8535884648437502,
                0.8474764179687501,
                0.430407744140625,
                0.2520726347656249,
                0.252300400390625
            ],
            "raw_err": [
                8.916536289953149e-05,
                0,
                0,
                0,
                0,
                0,
                0,
                0.0001169381180426,
                0,
                0.3641043323181119,
                0.4689334201133388,
                0.1678294590285901,
                0.0290098296454801,
                0.0130675510222255,
                0.0031176093690506,
                0.0021238355261445,
                0.0012558440980412,
                0.0006257159869169,
                0,
                0.0002397609687643,
                0,
                0,
                0,
                0,
                0,
                0,
                0,
                0,
                0,
                0.2992635746138045,
                0.8748103878716059,
                0.4095609737868383,
                0.1219010399814611,
                0.0497424892642227,
                0.0166785147041623,
                0.0076117825133913,
                0.0074270554770525,
                0.0021402607280005,
                0.0008812878536873,
                0.000872218336205
            ],
            "raw_units": [
                "mJy",
                "mJy",
                "mJy",
                "mJy",
                "mJy",
                "mJy",
                "mJy",
                "mJy",
                "mJy",
                "mJy",
                "mJy",
                "mJy",
                "mJy",
                "mJy",
                "mJy",
                "mJy",
                "mJy",
                "mJy",
                "mJy",
                "mJy",
                "mJy",
                "mJy",
                "mJy",
                "mJy",
                "mJy",
                "mJy",
                "mJy",
                "mJy",
                "mJy",
                "mJy",
                "mJy",
                "mJy",
                "mJy",
                "mJy",
                "mJy",
                "mJy",
                "mJy",
                "mJy",
                "mJy",
                "mJy"
            ],
            "telescope": "WISE",
            "upperlimit": [
                false,
                true,
                true,
                true,
                true,
                true,
                true,
                false,
                true,
                false,
                false,
                false,
                false,
                false,
                false,
                false,
                false,
                false,
                true,
                false,
                true,
                true,
                true,
                true,
                true,
                true,
                true,
                true,
                true,
                false,
                false,
                false,
                false,
                false,
                false,
                false,
                false,
                false,
                false,
                false
            ],
            "corr_k": false,
            "corr_s": false,
            "corr_host": true,
            "corr_av": false,
            "corr_hostav": false,
            "val_host": [
                3.108058696289062,
                3.108058696289062,
                3.108058696289062,
                3.108058696289062,
                3.108058696289062,
                3.108058696289062,
                3.108058696289062,
                3.108058696289062,
                3.108058696289062,
                3.108058696289062,
                3.108058696289062,
                3.108058696289062,
                3.108058696289062,
                3.108058696289062,
                3.108058696289062,
                3.108058696289062,
                3.108058696289062,
                3.108058696289062,
                3.108058696289062,
                3.108058696289062,
                2.1368503984375,
                2.1368503984375,
                2.1368503984375,
                2.1368503984375,
                2.1368503984375,
                2.1368503984375,
                2.1368503984375,
                2.1368503984375,
                2.1368503984375,
                2.1368503984375,
                2.1368503984375,
                2.1368503984375,
                2.1368503984375,
                2.1368503984375,
                2.1368503984375,
                2.1368503984375,
                2.1368503984375,
                2.1368503984375,
                2.1368503984375,
                2.1368503984375
            ],
            "obs_type": "uvoir",
            "reference": [
                "2024ApJ...961..211M"
            ]
        },
        {
            "date": [
                2020.3110678190144,
                2020.8193959661503,
                2021.316143581938,
                2021.824951357179
            ],
            "date_format": [
                "decimalyear",
                "decimalyear",
                "decimalyear",
                "decimalyear"
            ],
            "filter_key": [
                "0.2-2.3",
                "0.2-2.3",
                "0.2-2.3",
                "0.2-2.3"
            ],
            "raw": [
                1.551706219028379e-13,
                6.238561642106509e-13,
                8.608290810859996e-14,
                1.720697587475225e-13
            ],
            "raw_err": [
                4.047380919997012e-14,
                8.329150086652803e-14,
                2.8549225158415465e-14,
                0
            ],
            "raw_units": [
                "erg/s/cm^2",
                "erg/s/cm^2",
                "erg/s/cm^2",
                "erg/s/cm^2"
            ],
            "telescope": "eROSITA",
            "upperlimit": [
                false,
                false,
                false,
                true
            ],
            "corr_k": false,
            "corr_s": false,
            "corr_host": false,
            "corr_av": false,
            "corr_hostav": false,
            "obs_type": "xray",
            "xray_model": [
                {
                    "model_name": "Absorbed Powerlaw",
                    "param_names": [
                        "Gamma",
                        "N_H"
                    ],
                    "param_values": [
                        2,
                        3e+20
                    ],
                    "param_units": [
                        "None",
                        "cm^-2"
                    ],
                    "min_energy": 0.2,
                    "max_energy": 2.3,
                    "energy_units": "keV",
                    "model_reference": "2024ApJ...961..211M"
                },
                {
                    "model_name": "Absorbed Powerlaw",
                    "param_names": [
                        "Gamma",
                        "N_H"
                    ],
                    "param_values": [
                        2,
                        3e+20
                    ],
                    "param_units": [
                        "None",
                        "cm^-2"
                    ],
                    "min_energy": 0.2,
                    "max_energy": 2.3,
                    "energy_units": "keV",
                    "model_reference": "2024ApJ...961..211M"
                },
                {
                    "model_name": "Absorbed Powerlaw",
                    "param_names": [
                        "Gamma",
                        "N_H"
                    ],
                    "param_values": [
                        2,
                        3e+20
                    ],
                    "param_units": [
                        "None",
                        "cm^-2"
                    ],
                    "min_energy": 0.2,
                    "max_energy": 2.3,
                    "energy_units": "keV",
                    "model_reference": "2024ApJ...961..211M"
                },
                {
                    "model_name": "Absorbed Powerlaw",
                    "param_names": [
                        "Gamma",
                        "N_H"
                    ],
                    "param_values": [
                        2,
                        3e+20
                    ],
                    "param_units": [
                        "None",
                        "cm^-2"
                    ],
                    "min_energy": 0.2,
                    "max_energy": 2.3,
                    "energy_units": "keV",
                    "model_reference": "2024ApJ...961..211M"
                }
            ],
            "reference": [
                "2024ApJ...961..211M"
            ]
        }
    ],
    "filter_alias": [
        {
            "filter_key": "g",
            "filter_name": "g",
            "wave_eff": 471.8872246248687,
            "wave_units": "nm"
        },
        {
            "filter_key": "V",
            "filter_name": "V",
            "wave_eff": 553.7155963302753,
            "wave_units": "nm"
        },
        {
            "filter_key": "W1",
            "filter_name": "W1",
            "wave_eff": 261.3713060531025,
            "wave_units": "nm"
        },
        {
            "filter_key": "W2",
            "filter_name": "W2",
            "wave_eff": 207.98754332676123,
            "wave_units": "nm"
        },
        {
            "filter_key": "0.2-2.3",
            "filter_name": "0.2-2.3",
            "wave_eff": 0.5904009449200014,
            "wave_min": 0.539061732318262,
            "wave_max": 6.199209921660012,
            "wave_units": "nm"
        }
    ],
    "reference_alias": [
        {
            "name": "2024ApJ...961..211M",
            "human_readable_name": "Masterson, Megan et al. (2024)"
        }
    ]
}