{
    "_key": "884805",
    "_id": "transients/884805",
    "_rev": "_j6Z-Z0a---",
    "coordinate": [
        {
            "ra": "18:08:07.549",
            "dec": "+13:15:05.40",
            "ra_units": "hour",
            "dec_units": "deg",
            "coordinate_type": "equatorial",
            "reference": [
                "2017ATel10216....1K"
            ],
            "default": true
        },
        {
            "ra": "272.031417",
            "dec": "13.251511",
            "ra_units": "deg",
            "dec_units": "deg",
            "coordinate_type": "equatorial",
            "epoch": "J2000",
            "frame": "ICRS",
            "reference": [
                "2019TNSTR1760....1H"
            ],
            "default": false
        }
    ],
    "name": {
        "alias": [
            {
                "value": "2019pqt",
                "reference": [
                    "TNS"
                ]
            },
            {
                "value": "Gaia19dya",
                "reference": [
                    "TNS"
                ]
            },
            {
                "value": "MAXI J1807+132",
                "reference": [
                    "2017ATel10216....1K",
                    "2023PASP..135c4101G"
                ]
            }
        ],
        "default_name": "2019pqt"
    },
    "reference_alias": [
        {
            "name": "2017ATel10216....1K",
            "human_readable_name": "Kennea et al. (2017)"
        },
        {
            "name": "2011ApJ...737..103S",
            "human_readable_name": "Schlafly & Finkbeiner (2011)"
        },
        {
            "name": "2017ApJ...835...64G",
            "human_readable_name": "Guillochon et al. (2017)"
        },
        {
            "name": "2023PASP..135c4101G",
            "human_readable_name": "Goldtooth, Aaron et al. (2023)"
        },
        {
            "name": "2021MNRAS.501..261A",
            "human_readable_name": "Albayati, A. C. et al. (2021)"
        },
        {
            "name": "2017ATel.9988....1N",
            "human_readable_name": "Nakajima, M. et al. (2017)"
        },
        {
            "name": "2019TNSTR1760....1H",
            "human_readable_name": "Hodgkin, S. T. et al. (2019)"
        }
    ],
    "date_reference": [
        {
            "value": "2017-03-15 ",
            "date_format": "iso",
            "date_type": "discovery",
            "reference": [
                "2017ATel.9988....1N",
                "2021MNRAS.501..261A",
                "2023PASP..135c4101G"
            ],
            "default": true
        },
        {
            "value": "2017-03-27",
            "date_format": "iso",
            "date_type": "discovery",
            "reference": [
                "2017ATel10216....1K",
                "2017ApJ...835...64G"
            ],
            "default": false
        },
        {
            "value": "58732.14",
            "date_format": "mjd",
            "date_type": "discovery",
            "reference": [
                "2019TNSTR1760....1H"
            ],
            "default": false
        }
    ],
    "classification": {
        "spec_classed": 0,
        "unambiguous": false,
        "value": [
            {
                "object_class": "TDE",
                "confidence": 0,
                "reference": [
                    "2017ATel.9988....1N",
                    "2017ATel10216....1K",
                    "2021MNRAS.501..261A",
                    "2023PASP..135c4101G"
                ],
                "default": true
            }
        ],
        "discovery_method": "uvoir"
    },
    "schema_version": {
        "comment": "Copied from tde.space;",
        "comments": "From Goldtooth et al. (2023)",
        "value": 0
    },
    "filter_alias": [
        {
            "filter_key": "UVM2",
            "wave_eff": 260,
            "wave_units": "nm",
            "filter_name": "UVM2"
        },
        {
            "filter_key": "UVW1",
            "wave_eff": 224.6,
            "wave_units": "nm",
            "filter_name": "UVW1"
        },
        {
            "filter_key": "UVW2",
            "wave_eff": 192.8,
            "wave_units": "nm",
            "filter_name": "UVW2"
        }
    ],
    "photometry": [
        {
            "raw": [
                17.3,
                17.2,
                17.2
            ],
            "raw_err": [
                0.1,
                0.1,
                0.1
            ],
            "raw_units": "mag(AB)",
            "filter_key": [
                "UVM2",
                "UVW1",
                "UVW2"
            ],
            "obs_type": [
                "uvoir",
                "uvoir",
                "uvoir"
            ],
            "date": [
                "57839.29097",
                "57839.29097",
                "57839.29097"
            ],
            "date_format": "MJD",
            "upperlimit": [
                false,
                false,
                false
            ],
            "telescope": "Swift",
            "corr_k": null,
            "corr_av": null,
            "corr_host": null,
            "corr_hostav": null,
            "reference": [
                "2017ATel10216....1K"
            ],
            "corr_s": null
        }
    ]
}