{
    "_key": "885069",
    "_id": "transients/885069",
    "_rev": "_j6ZBaTS---",
    "coordinate": [
        {
            "ra": "09:48:06.55",
            "dec": "+03:18:01.9",
            "ra_units": "hour",
            "dec_units": "deg",
            "coordinate_type": "equatorial",
            "reference": [
                "2017arXiv171104577K"
            ],
            "default": true
        },
        {
            "ra": "147.0274064",
            "dec": "3.3005179",
            "ra_units": "deg",
            "dec_units": "deg",
            "coordinate_type": "equatorial",
            "epoch": "J2000",
            "frame": "ICRS",
            "reference": [
                "2022TNSTR2919....1F"
            ],
            "default": false
        }
    ],
    "name": {
        "alias": [
            {
                "value": "ZTF20acyxwgf",
                "reference": [
                    "TNS"
                ]
            },
            {
                "value": "2022wyq",
                "reference": [
                    "TNS"
                ]
            },
            {
                "value": "J094806",
                "reference": [
                    "2017arXiv171104577K",
                    "2023PASP..135c4101G"
                ]
            }
        ],
        "default_name": "2022wyq"
    },
    "reference_alias": [
        {
            "name": "2017arXiv171104577K",
            "human_readable_name": "Kankare et al. (2017)"
        },
        {
            "name": "2016A&A...594A..13P",
            "human_readable_name": "Planck Collaboration et al. (2016)"
        },
        {
            "name": "2011ApJ...737..103S",
            "human_readable_name": "Schlafly & Finkbeiner (2011)"
        },
        {
            "name": "2017ApJ...835...64G",
            "human_readable_name": "Guillochon et al. (2017)"
        },
        {
            "name": "2023PASP..135c4101G",
            "human_readable_name": "Goldtooth, Aaron et al. (2023)"
        },
        {
            "name": "2017NatAs...1..865K",
            "human_readable_name": "Kankare, E. et al. (2017)"
        },
        {
            "name": "2017NatAs...1..865K",
            "human_readable_name": "Kankare, E. et al. (2017)"
        },
        {
            "name": "2019ApJ...871...15J",
            "human_readable_name": "Jiang, Ning et al. (2019)"
        },
        {
            "name": "2022TNSTR2919....1F",
            "human_readable_name": "Fremling, C. (2022)"
        }
    ],
    "classification": {
        "spec_classed": 0,
        "unambiguous": true,
        "value": [
            {
                "object_class": "TDE",
                "confidence": 1,
                "reference": [
                    "2017NatAs...1..865K",
                    "2017arXiv171104577K",
                    "2019ApJ...871...15J",
                    "2023PASP..135c4101G"
                ],
                "default": true
            },
            {
                "object_class": "TDE",
                "confidence": 0,
                "reference": [
                    "2017arXiv171104577K"
                ],
                "default": false
            },
            {
                "object_class": "TDE",
                "confidence": 0,
                "reference": [
                    "2017arXiv171104577K"
                ],
                "default": false
            }
        ],
        "discovery_method": "uvoir"
    },
    "distance": [
        {
            "value": "0.207",
            "distance_type": "redshift",
            "reference": [
                "2017NatAs...1..865K",
                "2017arXiv171104577K",
                "2019ApJ...871...15J",
                "2023PASP..135c4101G"
            ],
            "default": true
        },
        {
            "value": "1050",
            "distance_type": "luminosity",
            "unit": "Mpc",
            "reference": [
                "2016A&A...594A..13P",
                "2017ApJ...835...64G",
                "2017arXiv171104577K"
            ],
            "default": true
        },
        {
            "value": "871",
            "distance_type": "comoving",
            "unit": "Mpc",
            "reference": [
                "2016A&A...594A..13P",
                "2017ApJ...835...64G",
                "2017arXiv171104577K"
            ],
            "default": true
        }
    ],
    "host": [
        {
            "host_name": "SDSS J094806.55+031801.9",
            "host_ra": 147.02916666666664,
            "host_dec": 3.3005277777777775,
            "host_ra_units": "deg",
            "host_dec_units": "deg",
            "reference": [
                "2023PASP..135c4101G",
                "2017NatAs...1..865K",
                "2017NatAs...1..865K",
                "2019ApJ...871...15J"
            ]
        }
    ],
    "schema_version": {
        "comment": "Copied from tde.space;",
        "comments": "From Goldtooth et al. (2023)",
        "value": 0
    },
    "date_reference": [
        {
            "value": 59695.193,
            "date_format": "mjd",
            "date_type": "discovery",
            "reference": [
                "2022TNSTR2919....1F"
            ],
            "computed": false
        }
    ]
}