{
    "_key": "884628",
    "_id": "transients/884628",
    "_rev": "_j6Y8uDy---",
    "classification": {
        "spec_classed": 1,
        "unambiguous": true,
        "value": [
            {
                "object_class": "TDE",
                "confidence": 3.1,
                "reference": [
                    "2011ApJ...735..106D",
                    "2017ApJ...838..149A",
                    "2017NatAs...1..865K",
                    "2017arXiv170307816B",
                    "2023PASP..135c4101G"
                ],
                "default": true
            },
            {
                "object_class": "TDE",
                "confidence": 0,
                "reference": [
                    "2011ApJ...735..106D"
                ],
                "default": false
            }
        ],
        "discovery_method": "uvoir"
    },
    "coordinate": [
        {
            "ra": "10:29:13.0",
            "dec": "+40:42:20",
            "ra_units": "hour",
            "dec_units": "deg",
            "reference": [
                "2011BASI...39..387M",
                "2000A&AS..143....9W"
            ],
            "coordinate_type": "equatorial"
        }
    ],
    "distance": [
        {
            "value": "0.147",
            "distance_type": "redshift",
            "reference": [
                "2011ApJ...735..106D",
                "2017ApJ...838..149A",
                "2017NatAs...1..865K",
                "2023PASP..135c4101G"
            ],
            "default": true
        },
        {
            "value": "628",
            "distance_type": "comoving",
            "unit": "Mpc",
            "reference": [
                "2011ApJ...735..106D",
                "2016A&A...594A..13P",
                "2017ApJ...835...64G"
            ],
            "default": true
        },
        {
            "value": "720",
            "distance_type": "luminosity",
            "unit": "Mpc",
            "reference": [
                "2011ApJ...735..106D",
                "2016A&A...594A..13P",
                "2017ApJ...835...64G"
            ],
            "default": true
        }
    ],
    "date_reference": [
        {
            "value": "2002-12-31",
            "date_format": "iso",
            "date_type": "discovery",
            "reference": [
                "2011ApJ...735..106D",
                "2017ApJ...835...64G"
            ],
            "default": false
        },
        {
            "value": "2002-12-31 ",
            "date_format": "iso",
            "date_type": "discovery",
            "reference": [
                "2011ApJ...735..106D",
                "2017ApJ...838..149A",
                "2017NatAs...1..865K",
                "2023PASP..135c4101G"
            ],
            "default": true
        }
    ],
    "schema_version": {
        "comment": "Copied from tde.space;",
        "comments": "From Goldtooth et al. (2023)",
        "value": 0
    },
    "name": {
        "alias": [
            {
                "value": "CSS 100217",
                "reference": [
                    "2023PASP..135c4101G"
                ]
            },
            {
                "value": "CSS100217:102913+404220",
                "reference": [
                    "2011ApJ...735..106D",
                    "2010ATel.2544....1D",
                    "2000A&AS..143....9W"
                ]
            },
            {
                "value": "CSS100217",
                "reference": [
                    "2017ApJ...838..149A",
                    "2011ApJ...735..106D",
                    "2010ATel.2544....1D"
                ]
            }
        ],
        "default_name": "CSS100217"
    },
    "reference_alias": [
        {
            "name": "2017arXiv170307816B",
            "human_readable_name": "Blanchard et al. (2017)"
        },
        {
            "name": "2017ApJ...838..149A",
            "human_readable_name": "Auchettl, Guillochon, & Ramirez-Ruiz (2017)"
        },
        {
            "name": "2016A&A...594A..13P",
            "human_readable_name": "Planck Collaboration et al. (2016)"
        },
        {
            "name": "2011ApJ...735..106D",
            "human_readable_name": "Drake et al. (2011)"
        },
        {
            "name": "2011BASI...39..387M",
            "human_readable_name": "Mahabal et al. (2011)"
        },
        {
            "name": "2011ApJ...737..103S",
            "human_readable_name": "Schlafly & Finkbeiner (2011)"
        },
        {
            "name": "2010ATel.2544....1D",
            "human_readable_name": "Drake et al. (2010)"
        },
        {
            "name": "2017ApJ...835...64G",
            "human_readable_name": "Guillochon et al. (2017)"
        },
        {
            "name": "2000A&AS..143....9W",
            "human_readable_name": "Wenger et al. (2000)"
        },
        {
            "name": "2023PASP..135c4101G",
            "human_readable_name": "Goldtooth, Aaron et al. (2023)"
        },
        {
            "name": "2017NatAs...1..865K",
            "human_readable_name": "Kankare, E. et al. (2017)"
        }
    ],
    "filter_alias": [
        {
            "filter_key": "0.3 - 2.0",
            "wave_eff": 0.7293188143129428,
            "wave_min": 0.6199209921660013,
            "wave_max": 4.132806614440009,
            "wave_units": "nm",
            "filter_name": "0.3 - 2.0"
        },
        {
            "filter_key": "H",
            "wave_eff": 1630,
            "wave_units": "nm",
            "filter_name": "H"
        },
        {
            "filter_key": "J",
            "wave_eff": 1220,
            "wave_units": "nm",
            "filter_name": "J"
        },
        {
            "filter_key": "Ks",
            "wave_eff": 2157.3600605745955,
            "wave_units": "nm",
            "filter_name": "Ks"
        },
        {
            "filter_key": "g",
            "wave_eff": 475,
            "wave_units": "nm",
            "filter_name": "g"
        },
        {
            "filter_key": "i",
            "wave_eff": 763,
            "wave_units": "nm",
            "filter_name": "i"
        },
        {
            "filter_key": "r",
            "wave_eff": 622,
            "wave_units": "nm",
            "filter_name": "r"
        },
        {
            "filter_key": "z",
            "wave_eff": 905,
            "wave_units": "nm",
            "filter_name": "z"
        },
        {
            "filter_key": "u",
            "wave_eff": 354,
            "wave_units": "nm",
            "filter_name": "u"
        },
        {
            "filter_key": "B",
            "wave_eff": 445,
            "wave_units": "nm",
            "filter_name": "B"
        },
        {
            "filter_key": "I",
            "wave_eff": 806,
            "wave_units": "nm",
            "filter_name": "I"
        },
        {
            "filter_key": "R",
            "wave_eff": 658,
            "wave_units": "nm",
            "filter_name": "R"
        },
        {
            "filter_key": "U",
            "wave_eff": 365,
            "wave_units": "nm",
            "filter_name": "U"
        },
        {
            "filter_key": "V",
            "wave_eff": 551,
            "wave_units": "nm",
            "filter_name": "V"
        },
        {
            "filter_key": "UVM2",
            "wave_eff": 260,
            "wave_units": "nm",
            "filter_name": "UVM2"
        },
        {
            "filter_key": "UVW1",
            "wave_eff": 224.6,
            "wave_units": "nm",
            "filter_name": "UVW1"
        },
        {
            "filter_key": "UVW2",
            "wave_eff": 192.8,
            "wave_units": "nm",
            "filter_name": "UVW2"
        }
    ],
    "photometry": [
        {
            "raw": [
                0.0452
            ],
            "raw_units": [
                "ct"
            ],
            "value": [
                3.8e-14
            ],
            "value_units": [
                "ergs/cm^2/s"
            ],
            "filter_key": [
                "0.3 - 2.0"
            ],
            "obs_type": [
                "xray"
            ],
            "date": [
                "48187.2"
            ],
            "date_format": "MJD",
            "upperlimit": [
                true
            ],
            "telescope": "ROSAT",
            "corr_k": null,
            "corr_av": null,
            "corr_host": null,
            "corr_hostav": null,
            "reference": [
                "2017ApJ...838..149A"
            ],
            "xray_model": [
                {
                    "model_name": "Absorbed Powerlaw",
                    "param_names": [
                        "photonindex",
                        "nhmw"
                    ],
                    "param_values": [
                        "4.5",
                        "0.00991"
                    ],
                    "param_units": [
                        "None",
                        "10^22 cm^-2"
                    ],
                    "min_energy": 0.3,
                    "max_energy": 2,
                    "energy_units": "keV"
                }
            ],
            "corr_s": null
        },
        {
            "raw": [
                0.00461,
                0.00239,
                0.021
            ],
            "raw_units": [
                "ct",
                "ct",
                "ct"
            ],
            "value": [
                9.93e-14,
                5.15e-14,
                4.21e-13
            ],
            "value_units": [
                "ergs/cm^2/s",
                "ergs/cm^2/s",
                "ergs/cm^2/s"
            ],
            "filter_key": [
                "0.3 - 2.0",
                "0.3 - 2.0",
                "0.3 - 2.0"
            ],
            "obs_type": [
                "xray",
                "xray",
                "xray"
            ],
            "date": [
                "55292.5",
                "55325.6",
                "57114.2"
            ],
            "date_format": "MJD",
            "upperlimit": [
                false,
                false,
                false
            ],
            "telescope": "Swift",
            "corr_k": null,
            "corr_av": null,
            "corr_host": null,
            "corr_hostav": null,
            "reference": [
                "2017ApJ...838..149A"
            ],
            "xray_model": [
                {
                    "model_name": "Powerlaw",
                    "param_names": [
                        "photonindex"
                    ],
                    "param_values": [
                        "3.99"
                    ],
                    "param_units": [
                        "None"
                    ],
                    "min_energy": 0.3,
                    "max_energy": 2,
                    "energy_units": "keV"
                },
                {
                    "model_name": "Powerlaw",
                    "param_names": [
                        "photonindex"
                    ],
                    "param_values": [
                        "3.99"
                    ],
                    "param_units": [
                        "None"
                    ],
                    "min_energy": 0.3,
                    "max_energy": 2,
                    "energy_units": "keV"
                },
                {
                    "model_name": "Powerlaw",
                    "param_names": [
                        "photonindex"
                    ],
                    "param_values": [
                        "3.99"
                    ],
                    "param_units": [
                        "None"
                    ],
                    "min_energy": 0.3,
                    "max_energy": 2,
                    "energy_units": "keV"
                }
            ],
            "corr_s": null
        },
        {
            "raw": [
                0.476,
                0.898
            ],
            "raw_units": [
                "ct",
                "ct"
            ],
            "value": [
                1.56e-12,
                2.95e-12
            ],
            "value_units": [
                "ergs/cm^2/s",
                "ergs/cm^2/s"
            ],
            "filter_key": [
                "0.3 - 2.0",
                "0.3 - 2.0"
            ],
            "obs_type": [
                "xray",
                "xray"
            ],
            "date": [
                "53674.1",
                "56599.2"
            ],
            "date_format": "MJD",
            "upperlimit": [
                true,
                true
            ],
            "telescope": "XMM",
            "corr_k": null,
            "corr_av": null,
            "corr_host": null,
            "corr_hostav": null,
            "reference": [
                "2017ApJ...838..149A"
            ],
            "xray_model": [
                {
                    "model_name": "Absorbed Powerlaw",
                    "param_names": [
                        "photonindex",
                        "nhmw"
                    ],
                    "param_values": [
                        "4.5",
                        "0.00991"
                    ],
                    "param_units": [
                        "None",
                        "10^22 cm^-2"
                    ],
                    "min_energy": 0.3,
                    "max_energy": 2,
                    "energy_units": "keV"
                },
                {
                    "model_name": "Absorbed Powerlaw",
                    "param_names": [
                        "photonindex",
                        "nhmw"
                    ],
                    "param_values": [
                        "4.5",
                        "0.00991"
                    ],
                    "param_units": [
                        "None",
                        "10^22 cm^-2"
                    ],
                    "min_energy": 0.3,
                    "max_energy": 2,
                    "energy_units": "keV"
                }
            ],
            "corr_s": null
        },
        {
            "raw": [
                14.19,
                15.06,
                13.54,
                14.38,
                15.23,
                13.44,
                14.28,
                15.03,
                13.17,
                14.18,
                15.22,
                13.03,
                14.38,
                14.99,
                13.69,
                14.46,
                15.59,
                13.74,
                14.32,
                15.41,
                13.51,
                14.09,
                15.15,
                13.17,
                14.33,
                15.52,
                13.72
            ],
            "raw_err": [
                0.13,
                0.11,
                0.09,
                0.14,
                0.12,
                0.12,
                0.12,
                0.1,
                0.11,
                0.13,
                0.11,
                0.1,
                0.14,
                0.11,
                0.09,
                0.12,
                0.13,
                0.1,
                0.12,
                0.11,
                0.1,
                0.12,
                0.11,
                0.09,
                0.12,
                0.11,
                0.09
            ],
            "raw_units": "vega",
            "filter_key": [
                "H",
                "J",
                "Ks",
                "H",
                "J",
                "Ks",
                "H",
                "J",
                "Ks",
                "H",
                "J",
                "Ks",
                "H",
                "J",
                "Ks",
                "H",
                "J",
                "Ks",
                "H",
                "J",
                "Ks",
                "H",
                "J",
                "Ks",
                "H",
                "J",
                "Ks"
            ],
            "obs_type": [
                "uvoir",
                "uvoir",
                "uvoir",
                "uvoir",
                "uvoir",
                "uvoir",
                "uvoir",
                "uvoir",
                "uvoir",
                "uvoir",
                "uvoir",
                "uvoir",
                "uvoir",
                "uvoir",
                "uvoir",
                "uvoir",
                "uvoir",
                "uvoir",
                "uvoir",
                "uvoir",
                "uvoir",
                "uvoir",
                "uvoir",
                "uvoir",
                "uvoir",
                "uvoir",
                "uvoir"
            ],
            "date": [
                "55312.176",
                "55312.176",
                "55312.176",
                "55313.311",
                "55313.311",
                "55313.311",
                "55333.230",
                "55333.230",
                "55333.230",
                "55336.209",
                "55336.209",
                "55336.209",
                "55338.175",
                "55338.175",
                "55338.175",
                "55340.162",
                "55340.162",
                "55340.162",
                "55342.155",
                "55342.155",
                "55342.155",
                "55361.191",
                "55361.191",
                "55361.191",
                "55369.147",
                "55369.147",
                "55369.147"
            ],
            "date_format": "MJD",
            "upperlimit": [
                false,
                false,
                false,
                false,
                false,
                false,
                false,
                false,
                false,
                false,
                false,
                false,
                false,
                false,
                false,
                false,
                false,
                false,
                false,
                false,
                false,
                false,
                false,
                false,
                false,
                false,
                false
            ],
            "telescope": "Guillermo Haro 2.1m",
            "corr_k": null,
            "corr_av": null,
            "corr_host": null,
            "corr_hostav": null,
            "reference": [
                "2011ApJ...735..106D"
            ],
            "corr_s": null
        },
        {
            "raw": [
                16.43,
                16.04,
                16.27,
                16.18,
                16.1,
                16.48,
                16.07,
                16.44,
                16.05,
                16.26,
                16.3,
                17.58,
                16.8,
                17.31,
                16.68,
                17.73,
                16.75,
                17.31,
                16.68
            ],
            "raw_err": [
                0.22,
                0.08,
                0.17,
                0.12,
                0.12,
                0.08,
                0.19,
                0.21,
                0.19,
                0.16,
                0.21,
                0.19,
                0.23,
                0.19,
                0.21,
                0.15,
                0.21,
                0.18,
                0.3
            ],
            "raw_units": "mag(AB)",
            "filter_key": [
                "g",
                "i",
                "r",
                "z",
                "i",
                "r",
                "z",
                "g",
                "i",
                "r",
                "z",
                "g",
                "i",
                "r",
                "z",
                "g",
                "i",
                "r",
                "z"
            ],
            "obs_type": [
                "uvoir",
                "uvoir",
                "uvoir",
                "uvoir",
                "uvoir",
                "uvoir",
                "uvoir",
                "uvoir",
                "uvoir",
                "uvoir",
                "uvoir",
                "uvoir",
                "uvoir",
                "uvoir",
                "uvoir",
                "uvoir",
                "uvoir",
                "uvoir",
                "uvoir"
            ],
            "date": [
                "55257.248",
                "55257.248",
                "55257.248",
                "55257.248",
                "55257.381",
                "55257.381",
                "55257.381",
                "55266.508",
                "55266.508",
                "55266.508",
                "55266.508",
                "55369.171",
                "55369.171",
                "55369.171",
                "55369.171",
                "55370.174",
                "55370.174",
                "55370.174",
                "55370.174"
            ],
            "date_format": "MJD",
            "upperlimit": [
                false,
                false,
                false,
                false,
                false,
                false,
                false,
                false,
                false,
                false,
                false,
                false,
                false,
                false,
                false,
                false,
                false,
                false,
                false
            ],
            "telescope": "P60",
            "corr_k": null,
            "corr_av": null,
            "corr_host": null,
            "corr_hostav": null,
            "reference": [
                "2011ApJ...735..106D"
            ],
            "corr_s": null
        },
        {
            "raw": [
                17.84,
                17.29,
                17.63,
                18.2,
                17.34,
                17.84,
                17.35,
                17.64,
                18.17,
                17.36,
                17.9,
                17.38,
                17.7,
                18.24,
                17.45
            ],
            "raw_err": [
                0.01,
                0.01,
                0.01,
                0.01,
                0.01,
                0.01,
                0.01,
                0.01,
                0.01,
                0.01,
                0.01,
                0.01,
                0.01,
                0.01,
                0.01
            ],
            "raw_units": "mag(AB)",
            "filter_key": [
                "g",
                "i",
                "r",
                "u",
                "z",
                "g",
                "i",
                "r",
                "u",
                "z",
                "g",
                "i",
                "r",
                "u",
                "z"
            ],
            "obs_type": [
                "uvoir",
                "uvoir",
                "uvoir",
                "uvoir",
                "uvoir",
                "uvoir",
                "uvoir",
                "uvoir",
                "uvoir",
                "uvoir",
                "uvoir",
                "uvoir",
                "uvoir",
                "uvoir",
                "uvoir"
            ],
            "date": [
                "52639.380",
                "52639.380",
                "52639.380",
                "52639.380",
                "52639.380",
                "52639.470",
                "52639.470",
                "52639.470",
                "52639.470",
                "52639.470",
                "52724.240",
                "52724.240",
                "52724.240",
                "52724.240",
                "52724.240"
            ],
            "date_format": "MJD",
            "upperlimit": [
                false,
                false,
                false,
                false,
                false,
                false,
                false,
                false,
                false,
                false,
                false,
                false,
                false,
                false,
                false
            ],
            "telescope": "SDSS",
            "corr_k": null,
            "corr_av": null,
            "corr_host": null,
            "corr_hostav": null,
            "reference": [
                "2011ApJ...735..106D"
            ],
            "corr_s": null
        },
        {
            "raw": [
                16.94,
                15.92,
                16.38,
                16.45,
                16.56,
                16.95,
                15.87,
                16.4,
                16.52,
                16.53,
                16.93,
                16.36,
                16.41,
                16.52,
                15.91,
                16.4,
                16.59,
                15.9,
                16.47,
                16.55,
                17.11,
                16.49,
                16.61,
                17.11,
                15.94,
                16.59,
                16.72,
                16.67,
                17.2,
                15.97,
                16.58,
                16.73,
                16.72,
                16.03,
                16.61,
                16.68,
                17.3,
                16.08,
                16.71,
                16.85,
                16.83,
                17.3,
                16.09,
                16.69,
                16.89,
                16.83,
                16.72,
                17.41,
                16.18,
                16.85,
                16.92,
                16.97,
                17.6,
                16.99,
                17.1,
                17.65,
                16.29,
                17.01,
                17.28,
                17.14,
                17.7,
                16.41,
                17.14,
                17.19,
                17.21,
                17.82,
                16.49,
                17.23,
                17.25,
                17.21,
                17.77,
                16.49,
                17.14,
                17.23,
                17.8,
                16.49,
                17.19,
                19.49,
                17.64,
                19.15,
                18.61,
                19.18,
                17.77,
                19.43,
                18.97,
                18.74,
                19.41,
                17.99,
                19.2,
                19.28,
                18.58,
                20.58,
                18.84,
                18.97,
                19.97,
                17.96,
                20.68,
                19.1,
                19.1,
                21.11,
                18.24,
                19.41,
                19.41
            ],
            "raw_err": [
                0.02,
                0.02,
                0.02,
                0.05,
                0.01,
                0.02,
                0.03,
                0.04,
                0.05,
                0.02,
                0.05,
                0.02,
                0.06,
                0.02,
                0.03,
                0.02,
                0.06,
                0.02,
                0.02,
                0.03,
                0.02,
                0.02,
                0.05,
                0.04,
                0.03,
                0.03,
                0.05,
                0.03,
                0.01,
                0.02,
                0.02,
                0.05,
                0.01,
                0.02,
                0.03,
                0.14,
                0.01,
                0.02,
                0.02,
                0.04,
                0.02,
                0.03,
                0.03,
                0.03,
                0.04,
                0.01,
                0.03,
                0.03,
                0.05,
                0.03,
                0.03,
                0.02,
                0.02,
                0.03,
                0.02,
                0.05,
                0.03,
                0.04,
                0.07,
                0.03,
                0.03,
                0.04,
                0.03,
                0.07,
                0.02,
                0.03,
                0.04,
                0.05,
                0.05,
                0.03,
                0.02,
                0.04,
                0.04,
                0.02,
                0.06,
                0.04,
                0.06,
                0.2,
                0.1,
                0.2,
                0.08,
                0.09,
                0.09,
                0.25,
                0.2,
                0.09,
                0.09,
                0.13,
                0.19,
                0.24,
                0.06,
                0.77,
                0.19,
                0.1,
                0.18,
                0.29,
                0.86,
                0.28,
                0.1,
                0.49,
                0.3,
                0.3,
                0.13
            ],
            "raw_units": "vega",
            "filter_key": [
                "B",
                "I",
                "R",
                "U",
                "V",
                "B",
                "I",
                "R",
                "U",
                "V",
                "B",
                "R",
                "U",
                "V",
                "I",
                "R",
                "U",
                "I",
                "R",
                "U",
                "B",
                "R",
                "U",
                "B",
                "I",
                "R",
                "U",
                "V",
                "B",
                "I",
                "R",
                "U",
                "V",
                "I",
                "R",
                "U",
                "B",
                "I",
                "R",
                "U",
                "V",
                "B",
                "I",
                "R",
                "U",
                "V",
                "R",
                "B",
                "I",
                "R",
                "U",
                "V",
                "B",
                "R",
                "V",
                "B",
                "I",
                "R",
                "U",
                "V",
                "B",
                "I",
                "R",
                "U",
                "V",
                "B",
                "I",
                "R",
                "U",
                "V",
                "B",
                "I",
                "U",
                "V",
                "B",
                "I",
                "V",
                "B",
                "I",
                "R",
                "V",
                "B",
                "I",
                "R",
                "U",
                "V",
                "B",
                "I",
                "R",
                "U",
                "V",
                "R",
                "U",
                "V",
                "B",
                "I",
                "R",
                "U",
                "V",
                "B",
                "I",
                "U",
                "V"
            ],
            "obs_type": [
                "uvoir",
                "uvoir",
                "uvoir",
                "uvoir",
                "uvoir",
                "uvoir",
                "uvoir",
                "uvoir",
                "uvoir",
                "uvoir",
                "uvoir",
                "uvoir",
                "uvoir",
                "uvoir",
                "uvoir",
                "uvoir",
                "uvoir",
                "uvoir",
                "uvoir",
                "uvoir",
                "uvoir",
                "uvoir",
                "uvoir",
                "uvoir",
                "uvoir",
                "uvoir",
                "uvoir",
                "uvoir",
                "uvoir",
                "uvoir",
                "uvoir",
                "uvoir",
                "uvoir",
                "uvoir",
                "uvoir",
                "uvoir",
                "uvoir",
                "uvoir",
                "uvoir",
                "uvoir",
                "uvoir",
                "uvoir",
                "uvoir",
                "uvoir",
                "uvoir",
                "uvoir",
                "uvoir",
                "uvoir",
                "uvoir",
                "uvoir",
                "uvoir",
                "uvoir",
                "uvoir",
                "uvoir",
                "uvoir",
                "uvoir",
                "uvoir",
                "uvoir",
                "uvoir",
                "uvoir",
                "uvoir",
                "uvoir",
                "uvoir",
                "uvoir",
                "uvoir",
                "uvoir",
                "uvoir",
                "uvoir",
                "uvoir",
                "uvoir",
                "uvoir",
                "uvoir",
                "uvoir",
                "uvoir",
                "uvoir",
                "uvoir",
                "uvoir",
                "uvoir",
                "uvoir",
                "uvoir",
                "uvoir",
                "uvoir",
                "uvoir",
                "uvoir",
                "uvoir",
                "uvoir",
                "uvoir",
                "uvoir",
                "uvoir",
                "uvoir",
                "uvoir",
                "uvoir",
                "uvoir",
                "uvoir",
                "uvoir",
                "uvoir",
                "uvoir",
                "uvoir",
                "uvoir",
                "uvoir",
                "uvoir",
                "uvoir",
                "uvoir"
            ],
            "date": [
                "55297.771",
                "55297.771",
                "55297.771",
                "55297.771",
                "55297.771",
                "55298.799",
                "55298.799",
                "55298.799",
                "55298.799",
                "55298.799",
                "55299.637",
                "55299.637",
                "55299.637",
                "55299.637",
                "55300.643",
                "55300.643",
                "55300.643",
                "55310.656",
                "55310.656",
                "55310.656",
                "55311.613",
                "55311.613",
                "55311.613",
                "55312.632",
                "55312.632",
                "55312.632",
                "55312.632",
                "55312.632",
                "55316.604",
                "55316.604",
                "55316.604",
                "55316.604",
                "55316.604",
                "55320.610",
                "55320.610",
                "55320.610",
                "55323.646",
                "55323.646",
                "55323.646",
                "55323.646",
                "55323.646",
                "55324.601",
                "55324.601",
                "55324.601",
                "55324.601",
                "55324.601",
                "55329.625",
                "55334.624",
                "55334.624",
                "55334.624",
                "55334.624",
                "55334.624",
                "55346.611",
                "55346.611",
                "55346.611",
                "55349.629",
                "55349.629",
                "55349.629",
                "55349.629",
                "55349.629",
                "55356.654",
                "55356.654",
                "55356.654",
                "55356.654",
                "55356.654",
                "55358.620",
                "55358.620",
                "55358.620",
                "55358.620",
                "55358.620",
                "55362.622",
                "55362.622",
                "55362.622",
                "55362.622",
                "55364.619",
                "55364.619",
                "55364.619",
                "55495.983",
                "55495.983",
                "55495.983",
                "55495.983",
                "55499.932",
                "55499.932",
                "55499.932",
                "55499.932",
                "55499.932",
                "55509.979",
                "55509.979",
                "55509.979",
                "55509.979",
                "55509.979",
                "55527.971",
                "55527.971",
                "55527.971",
                "55533.979",
                "55533.979",
                "55533.979",
                "55533.979",
                "55533.979",
                "55562.971",
                "55562.971",
                "55562.971",
                "55562.971"
            ],
            "date_format": "MJD",
            "upperlimit": [
                false,
                false,
                false,
                false,
                false,
                false,
                false,
                false,
                false,
                false,
                false,
                false,
                false,
                false,
                false,
                false,
                false,
                false,
                false,
                false,
                false,
                false,
                false,
                false,
                false,
                false,
                false,
                false,
                false,
                false,
                false,
                false,
                false,
                false,
                false,
                false,
                false,
                false,
                false,
                false,
                false,
                false,
                false,
                false,
                false,
                false,
                false,
                false,
                false,
                false,
                false,
                false,
                false,
                false,
                false,
                false,
                false,
                false,
                false,
                false,
                false,
                false,
                false,
                false,
                false,
                false,
                false,
                false,
                false,
                false,
                false,
                false,
                false,
                false,
                false,
                false,
                false,
                false,
                false,
                false,
                false,
                false,
                false,
                false,
                false,
                false,
                false,
                false,
                false,
                false,
                false,
                false,
                false,
                false,
                false,
                false,
                false,
                false,
                false,
                false,
                false,
                false,
                false
            ],
            "telescope": "Sampurnanand",
            "corr_k": null,
            "corr_av": null,
            "corr_host": null,
            "corr_hostav": null,
            "reference": [
                "2011ApJ...735..106D"
            ],
            "corr_s": null
        },
        {
            "raw": [
                16.55,
                15.76,
                16.09,
                16.1,
                16.27,
                16.18,
                16.8,
                15.9,
                16.44,
                16.19,
                16.43,
                16.32,
                16.84,
                16.07,
                16.46,
                16.39,
                16.64,
                16.35,
                16.98,
                16.17,
                16.66,
                16.78,
                16.71,
                16.56
            ],
            "raw_err": [
                0.03,
                0.03,
                0.02,
                0.03,
                0.02,
                0.04,
                0.03,
                0.03,
                0.07,
                0.1,
                0.03,
                0.04,
                0.03,
                0.03,
                0.03,
                0.03,
                0.03,
                0.04,
                0.03,
                0.06,
                0.08,
                0.06,
                0.02,
                0.04
            ],
            "raw_units": [
                "vega",
                "vega",
                "mag(AB)",
                "mag(AB)",
                "mag(AB)",
                "vega",
                "vega",
                "vega",
                "mag(AB)",
                "mag(AB)",
                "mag(AB)",
                "vega",
                "vega",
                "vega",
                "mag(AB)",
                "mag(AB)",
                "mag(AB)",
                "vega",
                "vega",
                "vega",
                "mag(AB)",
                "mag(AB)",
                "mag(AB)",
                "vega"
            ],
            "filter_key": [
                "B",
                "U",
                "UVM2",
                "UVW1",
                "UVW2",
                "V",
                "B",
                "U",
                "UVM2",
                "UVW1",
                "UVW2",
                "V",
                "B",
                "U",
                "UVM2",
                "UVW1",
                "UVW2",
                "V",
                "B",
                "U",
                "UVM2",
                "UVW1",
                "UVW2",
                "V"
            ],
            "obs_type": [
                "uvoir",
                "uvoir",
                "uvoir",
                "uvoir",
                "uvoir",
                "uvoir",
                "uvoir",
                "uvoir",
                "uvoir",
                "uvoir",
                "uvoir",
                "uvoir",
                "uvoir",
                "uvoir",
                "uvoir",
                "uvoir",
                "uvoir",
                "uvoir",
                "uvoir",
                "uvoir",
                "uvoir",
                "uvoir",
                "uvoir",
                "uvoir"
            ],
            "date": [
                "55292.580",
                "55292.580",
                "55292.580",
                "55292.580",
                "55292.580",
                "55292.580",
                "55311.620",
                "55311.620",
                "55311.620",
                "55311.620",
                "55311.620",
                "55311.620",
                "55325.940",
                "55325.940",
                "55325.940",
                "55325.940",
                "55325.940",
                "55325.940",
                "55339.120",
                "55339.120",
                "55339.120",
                "55339.120",
                "55339.120",
                "55339.120"
            ],
            "date_format": "MJD",
            "upperlimit": [
                false,
                false,
                false,
                false,
                false,
                false,
                false,
                false,
                false,
                false,
                false,
                false,
                false,
                false,
                false,
                false,
                false,
                false,
                false,
                false,
                false,
                false,
                false,
                false
            ],
            "telescope": "Swift",
            "corr_k": null,
            "corr_av": null,
            "corr_host": null,
            "corr_hostav": null,
            "reference": [
                "2011ApJ...735..106D"
            ],
            "corr_s": null
        }
    ],
    "host": [
        {
            "host_name": "SDSS J102912.58+404219.7",
            "host_ra": 157.30416666666662,
            "host_dec": 40.705488888888894,
            "host_ra_units": "deg",
            "host_dec_units": "deg",
            "reference": [
                "2023PASP..135c4101G",
                "2011ApJ...735..106D",
                "2017ApJ...838..149A",
                "2017NatAs...1..865K"
            ]
        }
    ]
}