{
    "_key": "884771",
    "_id": "transients/884771",
    "_rev": "_j6Y9zwO---",
    "classification": {
        "spec_classed": 3,
        "unambiguous": true,
        "value": [
            {
                "object_class": "TDE",
                "confidence": 3.3,
                "reference": [
                    "2017ApJ...835...64G",
                    "2017ApJ...842...29H",
                    "2023PASP..135c4101G",
                    "2023arXiv230813595C",
                    "2024MNRAS.527.2452M"
                ],
                "default": true
            }
        ],
        "discovery_method": "uvoir"
    },
    "name": {
        "alias": [
            {
                "value": "iPTF-16axa",
                "reference": [
                    "2017ApJ...842...29H",
                    "2024MNRAS.527.2452M"
                ]
            },
            {
                "value": "iPTF 16axa",
                "reference": [
                    "2023PASP..135c4101G"
                ]
            },
            {
                "value": "iPTF16axa",
                "reference": [
                    "2017ApJ...842...29H",
                    "2000A&AS..143....9W",
                    "2017ApJ...842...29H"
                ]
            }
        ],
        "default_name": "iPTF16axa"
    },
    "reference_alias": [
        {
            "name": "2017ApJ...842...29H",
            "human_readable_name": "Hung et al. (2017)"
        },
        {
            "name": "2016A&A...594A..13P",
            "human_readable_name": "Planck Collaboration et al. (2016)"
        },
        {
            "name": "2011ApJ...737..103S",
            "human_readable_name": "Schlafly & Finkbeiner (2011)"
        },
        {
            "name": "2017ApJ...835...64G",
            "human_readable_name": "Guillochon et al. (2017)"
        },
        {
            "name": "2000A&AS..143....9W",
            "human_readable_name": "Wenger et al. (2000)"
        },
        {
            "name": "Hung, T. et al. (2017)",
            "human_readable_name": "2017ApJ...842...29H"
        },
        {
            "name": "2024MNRAS.527.2452M",
            "human_readable_name": "Mummery et al. (2023)"
        },
        {
            "name": "2017MNRAS.471.1694W",
            "human_readable_name": "Wevers, Thomas et al. (2017)"
        },
        {
            "name": "2023PASP..135c4101G",
            "human_readable_name": "Goldtooth, Aaron et al. (2023)"
        },
        {
            "name": "2023arXiv230813595C",
            "human_readable_name": "Cendes, Y. et al. (2024)"
        }
    ],
    "photometry": [
        {
            "raw": [
                20.119,
                19.999,
                20.046,
                20.579,
                19.796,
                20.918,
                20.543,
                20.586,
                20.931,
                20.671,
                20.642,
                20.612,
                20.58,
                20.537,
                21.31,
                20.603,
                20.747
            ],
            "raw_err": [
                0.137,
                0.391,
                0.378,
                0.157,
                0.357,
                0.108,
                0.283,
                0.311,
                0.122,
                0.297,
                0.326,
                0.274,
                0.339,
                0.462,
                0.278,
                0.342,
                0.408
            ],
            "raw_units": [
                "AB",
                "AB",
                "AB",
                "AB",
                "AB",
                "AB",
                "AB",
                "AB",
                "AB",
                "AB",
                "AB",
                "AB",
                "AB",
                "AB",
                "AB",
                "AB",
                "AB"
            ],
            "filter_key": [
                "g",
                "r",
                "i",
                "g",
                "i",
                "g",
                "r",
                "i",
                "g",
                "r",
                "i",
                "g",
                "r",
                "i",
                "g",
                "r",
                "i"
            ],
            "obs_type": [
                "uvoir",
                "uvoir",
                "uvoir",
                "uvoir",
                "uvoir",
                "uvoir",
                "uvoir",
                "uvoir",
                "uvoir",
                "uvoir",
                "uvoir",
                "uvoir",
                "uvoir",
                "uvoir",
                "uvoir",
                "uvoir",
                "uvoir"
            ],
            "date": [
                "57548.510",
                "57548.514",
                "57548.527",
                "57555.590",
                "57555.599",
                "57574.502",
                "57574.512",
                "57574.519",
                "57581.465",
                "57581.474",
                "57581.482",
                "57587.472",
                "57587.480",
                "57587.489",
                "57595.453",
                "57595.462",
                "57595.470"
            ],
            "date_format": "MJD",
            "upperlimit": [
                false,
                false,
                false,
                false,
                false,
                false,
                false,
                false,
                false,
                false,
                false,
                false,
                false,
                false,
                false,
                false,
                false
            ],
            "telescope": "LCO",
            "corr_k": null,
            "corr_av": null,
            "corr_host": null,
            "corr_hostav": null,
            "reference": [
                "2017ApJ...842...29H"
            ],
            "corr_s": null
        },
        {
            "raw": [
                19.486,
                19.464,
                19.626,
                19.673
            ],
            "raw_err": [
                0.071,
                0.081,
                0.085,
                0.103
            ],
            "raw_units": [
                "AB",
                "AB",
                "AB",
                "AB"
            ],
            "filter_key": [
                "g",
                "g",
                "g",
                "g"
            ],
            "obs_type": [
                "uvoir",
                "uvoir",
                "uvoir",
                "uvoir"
            ],
            "date": [
                "57537.397",
                "57544.370",
                "57548.385",
                "57552.373"
            ],
            "date_format": "MJD",
            "upperlimit": [
                false,
                false,
                false,
                false
            ],
            "telescope": "P48",
            "corr_k": null,
            "corr_av": null,
            "corr_host": null,
            "corr_hostav": null,
            "reference": [
                "2017ApJ...842...29H"
            ],
            "corr_s": null
        },
        {
            "raw": [
                20.045,
                19.901,
                19.615,
                19.972,
                19.827,
                19.592,
                20.09,
                19.891,
                19.724,
                20.162,
                20.041,
                20.235,
                20.063,
                19.959,
                20.404,
                20.171,
                20.192,
                20.401,
                20.527,
                20.408,
                20.165,
                20.661,
                20.284,
                20.711,
                21.02,
                20.633,
                20.611,
                21.149,
                20.615,
                20.749,
                21.025,
                20.881,
                20.699,
                21.063,
                20.829,
                20.736,
                21.241,
                20.879,
                20.771,
                21.213,
                20.769,
                20.883,
                21.086,
                21,
                20.875,
                20.947,
                21.28,
                21.116,
                21.041,
                21.38,
                20.975,
                20.995,
                21.317,
                21.109,
                21.011,
                21.267,
                21.012,
                21.079,
                21.377,
                20.974,
                21.038,
                21.32,
                21.261,
                21.221,
                21.284,
                21.03,
                21.111,
                21.155,
                21.165,
                20.903,
                21.329,
                20.976,
                21.398,
                21.16,
                21.358,
                21.086,
                21.203,
                21.478,
                21.474,
                21.146,
                21.218,
                21.464,
                21.111,
                21.297,
                21.356,
                21.65,
                21.634,
                21.417,
                21.413,
                21.489,
                21.64,
                21.199,
                21.328,
                21.896,
                21.213,
                21.536
            ],
            "raw_err": [
                0.033,
                0.045,
                0.032,
                0.054,
                0.05,
                0.031,
                0.029,
                0.054,
                0.027,
                0.03,
                0.052,
                0.074,
                0.118,
                0.042,
                0.106,
                0.143,
                0.127,
                0.26,
                0.127,
                0.356,
                0.076,
                0.029,
                0.027,
                0.04,
                0.087,
                0.127,
                0.053,
                0.113,
                0.093,
                0.07,
                0.144,
                0.144,
                0.105,
                0.068,
                0.082,
                0.048,
                0.102,
                0.143,
                0.048,
                0.1,
                0.101,
                0.056,
                0.077,
                0.101,
                0.046,
                0.081,
                0.069,
                0.089,
                0.048,
                0.105,
                0.125,
                0.052,
                0.124,
                0.114,
                0.057,
                0.108,
                0.223,
                0.067,
                0.15,
                0.163,
                0.1,
                0.171,
                0.141,
                0.177,
                0.212,
                0.189,
                0.113,
                0.244,
                0.286,
                0.181,
                0.191,
                0.143,
                0.17,
                0.12,
                0.107,
                0.125,
                0.049,
                0.091,
                0.16,
                0.141,
                0.071,
                0.113,
                0.155,
                0.063,
                0.138,
                0.226,
                0.18,
                0.244,
                0.093,
                0.096,
                0.356,
                0.256,
                0.33,
                0.527,
                0.276,
                0.277
            ],
            "raw_units": [
                "AB",
                "AB",
                "AB",
                "AB",
                "AB",
                "AB",
                "AB",
                "AB",
                "AB",
                "AB",
                "AB",
                "AB",
                "AB",
                "AB",
                "AB",
                "AB",
                "AB",
                "AB",
                "AB",
                "AB",
                "AB",
                "AB",
                "AB",
                "AB",
                "AB",
                "AB",
                "AB",
                "AB",
                "AB",
                "AB",
                "AB",
                "AB",
                "AB",
                "AB",
                "AB",
                "AB",
                "AB",
                "AB",
                "AB",
                "AB",
                "AB",
                "AB",
                "AB",
                "AB",
                "AB",
                "AB",
                "AB",
                "AB",
                "AB",
                "AB",
                "AB",
                "AB",
                "AB",
                "AB",
                "AB",
                "AB",
                "AB",
                "AB",
                "AB",
                "AB",
                "AB",
                "AB",
                "AB",
                "AB",
                "AB",
                "AB",
                "AB",
                "AB",
                "AB",
                "AB",
                "AB",
                "AB",
                "AB",
                "AB",
                "AB",
                "AB",
                "AB",
                "AB",
                "AB",
                "AB",
                "AB",
                "AB",
                "AB",
                "AB",
                "AB",
                "AB",
                "AB",
                "AB",
                "AB",
                "AB",
                "AB",
                "AB",
                "AB",
                "AB",
                "AB",
                "AB"
            ],
            "filter_key": [
                "r",
                "i",
                "g",
                "r",
                "i",
                "g",
                "r",
                "i",
                "g",
                "r",
                "i",
                "r",
                "i",
                "g",
                "r",
                "i",
                "g",
                "r",
                "r",
                "i",
                "g",
                "r",
                "g",
                "r",
                "r",
                "i",
                "g",
                "r",
                "i",
                "g",
                "r",
                "i",
                "g",
                "r",
                "i",
                "g",
                "r",
                "i",
                "g",
                "r",
                "i",
                "g",
                "r",
                "i",
                "g",
                "g",
                "r",
                "i",
                "g",
                "r",
                "i",
                "g",
                "r",
                "i",
                "g",
                "r",
                "i",
                "g",
                "r",
                "i",
                "g",
                "r",
                "g",
                "g",
                "r",
                "i",
                "g",
                "r",
                "i",
                "g",
                "g",
                "g",
                "r",
                "g",
                "r",
                "i",
                "g",
                "r",
                "r",
                "i",
                "g",
                "r",
                "i",
                "g",
                "g",
                "r",
                "r",
                "i",
                "g",
                "r",
                "r",
                "i",
                "g",
                "r",
                "i",
                "g"
            ],
            "obs_type": [
                "uvoir",
                "uvoir",
                "uvoir",
                "uvoir",
                "uvoir",
                "uvoir",
                "uvoir",
                "uvoir",
                "uvoir",
                "uvoir",
                "uvoir",
                "uvoir",
                "uvoir",
                "uvoir",
                "uvoir",
                "uvoir",
                "uvoir",
                "uvoir",
                "uvoir",
                "uvoir",
                "uvoir",
                "uvoir",
                "uvoir",
                "uvoir",
                "uvoir",
                "uvoir",
                "uvoir",
                "uvoir",
                "uvoir",
                "uvoir",
                "uvoir",
                "uvoir",
                "uvoir",
                "uvoir",
                "uvoir",
                "uvoir",
                "uvoir",
                "uvoir",
                "uvoir",
                "uvoir",
                "uvoir",
                "uvoir",
                "uvoir",
                "uvoir",
                "uvoir",
                "uvoir",
                "uvoir",
                "uvoir",
                "uvoir",
                "uvoir",
                "uvoir",
                "uvoir",
                "uvoir",
                "uvoir",
                "uvoir",
                "uvoir",
                "uvoir",
                "uvoir",
                "uvoir",
                "uvoir",
                "uvoir",
                "uvoir",
                "uvoir",
                "uvoir",
                "uvoir",
                "uvoir",
                "uvoir",
                "uvoir",
                "uvoir",
                "uvoir",
                "uvoir",
                "uvoir",
                "uvoir",
                "uvoir",
                "uvoir",
                "uvoir",
                "uvoir",
                "uvoir",
                "uvoir",
                "uvoir",
                "uvoir",
                "uvoir",
                "uvoir",
                "uvoir",
                "uvoir",
                "uvoir",
                "uvoir",
                "uvoir",
                "uvoir",
                "uvoir",
                "uvoir",
                "uvoir",
                "uvoir",
                "uvoir",
                "uvoir",
                "uvoir"
            ],
            "date": [
                "57540.397",
                "57540.401",
                "57540.404",
                "57541.421",
                "57541.424",
                "57541.428",
                "57547.392",
                "57547.395",
                "57547.399",
                "57551.451",
                "57551.456",
                "57554.368",
                "57554.373",
                "57554.378",
                "57558.459",
                "57558.464",
                "57558.469",
                "57559.483",
                "57565.198",
                "57565.202",
                "57565.219",
                "57566.205",
                "57566.220",
                "57569.229",
                "57583.255",
                "57583.258",
                "57583.261",
                "57585.188",
                "57585.191",
                "57585.194",
                "57587.188",
                "57587.191",
                "57587.193",
                "57593.228",
                "57593.231",
                "57593.234",
                "57595.176",
                "57595.179",
                "57595.182",
                "57597.234",
                "57597.237",
                "57597.239",
                "57599.191",
                "57599.194",
                "57599.197",
                "57601.183",
                "57605.207",
                "57605.210",
                "57605.213",
                "57607.170",
                "57607.173",
                "57607.176",
                "57609.171",
                "57609.174",
                "57609.177",
                "57611.191",
                "57611.194",
                "57611.196",
                "57613.167",
                "57613.170",
                "57613.173",
                "57614.175",
                "57614.180",
                "57615.168",
                "57616.161",
                "57616.163",
                "57616.166",
                "57617.163",
                "57617.166",
                "57617.169",
                "57618.150",
                "57619.156",
                "57621.144",
                "57621.150",
                "57625.153",
                "57625.156",
                "57625.158",
                "57629.148",
                "57631.146",
                "57631.149",
                "57631.152",
                "57633.161",
                "57633.164",
                "57633.166",
                "57635.135",
                "57637.139",
                "57639.222",
                "57639.224",
                "57639.227",
                "57640.182",
                "57646.151",
                "57646.171",
                "57646.190",
                "57656.140",
                "57656.163",
                "57656.182"
            ],
            "date_format": "MJD",
            "upperlimit": [
                false,
                false,
                false,
                false,
                false,
                false,
                false,
                false,
                false,
                false,
                false,
                false,
                false,
                false,
                false,
                false,
                false,
                false,
                false,
                false,
                false,
                false,
                false,
                false,
                false,
                false,
                false,
                false,
                false,
                false,
                false,
                false,
                false,
                false,
                false,
                false,
                false,
                false,
                false,
                false,
                false,
                false,
                false,
                false,
                false,
                false,
                false,
                false,
                false,
                false,
                false,
                false,
                false,
                false,
                false,
                false,
                false,
                false,
                false,
                false,
                false,
                false,
                false,
                false,
                false,
                false,
                false,
                false,
                false,
                false,
                false,
                false,
                false,
                false,
                false,
                false,
                false,
                false,
                false,
                false,
                false,
                false,
                false,
                false,
                false,
                false,
                false,
                false,
                false,
                false,
                false,
                false,
                false,
                false,
                false,
                false
            ],
            "telescope": "P60",
            "corr_k": null,
            "corr_av": null,
            "corr_host": null,
            "corr_hostav": null,
            "reference": [
                "2017ApJ...842...29H"
            ],
            "corr_s": null
        },
        {
            "raw": [
                19.11,
                19.32,
                19.3,
                19.07,
                19.25,
                19.5,
                19.41,
                19.35,
                19.5,
                19.65,
                19.78,
                19.95,
                19.92,
                19.98,
                20.32,
                20.09,
                20.04,
                20.07,
                19.91,
                19.82,
                19.92,
                19.82,
                20.11,
                20.02,
                20.22,
                20.45,
                20.5,
                19.94,
                19.87,
                20.06,
                20.19,
                20.22,
                20.12,
                20.16,
                20.43,
                20.17,
                20.3,
                20.64,
                20.43,
                20.22,
                20.38,
                20.55,
                20.74,
                20.14,
                20.47,
                20.74
            ],
            "raw_err": [
                0.05,
                0.09,
                0.14,
                0.06,
                0.07,
                0.1,
                0.15,
                0.07,
                0.07,
                0.16,
                0.12,
                0.22,
                0.09,
                0.09,
                0.18,
                0.25,
                0.1,
                0.1,
                0.17,
                0.22,
                0.11,
                0.13,
                0.11,
                0.23,
                0.16,
                0.25,
                0.14,
                0.13,
                0.06,
                0.1,
                0.13,
                0.19,
                0.08,
                0.16,
                0.14,
                0.17,
                0.08,
                0.13,
                0.13,
                0.15,
                0.07,
                0.12,
                0.19,
                0.2,
                0.09,
                0.15
            ],
            "raw_units": [
                "AB",
                "AB",
                "AB",
                "AB",
                "AB",
                "AB",
                "AB",
                "AB",
                "AB",
                "AB",
                "AB",
                "AB",
                "AB",
                "AB",
                "AB",
                "AB",
                "AB",
                "AB",
                "AB",
                "AB",
                "AB",
                "AB",
                "AB",
                "AB",
                "AB",
                "AB",
                "AB",
                "AB",
                "AB",
                "AB",
                "AB",
                "AB",
                "AB",
                "AB",
                "AB",
                "AB",
                "AB",
                "AB",
                "AB",
                "AB",
                "AB",
                "AB",
                "AB",
                "AB",
                "AB",
                "AB"
            ],
            "filter_key": [
                "UVW2",
                "UVW1",
                "U",
                "UVW2",
                "UVM2",
                "UVW1",
                "U",
                "UVW2",
                "UVM2",
                "UVW1",
                "UVW1",
                "U",
                "UVW2",
                "UVM2",
                "UVW1",
                "U",
                "UVW2",
                "UVM2",
                "UVW1",
                "U",
                "UVW2",
                "U",
                "UVM2",
                "UVW1",
                "UVW2",
                "UVM2",
                "UVW1",
                "U",
                "UVW2",
                "UVM2",
                "UVW1",
                "U",
                "UVW2",
                "UVM2",
                "UVW1",
                "U",
                "UVW2",
                "UVM2",
                "UVW1",
                "U",
                "UVW2",
                "UVM2",
                "UVW1",
                "U",
                "UVW2",
                "UVM2"
            ],
            "obs_type": [
                "uvoir",
                "uvoir",
                "uvoir",
                "uvoir",
                "uvoir",
                "uvoir",
                "uvoir",
                "uvoir",
                "uvoir",
                "uvoir",
                "uvoir",
                "uvoir",
                "uvoir",
                "uvoir",
                "uvoir",
                "uvoir",
                "uvoir",
                "uvoir",
                "uvoir",
                "uvoir",
                "uvoir",
                "uvoir",
                "uvoir",
                "uvoir",
                "uvoir",
                "uvoir",
                "uvoir",
                "uvoir",
                "uvoir",
                "uvoir",
                "uvoir",
                "uvoir",
                "uvoir",
                "uvoir",
                "uvoir",
                "uvoir",
                "uvoir",
                "uvoir",
                "uvoir",
                "uvoir",
                "uvoir",
                "uvoir",
                "uvoir",
                "uvoir",
                "uvoir",
                "uvoir"
            ],
            "date": [
                "57546.189",
                "57551.230",
                "57551.231",
                "57551.232",
                "57551.236",
                "57556.820",
                "57556.822",
                "57556.824",
                "57556.828",
                "57561.391",
                "57571.630",
                "57571.632",
                "57571.634",
                "57571.637",
                "57576.483",
                "57576.484",
                "57576.485",
                "57576.487",
                "57585.933",
                "57585.935",
                "57585.937",
                "57587.587",
                "57587.593",
                "57592.581",
                "57592.583",
                "57592.586",
                "57594.422",
                "57594.425",
                "57594.428",
                "57594.436",
                "57599.092",
                "57599.093",
                "57599.095",
                "57599.099",
                "57607.997",
                "57607.998",
                "57607.999",
                "57608.002",
                "57613.235",
                "57613.238",
                "57613.241",
                "57613.248",
                "57620.538",
                "57620.540",
                "57620.542",
                "57620.546"
            ],
            "date_format": "MJD",
            "upperlimit": [
                false,
                false,
                false,
                false,
                false,
                false,
                false,
                false,
                false,
                false,
                false,
                false,
                false,
                false,
                false,
                false,
                false,
                false,
                false,
                false,
                false,
                false,
                false,
                false,
                false,
                false,
                false,
                false,
                false,
                false,
                false,
                false,
                false,
                false,
                false,
                false,
                false,
                false,
                false,
                false,
                false,
                false,
                false,
                false,
                false,
                false
            ],
            "telescope": "Swift",
            "corr_k": null,
            "corr_av": null,
            "corr_host": null,
            "corr_hostav": null,
            "reference": [
                "2017ApJ...842...29H"
            ],
            "corr_s": null
        },
        {
            "raw": [
                8.1249e-05,
                8.3905e-05,
                6.513e-05,
                3.8443e-05,
                3.4392e-05,
                3.7259e-05,
                3.4938e-05,
                2.8802e-05,
                4.0143e-05,
                3.1718e-05,
                2.6664e-05,
                2.4541e-05,
                2.342e-05,
                3.0384e-06,
                6.663e-06,
                7.5528e-06,
                3.5742e-06,
                7.043e-05,
                5.4432e-05,
                3.6022e-05,
                3.3621e-05,
                3.1795e-05,
                2.2117e-05,
                3.2593e-05,
                2.9442e-05,
                1.9159e-05,
                2.0266e-05,
                1.6348e-05,
                5.6847e-06,
                3.4563e-06,
                6.3292e-05,
                5.2367e-05,
                4.4318e-05,
                3.9095e-05,
                2.2091e-05,
                3.5533e-05,
                2.6265e-05,
                3.3202e-05,
                2.057e-05,
                2.6863e-05,
                2.1754e-05,
                2.1408e-05,
                1.5933e-05,
                9.8585e-06,
                5.8467e-05,
                5.1734e-05,
                7.3437e-05,
                3.0929e-05,
                2.3547e-05,
                3.2795e-05,
                3.0351e-05,
                8.165e-06,
                2.8961e-05,
                1.9526e-05,
                1.9328e-05,
                1.8224e-05,
                2.1829e-05,
                -4.5391e-06,
                4.5497e-05,
                3.0926e-05,
                3.8902e-05,
                2.3262e-05,
                2.1677e-05,
                2.5322e-05,
                1.3906e-05,
                3.073e-05,
                1.928e-05,
                1.6637e-05,
                1.917e-05,
                2.011e-05,
                3.0011e-05,
                -7.2197e-06,
                -1.2977e-06,
                1.442263486240811e-05,
                -2.777429927705113e-06,
                2.946454331146978e-05,
                -3.857410380108857e-05,
                2.058087404863187e-06,
                -1.4580883950315901e-05,
                -8.39663015512899e-06,
                4.6858808649264416e-05,
                9.03473562160186e-06,
                -3.869425585157141e-06,
                1.4697025710760932e-05,
                7.73698545919102e-06,
                -2.508634558898738e-05,
                -6.492421110833251e-06,
                -2.1734610271070663e-05,
                -1.0772218407030658e-06,
                -1.5166420864745008e-05,
                -3.173363695514003e-05,
                -3.380544376731998e-05,
                5.760651599146251e-05,
                -2.5732113152772312e-05,
                -2.0090039794464167e-05,
                6.7318599437196645e-06,
                -1.8975038492072543e-05,
                -2.967074633147108e-06,
                -4.942321540038964e-05,
                1.4629047015430174e-06,
                -4.020471471873223e-05,
                8.983395369236294e-06,
                8.428986249258425e-06,
                -2.2454514436343834e-05,
                -7.727263432493437e-06,
                2.2346244293736425e-06,
                -2.6830872127665915e-05,
                6.45901e-05,
                5.73543e-05,
                5.85822e-05,
                6.59122e-05,
                5.18759e-05,
                5.67762e-05,
                3.6055e-05,
                5.43708e-05,
                4.17798e-05,
                2.36029e-05,
                3.37106e-05,
                3.45594e-05,
                3.09718e-05,
                1.72729e-05,
                1.70673e-05,
                2.29174e-05,
                2.01821e-05,
                2.11332e-05,
                2.28963e-05,
                2.04252e-05,
                1.97773e-05,
                1.20383e-05,
                1.78388e-05,
                1.79707e-05,
                1.68177e-05,
                1.54229e-05,
                1.60904e-05,
                1.5855e-05,
                1.48924e-05,
                1.54656e-05,
                1.25941e-05,
                1.30667e-05,
                1.44599e-05,
                1.75132e-05,
                1.18295e-05,
                1.63744e-05,
                1.38218e-05,
                1.32851e-05,
                1.31029e-05,
                1.21833e-05,
                1.15389e-05,
                1.09488e-05,
                1.18404e-05,
                9.77611e-06,
                3.85981e-05,
                4.12825e-05,
                3.7031e-05,
                4.02686e-05,
                3.4655e-05,
                3.24016e-05,
                2.7731e-05,
                2.78078e-05,
                2.47609e-05,
                2.1886e-05,
                2.09009e-05,
                2.43987e-05,
                2.16853e-05,
                1.57241e-05,
                1.39626e-05,
                1.56519e-05,
                2.35812e-05,
                1.51135e-05,
                1.28282e-05,
                2.30869e-05,
                1.31633e-05,
                1.47967e-05,
                1.23756e-05,
                1.12867e-05,
                1.1961e-05,
                1.25247e-05,
                1.13179e-05,
                1.1928e-05,
                1.23301e-05,
                1.38856e-05,
                1.11011e-05,
                1.15177e-05,
                1.03125e-05,
                1.03506e-05,
                1.04464e-05,
                8.80169e-06,
                8.93236e-06,
                1.02086e-05,
                8.88313e-06,
                7.01723e-06
            ],
            "raw_err": [
                4.3321e-06,
                5.323e-06,
                4.5364e-06,
                3.4791e-06,
                3.3333e-06,
                4.1025e-06,
                2.5108e-06,
                4.527e-06,
                2.5831e-06,
                2.5997e-06,
                2.0691e-06,
                1.8501e-06,
                2.0605e-06,
                1.1258e-06,
                4.8369e-06,
                4.375e-06,
                2.5057e-06,
                4.7643e-06,
                4.1187e-06,
                3.2504e-06,
                3.3575e-06,
                3.3039e-06,
                5.51e-06,
                3.1518e-06,
                4.6713e-06,
                2.4031e-06,
                2.3627e-06,
                2.4966e-06,
                6.8831e-06,
                4.297e-06,
                6.0472e-06,
                5.5316e-06,
                6.769e-06,
                4.9926e-06,
                4.4767e-06,
                6.2294e-06,
                3.369e-06,
                7.5357e-06,
                3.0137e-06,
                3.7139e-06,
                3.2342e-06,
                2.9957e-06,
                3.2204e-06,
                1.0536e-05,
                9.4586e-06,
                9.0669e-06,
                6.0828e-05,
                8.0402e-06,
                7.828e-06,
                8.9039e-06,
                5.2355e-06,
                9.4517e-06,
                4.8167e-06,
                5.2938e-06,
                5.1477e-06,
                4.1654e-06,
                6.128e-06,
                7.4785e-06,
                1.6168e-05,
                1.5372e-05,
                1.6059e-05,
                1.5575e-05,
                1.6238e-05,
                9.8932e-06,
                2.0183e-05,
                9.4446e-06,
                1.0736e-05,
                9.8385e-06,
                8.4593e-06,
                1.1793e-05,
                3.9998e-05,
                3.5302e-05,
                1.6434e-05,
                1.4082291741832176e-05,
                1.2636885988239563e-05,
                1.432001200918461e-05,
                2.165360442925882e-05,
                1.826561860914003e-05,
                2.202815592437656e-05,
                1.0485446285498352e-05,
                1.6958472106275927e-05,
                9.272261427701373e-06,
                1.5240789025574359e-05,
                1.5189478181169736e-05,
                1.5332111764592933e-05,
                1.1340022606537342e-05,
                1.4624390328429752e-05,
                1.0137208310204633e-05,
                1.5520286793695435e-05,
                1.5304716199948707e-05,
                3.000686186404675e-05,
                3.1789373402673755e-05,
                2.880619730802048e-05,
                4.842907138276551e-05,
                3.905230077544183e-05,
                4.440310001119219e-05,
                1.9844614321612035e-05,
                2.7992029716056166e-05,
                1.9081591670034553e-05,
                3.305281996268221e-05,
                3.3548660898828324e-05,
                3.7446132396654445e-05,
                2.358866492932166e-05,
                2.8378445758180318e-05,
                2.3917469286840218e-05,
                3.0007104320235592e-05,
                2.7227879687685934e-05,
                4.223776300904661e-06,
                1.690403135115164e-06,
                1.6726448284269587e-06,
                4.917298726186974e-06,
                1.2900421209379537e-06,
                4.444898312482629e-06,
                4.549487274396108e-06,
                5.157994113705719e-06,
                1.616183779297455e-06,
                3.4130344175211654e-06,
                3.943171786777088e-06,
                2.419112462619681e-06,
                7.7020340150988e-07,
                1.7181645207996723e-06,
                1.9177881902907697e-06,
                1.1187054642927406e-06,
                1.301186400361012e-06,
                2.043760744911217e-06,
                5.778178640574048e-06,
                9.0299147195617e-07,
                8.743451938666642e-07,
                3.0823782992827846e-06,
                9.200874476441774e-07,
                7.613732886919696e-07,
                1.2546648306877316e-06,
                6.818422817869817e-07,
                7.706284357119239e-07,
                8.323698035301444e-07,
                9.189979032966103e-07,
                1.4244339702641244e-06,
                1.6355454065606755e-06,
                2.1301749911322434e-06,
                1.5049405300656347e-06,
                2.9195775296831394e-06,
                2.0810204744771756e-06,
                2.156637309969216e-06,
                1.527642020335135e-06,
                5.995673535171164e-07,
                8.568446085556198e-07,
                7.069371761632147e-07,
                1.4666268370133907e-06,
                9.378302757371108e-07,
                3.5987890708451535e-06,
                2.49414567495734e-06,
                1.1731531020887711e-06,
                2.053218999453007e-06,
                9.890955260636194e-07,
                1.4501723441137187e-05,
                9.57551553552217e-07,
                2.2083814002324337e-06,
                2.707366266677405e-06,
                6.659122201276523e-06,
                2.896319448029985e-06,
                5.845754123676274e-07,
                7.700194446060418e-07,
                6.359607857186445e-06,
                5.931946139553378e-06,
                1.2599702359290794e-06,
                1.4531846227190535e-06,
                2.0758940256281183e-06,
                7.362785659227767e-06,
                9.465641819532637e-07,
                1.2051504088787872e-06,
                7.2722143766911815e-06,
                1.2123881508292214e-06,
                1.049374169765677e-06,
                7.864863811037201e-07,
                1.0915224538299183e-06,
                1.3660497393739788e-06,
                1.2458506912111426e-06,
                1.5636245861653148e-06,
                1.8786229330171162e-06,
                2.4075690416844863e-06,
                3.120547123441898e-06,
                1.7381601064014083e-06,
                1.1350759729074652e-06,
                8.643296121732017e-07,
                1.5253218667401873e-06,
                1.0872281050649976e-06,
                1.8321081362499032e-06,
                1.4808563269206726e-06,
                9.026370693615627e-07,
                2.9126755449326776e-06,
                3.406050473995491e-06
            ],
            "raw_units": "Jy",
            "date": [
                "57546.19419",
                "57551.307105",
                "57556.857266",
                "57571.668027",
                "57576.518112",
                "57585.939171",
                "57587.726521",
                "57592.584341",
                "57594.464375",
                "57599.42642",
                "57608.12465",
                "57613.308697",
                "57620.674651",
                "59582.238871",
                "60599.326157",
                "60607.911828",
                "60624.514811",
                "57551.310247",
                "57556.861776",
                "57571.672438",
                "57576.522186",
                "57587.731126",
                "57592.587207",
                "57594.471707",
                "57599.428911",
                "57608.127614",
                "57613.314436",
                "57620.678965",
                "60607.914984",
                "60624.516657",
                "57551.304476",
                "57556.853613",
                "57561.424471",
                "57571.664562",
                "57576.514511",
                "57585.934327",
                "57587.720899",
                "57592.58123",
                "57594.456264",
                "57599.423017",
                "57608.121108",
                "57613.302618",
                "57620.669914",
                "60599.323782",
                "57551.30549",
                "57556.8549",
                "57561.457977",
                "57571.66576",
                "57576.515519",
                "57585.935781",
                "57587.722464",
                "57592.582163",
                "57594.458711",
                "57599.424084",
                "57608.122017",
                "57613.304543",
                "57620.671303",
                "60624.513104",
                "57551.305967",
                "57556.85554",
                "57571.666367",
                "57576.516118",
                "57585.936769",
                "57587.723579",
                "57592.582803",
                "57594.460355",
                "57599.424794",
                "57608.122706",
                "57613.305804",
                "57620.672262",
                "60599.324985",
                "60607.910047",
                "60624.513627",
                "57260.36744868",
                "57445.69623877",
                "57619.25440036",
                "57812.660990185",
                "57979.57496832",
                "58177.019705165",
                "58340.21393395",
                "58543.629536315",
                "58707.15673751",
                "58908.411675725",
                "59070.97034231",
                "59272.542382579995",
                "59435.444199",
                "59639.18797259",
                "59802.783565795005",
                "60003.575616379996",
                "60166.555846305",
                "57260.36744868",
                "57445.69623877",
                "57619.25440036",
                "57812.660990185",
                "57979.57496832",
                "58177.019705165",
                "58340.21393395",
                "58543.629536315",
                "58707.15673751",
                "58908.411675725",
                "59070.97034231",
                "59272.542382579995",
                "59435.444199",
                "59639.18797259",
                "59802.783565795005",
                "60003.575616379996",
                "60166.555846305",
                "57523.42",
                "57526.422679999996",
                "57527.45312",
                "57530.389319999995",
                "57533.42524",
                "57534.41136",
                "57534.53324",
                "57538.40016",
                "57540.40564",
                "57541.613359999996",
                "57544.494159999995",
                "57551.24188",
                "57552.23908",
                "57560.52692",
                "57567.48516",
                "57569.280119999996",
                "57571.21912",
                "57573.21352",
                "57573.49052",
                "57579.25212",
                "57581.2022",
                "57581.4792",
                "57583.26308",
                "57585.224239999996",
                "57587.207559999995",
                "57591.240679999995",
                "57593.20184",
                "57595.19624",
                "57597.22388",
                "57599.19612",
                "57600.204399999995",
                "57601.19052",
                "57602.18772",
                "57603.195999999996",
                "57604.17104",
                "57605.179319999996",
                "57607.17372",
                "57611.18468",
                "57617.17896",
                "57619.18444",
                "57621.15668",
                "57625.2452",
                "57632.21452",
                "57642.208679999996",
                "57526.422679999996",
                "57527.44204",
                "57533.41416",
                "57534.53324",
                "57537.46944",
                "57540.39456",
                "57544.48308",
                "57545.50244",
                "57551.21972",
                "57552.227999999996",
                "57555.25284",
                "57560.538",
                "57567.49624",
                "57569.280119999996",
                "57571.20804",
                "57573.21352",
                "57573.501599999996",
                "57579.25212",
                "57581.2022",
                "57581.49028",
                "57583.252",
                "57585.21316",
                "57591.2296",
                "57593.19076",
                "57595.19624",
                "57597.2128",
                "57599.18504",
                "57600.19332",
                "57602.18772",
                "57603.18492",
                "57607.162639999995",
                "57611.173599999995",
                "57615.17348",
                "57617.16788",
                "57619.18444",
                "57623.16216",
                "57625.2452",
                "57626.20916",
                "57632.1702",
                "57642.164359999995"
            ],
            "date_format": "mjd",
            "filter_key": [
                "UVW2.uvot",
                "UVW2.uvot",
                "UVW2.uvot",
                "UVW2.uvot",
                "UVW2.uvot",
                "UVW2.uvot",
                "UVW2.uvot",
                "UVW2.uvot",
                "UVW2.uvot",
                "UVW2.uvot",
                "UVW2.uvot",
                "UVW2.uvot",
                "UVW2.uvot",
                "UVW2.uvot",
                "UVW2.uvot",
                "UVW2.uvot",
                "UVW2.uvot",
                "UVM2.uvot",
                "UVM2.uvot",
                "UVM2.uvot",
                "UVM2.uvot",
                "UVM2.uvot",
                "UVM2.uvot",
                "UVM2.uvot",
                "UVM2.uvot",
                "UVM2.uvot",
                "UVM2.uvot",
                "UVM2.uvot",
                "UVM2.uvot",
                "UVM2.uvot",
                "UVW1.uvot",
                "UVW1.uvot",
                "UVW1.uvot",
                "UVW1.uvot",
                "UVW1.uvot",
                "UVW1.uvot",
                "UVW1.uvot",
                "UVW1.uvot",
                "UVW1.uvot",
                "UVW1.uvot",
                "UVW1.uvot",
                "UVW1.uvot",
                "UVW1.uvot",
                "UVW1.uvot",
                "U.uvot",
                "U.uvot",
                "U.uvot",
                "U.uvot",
                "U.uvot",
                "U.uvot",
                "U.uvot",
                "U.uvot",
                "U.uvot",
                "U.uvot",
                "U.uvot",
                "U.uvot",
                "U.uvot",
                "U.uvot",
                "B.uvot",
                "B.uvot",
                "B.uvot",
                "B.uvot",
                "B.uvot",
                "B.uvot",
                "B.uvot",
                "B.uvot",
                "B.uvot",
                "B.uvot",
                "B.uvot",
                "B.uvot",
                "B.uvot",
                "B.uvot",
                "B.uvot",
                "W1.wise",
                "W1.wise",
                "W1.wise",
                "W1.wise",
                "W1.wise",
                "W1.wise",
                "W1.wise",
                "W1.wise",
                "W1.wise",
                "W1.wise",
                "W1.wise",
                "W1.wise",
                "W1.wise",
                "W1.wise",
                "W1.wise",
                "W1.wise",
                "W1.wise",
                "W2.wise",
                "W2.wise",
                "W2.wise",
                "W2.wise",
                "W2.wise",
                "W2.wise",
                "W2.wise",
                "W2.wise",
                "W2.wise",
                "W2.wise",
                "W2.wise",
                "W2.wise",
                "W2.wise",
                "W2.wise",
                "W2.wise",
                "W2.wise",
                "W2.wise",
                "g.ztf",
                "g.ztf",
                "g.ztf",
                "g.ztf",
                "g.ztf",
                "g.ztf",
                "g.ztf",
                "g.ztf",
                "g.ztf",
                "g.ztf",
                "g.ztf",
                "g.ztf",
                "g.ztf",
                "g.ztf",
                "g.ztf",
                "g.ztf",
                "g.ztf",
                "g.ztf",
                "g.ztf",
                "g.ztf",
                "g.ztf",
                "g.ztf",
                "g.ztf",
                "g.ztf",
                "g.ztf",
                "g.ztf",
                "g.ztf",
                "g.ztf",
                "g.ztf",
                "g.ztf",
                "g.ztf",
                "g.ztf",
                "g.ztf",
                "g.ztf",
                "g.ztf",
                "g.ztf",
                "g.ztf",
                "g.ztf",
                "g.ztf",
                "g.ztf",
                "g.ztf",
                "g.ztf",
                "g.ztf",
                "g.ztf",
                "r.ztf",
                "r.ztf",
                "r.ztf",
                "r.ztf",
                "r.ztf",
                "r.ztf",
                "r.ztf",
                "r.ztf",
                "r.ztf",
                "r.ztf",
                "r.ztf",
                "r.ztf",
                "r.ztf",
                "r.ztf",
                "r.ztf",
                "r.ztf",
                "r.ztf",
                "r.ztf",
                "r.ztf",
                "r.ztf",
                "r.ztf",
                "r.ztf",
                "r.ztf",
                "r.ztf",
                "r.ztf",
                "r.ztf",
                "r.ztf",
                "r.ztf",
                "r.ztf",
                "r.ztf",
                "r.ztf",
                "r.ztf",
                "r.ztf",
                "r.ztf",
                "r.ztf",
                "r.ztf",
                "r.ztf",
                "r.ztf",
                "r.ztf",
                "r.ztf"
            ],
            "obs_type": "uvoir",
            "reference": [
                "2017ApJ...842...29H",
                "2024MNRAS.527.2452M"
            ],
            "upperlimit": [
                false,
                false,
                false,
                false,
                false,
                false,
                false,
                false,
                false,
                false,
                false,
                false,
                false,
                true,
                true,
                true,
                true,
                false,
                false,
                false,
                false,
                false,
                false,
                false,
                false,
                false,
                false,
                false,
                true,
                true,
                false,
                false,
                false,
                false,
                false,
                false,
                false,
                false,
                false,
                false,
                false,
                false,
                false,
                true,
                false,
                false,
                true,
                false,
                false,
                false,
                false,
                true,
                false,
                false,
                false,
                false,
                false,
                true,
                true,
                true,
                true,
                true,
                true,
                true,
                true,
                false,
                true,
                true,
                true,
                true,
                true,
                true,
                true,
                true,
                true,
                true,
                true,
                true,
                true,
                true,
                true,
                true,
                true,
                true,
                true,
                true,
                true,
                true,
                true,
                true,
                true,
                true,
                true,
                true,
                true,
                true,
                true,
                true,
                true,
                true,
                true,
                true,
                true,
                true,
                true,
                true,
                true,
                false,
                false,
                false,
                false,
                false,
                false,
                false,
                false,
                false,
                false,
                false,
                false,
                false,
                false,
                false,
                false,
                false,
                false,
                false,
                false,
                false,
                false,
                false,
                false,
                false,
                false,
                false,
                false,
                false,
                false,
                false,
                false,
                false,
                false,
                false,
                false,
                false,
                false,
                false,
                false,
                false,
                false,
                false,
                false,
                false,
                false,
                false,
                true,
                false,
                false,
                false,
                false,
                false,
                false,
                false,
                false,
                false,
                false,
                false,
                false,
                false,
                false,
                false,
                false,
                false,
                false,
                false,
                false,
                false,
                false,
                false,
                false,
                false,
                false,
                false,
                false,
                false,
                false,
                false,
                false,
                false,
                false,
                false,
                true
            ],
            "corr_k": false,
            "corr_s": false,
            "corr_av": false,
            "corr_host": false,
            "corr_hostav": false,
            "val_av": 0.1240806365438108
        },
        {
            "reference": "2023arXiv230813595C",
            "raw": [
                0.011,
                0.017
            ],
            "raw_err": [
                0,
                0
            ],
            "raw_units": "mJy",
            "date": [
                "2021-06-17",
                "2022-10-25"
            ],
            "date_format": [
                "iso",
                "iso"
            ],
            "upperlimit": [
                true,
                true
            ],
            "filter_key": [
                "6.0GHz",
                "6.0GHz"
            ],
            "obs_type": "radio",
            "telescope": "VLA",
            "corr_k": false,
            "corr_s": false,
            "corr_host": false,
            "corr_av": false,
            "corr_hostav": false
        }
    ],
    "coordinate": [
        {
            "ra": "17:03:34.36",
            "dec": "+30:35:36.8",
            "ra_units": "hour",
            "dec_units": "deg",
            "coordinate_type": "equatorial",
            "default": true,
            "reference": [
                "2000A&AS..143....9W",
                "2017ApJ...842...29H"
            ]
        },
        {
            "ra": "17:03:34.36",
            "dec": "+30:35:36.8",
            "ra_units": "hour",
            "dec_units": "degree",
            "coordinate_type": "equatorial",
            "default": false,
            "reference": [
                "2017ApJ...842...29H"
            ]
        },
        {
            "ra": "255.89311",
            "dec": "30.59352",
            "ra_units": "deg",
            "dec_units": "deg",
            "coordinate_type": "equatorial",
            "default": false,
            "reference": [
                "2017ApJ...842...29H",
                "2024MNRAS.527.2452M"
            ]
        }
    ],
    "filter_alias": [
        {
            "filter_key": "g",
            "wave_eff": 475,
            "wave_units": "nm",
            "filter_name": "g"
        },
        {
            "filter_key": "i",
            "wave_eff": 763,
            "wave_units": "nm",
            "filter_name": "i"
        },
        {
            "filter_key": "r",
            "wave_eff": 622,
            "wave_units": "nm",
            "filter_name": "r"
        },
        {
            "filter_key": "U",
            "wave_eff": 365,
            "wave_units": "nm",
            "filter_name": "U"
        },
        {
            "filter_key": "UVM2",
            "wave_eff": 260,
            "wave_units": "nm",
            "filter_name": "UVM2"
        },
        {
            "filter_key": "UVW1",
            "wave_eff": 224.6,
            "wave_units": "nm",
            "filter_name": "UVW1"
        },
        {
            "filter_key": "UVW2",
            "wave_eff": 192.8,
            "wave_units": "nm",
            "filter_name": "UVW2"
        },
        {
            "filter_key": "B.uvot",
            "filter_name": "B.uvot",
            "freq_eff": 695280559412463.5,
            "freq_units": "Hz"
        },
        {
            "filter_key": "U.uvot",
            "filter_name": "U.uvot",
            "freq_eff": 872815357550259.6,
            "freq_units": "Hz"
        },
        {
            "filter_key": "UVM2.uvot",
            "filter_name": "UVM2.uvot",
            "freq_eff": 1346484181597652,
            "freq_units": "Hz"
        },
        {
            "filter_key": "UVW1.uvot",
            "filter_name": "UVW1.uvot",
            "freq_eff": 1198891057872408,
            "freq_units": "Hz"
        },
        {
            "filter_key": "UVW2.uvot",
            "filter_name": "UVW2.uvot",
            "freq_eff": 1492659946412262.2,
            "freq_units": "Hz"
        },
        {
            "filter_key": "W1.wise",
            "filter_name": "W1.wise",
            "freq_eff": 89917740678395.33,
            "freq_units": "Hz"
        },
        {
            "filter_key": "W2.wise",
            "filter_name": "W2.wise",
            "freq_eff": 65429370473910.305,
            "freq_units": "Hz"
        },
        {
            "filter_key": "g.ztf",
            "filter_name": "g.ztf",
            "freq_eff": 634121907623677.4,
            "freq_units": "Hz"
        },
        {
            "filter_key": "r.ztf",
            "filter_name": "r.ztf",
            "freq_eff": 471994480402802.25,
            "freq_units": "Hz"
        },
        {
            "filter_key": "6.0GHz",
            "filter_name": "C",
            "freq_eff": 6,
            "freq_units": "GHz"
        }
    ],
    "date_reference": [
        {
            "value": "2016-05-29",
            "date_format": "iso",
            "date_type": "discovery",
            "reference": [
                "2017ApJ...835...64G",
                "2017ApJ...842...29H"
            ],
            "default": true
        },
        {
            "value": "2016-05-29 ",
            "date_format": "iso",
            "date_type": "discovery",
            "reference": [
                "2017ApJ...842...29H",
                "2023PASP..135c4101G"
            ],
            "default": false
        },
        {
            "value": "57523.41999999996",
            "date_format": "mjd",
            "date_type": "peak",
            "reference": [
                "2017ApJ...842...29H",
                "2024MNRAS.527.2452M"
            ],
            "default": true
        }
    ],
    "distance": [
        {
            "value": "0.108",
            "distance_type": "redshift",
            "reference": [
                "2017ApJ...842...29H",
                "2023PASP..135c4101G",
                "2024MNRAS.527.2452M"
            ],
            "default": true
        },
        {
            "value": "466",
            "distance_type": "comoving",
            "unit": "Mpc",
            "reference": [
                "2016A&A...594A..13P",
                "2017ApJ...835...64G",
                "2017ApJ...842...29H"
            ],
            "default": true
        },
        {
            "value": "516",
            "distance_type": "luminosity",
            "unit": "Mpc",
            "reference": [
                "2016A&A...594A..13P",
                "2017ApJ...835...64G",
                "2017ApJ...842...29H"
            ],
            "default": true
        },
        {
            "value": "82.0",
            "distance_type": "dispersion_measure",
            "unit": "km/s",
            "reference": [
                "2017MNRAS.471.1694W",
                "2024MNRAS.527.2452M"
            ],
            "default": true
        }
    ],
    "host": [
        {
            "host_name": "SDSS J170334.34+303536.6",
            "host_ra": 255.89166666666665,
            "host_dec": 30.5935,
            "host_ra_units": "deg",
            "host_dec_units": "deg",
            "reference": [
                "2023PASP..135c4101G",
                "2017ApJ...842...29H"
            ]
        }
    ],
    "schema_version": {
        "comment": "Copied from tde.space;",
        "comments": "From Goldtooth et al. (2023)",
        "value": 0
    }
}