{
    "_key": "884864",
    "_id": "transients/884864",
    "_rev": "_j6Z_OYK---",
    "classification": {
        "spec_classed": 0,
        "unambiguous": true,
        "value": [
            {
                "object_class": "TDE",
                "confidence": 1,
                "reference": [
                    "2017ApJ...835...64G",
                    "2018MNRAS.477.2943W",
                    "2023PASP..135c4101G"
                ],
                "default": true
            }
        ],
        "discovery_method": "uvoir"
    },
    "coordinate": [
        {
            "ra": "11:35:27.29",
            "dec": "+39:28:10.7",
            "ra_units": "hour",
            "dec_units": "deg",
            "reference": [
                "2018arXiv180205105W"
            ],
            "coordinate_type": "equatorial"
        }
    ],
    "distance": [
        {
            "value": "0.1084",
            "distance_type": "redshift",
            "reference": [
                "2018MNRAS.477.2943W",
                "2018arXiv180205105W",
                "2023PASP..135c4101G"
            ],
            "default": true
        },
        {
            "value": "467.5",
            "distance_type": "comoving",
            "unit": "Mpc",
            "reference": [
                "2016A&A...594A..13P",
                "2017ApJ...835...64G",
                "2018arXiv180205105W"
            ],
            "default": true
        },
        {
            "value": "518.1",
            "distance_type": "luminosity",
            "unit": "Mpc",
            "reference": [
                "2016A&A...594A..13P",
                "2017ApJ...835...64G",
                "2018arXiv180205105W"
            ],
            "default": true
        }
    ],
    "date_reference": [
        {
            "value": "2009-04-07",
            "date_format": "iso",
            "date_type": "discovery",
            "reference": [
                "2017ApJ...835...64G",
                "2018arXiv180205105W"
            ],
            "default": true
        },
        {
            "value": "2009-04-07 ",
            "date_format": "iso",
            "date_type": "discovery",
            "reference": [
                "2018MNRAS.477.2943W",
                "2023PASP..135c4101G"
            ],
            "default": false
        }
    ],
    "schema_version": {
        "comment": "Copied from tde.space;",
        "comments": "From Goldtooth et al. (2023)",
        "value": 0
    },
    "name": {
        "alias": [
            {
                "value": "J113527",
                "reference": [
                    "2018arXiv180205105W",
                    "2023PASP..135c4101G"
                ]
            }
        ],
        "default_name": "J113527"
    },
    "reference_alias": [
        {
            "name": "2018arXiv180205105W",
            "human_readable_name": "Wang et al. (2018)"
        },
        {
            "name": "2016A&A...594A..13P",
            "human_readable_name": "Planck Collaboration et al. (2016)"
        },
        {
            "name": "2011ApJ...737..103S",
            "human_readable_name": "Schlafly & Finkbeiner (2011)"
        },
        {
            "name": "2017ApJ...835...64G",
            "human_readable_name": "Guillochon et al. (2017)"
        },
        {
            "name": "2023PASP..135c4101G",
            "human_readable_name": "Goldtooth, Aaron et al. (2023)"
        },
        {
            "name": "2018MNRAS.477.2943W",
            "human_readable_name": "Wang, Tinggui et al. (2018)"
        }
    ],
    "filter_alias": [
        {
            "filter_key": "V",
            "wave_eff": 551,
            "wave_units": "nm",
            "filter_name": "V"
        },
        {
            "filter_key": "W1",
            "wave_eff": 3352.6,
            "wave_units": "nm",
            "filter_name": "W1"
        },
        {
            "filter_key": "W2",
            "wave_eff": 4602.8,
            "wave_units": "nm",
            "filter_name": "W2"
        }
    ],
    "photometry": [
        {
            "raw": [
                16.581
            ],
            "raw_err": [
                0.031
            ],
            "raw_units": "vega",
            "filter_key": [
                "V"
            ],
            "obs_type": [
                "uvoir"
            ],
            "date": [
                "54928.5"
            ],
            "date_format": "MJD",
            "upperlimit": [
                false
            ],
            "telescope": "CRTS",
            "corr_k": null,
            "corr_av": null,
            "corr_host": null,
            "corr_hostav": null,
            "reference": [
                "2018arXiv180205105W"
            ],
            "corr_s": null
        },
        {
            "raw": [
                12.742,
                12.065,
                12.872,
                12.213,
                13.013,
                12.507,
                13.028,
                12.479,
                13.054,
                12.56,
                13.047,
                12.53
            ],
            "raw_err": [
                0.016,
                0.02,
                0.016,
                0.016,
                0.015,
                0.031,
                0.013,
                0.02,
                0.021,
                0.026,
                0.019,
                0.021
            ],
            "raw_units": "vega",
            "filter_key": [
                "W1",
                "W2",
                "W1",
                "W2",
                "W1",
                "W2",
                "W1",
                "W2",
                "W1",
                "W2",
                "W1",
                "W2"
            ],
            "obs_type": [
                "uvoir",
                "uvoir",
                "uvoir",
                "uvoir",
                "uvoir",
                "uvoir",
                "uvoir",
                "uvoir",
                "uvoir",
                "uvoir",
                "uvoir",
                "uvoir"
            ],
            "date": [
                "55339.9",
                "55339.9",
                "55529.3",
                "55529.3",
                "56802.3",
                "56802.3",
                "56992.6",
                "56992.6",
                "57161.7",
                "57161.7",
                "57354.9",
                "57354.9"
            ],
            "date_format": "MJD",
            "upperlimit": [
                false,
                false,
                false,
                false,
                false,
                false,
                false,
                false,
                false,
                false,
                false,
                false
            ],
            "telescope": "WISE",
            "corr_k": null,
            "corr_av": null,
            "corr_host": null,
            "corr_hostav": null,
            "reference": [
                "2018arXiv180205105W"
            ],
            "corr_s": null
        }
    ],
    "host": [
        {
            "host_name": "SDSS J113527.29+392810.7",
            "host_ra": 173.86249999999998,
            "host_dec": 39.46963888888889,
            "host_ra_units": "deg",
            "host_dec_units": "deg",
            "reference": [
                "2023PASP..135c4101G",
                "2018MNRAS.477.2943W"
            ]
        }
    ]
}