{
    "_key": "884589",
    "_id": "transients/884589",
    "_rev": "_j6Y8UMu---",
    "name": {
        "alias": [
            {
                "value": "WTP14adbwvs",
                "reference": [
                    "2020ApJ...896L..27D",
                    "2024ApJ...961..211M"
                ]
            }
        ],
        "default_name": "WTP14adbwvs"
    },
    "coordinate": [
        {
            "ra": 198.748944,
            "dec": 51.272774,
            "ra_units": "deg",
            "dec_units": "deg",
            "reference": [
                "2020ApJ...896L..27D",
                "2024ApJ...961..211M"
            ],
            "coordinate_type": "equatorial"
        }
    ],
    "distance": [
        {
            "value": 0.02489,
            "reference": [
                "2020ApJ...896L..27D",
                "2024ApJ...961..211M"
            ],
            "distance_type": "redshift"
        },
        {
            "value": 111.1,
            "reference": [
                "2020ApJ...896L..27D",
                "2024ApJ...961..211M"
            ],
            "unit": "Mpc",
            "distance_type": "luminosity"
        }
    ],
    "date_reference": [
        {
            "value": 56996,
            "reference": [
                "2020ApJ...896L..27D",
                "2024ApJ...961..211M"
            ],
            "date_format": "mjd",
            "date_type": "explosion"
        }
    ],
    "classification": {
        "spec_classed": 0,
        "unambiguous": true,
        "value": [
            {
                "object_class": "TDE",
                "confidence": 1,
                "reference": [
                    "2020ApJ...896L..27D",
                    "2024ApJ...961..211M"
                ]
            }
        ],
        "discovery_method": "uvoir"
    },
    "photometry": [
        {
            "date": [
                2018.014710746268,
                2018.1857091669176,
                2018.3330920159085,
                2018.5186153970824,
                2018.6192881619463,
                2018.9929997572333,
                2019.095143633166,
                2019.3222619808328,
                2019.4325444156011,
                2019.578508202805,
                2019.9732990510404,
                2020.1619954321773,
                2020.365458407504,
                2020.464799033828,
                2020.564027528582,
                2020.9982208585209,
                2021.1625890283644,
                2021.3268116847275,
                2021.478476032615,
                2021.592875953442,
                2021.6496492597348,
                2021.9892479084945,
                2022.1223556755397,
                2022.2455912595872,
                2022.3325847529868,
                2022.5369695707432,
                2022.6557882459776,
                2022.9222568763755,
                2023.103893623762,
                2015.0893426605007,
                2015.2610275691363,
                2015.4367104648388,
                2015.5331197732728,
                2016.0102745329432,
                2016.1562564201477,
                2016.2635118252167,
                2016.3837925985365,
                2016.508113817477,
                2017.053288359516,
                2017.2037907465008,
                2017.368481005757,
                2017.46253536886,
                2018.1083178198344,
                2018.3127128152487,
                2018.4530334153012,
                2018.894938772863
            ],
            "date_format": [
                "decimalyear",
                "decimalyear",
                "decimalyear",
                "decimalyear",
                "decimalyear",
                "decimalyear",
                "decimalyear",
                "decimalyear",
                "decimalyear",
                "decimalyear",
                "decimalyear",
                "decimalyear",
                "decimalyear",
                "decimalyear",
                "decimalyear",
                "decimalyear",
                "decimalyear",
                "decimalyear",
                "decimalyear",
                "decimalyear",
                "decimalyear",
                "decimalyear",
                "decimalyear",
                "decimalyear",
                "decimalyear",
                "decimalyear",
                "decimalyear",
                "decimalyear",
                "decimalyear",
                "decimalyear",
                "decimalyear",
                "decimalyear",
                "decimalyear",
                "decimalyear",
                "decimalyear",
                "decimalyear",
                "decimalyear",
                "decimalyear",
                "decimalyear",
                "decimalyear",
                "decimalyear",
                "decimalyear",
                "decimalyear",
                "decimalyear",
                "decimalyear",
                "decimalyear"
            ],
            "filter_key": [
                "g",
                "g",
                "g",
                "g",
                "g",
                "g",
                "g",
                "g",
                "g",
                "g",
                "g",
                "g",
                "g",
                "g",
                "g",
                "g",
                "g",
                "g",
                "g",
                "g",
                "g",
                "g",
                "g",
                "g",
                "g",
                "g",
                "g",
                "g",
                "g",
                "V",
                "V",
                "V",
                "V",
                "V",
                "V",
                "V",
                "V",
                "V",
                "V",
                "V",
                "V",
                "V",
                "V",
                "V",
                "V",
                "V"
            ],
            "raw": [
                0.019011531029548348,
                0.020411065157953684,
                0.03541142259404997,
                0.03202496233275813,
                0.08884472855960152,
                0.0267848558376165,
                0.046046711718030306,
                0.02056579567789224,
                0.03189611217690177,
                0.04807174070540211,
                0.02424772736363088,
                0.01664139127171491,
                0.01531969490683971,
                0.03529676878626438,
                0.02879661710386545,
                0.020357159292812337,
                0.01617985875733527,
                0.012349870360617748,
                0.020829450722315727,
                0.06987973616698626,
                0.10859999999999999,
                0.030834152939928302,
                0.0093434741796798,
                0.02223285624307212,
                0.028575090139237227,
                0.041439804491646595,
                0.09747725499676607,
                0.07161794218259505,
                0.030677231811814257,
                0.04629133431759323,
                0.04407404082644151,
                0.048464956630770446,
                0.10971043172814059,
                0.03838833836953871,
                0.04303514762939646,
                0.06324964893248998,
                0.02050125402680568,
                0.036155307783272306,
                0.059422264017541554,
                0.04593538686098976,
                0.047285669693187114,
                0.05709449562022956,
                0.07163903350332498,
                0.059536537002312,
                0.03226763814173523,
                0.3678
            ],
            "raw_err": [
                0,
                0,
                0,
                0,
                0,
                0,
                0,
                0,
                0,
                0,
                0,
                0,
                0,
                0,
                0,
                0,
                0,
                0,
                0,
                0,
                0,
                0,
                0,
                0,
                0,
                0,
                0,
                0,
                0,
                0,
                0,
                0,
                0,
                0,
                0,
                0,
                0,
                0,
                0,
                0,
                0,
                0,
                0,
                0,
                0,
                0
            ],
            "raw_units": [
                "mJy",
                "mJy",
                "mJy",
                "mJy",
                "mJy",
                "mJy",
                "mJy",
                "mJy",
                "mJy",
                "mJy",
                "mJy",
                "mJy",
                "mJy",
                "mJy",
                "mJy",
                "mJy",
                "mJy",
                "mJy",
                "mJy",
                "mJy",
                "mJy",
                "mJy",
                "mJy",
                "mJy",
                "mJy",
                "mJy",
                "mJy",
                "mJy",
                "mJy",
                "mJy",
                "mJy",
                "mJy",
                "mJy",
                "mJy",
                "mJy",
                "mJy",
                "mJy",
                "mJy",
                "mJy",
                "mJy",
                "mJy",
                "mJy",
                "mJy",
                "mJy",
                "mJy",
                "mJy"
            ],
            "telescope": "ASASSN",
            "upperlimit": [
                true,
                true,
                true,
                true,
                true,
                true,
                true,
                true,
                true,
                true,
                true,
                true,
                true,
                true,
                true,
                true,
                true,
                true,
                true,
                true,
                true,
                true,
                true,
                true,
                true,
                true,
                true,
                true,
                true,
                true,
                true,
                true,
                true,
                true,
                true,
                true,
                true,
                true,
                true,
                true,
                true,
                true,
                true,
                true,
                true,
                true
            ],
            "corr_k": false,
            "corr_s": false,
            "corr_host": true,
            "corr_av": false,
            "corr_hostav": false,
            "val_host": [
                1.058,
                1.058,
                1.058,
                1.058,
                1.058,
                1.058,
                1.058,
                1.058,
                1.058,
                1.058,
                1.058,
                1.058,
                1.058,
                1.058,
                1.058,
                1.058,
                1.058,
                1.058,
                1.058,
                1.058,
                1.058,
                1.058,
                1.058,
                1.058,
                1.058,
                1.058,
                1.058,
                1.058,
                1.058,
                1.612,
                1.612,
                1.612,
                1.612,
                1.612,
                1.612,
                1.612,
                1.612,
                1.612,
                1.612,
                1.612,
                1.612,
                1.612,
                1.612,
                1.612,
                1.612,
                1.612
            ],
            "obs_type": "uvoir",
            "reference": [
                "2024ApJ...961..211M"
            ]
        },
        {
            "date": [
                55350.106111205,
                55539.679030135,
                56639.91397325,
                56813.51026264,
                57003.201488325,
                57173.86548065,
                57366.533386,
                57532.6765265,
                57730.858404935,
                57893.187535725,
                58096.346109000006,
                58256.586149284994,
                58462.03828860501,
                58619.24083144,
                58830.019768855,
                58984.881042905006,
                59191.927532715,
                59351.16573122,
                59557.432334005,
                59716.17966045,
                55350.106111205,
                55539.679030135,
                56639.91397325,
                56813.51026264,
                57003.201488325,
                57173.86541699,
                57366.533386,
                57532.6765265,
                57730.858404935,
                57893.187535725,
                58096.346109000006,
                58256.586149284994,
                58461.972836845,
                58619.24083144,
                58830.019768855,
                58984.881042905006,
                59191.927532715,
                59351.16573122,
                59557.432334005,
                59716.17966045
            ],
            "date_format": [
                "mjd",
                "mjd",
                "mjd",
                "mjd",
                "mjd",
                "mjd",
                "mjd",
                "mjd",
                "mjd",
                "mjd",
                "mjd",
                "mjd",
                "mjd",
                "mjd",
                "mjd",
                "mjd",
                "mjd",
                "mjd",
                "mjd",
                "mjd",
                "mjd",
                "mjd",
                "mjd",
                "mjd",
                "mjd",
                "mjd",
                "mjd",
                "mjd",
                "mjd",
                "mjd",
                "mjd",
                "mjd",
                "mjd",
                "mjd",
                "mjd",
                "mjd",
                "mjd",
                "mjd",
                "mjd",
                "mjd"
            ],
            "filter_key": [
                "W1",
                "W1",
                "W1",
                "W1",
                "W1",
                "W1",
                "W1",
                "W1",
                "W1",
                "W1",
                "W1",
                "W1",
                "W1",
                "W1",
                "W1",
                "W1",
                "W1",
                "W1",
                "W1",
                "W1",
                "W2",
                "W2",
                "W2",
                "W2",
                "W2",
                "W2",
                "W2",
                "W2",
                "W2",
                "W2",
                "W2",
                "W2",
                "W2",
                "W2",
                "W2",
                "W2",
                "W2",
                "W2",
                "W2",
                "W2"
            ],
            "raw": [
                0.01311489341964696,
                0.01673915048545002,
                0.040561032166165356,
                0.10808240625,
                0.015593241861653551,
                0.2412978057861328,
                0.4068511567382813,
                0.6285682752685547,
                0.4380168922119141,
                0.5048066462402344,
                0.1941547862548828,
                0.4548773459472656,
                0.2232364313964843,
                0.309999157836914,
                0.02058122773690365,
                0.1548321882019043,
                0.020123987084768764,
                0.0994043136291503,
                0.019873319419763787,
                0.01930846741475415,
                0.02699305660383225,
                0.03292455838476561,
                0.03920992932723999,
                0.1001034331054687,
                0.210423943359375,
                0.3685315419921874,
                1.07371134375,
                1.33916092578125,
                1.326536814453125,
                1.19072559765625,
                0.8272121640625,
                1.09336083203125,
                0.8900147558593751,
                0.735390703125,
                0.51104021875,
                0.49782023828125,
                0.4228296240234375,
                0.3235672524414063,
                0.261704634765625,
                0.194692998046875
            ],
            "raw_err": [
                0,
                0,
                0,
                0.0001327189036611,
                0,
                0.0006240798929017,
                0.0017044232748991,
                0.0039894613611449,
                0.0019704863039239,
                0.0025869392527121,
                0.0004139442641074,
                0.0021069629829465,
                0.0005442126274387,
                0.0010006132619595,
                0,
                0.000281069498545,
                0,
                0.0001394425741544,
                0,
                0,
                0,
                0,
                0,
                0.0001589762180281,
                0.0005717703662535,
                0.0015336322230008,
                0.0117310121211437,
                0.0180947072539922,
                0.0177898397421824,
                0.0143392900669663,
                0.0069884990884981,
                0.0121204089126362,
                0.0081356724541093,
                0.0056144556565549,
                0.002805392138304,
                0.0026347812503139,
                0.001937201107685,
                0.0012300704883849,
                0.0009150034232344,
                0.0005784962022328
            ],
            "raw_units": [
                "mJy",
                "mJy",
                "mJy",
                "mJy",
                "mJy",
                "mJy",
                "mJy",
                "mJy",
                "mJy",
                "mJy",
                "mJy",
                "mJy",
                "mJy",
                "mJy",
                "mJy",
                "mJy",
                "mJy",
                "mJy",
                "mJy",
                "mJy",
                "mJy",
                "mJy",
                "mJy",
                "mJy",
                "mJy",
                "mJy",
                "mJy",
                "mJy",
                "mJy",
                "mJy",
                "mJy",
                "mJy",
                "mJy",
                "mJy",
                "mJy",
                "mJy",
                "mJy",
                "mJy",
                "mJy",
                "mJy"
            ],
            "telescope": "WISE",
            "upperlimit": [
                true,
                true,
                true,
                false,
                true,
                false,
                false,
                false,
                false,
                false,
                false,
                false,
                false,
                false,
                true,
                false,
                true,
                false,
                true,
                true,
                true,
                true,
                true,
                false,
                false,
                false,
                false,
                false,
                false,
                false,
                false,
                false,
                false,
                false,
                false,
                false,
                false,
                false,
                false,
                false
            ],
            "corr_k": false,
            "corr_s": false,
            "corr_host": true,
            "corr_av": false,
            "corr_hostav": false,
            "val_host": [
                1.7435659951171876,
                1.7435659951171876,
                1.7435659951171876,
                1.7435659951171876,
                1.7435659951171876,
                1.7435659951171876,
                1.7435659951171876,
                1.7435659951171876,
                1.7435659951171876,
                1.7435659951171876,
                1.7435659951171876,
                1.7435659951171876,
                1.7435659951171876,
                1.7435659951171876,
                1.7435659951171876,
                1.7435659951171876,
                1.7435659951171876,
                1.7435659951171876,
                1.7435659951171876,
                1.7435659951171876,
                1.071490544921875,
                1.071490544921875,
                1.071490544921875,
                1.071490544921875,
                1.071490544921875,
                1.071490544921875,
                1.071490544921875,
                1.071490544921875,
                1.071490544921875,
                1.071490544921875,
                1.071490544921875,
                1.071490544921875,
                1.071490544921875,
                1.071490544921875,
                1.071490544921875,
                1.071490544921875,
                1.071490544921875,
                1.071490544921875,
                1.071490544921875,
                1.071490544921875
            ],
            "obs_type": "uvoir",
            "reference": [
                "2024ApJ...961..211M"
            ]
        },
        {
            "date": [
                60054.5668527752,
                60055.292307347
            ],
            "date_format": [
                "mjd",
                "mjd"
            ],
            "filter_key": [
                "0.3-10 ",
                "0.3-10 "
            ],
            "raw": [
                5.46665e-13,
                8.97925e-13
            ],
            "raw_err": [
                0,
                0
            ],
            "raw_units": [
                "erg/s/cm^2",
                "erg/s/cm^2"
            ],
            "telescope": "Swift",
            "upperlimit": [
                true,
                true
            ],
            "corr_k": false,
            "corr_s": false,
            "corr_host": false,
            "corr_av": false,
            "corr_hostav": false,
            "obs_type": "xray",
            "xray_model": [
                {
                    "model_name": "Powerlaw",
                    "param_names": [
                        "Gamma"
                    ],
                    "param_values": [
                        2
                    ],
                    "param_units": [
                        "None"
                    ],
                    "min_energy": 0.3,
                    "max_energy": 10,
                    "energy_units": "keV",
                    "model_reference": "2024ApJ...961..211M"
                },
                {
                    "model_name": "Powerlaw",
                    "param_names": [
                        "Gamma"
                    ],
                    "param_values": [
                        2
                    ],
                    "param_units": [
                        "None"
                    ],
                    "min_energy": 0.3,
                    "max_energy": 10,
                    "energy_units": "keV",
                    "model_reference": "2024ApJ...961..211M"
                }
            ],
            "reference": [
                "2024ApJ...961..211M"
            ],
            "raw_err_detail": {
                "upper": [
                    0,
                    0
                ],
                "lower": [
                    0,
                    0
                ]
            }
        }
    ],
    "filter_alias": [
        {
            "filter_key": "g",
            "filter_name": "g",
            "wave_eff": 471.8872246248687,
            "wave_units": "nm"
        },
        {
            "filter_key": "V",
            "filter_name": "V",
            "wave_eff": 553.7155963302753,
            "wave_units": "nm"
        },
        {
            "filter_key": "W1",
            "filter_name": "W1",
            "wave_eff": 261.3713060531025,
            "wave_units": "nm"
        },
        {
            "filter_key": "W2",
            "filter_name": "W2",
            "wave_eff": 207.98754332676123,
            "wave_units": "nm"
        },
        {
            "filter_key": "0.3-10 ",
            "filter_name": "0.3-10 ",
            "wave_eff": 0.12781876127134048,
            "wave_min": 0.12398419843320027,
            "wave_max": 4.132806614440009,
            "wave_units": "nm"
        }
    ],
    "reference_alias": [
        {
            "name": "2020ApJ...896L..27D",
            "human_readable_name": "Dai, B. B. et al. (2020)"
        },
        {
            "name": "2024ApJ...961..211M",
            "human_readable_name": "Masterson, Megan et al. (2024)"
        }
    ]
}