{
    "_key": "884670",
    "_id": "transients/884670",
    "_rev": "_j6Y89cq---",
    "name": {
        "alias": [
            {
                "value": "WTP17aalzpx",
                "reference": [
                    "2024ApJ...961..211M"
                ]
            }
        ],
        "default_name": "WTP17aalzpx"
    },
    "coordinate": [
        {
            "ra": 50.856858,
            "dec": -2.046782,
            "ra_units": "deg",
            "dec_units": "deg",
            "reference": [
                "2024ApJ...961..211M"
            ],
            "coordinate_type": "equatorial"
        }
    ],
    "distance": [
        {
            "value": 0.03725,
            "reference": [
                "2024ApJ...961..211M"
            ],
            "distance_type": "redshift"
        },
        {
            "value": 161.6,
            "reference": [
                "2024ApJ...961..211M"
            ],
            "unit": "Mpc",
            "distance_type": "luminosity"
        }
    ],
    "date_reference": [
        {
            "value": 57972,
            "reference": [
                "2024ApJ...961..211M"
            ],
            "date_format": "mjd",
            "date_type": "explosion"
        }
    ],
    "classification": {
        "spec_classed": 3,
        "unambiguous": true,
        "value": [
            {
                "object_class": "TDE",
                "confidence": 3.3,
                "reference": [
                    "2024ApJ...961..211M"
                ]
            }
        ],
        "discovery_method": "uvoir"
    },
    "photometry": [
        {
            "date": [
                2017.7894979795,
                2017.9205922084968,
                2017.9070416999125,
                2018.1423595604365,
                2018.5413872813351,
                2018.63583535916,
                2018.7321940379663,
                2018.9022813642443,
                2019.018178805217,
                2019.1023300729253,
                2019.052288490897,
                2019.5510087453529,
                2019.662155365275,
                2019.7487243840685,
                2019.8418414573705,
                2019.9077343389088,
                2020.0043068263703,
                2020.0751080968932,
                2020.137703543105,
                2020.5395194993812,
                2020.6826860016488,
                2020.8445179513744,
                2020.951542331268,
                2021.0634220231916,
                2021.1748228071613,
                2021.555547747736,
                2021.687588423404,
                2021.7641095815932,
                2021.8819612168736,
                2022.0067261698532,
                2022.105982993128,
                2022.194520246036,
                2022.571257212071,
                2022.6938579809207,
                2022.820566764136,
                2022.876274604995,
                2022.9672592251409,
                2023.1017141976315,
                2023.1973677640017,
                2012.123925177473,
                2012.8783345421157,
                2013.0567634690835,
                2013.596922590329,
                2013.767863693634,
                2013.942165440129,
                2014.0658496280969,
                2014.5997752018932,
                2014.7391914306163,
                2014.932368081824,
                2015.071287840595,
                2015.5659737386984,
                2015.6959033134856,
                2015.8912316586056,
                2016.0610975023576,
                2016.157632931331,
                2016.6223230213627,
                2016.76972176286,
                2016.937750235738,
                2017.092394141923,
                2017.5789428638343,
                2017.7516517912416,
                2017.904881605172,
                2018.0452686470203,
                2018.1158090772592,
                2018.5586112970757,
                2018.7299533309729,
                2018.882813871876
            ],
            "date_format": [
                "decimalyear",
                "decimalyear",
                "decimalyear",
                "decimalyear",
                "decimalyear",
                "decimalyear",
                "decimalyear",
                "decimalyear",
                "decimalyear",
                "decimalyear",
                "decimalyear",
                "decimalyear",
                "decimalyear",
                "decimalyear",
                "decimalyear",
                "decimalyear",
                "decimalyear",
                "decimalyear",
                "decimalyear",
                "decimalyear",
                "decimalyear",
                "decimalyear",
                "decimalyear",
                "decimalyear",
                "decimalyear",
                "decimalyear",
                "decimalyear",
                "decimalyear",
                "decimalyear",
                "decimalyear",
                "decimalyear",
                "decimalyear",
                "decimalyear",
                "decimalyear",
                "decimalyear",
                "decimalyear",
                "decimalyear",
                "decimalyear",
                "decimalyear",
                "decimalyear",
                "decimalyear",
                "decimalyear",
                "decimalyear",
                "decimalyear",
                "decimalyear",
                "decimalyear",
                "decimalyear",
                "decimalyear",
                "decimalyear",
                "decimalyear",
                "decimalyear",
                "decimalyear",
                "decimalyear",
                "decimalyear",
                "decimalyear",
                "decimalyear",
                "decimalyear",
                "decimalyear",
                "decimalyear",
                "decimalyear",
                "decimalyear",
                "decimalyear",
                "decimalyear",
                "decimalyear",
                "decimalyear",
                "decimalyear",
                "decimalyear"
            ],
            "filter_key": [
                "g",
                "g",
                "g",
                "g",
                "g",
                "g",
                "g",
                "g",
                "g",
                "g",
                "g",
                "g",
                "g",
                "g",
                "g",
                "g",
                "g",
                "g",
                "g",
                "g",
                "g",
                "g",
                "g",
                "g",
                "g",
                "g",
                "g",
                "g",
                "g",
                "g",
                "g",
                "g",
                "g",
                "g",
                "g",
                "g",
                "g",
                "g",
                "g",
                "V",
                "V",
                "V",
                "V",
                "V",
                "V",
                "V",
                "V",
                "V",
                "V",
                "V",
                "V",
                "V",
                "V",
                "V",
                "V",
                "V",
                "V",
                "V",
                "V",
                "V",
                "V",
                "V",
                "V",
                "V",
                "V",
                "V",
                "V"
            ],
            "raw": [
                0.010358003480277152,
                0.00825532305660465,
                0.17429476442892444,
                0.023203579958337897,
                0.06180027866479491,
                0.054315604751317074,
                0.01985649230109489,
                0.014451737540650919,
                0.03383803511685024,
                0.016171388219438552,
                0.22124323179446742,
                0.02167636831963722,
                0.02523263793296139,
                0.023665519947138388,
                0.020602090844155076,
                0.026388064495463704,
                0.015184964778615539,
                0.08375923597695473,
                0.05530496630838992,
                0.024771128373500487,
                0.0279418162761324,
                0.011613612249403889,
                0.03092256593283474,
                0.023427681638722803,
                0.045397443907530755,
                0.029591661951703797,
                0.02407165135519716,
                0.03080721837775017,
                0.03549979970680821,
                0.034412832138711026,
                0.02314758596403582,
                0.40769999999999995,
                0.028799923964408995,
                0.02008726885710714,
                0.019679845925650016,
                0.044862897144768474,
                0.02060433711067275,
                0.026795691692491498,
                0.3907225296990957,
                0.0878195212691944,
                0.0329410779100557,
                0.08001901377666806,
                0.04680789560057769,
                0.061976142234132094,
                0.058110777463410784,
                0.1337098156739062,
                0.059223172563904136,
                0.041419119288067616,
                0.037798746930944455,
                0.05585391256936557,
                0.09046475652253794,
                0.05139087192921714,
                0.031409853930970975,
                0.03611171054234775,
                0.11951584989944078,
                0.026906947823190752,
                0.05248003576542987,
                0.052384835114984915,
                0.05498650297207557,
                0.04690702298678318,
                0.046885507614613804,
                0.045991016946962365,
                0.05354849191441313,
                0.09260280855109218,
                0.07309398281743759,
                0.04395399382991905,
                0.1471907687015242
            ],
            "raw_err": [
                0,
                0,
                0,
                0,
                0,
                0,
                0,
                0,
                0,
                0,
                0,
                0,
                0,
                0,
                0,
                0,
                0,
                0,
                0,
                0,
                0,
                0,
                0,
                0,
                0,
                0,
                0,
                0,
                0,
                0,
                0,
                0,
                0,
                0,
                0,
                0,
                0,
                0,
                0,
                0,
                0,
                0,
                0,
                0,
                0,
                0,
                0,
                0,
                0,
                0,
                0,
                0,
                0,
                0,
                0,
                0,
                0,
                0,
                0,
                0,
                0,
                0,
                0,
                0,
                0,
                0,
                0
            ],
            "raw_units": [
                "mJy",
                "mJy",
                "mJy",
                "mJy",
                "mJy",
                "mJy",
                "mJy",
                "mJy",
                "mJy",
                "mJy",
                "mJy",
                "mJy",
                "mJy",
                "mJy",
                "mJy",
                "mJy",
                "mJy",
                "mJy",
                "mJy",
                "mJy",
                "mJy",
                "mJy",
                "mJy",
                "mJy",
                "mJy",
                "mJy",
                "mJy",
                "mJy",
                "mJy",
                "mJy",
                "mJy",
                "mJy",
                "mJy",
                "mJy",
                "mJy",
                "mJy",
                "mJy",
                "mJy",
                "mJy",
                "mJy",
                "mJy",
                "mJy",
                "mJy",
                "mJy",
                "mJy",
                "mJy",
                "mJy",
                "mJy",
                "mJy",
                "mJy",
                "mJy",
                "mJy",
                "mJy",
                "mJy",
                "mJy",
                "mJy",
                "mJy",
                "mJy",
                "mJy",
                "mJy",
                "mJy",
                "mJy",
                "mJy",
                "mJy",
                "mJy",
                "mJy",
                "mJy"
            ],
            "telescope": "ASASSN",
            "upperlimit": [
                true,
                true,
                true,
                true,
                true,
                true,
                true,
                true,
                true,
                true,
                true,
                true,
                true,
                true,
                true,
                true,
                true,
                true,
                true,
                true,
                true,
                true,
                true,
                true,
                true,
                true,
                true,
                true,
                true,
                true,
                true,
                true,
                true,
                true,
                true,
                true,
                true,
                true,
                true,
                true,
                true,
                true,
                true,
                true,
                true,
                true,
                true,
                true,
                true,
                true,
                true,
                true,
                true,
                true,
                true,
                true,
                true,
                true,
                true,
                true,
                true,
                true,
                true,
                true,
                true,
                true,
                true
            ],
            "corr_k": false,
            "corr_s": false,
            "corr_host": true,
            "corr_av": false,
            "corr_hostav": false,
            "val_host": [
                1.444,
                1.444,
                1.444,
                1.444,
                1.444,
                1.444,
                1.444,
                1.444,
                1.444,
                1.444,
                1.444,
                1.444,
                1.444,
                1.444,
                1.444,
                1.444,
                1.444,
                1.444,
                1.444,
                1.444,
                1.444,
                1.444,
                1.444,
                1.444,
                1.444,
                1.444,
                1.444,
                1.444,
                1.444,
                1.444,
                1.444,
                1.444,
                1.444,
                1.444,
                1.444,
                1.444,
                1.444,
                1.444,
                1.444,
                2.494,
                2.494,
                2.494,
                2.494,
                2.494,
                2.494,
                2.494,
                2.494,
                2.494,
                2.494,
                2.494,
                2.494,
                2.494,
                2.494,
                2.494,
                2.494,
                2.494,
                2.494,
                2.494,
                2.494,
                2.494,
                2.494,
                2.494,
                2.494,
                2.494,
                2.494,
                2.494,
                2.494
            ],
            "obs_type": "uvoir",
            "reference": [
                "2024ApJ...961..211M"
            ]
        },
        {
            "date": [
                55229.94900442,
                55419.985114915005,
                55593.18512722,
                56693.41890178,
                56883.536170075,
                57054.49192524,
                57246.84795908501,
                57414.7621174,
                57610.993803315,
                57777.334744325,
                57977.04846068,
                58139.652342960006,
                58342.10604659,
                58500.158536335,
                58706.398377735,
                58865.707074355,
                59072.141276305,
                59232.73338535499,
                59437.725645335,
                59596.997542905,
                55229.94900442,
                55419.985114915005,
                55593.18512722,
                56693.35300436,
                56883.53610642,
                57054.49192524,
                57246.84795908501,
                57414.7621174,
                57610.993803315,
                57777.334744325,
                57977.04846068,
                58135.921709465,
                58342.10604659,
                58500.158536335,
                58706.398377735,
                58865.707074355,
                59072.141276305,
                59232.73332167,
                59437.725645335,
                59596.997542905
            ],
            "date_format": [
                "mjd",
                "mjd",
                "mjd",
                "mjd",
                "mjd",
                "mjd",
                "mjd",
                "mjd",
                "mjd",
                "mjd",
                "mjd",
                "mjd",
                "mjd",
                "mjd",
                "mjd",
                "mjd",
                "mjd",
                "mjd",
                "mjd",
                "mjd",
                "mjd",
                "mjd",
                "mjd",
                "mjd",
                "mjd",
                "mjd",
                "mjd",
                "mjd",
                "mjd",
                "mjd",
                "mjd",
                "mjd",
                "mjd",
                "mjd",
                "mjd",
                "mjd",
                "mjd",
                "mjd",
                "mjd",
                "mjd"
            ],
            "filter_key": [
                "W1",
                "W1",
                "W1",
                "W1",
                "W1",
                "W1",
                "W1",
                "W1",
                "W1",
                "W1",
                "W1",
                "W1",
                "W1",
                "W1",
                "W1",
                "W1",
                "W1",
                "W1",
                "W1",
                "W1",
                "W2",
                "W2",
                "W2",
                "W2",
                "W2",
                "W2",
                "W2",
                "W2",
                "W2",
                "W2",
                "W2",
                "W2",
                "W2",
                "W2",
                "W2",
                "W2",
                "W2",
                "W2",
                "W2",
                "W2"
            ],
            "raw": [
                0.01746109457614515,
                0.01762246208682345,
                0.051789744833493204,
                0.2029698674926758,
                0.018031764188513492,
                0.1968310762939453,
                0.027037195647630206,
                0.1905410478515625,
                0.02519325687871599,
                0.2056521172485351,
                0.4406475036621093,
                1.8310375883789065,
                1.6385393393554688,
                2.289131446289063,
                1.3688389189453127,
                1.683287307128906,
                0.8771031386718751,
                1.2927499321289064,
                0.5812173446044923,
                1.1332511630859377,
                0.037888417308277134,
                0.034890108357135755,
                0.1643425372423668,
                0.044301380423297884,
                0.043792018801071156,
                0.054511945299453725,
                0.053028261095146176,
                0.05321314805296326,
                0.054089413881637564,
                0.05126756185562898,
                0.8411811171875,
                2.19810205078125,
                2.9818554921875,
                3.1959457734375003,
                2.8266812578125005,
                2.6125814023437504,
                2.1535249921875,
                2.1258277851562504,
                1.6408235625,
                1.8257037421875
            ],
            "raw_err": [
                0,
                0,
                0,
                0.0004541611091413,
                0,
                0.0004830529837261,
                0,
                0.0004498802711935,
                0,
                0.0004973994904635,
                0.0020199120617567,
                0.0336196496918993,
                0.0269429717361669,
                0.0524768589722668,
                0.0188325641838352,
                0.0284022622950435,
                0.0077546310715211,
                0.0167835983005593,
                0.0034543821088183,
                0.0129090767567451,
                0,
                0,
                0,
                0,
                0,
                0,
                0,
                0,
                0,
                0,
                0.0074146092239962,
                0.0486680432930516,
                0.089305207932376,
                0.1025944772851984,
                0.0803399595159781,
                0.0685570258886592,
                0.0466492422150301,
                0.0455076935523269,
                0.0274172260515665,
                0.0336772628489709
            ],
            "raw_units": [
                "mJy",
                "mJy",
                "mJy",
                "mJy",
                "mJy",
                "mJy",
                "mJy",
                "mJy",
                "mJy",
                "mJy",
                "mJy",
                "mJy",
                "mJy",
                "mJy",
                "mJy",
                "mJy",
                "mJy",
                "mJy",
                "mJy",
                "mJy",
                "mJy",
                "mJy",
                "mJy",
                "mJy",
                "mJy",
                "mJy",
                "mJy",
                "mJy",
                "mJy",
                "mJy",
                "mJy",
                "mJy",
                "mJy",
                "mJy",
                "mJy",
                "mJy",
                "mJy",
                "mJy",
                "mJy",
                "mJy"
            ],
            "telescope": "WISE",
            "upperlimit": [
                true,
                true,
                true,
                false,
                true,
                false,
                true,
                false,
                true,
                false,
                false,
                false,
                false,
                false,
                false,
                false,
                false,
                false,
                false,
                false,
                true,
                true,
                true,
                true,
                true,
                true,
                true,
                true,
                true,
                true,
                false,
                false,
                false,
                false,
                false,
                false,
                false,
                false,
                false,
                false
            ],
            "corr_k": false,
            "corr_s": false,
            "corr_host": true,
            "corr_av": false,
            "corr_hostav": false,
            "val_host": [
                4.265734740234375,
                4.265734740234375,
                4.265734740234375,
                4.265734740234375,
                4.265734740234375,
                4.265734740234375,
                4.265734740234375,
                4.265734740234375,
                4.265734740234375,
                4.265734740234375,
                4.265734740234375,
                4.265734740234375,
                4.265734740234375,
                4.265734740234375,
                4.265734740234375,
                4.265734740234375,
                4.265734740234375,
                4.265734740234375,
                4.265734740234375,
                4.265734740234375,
                2.75078676171875,
                2.75078676171875,
                2.75078676171875,
                2.75078676171875,
                2.75078676171875,
                2.75078676171875,
                2.75078676171875,
                2.75078676171875,
                2.75078676171875,
                2.75078676171875,
                2.75078676171875,
                2.75078676171875,
                2.75078676171875,
                2.75078676171875,
                2.75078676171875,
                2.75078676171875,
                2.75078676171875,
                2.75078676171875,
                2.75078676171875,
                2.75078676171875
            ],
            "obs_type": "uvoir",
            "reference": [
                "2024ApJ...961..211M"
            ]
        },
        {
            "date": [
                60004.4115540507
            ],
            "date_format": [
                "mjd"
            ],
            "filter_key": [
                "0.3-10 "
            ],
            "raw": [
                5.0309e-13
            ],
            "raw_err": [
                0
            ],
            "raw_units": [
                "erg/s/cm^2"
            ],
            "telescope": "Swift",
            "upperlimit": [
                true
            ],
            "corr_k": false,
            "corr_s": false,
            "corr_host": false,
            "corr_av": false,
            "corr_hostav": false,
            "obs_type": "xray",
            "xray_model": [
                {
                    "model_name": "Powerlaw",
                    "param_names": [
                        "Gamma"
                    ],
                    "param_values": [
                        2
                    ],
                    "param_units": [
                        "None"
                    ],
                    "min_energy": 0.3,
                    "max_energy": 10,
                    "energy_units": "keV",
                    "model_reference": "2024ApJ...961..211M"
                }
            ],
            "reference": [
                "2024ApJ...961..211M"
            ],
            "raw_err_detail": {
                "upper": [
                    0
                ],
                "lower": [
                    0
                ]
            }
        },
        {
            "date": [
                2020.109491847551,
                2020.610794658217,
                2021.0802825976664,
                2021.596714643582,
                2022.097291634957
            ],
            "date_format": [
                "decimalyear",
                "decimalyear",
                "decimalyear",
                "decimalyear",
                "decimalyear"
            ],
            "filter_key": [
                "0.2-2.3",
                "0.2-2.3",
                "0.2-2.3",
                "0.2-2.3",
                "0.2-2.3"
            ],
            "raw": [
                6.346543153780124e-14,
                6.767177135833711e-14,
                8.035281857992544e-14,
                8.247896338497779e-14,
                6.474849944153957e-14
            ],
            "raw_err": [
                0,
                0,
                0,
                0,
                0
            ],
            "raw_units": [
                "erg/s/cm^2",
                "erg/s/cm^2",
                "erg/s/cm^2",
                "erg/s/cm^2",
                "erg/s/cm^2"
            ],
            "telescope": "eROSITA",
            "upperlimit": [
                true,
                true,
                true,
                true,
                true
            ],
            "corr_k": false,
            "corr_s": false,
            "corr_host": false,
            "corr_av": false,
            "corr_hostav": false,
            "obs_type": "xray",
            "xray_model": [
                {
                    "model_name": "Absorbed Powerlaw",
                    "param_names": [
                        "Gamma",
                        "N_H"
                    ],
                    "param_values": [
                        2,
                        3e+20
                    ],
                    "param_units": [
                        "None",
                        "cm^-2"
                    ],
                    "min_energy": 0.2,
                    "max_energy": 2.3,
                    "energy_units": "keV",
                    "model_reference": "2024ApJ...961..211M"
                },
                {
                    "model_name": "Absorbed Powerlaw",
                    "param_names": [
                        "Gamma",
                        "N_H"
                    ],
                    "param_values": [
                        2,
                        3e+20
                    ],
                    "param_units": [
                        "None",
                        "cm^-2"
                    ],
                    "min_energy": 0.2,
                    "max_energy": 2.3,
                    "energy_units": "keV",
                    "model_reference": "2024ApJ...961..211M"
                },
                {
                    "model_name": "Absorbed Powerlaw",
                    "param_names": [
                        "Gamma",
                        "N_H"
                    ],
                    "param_values": [
                        2,
                        3e+20
                    ],
                    "param_units": [
                        "None",
                        "cm^-2"
                    ],
                    "min_energy": 0.2,
                    "max_energy": 2.3,
                    "energy_units": "keV",
                    "model_reference": "2024ApJ...961..211M"
                },
                {
                    "model_name": "Absorbed Powerlaw",
                    "param_names": [
                        "Gamma",
                        "N_H"
                    ],
                    "param_values": [
                        2,
                        3e+20
                    ],
                    "param_units": [
                        "None",
                        "cm^-2"
                    ],
                    "min_energy": 0.2,
                    "max_energy": 2.3,
                    "energy_units": "keV",
                    "model_reference": "2024ApJ...961..211M"
                },
                {
                    "model_name": "Absorbed Powerlaw",
                    "param_names": [
                        "Gamma",
                        "N_H"
                    ],
                    "param_values": [
                        2,
                        3e+20
                    ],
                    "param_units": [
                        "None",
                        "cm^-2"
                    ],
                    "min_energy": 0.2,
                    "max_energy": 2.3,
                    "energy_units": "keV",
                    "model_reference": "2024ApJ...961..211M"
                }
            ],
            "reference": [
                "2024ApJ...961..211M"
            ]
        }
    ],
    "filter_alias": [
        {
            "filter_key": "g",
            "filter_name": "g",
            "wave_eff": 471.8872246248687,
            "wave_units": "nm"
        },
        {
            "filter_key": "V",
            "filter_name": "V",
            "wave_eff": 553.7155963302753,
            "wave_units": "nm"
        },
        {
            "filter_key": "W1",
            "filter_name": "W1",
            "wave_eff": 261.3713060531025,
            "wave_units": "nm"
        },
        {
            "filter_key": "W2",
            "filter_name": "W2",
            "wave_eff": 207.98754332676123,
            "wave_units": "nm"
        },
        {
            "filter_key": "0.3-10 ",
            "filter_name": "0.3-10 ",
            "wave_eff": 0.12781876127134048,
            "wave_min": 0.12398419843320027,
            "wave_max": 4.132806614440009,
            "wave_units": "nm"
        },
        {
            "filter_key": "0.2-2.3",
            "filter_name": "0.2-2.3",
            "wave_eff": 0.5904009449200014,
            "wave_min": 0.539061732318262,
            "wave_max": 6.199209921660012,
            "wave_units": "nm"
        }
    ],
    "reference_alias": [
        {
            "name": "2024ApJ...961..211M",
            "human_readable_name": "Masterson, Megan et al. (2024)"
        }
    ]
}