{
    "_key": "885041",
    "_id": "transients/885041",
    "_rev": "_j6ZBTyi---",
    "reference_alias": [
        {
            "name": "Fulton, M. et al. (2022)",
            "human_readable_name": "2022TNSCR.584....1F"
        },
        {
            "name": "2024MNRAS.527.2452M",
            "human_readable_name": "Mummery et al. (2023)"
        },
        {
            "name": "2024ApJ...974..241A",
            "human_readable_name": "Anumarlapudi, Akash et al. (2024)"
        },
        {
            "name": "2024ApJ...974..241A",
            "human_readable_name": "Anumarlapudi, Akash et al. (2024)"
        },
        {
            "name": "2022TNSTR.559....1S",
            "human_readable_name": "Stanek, K. Z. & Kochanek, C. S. (2022)"
        },
        {
            "name": "2022TNSCR.584....1F",
            "human_readable_name": "Fulton, M. et al. (2022)"
        }
    ],
    "classification": {
        "spec_classed": 3,
        "unambiguous": true,
        "value": [
            {
                "object_class": "TDE",
                "confidence": 3.3,
                "reference": [
                    "2022TNSCR.584....1F",
                    "2024ApJ...974..241A",
                    "2024MNRAS.527.2452M"
                ],
                "default": true
            }
        ],
        "discovery_method": "uvoir"
    },
    "coordinate": [
        {
            "ra": "15h42m21.7s",
            "dec": "-22d40m14s",
            "ra_units": "hour",
            "dec_units": "degree",
            "coordinate_type": "equatorial",
            "default": false,
            "reference": [
                "2024ApJ...974..241A"
            ]
        },
        {
            "ra": "235.5905942",
            "dec": "-22.67056645",
            "ra_units": "deg",
            "dec_units": "deg",
            "coordinate_type": "equatorial",
            "default": false,
            "epoch": "J2000",
            "frame": "ICRS",
            "reference": [
                "2022TNSTR.559....1S"
            ]
        },
        {
            "ra": "235.5906326",
            "dec": "-22.6705799",
            "ra_units": "deg",
            "dec_units": "deg",
            "coordinate_type": "equatorial",
            "default": true,
            "reference": [
                "2022TNSCR.584....1F",
                "2024MNRAS.527.2452M"
            ]
        }
    ],
    "distance": [
        {
            "value": "0.023",
            "distance_type": "redshift",
            "reference": [
                "2022TNSCR.584....1F",
                "2024ApJ...974..241A"
            ],
            "default": true
        },
        {
            "value": "0.0234",
            "distance_type": "redshift",
            "reference": [
                "2022TNSCR.584....1F",
                "2024MNRAS.527.2452M"
            ],
            "default": false
        }
    ],
    "name": {
        "alias": [
            {
                "value": "ATLAS22iav",
                "reference": [
                    "TNS"
                ]
            },
            {
                "value": "2022dsb",
                "reference": [
                    "TNS"
                ]
            },
            {
                "value": "ASASSN-22cs",
                "reference": [
                    "TNS"
                ]
            },
            {
                "value": "ZTF22aadghqe",
                "reference": [
                    "TNS"
                ]
            },
            {
                "value": "AT2022dsb",
                "reference": [
                    "2022TNSCR.584....1F",
                    "2024MNRAS.527.2452M",
                    "2024ApJ...974..241A"
                ]
            }
        ],
        "default_name": "2022dsb"
    },
    "date_reference": [
        {
            "value": "2022-03-01T13:40:47",
            "date_format": "isot",
            "date_type": "discovery",
            "reference": [
                "2024ApJ...974..241A"
            ],
            "default": true
        },
        {
            "value": "59639.56998842592",
            "date_format": "mjd",
            "date_type": "discovery",
            "reference": [
                "2022TNSTR.559....1S"
            ],
            "default": false
        },
        {
            "value": "59640.00000000004",
            "date_format": "mjd",
            "date_type": "peak",
            "reference": [
                "2022TNSCR.584....1F",
                "2024MNRAS.527.2452M"
            ],
            "default": true
        }
    ],
    "filter_alias": [
        {
            "filter_key": "B.uvot",
            "filter_name": "B.uvot",
            "freq_eff": 695280559412463.5,
            "freq_units": "Hz"
        },
        {
            "filter_key": "U.uvot",
            "filter_name": "U.uvot",
            "freq_eff": 872815357550259.6,
            "freq_units": "Hz"
        },
        {
            "filter_key": "UVM2.uvot",
            "filter_name": "UVM2.uvot",
            "freq_eff": 1346484181597652,
            "freq_units": "Hz"
        },
        {
            "filter_key": "UVW1.uvot",
            "filter_name": "UVW1.uvot",
            "freq_eff": 1198891057872408,
            "freq_units": "Hz"
        },
        {
            "filter_key": "UVW2.uvot",
            "filter_name": "UVW2.uvot",
            "freq_eff": 1492659946412262.2,
            "freq_units": "Hz"
        },
        {
            "filter_key": "W1.wise",
            "filter_name": "W1.wise",
            "freq_eff": 89917740678395.33,
            "freq_units": "Hz"
        },
        {
            "filter_key": "W2.wise",
            "filter_name": "W2.wise",
            "freq_eff": 65429370473910.305,
            "freq_units": "Hz"
        },
        {
            "filter_key": "g.ztf",
            "filter_name": "g.ztf",
            "freq_eff": 634121907623677.4,
            "freq_units": "Hz"
        },
        {
            "filter_key": "r.ztf",
            "filter_name": "r.ztf",
            "freq_eff": 471994480402802.25,
            "freq_units": "Hz"
        },
        {
            "filter_key": "3000.0MHz",
            "filter_name": "S",
            "freq_eff": 3000,
            "freq_units": "MHz"
        },
        {
            "filter_key": "887.5MHz",
            "filter_name": "UHF",
            "freq_eff": 887.5,
            "freq_units": "MHz"
        },
        {
            "filter_key": "1367.5MHz",
            "filter_name": "L",
            "freq_eff": 1367.5,
            "freq_units": "MHz"
        },
        {
            "filter_key": "1655.5MHz",
            "filter_name": "L",
            "freq_eff": 1655.5,
            "freq_units": "MHz"
        }
    ],
    "photometry": [
        {
            "raw": [
                1.859424435879133e-07,
                2.1324852613413297e-05,
                4.747932852571361e-06,
                9.461639846900381e-06,
                1.6457527415075662e-06,
                -1.7990537304307175e-05,
                -9.800030702189026e-06,
                -1.8031441611546453e-06,
                7.265985523514283e-06,
                2.3867301182747073e-06,
                8.05078362014821e-06,
                -5.632523028336323e-06,
                2.0779710734057612e-06,
                -4.18232298639116e-06,
                -1.0765175905719186e-05,
                -6.75881810006787e-06,
                -1.1016817261125923e-05,
                -6.8379927223267845e-06,
                -5.945898752428789e-06,
                2.0961831392364343e-06,
                -4.705744886488135e-06,
                0,
                7.129795715159892e-06,
                6.513350596095159e-07,
                -2.3990550628901097e-08,
                -3.992801632329036e-06,
                8.059232054115788e-06,
                5.806068863350839e-06,
                5.029558575732146e-06,
                -5.08042325764873e-06,
                -1.0992964747078097e-05,
                -1.4963776638734633e-05,
                9.04323752378283e-07,
                6.63782733825413e-06,
                -8.305183340674164e-06,
                1.4890314063379577e-06,
                -1.7506171647578497e-05,
                3.952772579199617e-06,
                3.756004326419795e-06,
                -1.8252475666805238e-05,
                1.9735222688767233e-06,
                -6.212492570451577e-06,
                -5.0922798164550235e-06,
                5.334713015524869e-06,
                -2.629317866659808e-06,
                1.619486947428367e-06,
                9.68968829874803e-07,
                -3.6821807630256006e-06,
                -9.974933520008625e-07,
                -1.2447802874828915e-05,
                -6.27838833909134e-06,
                5.127467557346827e-06,
                -3.7875838537452066e-06,
                -2.2613249306186355e-06,
                3.615420267758779e-06,
                -7.112087298669605e-06,
                2.657995091713596e-07,
                -6.264215446547606e-06,
                9.33104393157839e-06,
                -9.855849440198193e-06,
                7.261996423409302e-06,
                -5.014415312987263e-06,
                -1.6126323200426072e-05,
                -1.4992652160990677e-06,
                2.1297398905316278e-07,
                -3.957840755791015e-06,
                -4.544001974388837e-06,
                -9.103018225695771e-06,
                -5.086986118942565e-06,
                1.0929256453138625e-05,
                -1.6960861941689113e-06,
                -9.27014464693318e-06,
                2.131765500032457e-06,
                1.1390655546201137e-05,
                1.0925185294092064e-05,
                -1.05461294821024e-05,
                -1.1815159059436002e-05,
                6.585656167001371e-06,
                6.066196479086464e-06,
                1.646096697181063e-07,
                4.419961874742684e-06,
                1.0757079925705657e-06,
                -3.3041101892993637e-06,
                -5.269743049419048e-06,
                3.5696348177515114e-06,
                -6.401519081297486e-07,
                5.548560223671534e-07,
                9.033873921236472e-06,
                -1.2319010379758351e-05,
                1.8991884498678582e-06,
                -3.667718503234794e-06,
                9.647674053960366e-06,
                3.113872044523269e-06,
                2.8798144418955134e-06,
                -8.618410728199618e-06,
                -1.5364690032609837e-06,
                2.947395594229787e-06,
                -1.6018826166890598e-05,
                8.381790641455902e-06,
                -1.1605153427512426e-05,
                -6.128294243331862e-06,
                9.44765899405952e-06,
                -1.6770947183222722e-06,
                -3.298355095915925e-06,
                1.0931512030325461e-05,
                -2.0189004282592648e-05,
                6.485489043899021e-06,
                3.635058259291366e-06,
                -8.130753938325047e-06,
                -6.1090594204997734e-06,
                9.985956735690174e-07,
                8.282703972131127e-06,
                2.690261818446604e-06,
                -7.955197101438218e-06,
                -1.3127635767509912e-06,
                -9.8602960595108e-06,
                -6.842076581162227e-06,
                8.588013078162895e-07,
                -1.2082772727884147e-05,
                1.0872452575357423e-06,
                0,
                -2.1467009110233113e-06,
                4.4386492450472e-06,
                -3.025848690225158e-06,
                -1.7604952538363662e-06,
                5.786165153713235e-06,
                5.85479499097134e-06,
                -4.528742620129036e-06,
                -1.6234146523772102e-06,
                -8.780258466050268e-06,
                5.83718793080371e-06,
                4.192734288292316e-06,
                -3.057763620319012e-06,
                -5.563846071597132e-07,
                -1.7565213436702502e-06,
                -7.4150457172307435e-06,
                -6.1894378349414816e-06,
                -1.3379908154213228e-06,
                -7.94222757894645e-06,
                6.5321678678397285e-06,
                1.0115115886289445e-05,
                6.858387620165037e-06,
                1.4468173853875311e-05,
                4.107607410419097e-06,
                7.216940644448492e-06,
                -1.0365560347886952e-05,
                -1.3268244971628756e-05,
                -8.435172197335941e-06,
                -1.3771867681206154e-05,
                1.268196721163609e-05,
                6.713891821678594e-06,
                -2.5753792684804995e-06,
                -1.3208597283658028e-06,
                3.6534055758905874e-05,
                -3.516462774876225e-06,
                7.5649907546099e-06,
                6.799617635071623e-06,
                1.6545282884289684e-07,
                -6.55588512064812e-06,
                -8.470650025888195e-06,
                1.873519105375205e-06,
                6.958215156324744e-06,
                -2.224786238074703e-06,
                -6.42951615587543e-07,
                1.269228163804111e-05,
                2.9343777951992986e-06,
                4.0363378235187493e-07,
                -4.926747089194989e-06,
                9.739060322439416e-06,
                1.0386576904447108e-05,
                7.075897895654168e-06,
                7.1605860552809985e-06,
                -1.837775391940934e-06,
                4.816738722981805e-06,
                1.7392415026830298e-05,
                8.065313980137427e-06,
                -1.0360870467782845e-05,
                9.374976546048389e-06,
                5.500743118604846e-06,
                6.942739138422549e-06,
                1.4296790176445178e-06,
                9.851587837639257e-06,
                8.701799211009293e-06,
                -3.3369084298504454e-06,
                -1.6047771553959324e-05,
                1.120074205599151e-05,
                -3.413081378978936e-06,
                2.2591084466000826e-06,
                -8.220705320430705e-06,
                -5.651150923403182e-06,
                7.838034064892903e-05,
                8.031273345145446e-05,
                7.706402692100367e-05,
                7.113113774398569e-05,
                7.387893449383896e-05,
                7.201427798736428e-05,
                5.047081972370639e-05,
                4.568947370056307e-05,
                2.0081752007938525e-05,
                3.587421197925686e-05,
                3.539238467838516e-05,
                2.2976426078133514e-05,
                4.1683151371213775e-05,
                2.1077335351552922e-05,
                3.7939438590924664e-05,
                2.2863462515324777e-05,
                2.853528342300168e-05,
                2.7190795269362722e-05,
                1.3455856493669449e-05,
                -5.519984580634847e-07,
                1.498271102010412e-05,
                2.0514611172440385e-05,
                1.0188597967918873e-05,
                1.6503291897399895e-05,
                1.9112414769931003e-05,
                8.297949196255489e-06,
                7.305519355854444e-06,
                1.4944472646922402e-06,
                6.723875547104549e-07,
                -1.0516258040708106e-07,
                1.4463658019732165e-05,
                1.8693643339316395e-05,
                9.750106996205078e-06,
                7.66488175190052e-06,
                -5.263683380128727e-06,
                6.95161651995224e-06,
                4.9265650919380094e-06,
                -1.0121179852085695e-05,
                4.019662523101674e-06,
                -1.1412887422066631e-05,
                1.662969829648651e-05,
                9.478059115982928e-06,
                -1.4819903442163003e-06,
                8.600497444116385e-06,
                6.777640171116355e-06,
                -1.0540767587108452e-05,
                3.2223090737489874e-06,
                5.232762662558401e-06,
                1.513034794878076e-05,
                -1.0843072060756614e-05,
                7.150963089190981e-06,
                -8.15922560435878e-07,
                -1.098486397655272e-06,
                4.0452864743456014e-07,
                -8.063641588528784e-06,
                9.757667654135477e-06,
                -3.803428394325033e-06,
                -1.2231307931249846e-06,
                -1.4258215138267298e-06,
                -4.756088549442827e-06,
                -6.142527539074092e-06,
                -7.65055974041216e-06,
                -1.1747113791479852e-06,
                -2.740129816654616e-06,
                5.377021742743581e-06,
                6.970807542867831e-07,
                6.4716538455151404e-06,
                2.2272974207082666e-05,
                9.118806641430648e-07,
                7.577129692892874e-06,
                5.810147067138151e-06,
                2.680706616787457e-05,
                5.957953896043512e-06,
                6.00454801626984e-06,
                -8.177127549215281e-06,
                7.554939278540402e-06,
                -3.1748891488979247e-06,
                2.892768433801331e-06,
                -7.744104638721694e-07,
                1.652243739553571e-05,
                -1.5078133058007528e-05,
                2.069380810500088e-06,
                3.732179817973587e-07,
                -3.3255280653130268e-06,
                -5.8106428477468815e-06,
                9.71292916335961e-06,
                -1.6126854967768395e-06,
                4.4567655653404824e-06,
                -7.646822600921434e-06,
                1.7964643762153634e-05,
                7.0679788629554325e-06,
                -9.038782279603273e-06,
                1.2090586269749393e-05,
                -5.497745333321769e-06,
                -2.2392220668574492e-06,
                2.6433330989587717e-05,
                -1.3879107629446856e-06,
                -6.898571297513264e-06,
                1.1659432330102761e-05,
                -9.75053584762251e-07,
                6.147246823438328e-07,
                7.22884524660355e-06,
                -1.4784743356450712e-06,
                -3.4652433544535656e-06,
                -7.097202468453116e-06,
                6.941214642012273e-06,
                5.8217604527949286e-06,
                -2.9434427122384592e-06,
                9.854913291433185e-06,
                2.946465823201958e-06,
                -5.709433266897301e-06,
                -4.949021882845653e-07,
                1.2698024405856988e-06,
                1.1976395692706977e-05,
                2.572602387464644e-06,
                2.7388024740954663e-06,
                4.7262400261380205e-06,
                -1.1835486952073891e-05,
                9.650579334699802e-06,
                1.5067060770723674e-05,
                -4.027564514412311e-06,
                1.1984263251772492e-06,
                7.609366199291843e-06,
                -8.278475410336812e-06,
                -1.4704992309320805e-05,
                -1.885703394136703e-06,
                3.5154202963066456e-06,
                8.276342772295665e-06,
                9.422894666994408e-06,
                3.6777044062864485e-07,
                9.837851948433806e-06,
                6.878422285918031e-06,
                4.590742028656317e-06,
                3.983019921605112e-06,
                7.058223254134825e-06,
                -8.297099362873515e-06,
                -2.1892646707276287e-06,
                6.01685240015899e-06,
                2.8124368509911556e-06,
                -6.91069145105537e-07,
                5.179625483136905e-06,
                1.2020013668369135e-05,
                3.0750964808287594e-06,
                -9.002515365750137e-07,
                -3.17412829706296e-06,
                6.986084492877577e-06,
                6.108840102612397e-06,
                -2.1087522939700626e-05,
                -1.6762754819436342e-05,
                -6.306708100292876e-06,
                -3.2266216129934386e-06,
                -7.175468583594529e-06,
                0.00042344,
                0.00039762,
                0.00016947,
                0.00013654,
                0.00010242,
                0.00011219,
                6.9201e-05,
                4.0658e-05,
                6.7693e-05,
                4.0863e-05,
                5.6847e-05,
                4.6688e-05,
                4.6834e-05,
                4.3607e-05,
                3.9499e-05,
                2.7442e-05,
                3.3729e-05,
                6.1764e-05,
                0.00030883,
                0.00029493,
                0.00016534,
                0.00011336,
                6.7628e-05,
                7.099e-05,
                2.4219e-05,
                6.4946e-05,
                3.8428e-05,
                3.3656e-05,
                4.0797e-05,
                2.7154e-05,
                2.9849e-05,
                3.1928e-05,
                5.5338e-05,
                1.9875e-05,
                0.00035976,
                0.00035823,
                0.00020109,
                0.00015271,
                0.00013805,
                9.101e-05,
                9.0725e-05,
                8.557e-05,
                4.8257e-05,
                5.7025e-05,
                6.3405e-05,
                7.0156e-05,
                5.3298e-05,
                4.4702e-05,
                3.662e-05,
                3.9927e-05,
                6.7714e-05,
                8.6929e-05,
                6.0859e-05,
                0.00033178,
                0.00043185,
                0.00025999,
                0.00012035,
                0.00013659,
                8.6457e-05,
                1.5816e-05,
                3.786e-05,
                2.6049e-05,
                6.3925e-05,
                5.4954e-05,
                5.3582e-05,
                6.6732e-05,
                1.3313e-05,
                0.00019655,
                0.00021386,
                7.1917e-05,
                -7.2325e-05,
                -0.00010452,
                -0.00017157,
                -0.00011016,
                -0.00024427,
                -0.00018726,
                -4.0540067476363576e-05,
                3.1819618069743407e-06,
                2.1363868144148192e-05,
                3.3486869688866276e-05,
                3.3668940815453575e-05,
                1.6542135909382034e-05,
                1.4372649890005024e-05,
                -4.205501283592156e-05,
                -3.929555963157266e-05,
                -2.4779499868499574e-05,
                5.90124026996939e-05,
                2.6305086161498617e-05,
                7.745334996176508e-05,
                -2.038170556750016e-05
            ],
            "raw_err": [
                1.3514241822588038e-05,
                1.4298597672538301e-05,
                1.247779148454686e-05,
                6.9672229251479496e-06,
                9.173649974034718e-06,
                7.767322802455632e-06,
                8.071517901195824e-06,
                1.027775976556093e-05,
                7.35281923714268e-06,
                1.6972467552664075e-05,
                5.755649765227488e-06,
                5.844561115024717e-06,
                6.123325808665949e-06,
                9.040383839394896e-06,
                6.9321579046351215e-06,
                6.986798805057996e-06,
                5.125166091545558e-06,
                1.2145139882701576e-05,
                1.4922493763404841e-05,
                1.4325675654233414e-05,
                8.163049623740124e-06,
                6.069680257508646e-06,
                1.0278829803341572e-05,
                7.672552768137297e-06,
                7.77808628728912e-06,
                8.030063979681483e-06,
                8.142519624980952e-06,
                8.186389421836987e-06,
                7.84889351610898e-06,
                6.970515325900356e-06,
                7.066000690341074e-06,
                7.027773103748158e-06,
                7.509130343946916e-06,
                6.846886589921322e-06,
                7.531990158022552e-06,
                7.76904887976704e-06,
                6.917399748069671e-06,
                7.5242997321250386e-06,
                7.076653300051613e-06,
                6.815035185747089e-06,
                6.7331325822244915e-06,
                7.285314482000895e-06,
                7.224317821123196e-06,
                6.773637187558161e-06,
                6.88615540444417e-06,
                7.287154939275478e-06,
                6.77221024662729e-06,
                6.722692945878643e-06,
                7.42671493909865e-06,
                7.0392438250905965e-06,
                7.073321537708134e-06,
                6.703530245086949e-06,
                6.875325438616868e-06,
                6.958688343955845e-06,
                6.4154739059198315e-06,
                6.799454350142042e-06,
                6.324927692494143e-06,
                7.5963715650991815e-06,
                6.442303783852276e-06,
                6.5701605710642335e-06,
                7.024740038683549e-06,
                6.747704626515818e-06,
                6.4914889331320965e-06,
                6.5357382837794524e-06,
                6.955239462787166e-06,
                7.0444536090580715e-06,
                6.952623823126379e-06,
                7.537506317814803e-06,
                7.35581711247175e-06,
                7.649713599095546e-06,
                7.1691693299237165e-06,
                7.241531743597586e-06,
                7.325410414543983e-06,
                7.002178338230392e-06,
                6.989298295049037e-06,
                7.195692588667174e-06,
                7.65872812103067e-06,
                7.521530922436963e-06,
                6.824859090195613e-06,
                7.057880053655082e-06,
                7.651898116906332e-06,
                7.143189707902183e-06,
                6.935281262097158e-06,
                7.624370280324676e-06,
                7.281099278592069e-06,
                7.076228741021655e-06,
                6.987322136279011e-06,
                7.030386877941043e-06,
                7.536921012923858e-06,
                7.148627348460483e-06,
                7.222385905585925e-06,
                7.606875978863791e-06,
                7.3962982619811e-06,
                7.072861486721266e-06,
                6.8077555194687704e-06,
                6.947381723435863e-06,
                9.299966769743303e-06,
                6.992750697515579e-06,
                7.335826466470671e-06,
                6.56777183139434e-06,
                7.4856400525708595e-06,
                7.477074435861168e-06,
                7.23091394516061e-06,
                7.2975105158345e-06,
                8.049507589565064e-06,
                7.037537692517251e-06,
                7.430126132987905e-06,
                7.535979252134119e-06,
                7.237072404145777e-06,
                7.384229280156618e-06,
                7.392997638208056e-06,
                7.28653534480072e-06,
                7.284920752940623e-06,
                6.992218448305841e-06,
                7.388773963445031e-06,
                7.418592483868265e-06,
                6.606860446559658e-06,
                7.179205064593619e-06,
                7.195893842273912e-06,
                7.5380519357264905e-06,
                7.148763358152878e-06,
                7.728288720796802e-06,
                7.5685925067143355e-06,
                7.4529519696294744e-06,
                7.0163458220302895e-06,
                7.785967058747543e-06,
                6.944643664831899e-06,
                7.415261305245548e-06,
                7.522108051626405e-06,
                8.199171026775176e-06,
                8.36998093116215e-06,
                7.884274094653706e-06,
                8.484071699019665e-06,
                7.472951303516741e-06,
                7.990695251868732e-06,
                7.630022019968737e-06,
                7.311796280976333e-06,
                7.131140380088553e-06,
                7.357122844110779e-06,
                7.265822617563276e-06,
                7.448269029416521e-06,
                7.188995835996365e-06,
                8.018852151008689e-06,
                7.278638413463646e-06,
                8.102473692873896e-06,
                9.87092869480648e-06,
                2.183395186384199e-05,
                2.0099566276291726e-05,
                9.307593559991611e-06,
                8.33155630035332e-06,
                8.395453265803233e-06,
                4.612116117979198e-06,
                9.814873253981377e-06,
                1.4379857614697056e-05,
                1.0082258394670469e-05,
                1.7365608968249712e-05,
                1.0006773014100698e-05,
                7.980468218134657e-06,
                8.21767493967649e-06,
                6.232168683937603e-06,
                4.610144679570511e-06,
                9.156321260953646e-06,
                6.2956816095114396e-06,
                4.866471826100767e-06,
                9.838999481530649e-06,
                6.271161529096924e-06,
                1.0412950792894537e-05,
                1.3234693844606784e-05,
                1.1006252464876634e-05,
                7.336916288373588e-06,
                7.414332881517907e-06,
                6.389716624459632e-06,
                9.319692016575864e-06,
                1.1027993057504624e-05,
                1.0225936412390482e-05,
                6.537557324309939e-06,
                1.0862428217928937e-05,
                1.3914560407105716e-05,
                7.044552319283256e-06,
                7.807373341226446e-06,
                6.8941200988182114e-06,
                9.152802033060077e-06,
                8.671491511816489e-06,
                7.362056150228856e-06,
                7.750487206675622e-06,
                1.0775336067692039e-05,
                8.179647966161564e-06,
                1.4176289379453838e-05,
                8.033950235668447e-06,
                9.234031229358495e-06,
                9.441695561145e-06,
                6.158939235490225e-06,
                9.099671493758252e-06,
                1.2805425142564953e-05,
                7.855560889720162e-06,
                1.072604876019658e-05,
                1.3785091490492953e-05,
                2.1018631464303933e-05,
                8.915274104563647e-06,
                8.051969834214583e-06,
                1.0667824948177535e-05,
                9.334605992576302e-06,
                7.512077347939163e-06,
                7.779114222441746e-06,
                6.438870876809594e-06,
                1.1758474512882878e-05,
                1.16423022560285e-05,
                1.7131545853497835e-05,
                1.901774130166016e-05,
                8.594584640105372e-06,
                7.080445835549785e-06,
                5.000559268745751e-06,
                5.863788335021263e-06,
                8.268429689605856e-06,
                5.986719026930134e-06,
                5.48842995384112e-06,
                8.062866975572632e-06,
                7.255313657664112e-06,
                1.0937846396454611e-05,
                1.0744095615505831e-05,
                7.484019444865658e-06,
                9.44958724754869e-06,
                6.664251183676071e-06,
                7.36378012651353e-06,
                9.475883134515504e-06,
                6.1920758300794925e-06,
                6.729254652955513e-06,
                8.23738659097849e-06,
                8.658341411643747e-06,
                7.82328446909466e-06,
                1.2101598525608734e-05,
                1.2622958641739404e-05,
                8.709756745575663e-06,
                1.0036346770781611e-05,
                1.0050168489800264e-05,
                7.309950546027066e-06,
                6.46467868240291e-06,
                9.359891214640831e-06,
                7.352112472264266e-06,
                1.0176719977696288e-05,
                8.206100467168035e-06,
                7.3766942228474535e-06,
                8.794146837673598e-06,
                1.1513783102848135e-05,
                1.0846162885655924e-05,
                8.96617008338412e-06,
                6.198914024120177e-06,
                7.505583639107177e-06,
                5.53814298496686e-06,
                1.0979572302507611e-05,
                8.911564897819692e-06,
                6.405769824851074e-06,
                8.033371271286138e-06,
                1.0366792409357044e-05,
                9.804943950895506e-06,
                7.76036929240973e-06,
                1.0120427601373053e-05,
                1.1228804487863e-05,
                8.63330336503898e-06,
                5.615317756501152e-06,
                9.97691364692809e-06,
                1.1737305674000429e-05,
                7.49067547991093e-06,
                9.31516855459994e-06,
                5.875727781330974e-06,
                7.077247326062029e-06,
                5.883105345032917e-06,
                9.389185820555177e-06,
                7.464729554212356e-06,
                1.1718837538022645e-05,
                8.213896014106455e-06,
                1.3526600261035161e-05,
                4.830683370622134e-06,
                9.41769718987568e-06,
                1.0783586977253177e-05,
                7.999952178267377e-06,
                6.026671756556231e-06,
                1.0861061721484137e-05,
                9.51156780916504e-06,
                8.614417644216902e-06,
                8.385636374268265e-06,
                8.317191176584605e-06,
                7.720703100956927e-06,
                9.866224876940738e-06,
                1.0489812880746219e-05,
                9.669133754050106e-06,
                6.4368243254301606e-06,
                6.941751850732474e-06,
                6.938692980818459e-06,
                9.796153769841331e-06,
                6.435362727196538e-06,
                8.34983945607415e-06,
                1.0785288701037642e-05,
                1.0642961755663875e-05,
                8.276831101332283e-06,
                1.1184681489059456e-05,
                1.059995602688381e-05,
                9.618192324546944e-06,
                1.4606254544391663e-05,
                1.2553270515442593e-05,
                1.6782229376183794e-05,
                6.178560133101026e-06,
                8.691586439500153e-06,
                9.79633434029237e-06,
                8.132345990075131e-06,
                1.5250438848088687e-05,
                1.2527120026103555e-05,
                1.826562224069305e-05,
                8.01752274107041e-06,
                8.568667503327651e-06,
                9.703495356395412e-06,
                7.472192137467747e-06,
                1.1316126097536402e-05,
                7.007634545649943e-06,
                8.539595041678476e-06,
                9.823087242808695e-06,
                1.0551020556613028e-05,
                1.4765640280340014e-05,
                9.270982710064464e-06,
                6.239051576444157e-06,
                7.257891337599019e-06,
                1.0226538546754175e-05,
                8.392202811089287e-06,
                5.189687883878152e-06,
                8.744877907061895e-06,
                7.3003823733890074e-06,
                1.0095664794023659e-05,
                1.0883597110995996e-05,
                1.0330336326368786e-05,
                1.3256881760986048e-05,
                6.591804616118266e-06,
                1.288318324912673e-05,
                8.182832920627962e-06,
                8.517220210422742e-06,
                6.820648360488978e-06,
                8.446029721430095e-06,
                1.1562712900126087e-05,
                1.1351305117851981e-05,
                1.2824102505542072e-05,
                8.753649448006147e-06,
                1.002515844269191e-05,
                8.310864262411532e-06,
                1.9166e-05,
                1.8514e-05,
                1.4004e-05,
                1.1782e-05,
                1.5467e-05,
                1.2257e-05,
                1.333e-05,
                1.1225e-05,
                1.0979e-05,
                9.5994e-06,
                1.4374e-05,
                9.1259e-06,
                8.3645e-06,
                1.0084e-05,
                7.7818e-06,
                8.5773e-06,
                1.3265e-05,
                9.7689e-06,
                1.5695e-05,
                1.5986e-05,
                1.4131e-05,
                1.2941e-05,
                1.1914e-05,
                1.2526e-05,
                1.104e-05,
                1.0299e-05,
                1.0043e-05,
                1.0325e-05,
                8.5101e-06,
                9.9292e-06,
                9.7461e-06,
                8.87e-06,
                1.9581e-05,
                1.0813e-05,
                2.2576e-05,
                2.2786e-05,
                2.0647e-05,
                2.326e-05,
                1.746e-05,
                1.7192e-05,
                1.5009e-05,
                2.0853e-05,
                1.6965e-05,
                1.651e-05,
                1.4568e-05,
                2.1248e-05,
                1.4925e-05,
                1.2201e-05,
                1.4448e-05,
                1.3829e-05,
                1.5262e-05,
                2.3782e-05,
                1.8417e-05,
                3.677e-05,
                3.8684e-05,
                4.1131e-05,
                3.4258e-05,
                3.761e-05,
                3.1122e-05,
                4.3064e-05,
                3.1694e-05,
                3.066e-05,
                2.7198e-05,
                4.6126e-05,
                2.8608e-05,
                4.1313e-05,
                3.3573e-05,
                8.9346e-05,
                8.9883e-05,
                9.605e-05,
                8.7885e-05,
                9.5971e-05,
                8.2833e-05,
                0.00010589,
                0.00010312,
                8.8831e-05,
                3.397251007471822e-05,
                3.198999170326162e-05,
                3.0779022847136676e-05,
                3.4636635046421555e-05,
                3.105049754492963e-05,
                2.9223786602679844e-05,
                3.294204560014857e-05,
                3.572535693711606e-05,
                3.6167979278838455e-05,
                3.0229387627055814e-05,
                3.802628029180001e-05,
                3.414498889863743e-05,
                3.309485011124548e-05,
                3.8749867364289e-05
            ],
            "raw_units": "Jy",
            "date": [
                "58915.47971059987",
                "58915.50200230023",
                "58941.41781250015",
                "58964.35511570005",
                "58964.39847220015",
                "58967.35634260019",
                "58967.4193519",
                "58971.35658559995",
                "58971.41864580009",
                "58974.31390050007",
                "58987.31362270005",
                "58987.39836810017",
                "58996.31476850016",
                "58999.317036999855",
                "59011.27312499983",
                "59019.23071759986",
                "59019.25184029993",
                "59027.22622689977",
                "59027.25253470009",
                "59036.21194439987",
                "59282.50296299998",
                "59282.52288189996",
                "59290.460208300035",
                "59290.46068290016",
                "59290.46114580007",
                "59290.461620400194",
                "59290.46208330011",
                "59290.46255790023",
                "59290.46302080015",
                "59290.4634953998",
                "59290.463958300184",
                "59290.46443289984",
                "59290.46489580022",
                "59290.46537039988",
                "59290.46584489988",
                "59290.466307899915",
                "59290.46724539995",
                "59290.467719899956",
                "59290.46818289999",
                "59290.46865739999",
                "59290.46959490003",
                "59290.470057900064",
                "59290.47053240007",
                "59290.47100690007",
                "59290.471469900105",
                "59290.47194440011",
                "59290.47241900023",
                "59290.47288190015",
                "59290.4733564998",
                "59290.473819400184",
                "59290.47429399984",
                "59290.47523149988",
                "59290.47569439979",
                "59290.476168999914",
                "59290.47663189983",
                "59290.47710649995",
                "59290.477580999956",
                "59290.47804399999",
                "59290.478981500026",
                "59290.47945600003",
                "59290.47991900006",
                "59290.48039350007",
                "59290.4808565001",
                "59290.481331000105",
                "59290.48179400014",
                "59290.48226850014",
                "59290.482731500175",
                "59290.48320600018",
                "59290.48366900021",
                "59290.484143500216",
                "59290.484606499784",
                "59290.48508099979",
                "59290.48555559991",
                "59290.486018499825",
                "59290.48695599986",
                "59290.487430599984",
                "59290.4878934999",
                "59290.48836810002",
                "59290.48883099994",
                "59290.48930560006",
                "59290.489768499974",
                "59290.490243100096",
                "59290.4907176001",
                "59290.49118060013",
                "59290.49211810017",
                "59290.492581000086",
                "59290.49351850012",
                "59290.49399309978",
                "59290.49445600016",
                "59290.494930599816",
                "59290.49540509982",
                "59290.49586809985",
                "59290.49633099977",
                "59290.49680559989",
                "59290.497280099895",
                "59290.49774309993",
                "59290.49821759993",
                "59290.498692099936",
                "59290.49915509997",
                "59290.49962959997",
                "59290.50056710001",
                "59290.501030100044",
                "59290.50150460005",
                "59290.50196760008",
                "59290.502442100085",
                "59290.50290510012",
                "59290.50337960012",
                "59290.503842600156",
                "59290.50431710016",
                "59290.50478010019",
                "59290.5052546002",
                "59290.50572919985",
                "59290.50619209977",
                "59290.50666669989",
                "59290.507129599806",
                "59290.50760419993",
                "59290.50807869993",
                "59290.508541699965",
                "59290.50901619997",
                "59290.5094792",
                "59290.509953700006",
                "59290.51042820001",
                "59290.51089120004",
                "59290.51136570005",
                "59290.51182870008",
                "59290.512303200085",
                "59290.512777800206",
                "59290.51324070012",
                "59290.51371529978",
                "59290.51418979978",
                "59290.514652799815",
                "59290.5151157002",
                "59290.51559029985",
                "59290.51605319977",
                "59290.51652779989",
                "59290.516990699805",
                "59290.51746529993",
                "59290.51792819984",
                "59290.518402799964",
                "59290.51886569988",
                "59290.5193403",
                "59290.51980319992",
                "59290.52027780004",
                "59290.52075230004",
                "59290.521215300076",
                "59292.462013899814",
                "59300.43895829981",
                "59300.48150460003",
                "59307.41848379979",
                "59309.43975690007",
                "59311.48092589993",
                "59316.37620369997",
                "59316.39797449997",
                "59322.46003470011",
                "59325.46263890015",
                "59329.41899310006",
                "59338.37710649986",
                "59338.41752310004",
                "59340.314294000156",
                "59342.36944440007",
                "59344.313171300106",
                "59344.3766319002",
                "59346.35557870008",
                "59348.37159720017",
                "59352.29361109994",
                "59352.31541670021",
                "59364.335763900075",
                "59364.35881939996",
                "59366.35521990014",
                "59368.29281250015",
                "59368.33824069984",
                "59370.230682900175",
                "59370.33517359989",
                "59375.23054399993",
                "59375.27256939979",
                "59377.31350689987",
                "59379.335196800064",
                "59392.27273150021",
                "59394.20993060013",
                "59396.2097800998",
                "59396.25083329994",
                "59399.20896989992",
                "59399.25188660016",
                "59401.230185199995",
                "59403.23114580009",
                "59405.18960649986",
                "59405.2113194",
                "59412.211458299775",
                "59423.189363399986",
                "59425.21045139991",
                "59670.46069440013",
                "59670.48366900021",
                "59673.41741900006",
                "59673.48115740018",
                "59675.46140050003",
                "59677.46150460001",
                "59683.44048610004",
                "59684.41601849999",
                "59694.37712959992",
                "59696.33710649982",
                "59696.446909700055",
                "59699.35533560021",
                "59699.43956020009",
                "59701.376226900145",
                "59701.41753470013",
                "59707.39723380003",
                "59709.37766199978",
                "59719.35567130009",
                "59719.39695600001",
                "59722.397442100104",
                "59724.35509259999",
                "59726.313877299894",
                "59730.313807900064",
                "59733.2511574002",
                "59733.3014814998",
                "59735.27288189996",
                "59737.27327550016",
                "59737.314942100085",
                "59739.272338000126",
                "59739.33533560019",
                "59749.27166670002",
                "59751.27199070016",
                "59753.272488399874",
                "59756.27318290016",
                "59758.27166670002",
                "59760.23114580009",
                "59762.18979169987",
                "59762.25141200004",
                "59764.21049770014",
                "59764.27171299979",
                "59768.188171300106",
                "59768.25056710001",
                "59776.189722199924",
                "59779.18864580011",
                "59779.209016200155",
                "59785.188530100044",
                "59785.21010420006",
                "59787.210208300035",
                "59789.180705999956",
                "59789.21027779998",
                "60020.47920140019",
                "60020.481076399796",
                "60032.46059030015",
                "60045.39848379977",
                "60045.46086810017",
                "60049.418819400016",
                "60049.43968749978",
                "60051.39755789982",
                "60051.461932899896",
                "60053.42054399988",
                "60055.478425899986",
                "60057.371030100156",
                "60059.38893519994",
                "60059.419108800124",
                "60063.41208329983",
                "60063.41856480017",
                "60075.31550930021",
                "60077.33111110004",
                "60077.4142593001",
                "60079.33670140011",
                "60079.414166700095",
                "60082.37435190007",
                "60084.34684030013",
                "60084.377847199794",
                "60086.299999999814",
                "60086.34049770003",
                "60088.3135532001",
                "60088.37017360004",
                "60090.2730208002",
                "60090.32785880007",
                "60092.354560200125",
                "60102.27342589991",
                "60104.251585599966",
                "60104.33572919993",
                "60108.282002300024",
                "60110.23111109994",
                "60110.25281250011",
                "60112.2723495001",
                "60114.32520829979",
                "60117.21114580007",
                "60117.30990740005",
                "60119.26100690011",
                "60121.19164349977",
                "60121.23129629996",
                "60123.257962999865",
                "60132.188726900145",
                "60136.188229199965",
                "60139.21232639998",
                "60143.184652800206",
                "60143.21115740016",
                "60145.21494209999",
                "60147.182152799796",
                "60150.19045139989",
                "60150.211111099925",
                "60387.46403940022",
                "60387.48175929999",
                "60389.43943289993",
                "60389.500393500086",
                "60391.438854199834",
                "60391.482233799994",
                "60402.47458329983",
                "60404.41783560021",
                "60404.46377310017",
                "60408.40130789997",
                "60408.46071759984",
                "60416.44962960016",
                "60428.377569399774",
                "60428.460486100055",
                "60433.39759259997",
                "60439.33515049983",
                "60439.38049770007",
                "60441.33517359989",
                "60441.40998840006",
                "60443.31109949993",
                "60443.33589120023",
                "60445.31581019983",
                "60447.33556709997",
                "60449.40076390002",
                "60459.35502310004",
                "60461.314976899885",
                "60464.27265049983",
                "60464.33005789993",
                "60469.316423600074",
                "60471.22975690011",
                "60471.2936689998",
                "60473.31418980006",
                "60475.216608799994",
                "60475.25165509991",
                "60477.22947920021",
                "60477.29365740018",
                "60487.21084489999",
                "60487.29293979984",
                "60489.23197920015",
                "60491.25208330015",
                "60498.18876159983",
                "60500.193784699775",
                "60502.171122699976",
                "60502.23931710003",
                "60505.210254599806",
                "60516.17913189996",
                "60518.21888889978",
                "60520.176909700036",
                "59643.115164",
                "59649.771952",
                "59656.155165",
                "59668.127656",
                "59673.810095",
                "59677.31668",
                "59683.208764",
                "59696.482559",
                "59701.426327",
                "59704.752602",
                "59729.054738",
                "59735.813214",
                "59855.512852",
                "59992.531223",
                "60020.526002",
                "60026.222096",
                "60485.550279",
                "60576.053143",
                "59643.119074",
                "59649.775629",
                "59656.159705",
                "59668.129544",
                "59683.212129",
                "59696.479451",
                "59701.42278",
                "59704.747388",
                "59729.976812",
                "59735.803752",
                "59855.517747",
                "59992.533325",
                "60020.699025",
                "60026.224907",
                "60485.552289",
                "60576.056763",
                "59643.11185",
                "59649.768698",
                "59656.15103",
                "59663.968896",
                "59668.125721",
                "59673.806187",
                "59677.313712",
                "59683.206032",
                "59696.480759",
                "59701.424152",
                "59704.749592",
                "59729.576673",
                "59735.807428",
                "59855.522829",
                "59992.535242",
                "60020.703077",
                "60026.226945",
                "60485.547756",
                "60576.048748",
                "59643.11313",
                "59649.769856",
                "59656.152405",
                "59668.126332",
                "59673.807789",
                "59677.314564",
                "59683.206942",
                "59696.481571",
                "59701.424968",
                "59704.750956",
                "59729.05364",
                "59735.80965",
                "60485.54851",
                "60576.049923",
                "59643.11373",
                "59649.770433",
                "59656.153113",
                "59668.126672",
                "59673.808614",
                "59677.315164",
                "59683.207418",
                "60485.549034",
                "60576.050784",
                "59425.23808159",
                "59626.919068365",
                "59789.37025041",
                "59993.826789479994",
                "60156.46527994",
                "60357.89989088",
                "60520.51084897",
                "59425.23808159",
                "59626.919068365",
                "59789.37025041",
                "59993.826789479994",
                "60156.46527994",
                "60357.89989088",
                "60520.51084897"
            ],
            "date_format": "mjd",
            "filter_key": [
                "g.ztf",
                "r.ztf",
                "r.ztf",
                "g.ztf",
                "r.ztf",
                "r.ztf",
                "g.ztf",
                "r.ztf",
                "g.ztf",
                "r.ztf",
                "r.ztf",
                "g.ztf",
                "g.ztf",
                "r.ztf",
                "g.ztf",
                "r.ztf",
                "g.ztf",
                "g.ztf",
                "r.ztf",
                "g.ztf",
                "r.ztf",
                "g.ztf",
                "r.ztf",
                "r.ztf",
                "r.ztf",
                "r.ztf",
                "r.ztf",
                "r.ztf",
                "r.ztf",
                "r.ztf",
                "r.ztf",
                "r.ztf",
                "r.ztf",
                "r.ztf",
                "r.ztf",
                "r.ztf",
                "r.ztf",
                "r.ztf",
                "r.ztf",
                "r.ztf",
                "r.ztf",
                "r.ztf",
                "r.ztf",
                "r.ztf",
                "r.ztf",
                "r.ztf",
                "r.ztf",
                "r.ztf",
                "r.ztf",
                "r.ztf",
                "r.ztf",
                "r.ztf",
                "r.ztf",
                "r.ztf",
                "r.ztf",
                "r.ztf",
                "r.ztf",
                "r.ztf",
                "r.ztf",
                "r.ztf",
                "r.ztf",
                "r.ztf",
                "r.ztf",
                "r.ztf",
                "r.ztf",
                "r.ztf",
                "r.ztf",
                "r.ztf",
                "r.ztf",
                "r.ztf",
                "r.ztf",
                "r.ztf",
                "r.ztf",
                "r.ztf",
                "r.ztf",
                "r.ztf",
                "r.ztf",
                "r.ztf",
                "r.ztf",
                "r.ztf",
                "r.ztf",
                "r.ztf",
                "r.ztf",
                "r.ztf",
                "r.ztf",
                "r.ztf",
                "r.ztf",
                "r.ztf",
                "r.ztf",
                "r.ztf",
                "r.ztf",
                "r.ztf",
                "r.ztf",
                "r.ztf",
                "r.ztf",
                "r.ztf",
                "r.ztf",
                "r.ztf",
                "r.ztf",
                "r.ztf",
                "r.ztf",
                "r.ztf",
                "r.ztf",
                "r.ztf",
                "r.ztf",
                "r.ztf",
                "r.ztf",
                "r.ztf",
                "r.ztf",
                "r.ztf",
                "r.ztf",
                "r.ztf",
                "r.ztf",
                "r.ztf",
                "r.ztf",
                "r.ztf",
                "r.ztf",
                "r.ztf",
                "r.ztf",
                "r.ztf",
                "r.ztf",
                "r.ztf",
                "r.ztf",
                "r.ztf",
                "r.ztf",
                "r.ztf",
                "r.ztf",
                "r.ztf",
                "r.ztf",
                "r.ztf",
                "r.ztf",
                "r.ztf",
                "r.ztf",
                "r.ztf",
                "r.ztf",
                "r.ztf",
                "r.ztf",
                "r.ztf",
                "r.ztf",
                "r.ztf",
                "r.ztf",
                "r.ztf",
                "r.ztf",
                "r.ztf",
                "r.ztf",
                "r.ztf",
                "r.ztf",
                "g.ztf",
                "g.ztf",
                "g.ztf",
                "r.ztf",
                "g.ztf",
                "r.ztf",
                "r.ztf",
                "r.ztf",
                "r.ztf",
                "r.ztf",
                "g.ztf",
                "r.ztf",
                "g.ztf",
                "g.ztf",
                "r.ztf",
                "g.ztf",
                "g.ztf",
                "r.ztf",
                "g.ztf",
                "r.ztf",
                "g.ztf",
                "r.ztf",
                "r.ztf",
                "g.ztf",
                "g.ztf",
                "r.ztf",
                "r.ztf",
                "g.ztf",
                "g.ztf",
                "r.ztf",
                "g.ztf",
                "g.ztf",
                "r.ztf",
                "g.ztf",
                "r.ztf",
                "g.ztf",
                "g.ztf",
                "g.ztf",
                "r.ztf",
                "g.ztf",
                "r.ztf",
                "g.ztf",
                "g.ztf",
                "r.ztf",
                "g.ztf",
                "g.ztf",
                "r.ztf",
                "g.ztf",
                "g.ztf",
                "g.ztf",
                "r.ztf",
                "g.ztf",
                "g.ztf",
                "r.ztf",
                "r.ztf",
                "g.ztf",
                "g.ztf",
                "g.ztf",
                "r.ztf",
                "r.ztf",
                "r.ztf",
                "r.ztf",
                "g.ztf",
                "g.ztf",
                "g.ztf",
                "g.ztf",
                "r.ztf",
                "g.ztf",
                "g.ztf",
                "r.ztf",
                "g.ztf",
                "r.ztf",
                "g.ztf",
                "g.ztf",
                "r.ztf",
                "g.ztf",
                "g.ztf",
                "r.ztf",
                "g.ztf",
                "g.ztf",
                "r.ztf",
                "g.ztf",
                "r.ztf",
                "g.ztf",
                "g.ztf",
                "r.ztf",
                "r.ztf",
                "r.ztf",
                "r.ztf",
                "g.ztf",
                "g.ztf",
                "g.ztf",
                "r.ztf",
                "r.ztf",
                "g.ztf",
                "g.ztf",
                "r.ztf",
                "g.ztf",
                "r.ztf",
                "g.ztf",
                "r.ztf",
                "g.ztf",
                "r.ztf",
                "g.ztf",
                "g.ztf",
                "g.ztf",
                "r.ztf",
                "r.ztf",
                "g.ztf",
                "r.ztf",
                "r.ztf",
                "g.ztf",
                "g.ztf",
                "r.ztf",
                "r.ztf",
                "g.ztf",
                "r.ztf",
                "g.ztf",
                "r.ztf",
                "g.ztf",
                "r.ztf",
                "g.ztf",
                "r.ztf",
                "g.ztf",
                "g.ztf",
                "g.ztf",
                "r.ztf",
                "r.ztf",
                "r.ztf",
                "g.ztf",
                "r.ztf",
                "r.ztf",
                "r.ztf",
                "g.ztf",
                "r.ztf",
                "g.ztf",
                "r.ztf",
                "g.ztf",
                "r.ztf",
                "g.ztf",
                "g.ztf",
                "g.ztf",
                "r.ztf",
                "g.ztf",
                "g.ztf",
                "r.ztf",
                "g.ztf",
                "g.ztf",
                "r.ztf",
                "g.ztf",
                "r.ztf",
                "r.ztf",
                "g.ztf",
                "r.ztf",
                "g.ztf",
                "r.ztf",
                "r.ztf",
                "g.ztf",
                "r.ztf",
                "g.ztf",
                "r.ztf",
                "r.ztf",
                "g.ztf",
                "r.ztf",
                "g.ztf",
                "r.ztf",
                "g.ztf",
                "r.ztf",
                "r.ztf",
                "r.ztf",
                "g.ztf",
                "r.ztf",
                "g.ztf",
                "g.ztf",
                "r.ztf",
                "r.ztf",
                "g.ztf",
                "r.ztf",
                "g.ztf",
                "g.ztf",
                "r.ztf",
                "g.ztf",
                "r.ztf",
                "g.ztf",
                "r.ztf",
                "g.ztf",
                "r.ztf",
                "g.ztf",
                "g.ztf",
                "g.ztf",
                "r.ztf",
                "r.ztf",
                "g.ztf",
                "g.ztf",
                "g.ztf",
                "UVW2.uvot",
                "UVW2.uvot",
                "UVW2.uvot",
                "UVW2.uvot",
                "UVW2.uvot",
                "UVW2.uvot",
                "UVW2.uvot",
                "UVW2.uvot",
                "UVW2.uvot",
                "UVW2.uvot",
                "UVW2.uvot",
                "UVW2.uvot",
                "UVW2.uvot",
                "UVW2.uvot",
                "UVW2.uvot",
                "UVW2.uvot",
                "UVW2.uvot",
                "UVW2.uvot",
                "UVM2.uvot",
                "UVM2.uvot",
                "UVM2.uvot",
                "UVM2.uvot",
                "UVM2.uvot",
                "UVM2.uvot",
                "UVM2.uvot",
                "UVM2.uvot",
                "UVM2.uvot",
                "UVM2.uvot",
                "UVM2.uvot",
                "UVM2.uvot",
                "UVM2.uvot",
                "UVM2.uvot",
                "UVM2.uvot",
                "UVM2.uvot",
                "UVW1.uvot",
                "UVW1.uvot",
                "UVW1.uvot",
                "UVW1.uvot",
                "UVW1.uvot",
                "UVW1.uvot",
                "UVW1.uvot",
                "UVW1.uvot",
                "UVW1.uvot",
                "UVW1.uvot",
                "UVW1.uvot",
                "UVW1.uvot",
                "UVW1.uvot",
                "UVW1.uvot",
                "UVW1.uvot",
                "UVW1.uvot",
                "UVW1.uvot",
                "UVW1.uvot",
                "UVW1.uvot",
                "U.uvot",
                "U.uvot",
                "U.uvot",
                "U.uvot",
                "U.uvot",
                "U.uvot",
                "U.uvot",
                "U.uvot",
                "U.uvot",
                "U.uvot",
                "U.uvot",
                "U.uvot",
                "U.uvot",
                "U.uvot",
                "B.uvot",
                "B.uvot",
                "B.uvot",
                "B.uvot",
                "B.uvot",
                "B.uvot",
                "B.uvot",
                "B.uvot",
                "B.uvot",
                "W1.wise",
                "W1.wise",
                "W1.wise",
                "W1.wise",
                "W1.wise",
                "W1.wise",
                "W1.wise",
                "W2.wise",
                "W2.wise",
                "W2.wise",
                "W2.wise",
                "W2.wise",
                "W2.wise",
                "W2.wise"
            ],
            "obs_type": "uvoir",
            "reference": [
                "2022TNSCR.584....1F",
                "2024MNRAS.527.2452M"
            ],
            "upperlimit": [
                true,
                true,
                true,
                true,
                true,
                true,
                true,
                true,
                true,
                true,
                true,
                true,
                true,
                true,
                true,
                true,
                true,
                true,
                true,
                true,
                true,
                true,
                true,
                true,
                true,
                true,
                true,
                true,
                true,
                true,
                true,
                true,
                true,
                true,
                true,
                true,
                true,
                true,
                true,
                true,
                true,
                true,
                true,
                true,
                true,
                true,
                true,
                true,
                true,
                true,
                true,
                true,
                true,
                true,
                true,
                true,
                true,
                true,
                true,
                true,
                true,
                true,
                true,
                true,
                true,
                true,
                true,
                true,
                true,
                true,
                true,
                true,
                true,
                true,
                true,
                true,
                true,
                true,
                true,
                true,
                true,
                true,
                true,
                true,
                true,
                true,
                true,
                true,
                true,
                true,
                true,
                true,
                true,
                true,
                true,
                true,
                true,
                true,
                true,
                true,
                true,
                true,
                true,
                true,
                true,
                true,
                true,
                true,
                true,
                true,
                true,
                true,
                true,
                true,
                true,
                true,
                true,
                true,
                true,
                true,
                true,
                true,
                true,
                true,
                true,
                true,
                true,
                true,
                true,
                true,
                true,
                true,
                true,
                true,
                true,
                true,
                true,
                true,
                true,
                true,
                true,
                true,
                true,
                true,
                true,
                true,
                true,
                true,
                true,
                true,
                true,
                true,
                true,
                true,
                true,
                true,
                true,
                true,
                true,
                true,
                true,
                true,
                true,
                true,
                true,
                true,
                true,
                true,
                true,
                true,
                true,
                true,
                true,
                true,
                true,
                true,
                true,
                true,
                true,
                true,
                true,
                true,
                true,
                true,
                true,
                true,
                true,
                true,
                true,
                true,
                false,
                false,
                false,
                false,
                false,
                false,
                false,
                true,
                true,
                false,
                false,
                true,
                false,
                true,
                false,
                true,
                true,
                true,
                true,
                true,
                true,
                false,
                true,
                true,
                false,
                true,
                true,
                true,
                true,
                true,
                true,
                true,
                true,
                true,
                true,
                true,
                true,
                true,
                true,
                true,
                true,
                true,
                true,
                true,
                true,
                true,
                true,
                true,
                true,
                true,
                true,
                true,
                true,
                true,
                true,
                true,
                true,
                true,
                true,
                true,
                true,
                true,
                true,
                true,
                true,
                true,
                true,
                true,
                true,
                true,
                true,
                true,
                true,
                true,
                true,
                true,
                true,
                true,
                true,
                true,
                true,
                true,
                true,
                true,
                true,
                true,
                true,
                true,
                true,
                true,
                true,
                true,
                true,
                true,
                true,
                true,
                true,
                true,
                true,
                true,
                true,
                true,
                true,
                true,
                true,
                true,
                true,
                true,
                true,
                true,
                true,
                true,
                true,
                true,
                true,
                true,
                true,
                true,
                true,
                true,
                true,
                true,
                true,
                true,
                true,
                true,
                true,
                true,
                true,
                true,
                true,
                true,
                true,
                true,
                true,
                true,
                true,
                true,
                true,
                true,
                true,
                true,
                true,
                true,
                true,
                true,
                true,
                true,
                true,
                true,
                true,
                true,
                false,
                false,
                false,
                false,
                false,
                false,
                false,
                false,
                false,
                false,
                false,
                false,
                false,
                false,
                false,
                false,
                true,
                false,
                false,
                false,
                false,
                false,
                false,
                false,
                true,
                false,
                false,
                false,
                false,
                true,
                false,
                false,
                true,
                true,
                false,
                false,
                false,
                false,
                false,
                false,
                false,
                false,
                true,
                false,
                false,
                false,
                false,
                false,
                true,
                true,
                false,
                false,
                false,
                false,
                false,
                false,
                false,
                false,
                true,
                true,
                true,
                true,
                true,
                true,
                true,
                true,
                true,
                true,
                true,
                true,
                true,
                true,
                true,
                true,
                true,
                true,
                true,
                true,
                true,
                true,
                true,
                true,
                true,
                true,
                true,
                true,
                true,
                true,
                true,
                true
            ],
            "corr_k": false,
            "corr_s": false,
            "corr_av": false,
            "corr_host": false,
            "corr_hostav": false,
            "val_av": 0.6400415815193785
        },
        {
            "reference": "2024ApJ...974..241A",
            "raw": [
                0.65
            ],
            "raw_err": [
                0
            ],
            "raw_units": "mJy",
            "date": [
                "59592.06998842592"
            ],
            "date_format": [
                "mjd"
            ],
            "upperlimit": [
                true
            ],
            "filter_key": [
                "1655.5MHz"
            ],
            "obs_type": "radio",
            "telescope": "RACS.high",
            "corr_k": false,
            "corr_s": false,
            "corr_host": false,
            "corr_av": false,
            "corr_hostav": false
        },
        {
            "reference": "2024ApJ...974..241A",
            "raw": [
                1.29,
                0.76
            ],
            "raw_err": [
                0.3,
                0.21
            ],
            "raw_units": "mJy",
            "date": [
                "58598.56998842592",
                "59680.76998842592"
            ],
            "date_format": [
                "mjd",
                "mjd"
            ],
            "upperlimit": [
                false,
                false
            ],
            "filter_key": [
                "887.5MHz",
                "887.5MHz"
            ],
            "obs_type": "radio",
            "telescope": "RACS.low",
            "corr_k": false,
            "corr_s": false,
            "corr_host": false,
            "corr_av": false,
            "corr_hostav": false
        },
        {
            "reference": "2024ApJ...974..241A",
            "raw": [
                0.56
            ],
            "raw_err": [
                0.16
            ],
            "raw_units": "mJy",
            "date": [
                "59275.869988425926"
            ],
            "date_format": [
                "mjd"
            ],
            "upperlimit": [
                false
            ],
            "filter_key": [
                "1367.5MHz"
            ],
            "obs_type": "radio",
            "telescope": "RACS.mid",
            "corr_k": false,
            "corr_s": false,
            "corr_host": false,
            "corr_av": false,
            "corr_hostav": false
        },
        {
            "reference": "2024ApJ...974..241A",
            "raw": [
                0.46,
                0.48
            ],
            "raw_err": [
                0,
                0
            ],
            "raw_units": "mJy",
            "date": [
                "58164.469988425924",
                "59156.76998842592"
            ],
            "date_format": [
                "mjd",
                "mjd"
            ],
            "upperlimit": [
                true,
                true
            ],
            "filter_key": [
                "3000.0MHz",
                "3000.0MHz"
            ],
            "obs_type": "radio",
            "telescope": "VLASS",
            "corr_k": false,
            "corr_s": false,
            "corr_host": false,
            "corr_av": false,
            "corr_hostav": false
        }
    ]
}