{
    "_key": "7535856",
    "_id": "transients/7535856",
    "_rev": "_kk4V_AS---",
    "reference_alias": [
        {
            "name": "Yao, Yuhan et al. (2023)",
            "human_readable_name": "2023ApJ...955L...6Y"
        },
        {
            "name": "2024MNRAS.527.2452M",
            "human_readable_name": "Mummery et al. (2023)"
        },
        {
            "name": "2021TNSTR1158....1M",
            "human_readable_name": "Munoz-Arancibia, A. et al. (2021)"
        },
        {
            "name": "2024ApJ...974..241A",
            "human_readable_name": "Anumarlapudi, Akash et al. (2024)"
        },
        {
            "name": "2021TNSCR1632....1Y",
            "human_readable_name": "Yao, Y. et al. (2021)"
        }
    ],
    "classification": {
        "discovery_method": "optical",
        "spec_classed": 3,
        "unambiguous": true,
        "value": [
            {
                "object_class": "TDE",
                "confidence": 3.3,
                "reference": [
                    "2021TNSCR1632....1Y",
                    "2023ApJ...955L...6Y",
                    "2024ApJ...974..241A",
                    "2024MNRAS.527.2452M"
                ],
                "default": true
            }
        ]
    },
    "coordinate": [
        {
            "ra": "219.877692561",
            "dec": "-27.8583862971",
            "ra_units": "deg",
            "dec_units": "deg",
            "coordinate_type": "equatorial",
            "default": false,
            "reference": [
                "2021TNSTR1158....1M"
            ]
        },
        {
            "ra": "219.877692561",
            "dec": "-27.8583862971",
            "ra_units": "deg",
            "dec_units": "deg",
            "coordinate_type": "equatorial",
            "default": false,
            "epoch": "J2000",
            "frame": "ICRS",
            "reference": [
                "2021TNSTR1158....1M"
            ]
        },
        {
            "ra": "219.877775",
            "dec": "-27.8585158",
            "ra_units": "deg",
            "dec_units": "deg",
            "coordinate_type": "equatorial",
            "default": true,
            "reference": [
                "2023ApJ...955L...6Y",
                "2024MNRAS.527.2452M"
            ]
        }
    ],
    "distance": [
        {
            "value": "0.153",
            "distance_type": "redshift",
            "reference": [
                "2021TNSCR1632....1Y",
                "2023ApJ...955L...6Y",
                "2024MNRAS.527.2452M"
            ],
            "default": true
        }
    ],
    "name": {
        "alias": [
            {
                "value": "ATLAS21mwd",
                "reference": [
                    "TNS"
                ]
            },
            {
                "value": "PS21fhy",
                "reference": [
                    "TNS"
                ]
            },
            {
                "value": "ZTF21aauuybx",
                "reference": [
                    "TNS"
                ]
            },
            {
                "value": "2021jjm",
                "reference": [
                    "TNS"
                ]
            },
            {
                "value": "AT2021jjm",
                "reference": [
                    "2023ApJ...955L...6Y",
                    "2024MNRAS.527.2452M",
                    "2021TNSTR1158....1M"
                ]
            }
        ],
        "default_name": "2021jjm"
    },
    "date_reference": [
        {
            "value": "59312.41996530093",
            "date_format": "mjd",
            "date_type": "discovery",
            "reference": [
                "2021TNSTR1158....1M"
            ],
            "default": true
        },
        {
            "value": "59321.95833333336",
            "date_format": "mjd",
            "date_type": "peak",
            "reference": [
                "2023ApJ...955L...6Y",
                "2024MNRAS.527.2452M"
            ],
            "default": true
        }
    ],
    "filter_alias": [
        {
            "filter_key": "B.uvot",
            "filter_name": "B.uvot",
            "freq_eff": 695280559412463.5,
            "freq_units": "Hz"
        },
        {
            "filter_key": "U.uvot",
            "filter_name": "U.uvot",
            "freq_eff": 872815357550259.6,
            "freq_units": "Hz"
        },
        {
            "filter_key": "UVM2.uvot",
            "filter_name": "UVM2.uvot",
            "freq_eff": 1346484181597652,
            "freq_units": "Hz"
        },
        {
            "filter_key": "UVW1.uvot",
            "filter_name": "UVW1.uvot",
            "freq_eff": 1198891057872408,
            "freq_units": "Hz"
        },
        {
            "filter_key": "UVW2.uvot",
            "filter_name": "UVW2.uvot",
            "freq_eff": 1492659946412262.2,
            "freq_units": "Hz"
        },
        {
            "filter_key": "g.ztf",
            "filter_name": "g.ztf",
            "freq_eff": 634121907623677.4,
            "freq_units": "Hz"
        },
        {
            "filter_key": "r.ztf",
            "filter_name": "r.ztf",
            "freq_eff": 471994480402802.25,
            "freq_units": "Hz"
        },
        {
            "filter_key": "887.5MHz",
            "filter_name": "UHF",
            "freq_eff": 887.5,
            "freq_units": "MHz"
        }
    ],
    "photometry": [
        {
            "raw": [
                -3.447652319928388e-06,
                0,
                -1.1804463369145113e-07,
                4.141453343814547e-06,
                -2.6941561258982708e-06,
                -9.556553115444258e-07,
                2.4143601364927774e-06,
                4.2355471749833914e-06,
                1.2667080590129717e-06,
                0,
                3.775312226231092e-06,
                5.6014896061151506e-08,
                -9.85652448236353e-06,
                4.711492065746586e-06,
                -9.39792036715204e-06,
                -1.0510816042293316e-06,
                -8.216162548137657e-06,
                -1.0545917316529961e-07,
                2.685691076153042e-07,
                -8.978265527103679e-07,
                -4.710263856514208e-06,
                8.325298904336438e-06,
                6.013765015324992e-06,
                7.182075239738165e-06,
                -2.6993872497482144e-06,
                4.8695322436682055e-06,
                1.2868098953533007e-06,
                1.5195015368566246e-06,
                -1.1259001260832154e-06,
                -2.2333517022516557e-07,
                2.3721824054693676e-06,
                -5.160010432556598e-06,
                1.0404085757097182e-06,
                1.117707622970208e-06,
                5.807053120303281e-06,
                3.776763656474208e-06,
                2.440920527396302e-06,
                6.7283298548428364e-06,
                4.730967443140061e-06,
                -4.2289714984059645e-06,
                -1.358085889984357e-06,
                -5.091449923442101e-06,
                9.664985656343568e-06,
                -2.6033753186269352e-06,
                -5.326505933782642e-06,
                -1.7846920153468814e-06,
                -1.3553409410722175e-06,
                2.3161089298955237e-06,
                2.59384449964399e-06,
                -2.5780133805069115e-06,
                -4.143119512601858e-06,
                7.791767701054193e-06,
                8.081460037605341e-07,
                -5.0271647903096755e-06,
                -2.0214761910580804e-06,
                8.777224822152518e-07,
                -9.253313535450335e-08,
                -2.8385332939276446e-06,
                3.109768253570339e-06,
                2.081815572860146e-06,
                1.9279432116055256e-06,
                3.0628567834998904e-06,
                1.031690021555359e-06,
                2.260608636224206e-07,
                1.0378955968670614e-06,
                5.805477624867284e-06,
                1.3019132389112018e-06,
                6.1253757412737405e-06,
                -8.361788154209202e-07,
                2.635709431554168e-06,
                8.390111906659746e-06,
                4.863399937324356e-06,
                7.961299593908701e-06,
                8.431637855144764e-06,
                8.035909483574803e-06,
                -4.270685290083378e-07,
                1.3303358147722377e-06,
                6.110877341134005e-06,
                -2.1760499945914152e-06,
                -9.494270707409666e-07,
                -2.970017458619989e-06,
                -1.5495122018552875e-07,
                2.2148243548893037e-06,
                4.2048409785262295e-06,
                3.874604144451586e-06,
                3.459899880156687e-07,
                1.1236468960404003e-06,
                9.831167856868846e-06,
                -6.851137140867551e-07,
                5.338204133733759e-06,
                5.544683584624016e-06,
                -3.4611383522321493e-06,
                6.257749679730909e-06,
                1.864396603166837e-06,
                -2.5731958999373015e-06,
                2.3319464583549723e-06,
                -3.239358003756333e-06,
                -1.7053195767712596e-06,
                -2.946589665473311e-07,
                4.890988918461344e-06,
                -4.599307569875346e-07,
                -1.1690530249809177e-06,
                1.4943222612407357e-06,
                8.087767445691909e-07,
                -5.054622413480076e-07,
                -9.99739209490128e-06,
                -4.133317703856757e-06,
                -1.5665610223776835e-06,
                5.324165649530695e-06,
                4.682267032275084e-06,
                7.852600499819331e-06,
                -4.272232088774423e-06,
                -1.6434098761578239e-06,
                5.996846203301052e-06,
                2.0865439336713345e-06,
                1.8781536273557808e-06,
                6.641482918550157e-08,
                2.7252304123963377e-06,
                -5.210266319792568e-06,
                7.478208813898056e-06,
                9.549890056461508e-07,
                1.1814694848578386e-06,
                -2.8693152417727443e-06,
                5.200633253044994e-06,
                3.908842056573877e-06,
                -1.0370155685080466e-05,
                5.342716850073653e-06,
                7.064708719273587e-06,
                3.8844334738561345e-06,
                1.3124474685399803e-05,
                2.048413371186857e-05,
                2.6754337128436727e-05,
                3.2581045676332656e-05,
                2.8193715534659124e-05,
                3.990427497388196e-05,
                8.340131634667902e-05,
                8.433118086586199e-05,
                8.449745679800806e-05,
                7.42191632278147e-05,
                6.428880853211293e-05,
                5.266684924492957e-05,
                7.43967943314403e-05,
                7.003674210080379e-05,
                6.769632086334248e-05,
                5.65177949011255e-05,
                6.660154553531372e-05,
                4.5242387550614964e-05,
                5.709510747032166e-05,
                4.878526744008766e-05,
                7.1466574998503014e-06,
                4.243571703520613e-05,
                4.0072960684112826e-05,
                3.249337099041104e-05,
                3.9655904048931676e-05,
                4.131315450725975e-05,
                3.293992712970022e-05,
                2.895973009461045e-05,
                3.6889871652788676e-05,
                2.1511252785261303e-06,
                1.892522838938315e-05,
                1.1309942563366622e-05,
                1.9112639825103458e-05,
                1.5106736102629674e-05,
                1.240682877832333e-05,
                -8.428770970799867e-07,
                5.261131622895698e-07,
                -7.055431249193443e-06,
                -5.9438177575587975e-06,
                -3.5303569924273048e-06,
                7.026971799725518e-06,
                1.8701134465973034e-07,
                1.0284130641223204e-06,
                -4.669291145042877e-07,
                -1.3093264665394842e-06,
                -5.07423417763454e-06,
                -2.8321678033286843e-06,
                6.44506660164213e-06,
                -3.823263476327212e-06,
                1.3039818973644787e-06,
                -3.846767316519485e-06,
                6.900362661331658e-06,
                1.719483940094717e-06,
                3.258911195669949e-07,
                -3.926744613521032e-06,
                1.5560234205882816e-06,
                -2.264063335268248e-06,
                2.444471172421587e-06,
                4.1630142693849e-06,
                -1.1878273744563456e-05,
                -2.3621253895582234e-06,
                -9.420958393707467e-07,
                -3.013233908068371e-06,
                1.33366835106803e-06,
                1.1010170586300546e-06,
                2.16159605225356e-06,
                -3.57892855662938e-06,
                -4.2833306811550095e-06,
                -4.9336190756136495e-06,
                -2.018498381494642e-06,
                -8.017614720950998e-06,
                -7.314705075679694e-06,
                -4.628520475165005e-06,
                -2.031474213712177e-06,
                6.043087347601085e-06,
                -1.0130794648440183e-06,
                2.509614011326028e-06,
                2.7007835223637293e-06,
                -9.559306303249343e-06,
                -9.57533023103056e-06,
                -8.056703713776637e-06,
                2.7138742822981887e-06,
                1.3590769155699503e-06,
                5.609136739925579e-06,
                9.814268598121351e-07,
                -3.512113668309624e-06,
                2.3823825360619642e-07,
                -2.2757514225132016e-06,
                1.1830096011277513e-07,
                2.257404961467536e-06,
                -4.081702124013375e-08,
                2.6063077596679696e-06,
                -3.910707480979577e-06,
                6.510434817845126e-07,
                -1.2842165454100441e-05,
                -2.405558294700584e-06,
                2.51143850451814e-06,
                -5.532284127997082e-06,
                -5.425585035748024e-07,
                8.086550771968502e-07,
                4.000559370095167e-06,
                2.2072984433708087e-07,
                -2.796030089293898e-06,
                1.3786702611361761e-05,
                -1.9343419017221336e-05,
                -6.512165900004012e-07,
                1.6730308266176714e-06,
                -1.6791754905944325e-06,
                6.599722920709174e-07,
                8.827765312022833e-06,
                6.323079704514564e-06,
                -2.264240635687843e-06,
                -4.670970847167412e-06,
                9.401067484776939e-07,
                6.471043737942559e-06,
                -1.690325809375688e-06,
                2.490761641539417e-06,
                -1.0250201152287888e-05,
                1.9202171969712173e-05,
                -1.595750198633253e-05,
                1.0046192492917937e-07,
                -2.2663003016081705e-07,
                -4.672513561470826e-06,
                2.226441041320882e-06,
                1.6918193332961863e-05,
                -1.0740762711230389e-07,
                -1.2464261906839899e-06,
                9.099910515366475e-07,
                -2.6136306822492195e-06,
                -3.432859838889331e-06,
                1.6441365397755401e-06,
                -1.2379083773357823e-05,
                4.429580691308023e-06,
                -1.589698417874974e-07,
                -4.698493018633856e-06,
                -7.697196112623061e-06,
                9.742515647441613e-06,
                -2.4231926705484084e-05,
                4.752330556562291e-06,
                -5.920541626334943e-06,
                -1.5201651588521409e-06,
                5.8421186847806535e-06,
                3.0802715511261264e-06,
                9.358382441778982e-07,
                -3.6125990718464134e-06,
                -7.3017444084059906e-06,
                4.5572441253108375e-07,
                2.7911980634907462e-06,
                -1.6625053783857058e-06,
                1.412251414667841e-05,
                -1.961844298566705e-06,
                2.150671767350086e-06,
                3.85759276274366e-06,
                -9.55184425108196e-06,
                -4.877766191959771e-06,
                -5.992981859247247e-06,
                5.540333711171558e-06,
                8.909609265627894e-06,
                -7.430772819936796e-06,
                -1.7209430262509456e-05,
                -1.0483551011787636e-05,
                1.9160213087425537e-06,
                2.2333510659898727e-06,
                -3.460226709564014e-06,
                -1.514360817350924e-06,
                -5.210292227315503e-06,
                -9.906316983412597e-07,
                4.952104193624621e-06,
                1.7665509818933555e-07,
                -1.4548438319430815e-05,
                4.122185676292893e-06,
                -1.0341032002740022e-05,
                2.4487539094157256e-06,
                6.194103506117044e-06,
                -7.2070271562011555e-06,
                7.532553013467142e-06,
                -1.1713385972120253e-05,
                2.0468e-05,
                1.842e-05,
                1.5766e-05,
                1.033e-05,
                1.749e-06,
                2.6463e-06,
                2.1885e-05,
                2.7912e-05,
                1.751e-05,
                8.7065e-06,
                3.5389e-06,
                2.0625e-06,
                3.8152e-05,
                1.5932e-05,
                2.0799e-05,
                1.278e-05,
                3.2295e-06,
                5.1595e-05,
                3.3557e-05,
                3.5022e-05,
                1.553e-05,
                1.2324e-05,
                2.4576e-06,
                7.3947e-05,
                7.5675e-05,
                5.5508e-05,
                3.1126e-05,
                4.6937e-05
            ],
            "raw_err": [
                2.6355216160766917e-06,
                6.189528455189109e-06,
                2.8031137499822144e-06,
                3.0910481665183725e-06,
                2.803758065198535e-06,
                3.3661233637188053e-06,
                4.045026772917652e-06,
                5.088807630129625e-06,
                7.978089758959047e-06,
                3.2112826996503753e-06,
                4.2024340926395685e-06,
                5.779954022318368e-06,
                4.286575265492572e-06,
                4.853587364306709e-06,
                3.946457494608718e-06,
                7.47083852363844e-06,
                5.7442203272374756e-06,
                2.9730177642828923e-06,
                3.894290769792048e-06,
                3.5606682547872514e-06,
                4.071751270206068e-06,
                6.107505313769132e-06,
                8.70639688083559e-06,
                4.543672858977581e-06,
                3.17927568819391e-06,
                2.882915587762616e-06,
                2.002554618818063e-06,
                3.180846930535392e-06,
                2.426245284170614e-06,
                3.1939305014862706e-06,
                4.0190158274114334e-06,
                6.578527844829479e-06,
                2.167074242737059e-06,
                3.2628846210475306e-06,
                4.475987320286512e-06,
                4.631379168121558e-06,
                8.84535804642185e-06,
                1.0013573451278713e-05,
                6.636459520615803e-06,
                6.218422157273392e-06,
                6.805432851255332e-06,
                5.083699380464759e-06,
                5.296719672848622e-06,
                4.894133338895357e-06,
                4.916350145429431e-06,
                4.4239518768485185e-06,
                4.849219457227759e-06,
                5.33897320707641e-06,
                4.9346965994695735e-06,
                5.863716399312767e-06,
                4.533124967928247e-06,
                4.795823335584085e-06,
                4.416134216967587e-06,
                4.487628861305816e-06,
                4.566624716290705e-06,
                4.4544674064083055e-06,
                4.302354931725854e-06,
                4.571708997002216e-06,
                4.421252594104553e-06,
                4.456115628421512e-06,
                4.3286751522332045e-06,
                4.6019681631921985e-06,
                4.429599036626253e-06,
                4.571903955562172e-06,
                4.42724055934586e-06,
                4.4166326802645785e-06,
                4.365363800312607e-06,
                4.174155797672364e-06,
                4.976961125551794e-06,
                4.137455150598311e-06,
                4.29393684277992e-06,
                4.107569501751491e-06,
                4.198208746031696e-06,
                3.809337401991596e-06,
                4.1038798353022565e-06,
                3.9686223190694e-06,
                4.049884858585306e-06,
                4.030444358755197e-06,
                4.187211930865635e-06,
                3.612641548507891e-06,
                3.6914531132783475e-06,
                3.78326796096671e-06,
                3.837602773488074e-06,
                3.610201333498949e-06,
                3.888859367467366e-06,
                3.512254964205021e-06,
                3.391605077556302e-06,
                3.5044378745405606e-06,
                3.4508604322179415e-06,
                3.7458146467175192e-06,
                3.904351254295849e-06,
                3.7791068180748204e-06,
                3.4747325079894766e-06,
                3.6391915679940464e-06,
                3.909009916882784e-06,
                3.6824727845831083e-06,
                3.8921930588160025e-06,
                3.6627527222754057e-06,
                3.847230733127434e-06,
                3.4014669221723314e-06,
                3.7661985226371987e-06,
                3.724334091169223e-06,
                3.71904333688324e-06,
                3.893927795546613e-06,
                3.7434636929132733e-06,
                4.189751999384894e-06,
                3.90506272004071e-06,
                3.862542139930647e-06,
                4.082099132058534e-06,
                3.4076778186641964e-06,
                3.671934626996747e-06,
                4.000797142257265e-06,
                3.6566679158329818e-06,
                3.696407929169454e-06,
                3.935730835483667e-06,
                3.7281858776964183e-06,
                3.939976519394548e-06,
                4.016442399656542e-06,
                3.6794522605438673e-06,
                3.815069133585799e-06,
                4.080060974556372e-06,
                4.050431870945951e-06,
                4.640391420336067e-06,
                4.28822928614641e-06,
                5.677109566733097e-06,
                5.581243034491656e-06,
                6.860939411621218e-06,
                2.97493165598091e-06,
                5.124577891457118e-06,
                4.6862608487826066e-06,
                4.608183974312467e-06,
                3.596206011266442e-06,
                3.0210809530397856e-06,
                3.847202941642688e-06,
                2.2610595240396568e-06,
                3.977464188816943e-06,
                4.236630806001466e-06,
                7.823132147969069e-06,
                6.282064332986256e-06,
                6.19886954135956e-06,
                6.142965869487533e-06,
                4.034453917777367e-06,
                3.3805646748388975e-06,
                3.1342724645079905e-06,
                4.631333589909889e-06,
                4.3425450385677954e-06,
                2.7851589562057034e-06,
                4.874707716455996e-06,
                7.333300957135082e-06,
                6.322348557481578e-06,
                6.812094257317399e-06,
                3.872980453617445e-06,
                3.0573138399439698e-06,
                3.7185491866054214e-06,
                4.216307172596019e-06,
                3.2591449135153946e-06,
                3.074147166689392e-06,
                3.428738559674847e-06,
                9.484037260340722e-06,
                4.2633880072714266e-06,
                3.9753241392573086e-06,
                4.3039969979959886e-06,
                4.968055883486989e-06,
                5.793180963796168e-06,
                4.3670759828898255e-06,
                5.102338263321238e-06,
                8.564914858018997e-06,
                8.044182632181238e-06,
                2.6197428317490098e-06,
                5.529377657679492e-06,
                4.507467661632579e-06,
                4.082090862502047e-06,
                4.004723837938889e-06,
                5.734226195423727e-06,
                8.576809492697897e-06,
                9.982268906842684e-06,
                6.391693842918895e-06,
                5.7521803517464335e-06,
                5.019761932340517e-06,
                4.668408046438853e-06,
                3.4975781289985566e-06,
                2.7640252724359013e-06,
                3.5581903050893962e-06,
                4.901142832713686e-06,
                4.7255432379266286e-06,
                6.661564382689921e-06,
                7.473671561122146e-06,
                8.25466548572681e-06,
                9.650841080901333e-06,
                3.322935100110508e-06,
                3.4263435174546935e-06,
                5.358720412522872e-06,
                2.8895288351311047e-06,
                3.1492910064071207e-06,
                3.0259628460086664e-06,
                4.331762961401066e-06,
                2.9063666140263246e-06,
                4.418350902744529e-06,
                3.369050859909461e-06,
                3.588467590156976e-06,
                4.873096509444915e-06,
                4.5302201628010496e-06,
                9.813252034648034e-06,
                6.607649898636452e-06,
                3.896684469723901e-06,
                3.2276345824613336e-06,
                3.335057791538797e-06,
                4.004616991991627e-06,
                5.064349357052093e-06,
                4.3501360687163206e-06,
                3.2012005456157338e-06,
                3.633586184298996e-06,
                3.1741257971703486e-06,
                4.810596338529922e-06,
                3.913687539967102e-06,
                4.268185396654568e-06,
                3.0501047310251786e-06,
                4.241535787017407e-06,
                3.958581580949634e-06,
                5.496031256971792e-06,
                3.5399422649000443e-06,
                2.4870829211901145e-06,
                2.8096201600934155e-06,
                5.669375143540799e-06,
                2.8088288840900937e-06,
                3.5220411135687473e-06,
                2.8646415154684846e-06,
                3.848866665765502e-06,
                5.383403222318203e-06,
                3.446846438608245e-06,
                4.292242410431354e-06,
                3.7210178729677534e-06,
                6.399576946881345e-06,
                9.921552683115184e-06,
                4.290767621880153e-06,
                3.278718999646042e-06,
                2.8060354177332586e-06,
                3.4343267311635692e-06,
                5.892379944914929e-06,
                3.4668749931001405e-06,
                3.0820730062855045e-06,
                2.490913641605087e-06,
                3.067738284744786e-06,
                2.7092315307710038e-06,
                5.921449961564503e-06,
                4.834834186267324e-06,
                5.4415749962997625e-06,
                8.469261215359047e-06,
                1.1655883305346336e-05,
                4.215661744194795e-06,
                3.694871905377862e-06,
                3.264757472797279e-06,
                3.7716219888823955e-06,
                4.868257897631353e-06,
                3.5794621743344577e-06,
                3.5527069076833557e-06,
                3.667307242508768e-06,
                6.4576685530273174e-06,
                3.458518174069376e-06,
                5.162778352520854e-06,
                9.51485050555041e-06,
                5.1573342327149376e-06,
                4.315162713829761e-06,
                3.654360337411477e-06,
                3.269994829098674e-06,
                8.689839783152392e-06,
                6.514712124335672e-06,
                3.901728961819782e-06,
                6.857128409569375e-06,
                4.018956116302135e-06,
                4.315493122432718e-06,
                2.506554137248561e-06,
                3.413078584780496e-06,
                5.171269439233177e-06,
                4.421750528915924e-06,
                8.21101438644965e-06,
                6.970568466963288e-06,
                3.2770431792182433e-06,
                5.795419047717391e-06,
                3.7139785832279233e-06,
                3.0913845026857457e-06,
                3.721805974676251e-06,
                4.960228108939366e-06,
                7.040732494099531e-06,
                3.1508250737196415e-06,
                2.8850935247450675e-06,
                5.6446748547838265e-06,
                5.431673208577861e-06,
                7.7273533840289e-06,
                9.79236162193119e-06,
                3.0745547668433223e-06,
                5.424795093046328e-06,
                3.3076500930794612e-06,
                3.940254975273547e-06,
                4.298532931361986e-06,
                3.397915365134867e-06,
                3.839283275384912e-06,
                3.1892500515965186e-06,
                6.2587734057820995e-06,
                5.217158575254595e-06,
                5.707436906150166e-06,
                2.9779676720173914e-06,
                3.829425327681995e-06,
                3.5408446075376806e-06,
                5.291604688299187e-06,
                8.037729310829269e-06,
                2.6714e-06,
                5.6393e-06,
                2.8347e-06,
                2.3912e-06,
                2.3066e-06,
                3.4738e-06,
                3.5554e-06,
                8.1496e-06,
                3.9805e-06,
                3.3813e-06,
                3.2924e-06,
                4.4013e-06,
                5.0346e-06,
                8.9712e-06,
                4.7758e-06,
                4.6159e-06,
                7.152e-06,
                7.9066e-06,
                1.6085e-05,
                8.4478e-06,
                8.3157e-06,
                7.8521e-06,
                1.3844e-05,
                1.4753e-05,
                3.381e-05,
                1.673e-05,
                1.5584e-05,
                1.7496e-05
            ],
            "raw_units": "Jy",
            "date": [
                "58608.29281250015",
                "58617.313194400165",
                "58634.23039350007",
                "58634.27203699993",
                "58640.18856480019",
                "58640.25116899982",
                "58643.188807900064",
                "58643.251076399814",
                "58653.25201389985",
                "58662.189294000156",
                "58662.23197920015",
                "58670.171759299934",
                "58670.18966440018",
                "58673.17298609996",
                "58673.18958330015",
                "58895.500949100126",
                "58941.37732640002",
                "58964.33763890015",
                "58964.400289400015",
                "58970.293032399844",
                "58970.35738429986",
                "58979.27135419985",
                "58979.309178200085",
                "58993.29280090006",
                "58997.251527800225",
                "59018.19841440022",
                "59021.21149310004",
                "59021.2315508998",
                "59024.19265050022",
                "59024.21086810017",
                "59027.209919000044",
                "59037.18490740005",
                "59255.5275347",
                "59267.52462959988",
                "59269.48064809991",
                "59269.50415509986",
                "59275.45980319986",
                "59275.50298610004",
                "59278.477638899814",
                "59278.50414349977",
                "59282.46214119997",
                "59282.46261569997",
                "59282.463078700006",
                "59282.46355320001",
                "59282.46401620004",
                "59282.46449070005",
                "59282.46496530017",
                "59282.465428200085",
                "59282.465902800206",
                "59282.46636570012",
                "59282.46684029978",
                "59282.46730320016",
                "59282.467777799815",
                "59282.4682407002",
                "59282.46871529985",
                "59282.46917819977",
                "59282.46965279989",
                "59282.470127299894",
                "59282.47059029993",
                "59282.47106479993",
                "59282.471527799964",
                "59282.47200229997",
                "59282.47247690009",
                "59282.472939800005",
                "59282.47341440013",
                "59282.47387730004",
                "59282.474351900164",
                "59282.47481480008",
                "59282.4752894002",
                "59282.47575230012",
                "59282.47622689977",
                "59282.476689800154",
                "59282.47716439981",
                "59282.477638899814",
                "59282.47810189985",
                "59282.47857639985",
                "59282.479039399885",
                "59282.47951389989",
                "59282.47997689992",
                "59282.480451399926",
                "59282.48092589993",
                "59282.48138889996",
                "59282.48186339997",
                "59282.4823264",
                "59282.482800900005",
                "59282.48326390004",
                "59282.48373840004",
                "59282.484201400075",
                "59282.48467590008",
                "59282.48513890011",
                "59282.48561340012",
                "59282.48607640015",
                "59282.486550900154",
                "59282.48701390019",
                "59282.48748840019",
                "59282.487951400224",
                "59282.48842590023",
                "59282.488900499884",
                "59282.4893633998",
                "59282.48983799992",
                "59282.49030089984",
                "59282.49076389987",
                "59282.491238399874",
                "59282.491712999996",
                "59282.49217589991",
                "59282.49265050003",
                "59282.49311339995",
                "59282.49357639998",
                "59282.494050899986",
                "59282.49452550011",
                "59282.49498840002",
                "59282.495463000145",
                "59282.49592590006",
                "59282.49640050018",
                "59282.4968634001",
                "59282.49733800022",
                "59282.49781250022",
                "59282.49827549979",
                "59282.49873840017",
                "59282.49921299983",
                "59282.49968749983",
                "59282.500150499865",
                "59282.501099499874",
                "59292.46107639978",
                "59297.4401273001",
                "59306.41900460003",
                "59306.45910880016",
                "59308.37583329994",
                "59308.41856480017",
                "59310.39813659992",
                "59312.37753470009",
                "59312.41996529978",
                "59314.37739579985",
                "59314.44318290008",
                "59316.35532409977",
                "59322.33398150001",
                "59324.35761569999",
                "59328.39758099988",
                "59334.33442129986",
                "59336.37584490003",
                "59336.39753470011",
                "59339.31392360013",
                "59341.27414349979",
                "59343.272708300035",
                "59343.313819400035",
                "59346.37712959992",
                "59348.33600689983",
                "59353.29392360011",
                "59356.272962999996",
                "59363.29658559989",
                "59363.314074099995",
                "59368.293750000186",
                "59370.21206020005",
                "59370.252430600114",
                "59373.23403939977",
                "59377.22995370021",
                "59379.18906249991",
                "59379.230405100156",
                "59391.251875000075",
                "59393.21001160005",
                "59397.188518499956",
                "59397.2311689998",
                "59400.188518499956",
                "59402.23062499985",
                "59621.50212959992",
                "59623.5014698999",
                "59625.503067099955",
                "59629.496111100074",
                "59641.461087999865",
                "59641.48140050005",
                "59673.376226900145",
                "59673.398206000216",
                "59675.398321799934",
                "59677.37633100012",
                "59682.35538189998",
                "59684.376921299845",
                "59693.31392360013",
                "59693.41840279987",
                "59698.36290509999",
                "59700.292986100074",
                "59700.3355208002",
                "59702.29684029985",
                "59702.33527779998",
                "59707.27224540012",
                "59707.31399310008",
                "59709.31406249991",
                "59710.29040510021",
                "59712.29047450004",
                "59717.266655100044",
                "59721.29914350016",
                "59723.251898100134",
                "59723.29386569979",
                "59725.27199070016",
                "59730.27210649988",
                "59730.29408559995",
                "59732.208865699824",
                "59732.251898100134",
                "59734.2103587999",
                "59734.293587999884",
                "59736.25121530006",
                "59738.20974540012",
                "59738.2702314998",
                "59740.209838000126",
                "59740.2511574002",
                "59748.23082179995",
                "59750.18893520022",
                "59750.231608800124",
                "59752.22105319984",
                "59754.18910880014",
                "59754.231076399796",
                "59756.188472200185",
                "59758.210462999996",
                "59760.21015049983",
                "59762.231527800206",
                "59765.18870369997",
                "59765.23091439996",
                "59996.52297449997",
                "60029.484490700066",
                "60032.37616899982",
                "60044.378067099955",
                "60046.35571759986",
                "60051.33875000011",
                "60051.378067099955",
                "60053.41865740018",
                "60055.33003470022",
                "60055.356307900045",
                "60057.35650460003",
                "60059.335185199976",
                "60059.4214583002",
                "60061.31434029993",
                "60063.37767359987",
                "60063.42043979978",
                "60065.315069399774",
                "60072.3564352002",
                "60075.35672450019",
                "60078.29478010023",
                "60078.314652800094",
                "60080.271539399866",
                "60082.32399309985",
                "60084.27694439981",
                "60084.31459489977",
                "60086.27434029989",
                "60086.31501160003",
                "60088.256840299815",
                "60090.328796300106",
                "60093.29450230021",
                "60093.3214004999",
                "60101.27322919993",
                "60101.32788190013",
                "60103.22935190005",
                "60103.250717599876",
                "60110.25799770001",
                "60112.21233800007",
                "60112.25173609983",
                "60114.23037040001",
                "60114.25184029993",
                "60116.20993060013",
                "60118.220324099995",
                "60120.1883911998",
                "60120.261088000145",
                "60122.264872699976",
                "60351.50070599979",
                "60351.52311340021",
                "60353.52245370019",
                "60355.50210649986",
                "60368.46200230019",
                "60390.484375",
                "60403.423240699805",
                "60403.48298610002",
                "60407.3911342998",
                "60407.44270829996",
                "60413.33543979982",
                "60413.39762730012",
                "60417.35650460003",
                "60417.398032399826",
                "60422.37710649986",
                "60428.3813426001",
                "60430.355509299785",
                "60430.379120400175",
                "60432.33569440013",
                "60434.33534719981",
                "60434.39605320012",
                "60440.313877299894",
                "60440.35613430012",
                "60444.28013890004",
                "60444.32697919989",
                "60446.30923609994",
                "60446.33537039999",
                "60448.25175930001",
                "60455.23038189998",
                "60457.230474499986",
                "60457.31350689987",
                "60459.27312499983",
                "60459.33557870006",
                "60461.27290510014",
                "60463.251574099995",
                "60469.2729282002",
                "60472.22952549998",
                "60474.16856480017",
                "60476.231631900184",
                "60476.272754599806",
                "60486.18938660016",
                "60489.18834490003",
                "60491.188576399814",
                "60491.25444439985",
                "60716.501296299975",
                "59355.742587",
                "59362.290091",
                "59372.681523",
                "59394.138017",
                "60485.22245",
                "60573.39522",
                "59355.745456",
                "59362.29232",
                "59372.685449",
                "59394.142463",
                "60485.225798",
                "60573.398008",
                "59355.739535",
                "59362.287616",
                "59372.677652",
                "59394.132814",
                "60573.391672",
                "59355.740508",
                "59362.288357",
                "59372.679084",
                "59394.134349",
                "60485.220161",
                "60573.392563",
                "59355.741148",
                "59362.288874",
                "59372.679944",
                "59394.135403",
                "60485.220945"
            ],
            "date_format": "mjd",
            "filter_key": [
                "g.ztf",
                "r.ztf",
                "g.ztf",
                "r.ztf",
                "g.ztf",
                "r.ztf",
                "g.ztf",
                "r.ztf",
                "g.ztf",
                "g.ztf",
                "r.ztf",
                "r.ztf",
                "g.ztf",
                "g.ztf",
                "r.ztf",
                "r.ztf",
                "r.ztf",
                "g.ztf",
                "r.ztf",
                "g.ztf",
                "r.ztf",
                "g.ztf",
                "r.ztf",
                "r.ztf",
                "r.ztf",
                "g.ztf",
                "g.ztf",
                "r.ztf",
                "g.ztf",
                "r.ztf",
                "g.ztf",
                "r.ztf",
                "g.ztf",
                "g.ztf",
                "g.ztf",
                "r.ztf",
                "g.ztf",
                "r.ztf",
                "r.ztf",
                "g.ztf",
                "r.ztf",
                "r.ztf",
                "r.ztf",
                "r.ztf",
                "r.ztf",
                "r.ztf",
                "r.ztf",
                "r.ztf",
                "r.ztf",
                "r.ztf",
                "r.ztf",
                "r.ztf",
                "r.ztf",
                "r.ztf",
                "r.ztf",
                "r.ztf",
                "r.ztf",
                "r.ztf",
                "r.ztf",
                "r.ztf",
                "r.ztf",
                "r.ztf",
                "r.ztf",
                "r.ztf",
                "r.ztf",
                "r.ztf",
                "r.ztf",
                "r.ztf",
                "r.ztf",
                "r.ztf",
                "r.ztf",
                "r.ztf",
                "r.ztf",
                "r.ztf",
                "r.ztf",
                "r.ztf",
                "r.ztf",
                "r.ztf",
                "r.ztf",
                "r.ztf",
                "r.ztf",
                "r.ztf",
                "r.ztf",
                "r.ztf",
                "r.ztf",
                "r.ztf",
                "r.ztf",
                "r.ztf",
                "r.ztf",
                "r.ztf",
                "r.ztf",
                "r.ztf",
                "r.ztf",
                "r.ztf",
                "r.ztf",
                "r.ztf",
                "r.ztf",
                "r.ztf",
                "r.ztf",
                "r.ztf",
                "r.ztf",
                "r.ztf",
                "r.ztf",
                "r.ztf",
                "r.ztf",
                "r.ztf",
                "r.ztf",
                "r.ztf",
                "r.ztf",
                "r.ztf",
                "r.ztf",
                "r.ztf",
                "r.ztf",
                "r.ztf",
                "r.ztf",
                "r.ztf",
                "r.ztf",
                "r.ztf",
                "r.ztf",
                "r.ztf",
                "r.ztf",
                "r.ztf",
                "r.ztf",
                "r.ztf",
                "g.ztf",
                "g.ztf",
                "r.ztf",
                "g.ztf",
                "r.ztf",
                "r.ztf",
                "r.ztf",
                "g.ztf",
                "g.ztf",
                "r.ztf",
                "g.ztf",
                "g.ztf",
                "g.ztf",
                "r.ztf",
                "r.ztf",
                "r.ztf",
                "g.ztf",
                "r.ztf",
                "r.ztf",
                "g.ztf",
                "r.ztf",
                "r.ztf",
                "g.ztf",
                "r.ztf",
                "r.ztf",
                "g.ztf",
                "r.ztf",
                "r.ztf",
                "g.ztf",
                "r.ztf",
                "r.ztf",
                "r.ztf",
                "g.ztf",
                "r.ztf",
                "r.ztf",
                "r.ztf",
                "r.ztf",
                "g.ztf",
                "r.ztf",
                "r.ztf",
                "g.ztf",
                "g.ztf",
                "g.ztf",
                "r.ztf",
                "g.ztf",
                "r.ztf",
                "r.ztf",
                "g.ztf",
                "r.ztf",
                "r.ztf",
                "r.ztf",
                "r.ztf",
                "r.ztf",
                "g.ztf",
                "r.ztf",
                "r.ztf",
                "g.ztf",
                "g.ztf",
                "r.ztf",
                "r.ztf",
                "r.ztf",
                "r.ztf",
                "g.ztf",
                "g.ztf",
                "r.ztf",
                "r.ztf",
                "g.ztf",
                "r.ztf",
                "g.ztf",
                "r.ztf",
                "g.ztf",
                "r.ztf",
                "g.ztf",
                "r.ztf",
                "g.ztf",
                "g.ztf",
                "g.ztf",
                "r.ztf",
                "r.ztf",
                "g.ztf",
                "g.ztf",
                "r.ztf",
                "g.ztf",
                "g.ztf",
                "r.ztf",
                "g.ztf",
                "r.ztf",
                "g.ztf",
                "g.ztf",
                "r.ztf",
                "r.ztf",
                "g.ztf",
                "g.ztf",
                "g.ztf",
                "r.ztf",
                "r.ztf",
                "r.ztf",
                "g.ztf",
                "r.ztf",
                "r.ztf",
                "g.ztf",
                "r.ztf",
                "g.ztf",
                "g.ztf",
                "r.ztf",
                "r.ztf",
                "r.ztf",
                "g.ztf",
                "g.ztf",
                "g.ztf",
                "g.ztf",
                "r.ztf",
                "g.ztf",
                "g.ztf",
                "r.ztf",
                "r.ztf",
                "g.ztf",
                "g.ztf",
                "r.ztf",
                "r.ztf",
                "r.ztf",
                "g.ztf",
                "r.ztf",
                "g.ztf",
                "r.ztf",
                "r.ztf",
                "g.ztf",
                "g.ztf",
                "g.ztf",
                "r.ztf",
                "r.ztf",
                "g.ztf",
                "r.ztf",
                "r.ztf",
                "r.ztf",
                "g.ztf",
                "r.ztf",
                "r.ztf",
                "g.ztf",
                "r.ztf",
                "g.ztf",
                "g.ztf",
                "g.ztf",
                "g.ztf",
                "r.ztf",
                "r.ztf",
                "g.ztf",
                "g.ztf",
                "r.ztf",
                "r.ztf",
                "g.ztf",
                "r.ztf",
                "g.ztf",
                "g.ztf",
                "r.ztf",
                "r.ztf",
                "r.ztf",
                "g.ztf",
                "g.ztf",
                "r.ztf",
                "r.ztf",
                "g.ztf",
                "r.ztf",
                "g.ztf",
                "r.ztf",
                "g.ztf",
                "g.ztf",
                "r.ztf",
                "g.ztf",
                "r.ztf",
                "r.ztf",
                "r.ztf",
                "r.ztf",
                "g.ztf",
                "r.ztf",
                "g.ztf",
                "r.ztf",
                "g.ztf",
                "g.ztf",
                "g.ztf",
                "r.ztf",
                "r.ztf",
                "UVW2.uvot",
                "UVW2.uvot",
                "UVW2.uvot",
                "UVW2.uvot",
                "UVW2.uvot",
                "UVW2.uvot",
                "UVM2.uvot",
                "UVM2.uvot",
                "UVM2.uvot",
                "UVM2.uvot",
                "UVM2.uvot",
                "UVM2.uvot",
                "UVW1.uvot",
                "UVW1.uvot",
                "UVW1.uvot",
                "UVW1.uvot",
                "UVW1.uvot",
                "U.uvot",
                "U.uvot",
                "U.uvot",
                "U.uvot",
                "U.uvot",
                "U.uvot",
                "B.uvot",
                "B.uvot",
                "B.uvot",
                "B.uvot",
                "B.uvot"
            ],
            "obs_type": "uvoir",
            "reference": [
                "2023ApJ...955L...6Y",
                "2024MNRAS.527.2452M"
            ],
            "upperlimit": [
                true,
                true,
                true,
                true,
                true,
                true,
                true,
                true,
                true,
                true,
                true,
                true,
                true,
                true,
                true,
                true,
                true,
                true,
                true,
                true,
                true,
                true,
                true,
                true,
                true,
                true,
                true,
                true,
                true,
                true,
                true,
                true,
                true,
                true,
                true,
                true,
                true,
                true,
                true,
                true,
                true,
                true,
                true,
                true,
                true,
                true,
                true,
                true,
                true,
                true,
                true,
                true,
                true,
                true,
                true,
                true,
                true,
                true,
                true,
                true,
                true,
                true,
                true,
                true,
                true,
                true,
                true,
                true,
                true,
                true,
                true,
                true,
                true,
                true,
                true,
                true,
                true,
                true,
                true,
                true,
                true,
                true,
                true,
                true,
                true,
                true,
                true,
                true,
                true,
                true,
                true,
                true,
                true,
                true,
                true,
                true,
                true,
                true,
                true,
                true,
                true,
                true,
                true,
                true,
                true,
                true,
                true,
                true,
                true,
                true,
                true,
                true,
                true,
                true,
                true,
                true,
                true,
                true,
                true,
                true,
                true,
                true,
                true,
                true,
                true,
                true,
                true,
                true,
                true,
                true,
                false,
                false,
                false,
                false,
                false,
                false,
                false,
                false,
                false,
                false,
                false,
                false,
                false,
                false,
                false,
                false,
                false,
                false,
                false,
                true,
                false,
                false,
                false,
                false,
                false,
                false,
                false,
                false,
                true,
                false,
                true,
                false,
                false,
                true,
                true,
                true,
                true,
                true,
                true,
                true,
                true,
                true,
                true,
                true,
                true,
                true,
                true,
                true,
                true,
                true,
                true,
                true,
                true,
                true,
                true,
                true,
                true,
                true,
                true,
                true,
                true,
                true,
                true,
                true,
                true,
                true,
                true,
                true,
                true,
                true,
                true,
                true,
                true,
                true,
                true,
                true,
                true,
                true,
                true,
                true,
                true,
                true,
                true,
                true,
                true,
                true,
                true,
                true,
                true,
                true,
                true,
                true,
                true,
                true,
                true,
                true,
                true,
                true,
                true,
                true,
                true,
                true,
                true,
                true,
                true,
                true,
                true,
                true,
                true,
                true,
                true,
                true,
                true,
                true,
                true,
                true,
                true,
                true,
                true,
                true,
                true,
                true,
                true,
                false,
                true,
                true,
                true,
                true,
                true,
                true,
                true,
                true,
                true,
                true,
                true,
                true,
                true,
                true,
                true,
                true,
                true,
                true,
                true,
                true,
                true,
                true,
                true,
                true,
                true,
                true,
                true,
                true,
                true,
                true,
                true,
                true,
                true,
                true,
                true,
                true,
                true,
                true,
                true,
                true,
                true,
                true,
                true,
                true,
                true,
                true,
                true,
                true,
                true,
                true,
                true,
                true,
                false,
                false,
                false,
                false,
                true,
                true,
                false,
                false,
                false,
                true,
                true,
                true,
                false,
                true,
                false,
                true,
                true,
                false,
                true,
                false,
                true,
                true,
                true,
                false,
                true,
                false,
                true,
                true
            ],
            "corr_k": false,
            "corr_s": false,
            "corr_av": false,
            "corr_host": false,
            "corr_hostav": false,
            "val_av": 0.28151592336795866
        },
        {
            "reference": "2024ApJ...974..241A",
            "raw": [
                1.3,
                0.7
            ],
            "raw_err": [
                0,
                0
            ],
            "raw_units": "mJy",
            "date": [
                "58772.41996530093",
                "59677.41996530093"
            ],
            "date_format": [
                "mjd",
                "mjd"
            ],
            "upperlimit": [
                true,
                true
            ],
            "filter_key": [
                "887.5MHz",
                "887.5MHz"
            ],
            "obs_type": "radio",
            "telescope": "RACS",
            "corr_k": false,
            "corr_s": false,
            "corr_host": false,
            "corr_av": false,
            "corr_hostav": false
        }
    ]
}