{
    "_key": "7535961",
    "_id": "transients/7535961",
    "_rev": "_kk4VGda---",
    "classification": {
        "discovery_method": "xray",
        "spec_classed": 0,
        "unambiguous": true,
        "value": [
            {
                "object_class": "TDE",
                "confidence": 1,
                "reference": [
                    "2011ApJ...737...87J",
                    "2015ApJ...807..185F",
                    "2017ApJ...838..149A",
                    "2023PASP..135c4101G"
                ],
                "default": true
            }
        ]
    },
    "coordinate": [
        {
            "ra": "00:47:08.64",
            "dec": "-20:45:36",
            "ra_units": "hour",
            "dec_units": "deg",
            "reference": [],
            "coordinate_type": "equatorial"
        }
    ],
    "distance": [
        {
            "value": "0.000531",
            "distance_type": "redshift",
            "reference": [
                "2011ApJ...737...87J",
                "2015ApJ...807..185F",
                "2017ApJ...838..149A",
                "2023PASP..135c4101G"
            ],
            "default": true
        },
        {
            "value": "2.35",
            "distance_type": "comoving",
            "unit": "Mpc",
            "reference": [
                "2015ApJ...807..185F",
                "2016A&A...594A..13P",
                "2017ApJ...835...64G",
                "2017ApJ...838..149A"
            ],
            "default": true
        },
        {
            "value": "2.35",
            "distance_type": "luminosity",
            "unit": "Mpc",
            "reference": [
                "2015ApJ...807..185F",
                "2016A&A...594A..13P",
                "2017ApJ...835...64G",
                "2017ApJ...838..149A"
            ],
            "default": true
        }
    ],
    "schema_version": {
        "comment": "Copied from tde.space;",
        "comments": "From Goldtooth et al. (2023)",
        "value": 0
    },
    "name": {
        "alias": [
            {
                "value": "NGC 247",
                "reference": [
                    "2017ApJ...838..149A",
                    "2023PASP..135c4101G"
                ]
            }
        ],
        "default_name": "NGC 247"
    },
    "reference_alias": [
        {
            "name": "2017ApJ...838..149A",
            "human_readable_name": "Auchettl, Guillochon, & Ramirez-Ruiz (2017)"
        },
        {
            "name": "2016A&A...594A..13P",
            "human_readable_name": "Planck Collaboration et al. (2016)"
        },
        {
            "name": "2015ApJ...807..185F",
            "human_readable_name": "Feng et al. (2015)"
        },
        {
            "name": "2011ApJ...737..103S",
            "human_readable_name": "Schlafly & Finkbeiner (2011)"
        },
        {
            "name": "2017ApJ...835...64G",
            "human_readable_name": "Guillochon et al. (2017)"
        },
        {
            "name": "2023PASP..135c4101G",
            "human_readable_name": "Goldtooth, Aaron et al. (2023)"
        },
        {
            "name": "2011ApJ...737...87J",
            "human_readable_name": "Jin, Jing et al. (2011)"
        }
    ],
    "date_reference": [
        {
            "value": "2014-07-01 ",
            "date_format": "iso",
            "date_type": "discovery",
            "reference": [
                "2023PASP..135c4101G",
                "2011ApJ...737...87J",
                "2015ApJ...807..185F",
                "2017ApJ...838..149A"
            ],
            "default": true
        }
    ],
    "host": [
        {
            "host_name": "NGC 247",
            "host_ra": 11.787499999999998,
            "host_dec": -20.760277777777777,
            "host_ra_units": "deg",
            "host_dec_units": "deg",
            "reference": [
                "2023PASP..135c4101G",
                "2011ApJ...737...87J",
                "2015ApJ...807..185F",
                "2017ApJ...838..149A"
            ]
        }
    ]
}