{
    "_key": "7536258",
    "_id": "transients/7536258",
    "_rev": "_kk4Vid----",
    "classification": {
        "discovery_method": "optical",
        "spec_classed": 3,
        "unambiguous": true,
        "value": [
            {
                "object_class": "TDE",
                "confidence": 3.3,
                "reference": [
                    "2017ApJ...838..149A",
                    "2017IAUS..324..127W",
                    "2017MNRAS.465L.114W",
                    "2023PASP..135c4101G",
                    "2024MNRAS.527.2452M"
                ],
                "default": true
            }
        ]
    },
    "coordinate": [
        {
            "ra": "16.836506",
            "dec": "-64.272346",
            "ra_units": "deg",
            "dec_units": "deg",
            "coordinate_type": "equatorial",
            "default": true,
            "reference": [
                "2017MNRAS.465L.114W",
                "2024MNRAS.527.2452M"
            ]
        },
        {
            "ra": "1:07:20.88",
            "dec": "-64:16:20.7",
            "ra_units": "hour",
            "dec_units": "deg",
            "coordinate_type": "equatorial",
            "default": false,
            "reference": [
                "2017MNRAS.465L.114W"
            ]
        }
    ],
    "distance": [
        {
            "value": "0.1655",
            "distance_type": "redshift",
            "reference": [
                "2017ApJ...838..149A",
                "2017IAUS..324..127W",
                "2017MNRAS.465L.114W",
                "2023PASP..135c4101G",
                "2024MNRAS.527.2452M"
            ],
            "default": true
        },
        {
            "value": "703.6",
            "distance_type": "comoving",
            "unit": "Mpc",
            "reference": [
                "2016A&A...594A..13P",
                "2017ApJ...835...64G",
                "2017MNRAS.465L.114W"
            ],
            "default": true
        },
        {
            "value": "820",
            "distance_type": "luminosity",
            "unit": "Mpc",
            "reference": [
                "2016A&A...594A..13P",
                "2017ApJ...835...64G",
                "2017MNRAS.465L.114W"
            ],
            "default": true
        }
    ],
    "date_reference": [
        {
            "value": "2015-12-17",
            "date_format": "iso",
            "date_type": "discovery",
            "reference": [
                "2017ApJ...835...64G"
            ],
            "default": false
        },
        {
            "value": "2015-12-17 ",
            "date_format": "iso",
            "date_type": "discovery",
            "reference": [
                "2017ApJ...838..149A",
                "2017IAUS..324..127W",
                "2017MNRAS.465L.114W",
                "2023PASP..135c4101G"
            ],
            "default": true
        },
        {
            "value": "57413.039999999964",
            "date_format": "mjd",
            "date_type": "peak",
            "reference": [
                "2017MNRAS.465L.114W",
                "2024MNRAS.527.2452M"
            ],
            "default": true
        }
    ],
    "schema_version": {
        "comment": "Copied from tde.space;",
        "comments": "From Goldtooth et al. (2023)",
        "value": 0
    },
    "name": {
        "alias": [
            {
                "value": "OGLE 16aaa",
                "reference": [
                    "2023PASP..135c4101G"
                ]
            },
            {
                "value": "OGLE16aaa",
                "reference": [
                    "2017MNRAS.465L.114W",
                    "2017ApJ...838..149A",
                    "2000A&AS..143....9W",
                    "2017MNRAS.465L.114W",
                    "2024MNRAS.527.2452M"
                ]
            }
        ],
        "default_name": "OGLE16aaa"
    },
    "reference_alias": [
        {
            "name": "2017MNRAS.465L.114W",
            "human_readable_name": "Wyrzykowski et al. (2017)"
        },
        {
            "name": "2017ApJ...838..149A",
            "human_readable_name": "Auchettl, Guillochon, & Ramirez-Ruiz (2017)"
        },
        {
            "name": "2016ATel.8559....1F",
            "human_readable_name": "Firth et al. (2016)"
        },
        {
            "name": "2016A&A...594A..13P",
            "human_readable_name": "Planck Collaboration et al. (2016)"
        },
        {
            "name": "2011ApJ...737..103S",
            "human_readable_name": "Schlafly & Finkbeiner (2011)"
        },
        {
            "name": "2017ApJ...835...64G",
            "human_readable_name": "Guillochon et al. (2017)"
        },
        {
            "name": "2000A&AS..143....9W",
            "human_readable_name": "Wenger et al. (2000)"
        },
        {
            "name": "Wyrzykowski, \u0141ukasz et al. (2017)",
            "human_readable_name": "2017MNRAS.465L.114W"
        },
        {
            "name": "2024MNRAS.527.2452M",
            "human_readable_name": "Mummery et al. (2023)"
        },
        {
            "name": "2023PASP..135c4101G",
            "human_readable_name": "Goldtooth, Aaron et al. (2023)"
        },
        {
            "name": "2017IAUS..324..127W",
            "human_readable_name": "Wyrzykowski, \u0141ukasz et al. (2017)"
        }
    ],
    "filter_alias": [
        {
            "filter_key": "UVM2",
            "wave_eff": 260,
            "wave_units": "nm",
            "filter_name": "UVM2"
        },
        {
            "filter_key": "UVW1",
            "wave_eff": 224.6,
            "wave_units": "nm",
            "filter_name": "UVW1"
        },
        {
            "filter_key": "UVW2",
            "wave_eff": 192.8,
            "wave_units": "nm",
            "filter_name": "UVW2"
        },
        {
            "filter_key": "0.3 - 2.0",
            "wave_eff": 0.7293188143129428,
            "wave_min": 0.6199209921660013,
            "wave_max": 4.132806614440009,
            "wave_units": "nm",
            "filter_name": "0.3 - 2.0"
        },
        {
            "filter_key": "B.uvot",
            "filter_name": "B.uvot",
            "freq_eff": 695280559412463.5,
            "freq_units": "Hz"
        },
        {
            "filter_key": "U.uvot",
            "filter_name": "U.uvot",
            "freq_eff": 872815357550259.6,
            "freq_units": "Hz"
        },
        {
            "filter_key": "UVM2.uvot",
            "filter_name": "UVM2.uvot",
            "freq_eff": 1346484181597652,
            "freq_units": "Hz"
        },
        {
            "filter_key": "UVW1.uvot",
            "filter_name": "UVW1.uvot",
            "freq_eff": 1198891057872408,
            "freq_units": "Hz"
        },
        {
            "filter_key": "UVW2.uvot",
            "filter_name": "UVW2.uvot",
            "freq_eff": 1492659946412262.2,
            "freq_units": "Hz"
        },
        {
            "filter_key": "W1.wise",
            "filter_name": "W1.wise",
            "freq_eff": 89917740678395.33,
            "freq_units": "Hz"
        },
        {
            "filter_key": "W2.wise",
            "filter_name": "W2.wise",
            "freq_eff": 65429370473910.305,
            "freq_units": "Hz"
        }
    ],
    "photometry": [
        {
            "raw": [
                17.065,
                17.391,
                17.113,
                17.115,
                17.486,
                17.197,
                17.289,
                17.608,
                17.337,
                17.248,
                17.696,
                17.39,
                17.309,
                17.441,
                17.398,
                17.628,
                17.874,
                17.57,
                17.464,
                17.792,
                17.475,
                17.593,
                18.107,
                17.65,
                17.616,
                17.721,
                17.427,
                17.501,
                17.847,
                17.532,
                17.66,
                17.773,
                17.524,
                17.737,
                17.895,
                17.677,
                17.715
            ],
            "raw_err": [
                0.065,
                0.077,
                0.075,
                0.066,
                0.089,
                0.088,
                0.095,
                0.077,
                0.074,
                0.065,
                0.101,
                0.101,
                0.081,
                0.116,
                0.098,
                0.101,
                0.093,
                0.092,
                0.077,
                0.094,
                0.092,
                0.079,
                0.138,
                0.134,
                0.103,
                0.102,
                0.102,
                0.09,
                0.084,
                0.081,
                0.072,
                0.082,
                0.08,
                0.084,
                0.085,
                0.085,
                0.074
            ],
            "raw_units": "mag(AB)",
            "filter_key": [
                "UVM2",
                "UVW2",
                "UVM2",
                "UVW1",
                "UVW2",
                "UVM2",
                "UVW1",
                "UVW2",
                "UVM2",
                "UVW1",
                "UVW2",
                "UVM2",
                "UVW1",
                "UVM2",
                "UVW1",
                "UVW2",
                "UVW2",
                "UVM2",
                "UVW1",
                "UVW2",
                "UVM2",
                "UVW1",
                "UVW2",
                "UVM2",
                "UVW1",
                "UVW2",
                "UVM2",
                "UVW1",
                "UVW2",
                "UVM2",
                "UVW1",
                "UVW2",
                "UVM2",
                "UVW1",
                "UVW2",
                "UVM2",
                "UVW1"
            ],
            "obs_type": [
                "uvoir",
                "uvoir",
                "uvoir",
                "uvoir",
                "uvoir",
                "uvoir",
                "uvoir",
                "uvoir",
                "uvoir",
                "uvoir",
                "uvoir",
                "uvoir",
                "uvoir",
                "uvoir",
                "uvoir",
                "uvoir",
                "uvoir",
                "uvoir",
                "uvoir",
                "uvoir",
                "uvoir",
                "uvoir",
                "uvoir",
                "uvoir",
                "uvoir",
                "uvoir",
                "uvoir",
                "uvoir",
                "uvoir",
                "uvoir",
                "uvoir",
                "uvoir",
                "uvoir",
                "uvoir",
                "uvoir",
                "uvoir",
                "uvoir"
            ],
            "date": [
                "57406.4632",
                "57414.9928",
                "57414.9961",
                "57414.9995",
                "57418.7817",
                "57418.7847",
                "57418.7862",
                "57420.0164",
                "57420.0195",
                "57420.0224",
                "57421.4404",
                "57421.4428",
                "57421.4453",
                "57425.6324",
                "57425.6343",
                "57425.7304",
                "57440.2689",
                "57440.2710",
                "57440.2733",
                "57441.6302",
                "57441.6337",
                "57441.6373",
                "57445.0952",
                "57445.0981",
                "57445.1012",
                "57449.1667",
                "57449.1680",
                "57449.1695",
                "57457.1754",
                "57457.1794",
                "57457.1836",
                "57461.3921",
                "57461.3977",
                "57461.4012",
                "57465.6779",
                "57465.6806",
                "57465.6835"
            ],
            "date_format": "MJD",
            "upperlimit": [
                false,
                false,
                false,
                false,
                false,
                false,
                false,
                false,
                false,
                false,
                false,
                false,
                false,
                false,
                false,
                false,
                false,
                false,
                false,
                false,
                false,
                false,
                false,
                false,
                false,
                false,
                false,
                false,
                false,
                false,
                false,
                false,
                false,
                false,
                false,
                false,
                false
            ],
            "telescope": "Swift",
            "corr_k": null,
            "corr_av": null,
            "corr_host": null,
            "corr_hostav": null,
            "reference": [
                "2017MNRAS.465L.114W"
            ],
            "corr_s": null
        },
        {
            "raw": [
                0.0505
            ],
            "raw_units": [
                "ct"
            ],
            "value": [
                1.23e-13
            ],
            "value_units": [
                "ergs/cm^2/s"
            ],
            "filter_key": [
                "0.3 - 2.0"
            ],
            "obs_type": [
                "xray"
            ],
            "date": [
                "48200"
            ],
            "date_format": "MJD",
            "upperlimit": [
                true
            ],
            "telescope": "ROSAT",
            "corr_k": null,
            "corr_av": null,
            "corr_host": null,
            "corr_hostav": null,
            "reference": [
                "2017ApJ...838..149A"
            ],
            "xray_model": [
                {
                    "model_name": "Absorbed Powerlaw",
                    "param_names": [
                        "photonindex",
                        "nhmw"
                    ],
                    "param_values": [
                        "4.5",
                        "0.027"
                    ],
                    "param_units": [
                        "None",
                        "10^22 cm^-2"
                    ],
                    "min_energy": 0.3,
                    "max_energy": 2,
                    "energy_units": "keV"
                }
            ],
            "corr_s": null
        },
        {
            "raw": [
                0.00268,
                0.00396,
                0.0179,
                0.00488
            ],
            "raw_units": [
                "ct",
                "ct",
                "ct",
                "ct"
            ],
            "value": [
                4.25e-14,
                6.28e-14,
                2.84e-13,
                7.73e-14
            ],
            "value_units": [
                "ergs/cm^2/s",
                "ergs/cm^2/s",
                "ergs/cm^2/s",
                "ergs/cm^2/s"
            ],
            "filter_key": [
                "0.3 - 2.0",
                "0.3 - 2.0",
                "0.3 - 2.0",
                "0.3 - 2.0"
            ],
            "obs_type": [
                "xray",
                "xray",
                "xray",
                "xray"
            ],
            "date": [
                "57436.3",
                "57547.5",
                "57560.6",
                "57709.3"
            ],
            "date_format": "MJD",
            "upperlimit": [
                false,
                false,
                false,
                false
            ],
            "telescope": "Swift",
            "corr_k": null,
            "corr_av": null,
            "corr_host": null,
            "corr_hostav": null,
            "reference": [
                "2017ApJ...838..149A"
            ],
            "xray_model": [
                {
                    "model_name": "Absorbed Powerlaw",
                    "param_names": [
                        "photonindex",
                        "nhmw"
                    ],
                    "param_values": [
                        "4.5",
                        "0.027"
                    ],
                    "param_units": [
                        "None",
                        "10^22 cm^-2"
                    ],
                    "min_energy": 0.3,
                    "max_energy": 2,
                    "energy_units": "keV"
                },
                {
                    "model_name": "Absorbed Powerlaw",
                    "param_names": [
                        "photonindex",
                        "nhmw"
                    ],
                    "param_values": [
                        "4.5",
                        "0.027"
                    ],
                    "param_units": [
                        "None",
                        "10^22 cm^-2"
                    ],
                    "min_energy": 0.3,
                    "max_energy": 2,
                    "energy_units": "keV"
                },
                {
                    "model_name": "Absorbed Powerlaw",
                    "param_names": [
                        "photonindex",
                        "nhmw"
                    ],
                    "param_values": [
                        "4.5",
                        "0.027"
                    ],
                    "param_units": [
                        "None",
                        "10^22 cm^-2"
                    ],
                    "min_energy": 0.3,
                    "max_energy": 2,
                    "energy_units": "keV"
                },
                {
                    "model_name": "Absorbed Powerlaw",
                    "param_names": [
                        "photonindex",
                        "nhmw"
                    ],
                    "param_values": [
                        "4.5",
                        "0.027"
                    ],
                    "param_units": [
                        "None",
                        "10^22 cm^-2"
                    ],
                    "min_energy": 0.3,
                    "max_energy": 2,
                    "energy_units": "keV"
                }
            ],
            "corr_s": null
        },
        {
            "raw": [
                0.0086,
                0.564
            ],
            "raw_units": [
                "ct",
                "ct"
            ],
            "value": [
                5.5e-15,
                2.51e-12
            ],
            "value_units": [
                "ergs/cm^2/s",
                "ergs/cm^2/s"
            ],
            "filter_key": [
                "0.3 - 2.0",
                "0.3 - 2.0"
            ],
            "obs_type": [
                "xray",
                "xray"
            ],
            "date": [
                "57548.5",
                "57548.6"
            ],
            "date_format": "MJD",
            "upperlimit": [
                true,
                true
            ],
            "telescope": "XMM",
            "corr_k": null,
            "corr_av": null,
            "corr_host": null,
            "corr_hostav": null,
            "reference": [
                "2017ApJ...838..149A"
            ],
            "xray_model": [
                {
                    "model_name": "Absorbed Powerlaw",
                    "param_names": [
                        "photonindex",
                        "nhmw"
                    ],
                    "param_values": [
                        "4.5",
                        "0.027"
                    ],
                    "param_units": [
                        "None",
                        "10^22 cm^-2"
                    ],
                    "min_energy": 0.3,
                    "max_energy": 2,
                    "energy_units": "keV"
                },
                {
                    "model_name": "Absorbed Powerlaw",
                    "param_names": [
                        "photonindex",
                        "nhmw"
                    ],
                    "param_values": [
                        "4.5",
                        "0.027"
                    ],
                    "param_units": [
                        "None",
                        "10^22 cm^-2"
                    ],
                    "min_energy": 0.3,
                    "max_energy": 2,
                    "energy_units": "keV"
                }
            ],
            "corr_s": null
        },
        {
            "raw": [
                7.4318e-05,
                6.5806e-05,
                5.7891e-05,
                5.1793e-05,
                5.4562e-05,
                4.4022e-05,
                4.7402e-05,
                3.3236e-05,
                5.0669e-05,
                4.7054e-05,
                4.7769e-05,
                4.1506e-05,
                2.4382e-05,
                2.5409e-05,
                1.6278e-05,
                1.4816e-05,
                2.9996e-05,
                1.9323e-05,
                4.3692e-06,
                3.2877e-06,
                3.5331e-06,
                5.3328e-06,
                2.1495e-07,
                2.4538e-06,
                -1.3331e-06,
                1.8288e-06,
                0.00010758,
                0.00010019,
                9.7105e-05,
                7.8486e-05,
                7.3361e-05,
                6.8623e-05,
                6.4771e-05,
                7.2605e-05,
                5.4418e-05,
                7.462e-05,
                6.6556e-05,
                6.6597e-05,
                5.5332e-05,
                3.2343e-05,
                2.9997e-05,
                1.21e-05,
                1.5587e-05,
                2.0528e-05,
                2.228e-05,
                6.919e-06,
                3.5991e-06,
                -5.3835e-06,
                4.5824e-06,
                4.9219e-06,
                6.043e-06,
                0.00011977,
                9.5159e-05,
                0.00010554,
                9.8649e-05,
                8.7999e-05,
                8.4043e-05,
                7.2778e-05,
                6.227e-05,
                8.0313e-05,
                6.6254e-05,
                5.7338e-05,
                6.1422e-05,
                2.4722e-05,
                2.5053e-05,
                2.5577e-05,
                2.7097e-05,
                1.2573e-05,
                2.8826e-05,
                1.6135e-06,
                -4.5855e-06,
                5.0453e-06,
                3.4287e-06,
                -7.6798e-06,
                9.9693e-06,
                4.8274e-06,
                3.0352e-05,
                -4.4509e-05,
                -1.5469117040897286e-05,
                -1.1786766758906693e-05,
                2.813199345253823e-06,
                -9.935068635246247e-06,
                -2.5046304559768735e-05,
                -1.861871554469717e-05,
                -1.1536518579689904e-05,
                -1.6843072678927155e-05,
                -1.4947677239821415e-05,
                -2.8005848911443e-05,
                -1.9285571057032153e-05,
                -1.0965999461772717e-05,
                -1.312577203465596e-05,
                4.568594939505108e-06,
                -2.2846855328914982e-05,
                -1.1600460117636484e-05,
                -3.09997279425358e-05,
                -1.9825349928863996e-05,
                -7.977518900936597e-07,
                -9.942516716054071e-06,
                -2.1658081904922997e-05,
                -5.92791164506462e-06,
                1.2081118749698365e-05,
                -4.50086919396365e-06,
                -7.746670840422154e-06,
                -1.3635464146867382e-05,
                1.809184134518659e-05,
                -3.685946320804222e-05,
                -2.048407652885262e-05,
                -2.8616364541250852e-05,
                2.5143347646455743e-06,
                3.773571897468362e-06,
                -1.2190047369451884e-05,
                2.836860500058207e-06,
                5.867634638290712e-06,
                -3.149208017420163e-06,
                -3.5414881982383554e-05,
                4.1140323551143355e-06
            ],
            "raw_err": [
                4.9072e-06,
                5.4931e-06,
                4.1351e-06,
                5.3794e-06,
                5.7389e-06,
                4.41e-06,
                4.6684e-06,
                5.457e-06,
                5.4327e-06,
                3.98e-06,
                3.9724e-06,
                3.8392e-06,
                3.3813e-06,
                3.8878e-06,
                4.8724e-06,
                5.1157e-06,
                5.3178e-06,
                3.2868e-06,
                2.1529e-06,
                2.2084e-06,
                2.3519e-06,
                2.145e-06,
                3.9567e-06,
                2.9e-06,
                2.6346e-06,
                2.8907e-06,
                5.7303e-06,
                6.5651e-06,
                7.7037e-06,
                5.4237e-06,
                7.3951e-06,
                8.4519e-06,
                5.9192e-06,
                6.4398e-06,
                7.8876e-06,
                7.4508e-06,
                5.2748e-06,
                5.1844e-06,
                4.9209e-06,
                4.3046e-06,
                4.6527e-06,
                5.4817e-06,
                6.4292e-06,
                5.9037e-06,
                4.0478e-06,
                3.6076e-06,
                2.8636e-06,
                3.9857e-06,
                3.2899e-06,
                4.2889e-06,
                4.4945e-06,
                6.6504e-06,
                9.1059e-06,
                5.9552e-06,
                7.5832e-06,
                9.2782e-06,
                6.2816e-06,
                5.7555e-06,
                7.2789e-06,
                7.3643e-06,
                4.8536e-06,
                5.3551e-06,
                4.757e-06,
                4.1906e-06,
                5.1552e-06,
                1.1182e-05,
                7.6017e-06,
                5.9375e-06,
                4.3449e-06,
                3.0289e-06,
                5.4325e-06,
                3.6956e-06,
                4.2605e-06,
                4.6248e-06,
                8.1326e-06,
                1.0589e-05,
                1.6187e-05,
                1.9645e-05,
                6.815295674092498e-06,
                6.6806250775113405e-06,
                6.856480062752174e-06,
                5.382925204613888e-06,
                5.968042615171369e-06,
                6.538861711009452e-06,
                7.210730636154806e-06,
                6.772074065136357e-06,
                6.785194635957116e-06,
                6.377011492190834e-06,
                6.868956315214465e-06,
                7.068364143045072e-06,
                6.6441467637063085e-06,
                6.7339439645458185e-06,
                5.965030355448255e-06,
                6.810415366648432e-06,
                6.717241494072111e-06,
                7.222493230995181e-06,
                7.2757688730902055e-06,
                1.3169415345072731e-05,
                1.2736812348033423e-05,
                1.2807623560827327e-05,
                1.0429916894092235e-05,
                1.1473200858504593e-05,
                1.1950468863930205e-05,
                1.3194700050500263e-05,
                1.2740081816369943e-05,
                1.2522630578505307e-05,
                1.2648494688236995e-05,
                1.4297640943760889e-05,
                1.356101742819089e-05,
                1.2873529425150674e-05,
                1.2392917368953633e-05,
                1.2566492727495357e-05,
                1.2912298531889065e-05,
                1.435944897570791e-05,
                1.4324444714425677e-05,
                1.587347591168601e-05
            ],
            "raw_units": "Jy",
            "date": [
                "57415.492756",
                "57419.281685",
                "57420.516418",
                "57421.940425",
                "57426.230367",
                "57440.768867",
                "57442.130204",
                "57445.595225",
                "57449.666671",
                "57457.675396",
                "57461.892051",
                "57466.177937",
                "57533.242112",
                "57545.249805",
                "57547.671646",
                "57555.48325",
                "57556.917057",
                "57560.660735",
                "57709.377718",
                "57741.06505",
                "57749.350023",
                "57757.62025",
                "57904.849099",
                "57908.334425",
                "58888.376821",
                "60429.860146",
                "57406.963217",
                "57415.496105",
                "57419.284724",
                "57420.519471",
                "57421.942833",
                "57426.132416",
                "57440.771032",
                "57442.133651",
                "57445.598142",
                "57449.668047",
                "57457.679419",
                "57461.89773",
                "57466.180638",
                "57533.243828",
                "57545.251145",
                "57547.67464",
                "57555.484459",
                "57556.918652",
                "57560.664692",
                "57806.849851",
                "57807.877532",
                "57904.850806",
                "57908.337351",
                "58888.079619",
                "60429.864131",
                "57415.499529",
                "57419.286227",
                "57420.522434",
                "57421.945277",
                "57426.134302",
                "57440.773276",
                "57442.137306",
                "57445.601207",
                "57449.669509",
                "57457.683559",
                "57461.901184",
                "57466.183534",
                "57533.245556",
                "57545.252425",
                "57547.67663",
                "57555.485555",
                "57556.920223",
                "57560.668536",
                "57803.429421",
                "57904.852523",
                "57908.339985",
                "58888.373125",
                "60429.855119",
                "58888.374509",
                "60429.856471",
                "58888.375486",
                "60429.857456",
                "57163.69590225",
                "57339.44876388",
                "57527.8623907",
                "57699.219193065",
                "57894.727687995",
                "58061.97693461",
                "58259.04179995",
                "58422.513273565",
                "58623.36333282",
                "58786.77974432",
                "58990.40858481",
                "59153.835723635",
                "59354.6970677",
                "59518.02887523",
                "59718.95479638",
                "59882.40944569",
                "60085.89470907",
                "60249.188189505",
                "60450.00590738",
                "57163.69590225",
                "57339.44876388",
                "57527.8623907",
                "57699.219193065",
                "57894.727687995",
                "58061.97693461",
                "58259.04179995",
                "58422.513273565",
                "58623.36333282",
                "58786.77974432",
                "58990.40858481",
                "59153.835723635",
                "59354.6970677",
                "59518.02887523",
                "59718.95479638",
                "59882.40944569",
                "60085.89470907",
                "60249.188189505",
                "60450.00590738"
            ],
            "date_format": "mjd",
            "filter_key": [
                "UVW2.uvot",
                "UVW2.uvot",
                "UVW2.uvot",
                "UVW2.uvot",
                "UVW2.uvot",
                "UVW2.uvot",
                "UVW2.uvot",
                "UVW2.uvot",
                "UVW2.uvot",
                "UVW2.uvot",
                "UVW2.uvot",
                "UVW2.uvot",
                "UVW2.uvot",
                "UVW2.uvot",
                "UVW2.uvot",
                "UVW2.uvot",
                "UVW2.uvot",
                "UVW2.uvot",
                "UVW2.uvot",
                "UVW2.uvot",
                "UVW2.uvot",
                "UVW2.uvot",
                "UVW2.uvot",
                "UVW2.uvot",
                "UVW2.uvot",
                "UVW2.uvot",
                "UVM2.uvot",
                "UVM2.uvot",
                "UVM2.uvot",
                "UVM2.uvot",
                "UVM2.uvot",
                "UVM2.uvot",
                "UVM2.uvot",
                "UVM2.uvot",
                "UVM2.uvot",
                "UVM2.uvot",
                "UVM2.uvot",
                "UVM2.uvot",
                "UVM2.uvot",
                "UVM2.uvot",
                "UVM2.uvot",
                "UVM2.uvot",
                "UVM2.uvot",
                "UVM2.uvot",
                "UVM2.uvot",
                "UVM2.uvot",
                "UVM2.uvot",
                "UVM2.uvot",
                "UVM2.uvot",
                "UVM2.uvot",
                "UVM2.uvot",
                "UVW1.uvot",
                "UVW1.uvot",
                "UVW1.uvot",
                "UVW1.uvot",
                "UVW1.uvot",
                "UVW1.uvot",
                "UVW1.uvot",
                "UVW1.uvot",
                "UVW1.uvot",
                "UVW1.uvot",
                "UVW1.uvot",
                "UVW1.uvot",
                "UVW1.uvot",
                "UVW1.uvot",
                "UVW1.uvot",
                "UVW1.uvot",
                "UVW1.uvot",
                "UVW1.uvot",
                "UVW1.uvot",
                "UVW1.uvot",
                "UVW1.uvot",
                "UVW1.uvot",
                "UVW1.uvot",
                "U.uvot",
                "U.uvot",
                "B.uvot",
                "B.uvot",
                "W1.wise",
                "W1.wise",
                "W1.wise",
                "W1.wise",
                "W1.wise",
                "W1.wise",
                "W1.wise",
                "W1.wise",
                "W1.wise",
                "W1.wise",
                "W1.wise",
                "W1.wise",
                "W1.wise",
                "W1.wise",
                "W1.wise",
                "W1.wise",
                "W1.wise",
                "W1.wise",
                "W1.wise",
                "W2.wise",
                "W2.wise",
                "W2.wise",
                "W2.wise",
                "W2.wise",
                "W2.wise",
                "W2.wise",
                "W2.wise",
                "W2.wise",
                "W2.wise",
                "W2.wise",
                "W2.wise",
                "W2.wise",
                "W2.wise",
                "W2.wise",
                "W2.wise",
                "W2.wise",
                "W2.wise",
                "W2.wise"
            ],
            "obs_type": "uvoir",
            "reference": [
                "2017MNRAS.465L.114W",
                "2024MNRAS.527.2452M"
            ],
            "upperlimit": [
                false,
                false,
                false,
                false,
                false,
                false,
                false,
                false,
                false,
                false,
                false,
                false,
                false,
                false,
                false,
                true,
                false,
                false,
                true,
                true,
                true,
                true,
                true,
                true,
                true,
                true,
                false,
                false,
                false,
                false,
                false,
                false,
                false,
                false,
                false,
                false,
                false,
                false,
                false,
                false,
                false,
                true,
                true,
                false,
                false,
                true,
                true,
                true,
                true,
                true,
                true,
                false,
                false,
                false,
                false,
                false,
                false,
                false,
                false,
                false,
                false,
                false,
                false,
                false,
                false,
                true,
                false,
                true,
                false,
                true,
                true,
                true,
                true,
                true,
                true,
                true,
                true,
                true,
                true,
                true,
                true,
                true,
                true,
                true,
                true,
                true,
                true,
                true,
                true,
                true,
                true,
                true,
                true,
                true,
                true,
                true,
                true,
                true,
                true,
                true,
                true,
                true,
                true,
                true,
                true,
                true,
                true,
                true,
                true,
                true,
                true,
                true,
                true,
                true,
                true,
                true
            ],
            "corr_k": false,
            "corr_s": false,
            "corr_av": false,
            "corr_host": false,
            "corr_hostav": false,
            "val_av": 0.05696122270113344
        }
    ],
    "host": [
        {
            "host_name": "GALEX J010720.81-641621.4",
            "host_ra": 16.8375,
            "host_dec": -64.2725,
            "host_ra_units": "deg",
            "host_dec_units": "deg",
            "reference": [
                "2023PASP..135c4101G",
                "2017IAUS..324..127W",
                "2017MNRAS.465L.114W",
                "2017ApJ...838..149A"
            ]
        }
    ]
}