{
    "_key": "7536202",
    "_id": "transients/7536202",
    "_rev": "_kk4VYfm---",
    "classification": {
        "discovery_method": "optical",
        "spec_classed": 3,
        "unambiguous": true,
        "value": [
            {
                "object_class": "TDE",
                "confidence": 3.3,
                "reference": [
                    "2014ApJ...793...38A",
                    "2017ApJ...838..149A",
                    "2023PASP..135c4101G",
                    "2024MNRAS.527.2452M",
                    "['2014ApJ...793...38A', '2020SSRv..216...81A']"
                ],
                "default": true
            },
            {
                "object_class": "TDE",
                "confidence": 0,
                "reference": [
                    "2012PASP..124..668Y"
                ],
                "default": false
            }
        ]
    },
    "name": {
        "alias": [
            {
                "value": "PTF 09axc",
                "reference": [
                    "2023PASP..135c4101G"
                ]
            },
            {
                "value": "PTF-09axc",
                "reference": [
                    "2014ApJ...793...38A",
                    "2024MNRAS.527.2452M"
                ]
            },
            {
                "value": "PTF09axc",
                "reference": [
                    "2017ApJ...838..149A",
                    "2012PASP..124..668Y",
                    "2000A&AS..143....9W",
                    "2000A&AS..143....9W"
                ]
            }
        ],
        "default_name": "PTF09axc"
    },
    "reference_alias": [
        {
            "name": "2017ApJ...838..149A",
            "human_readable_name": "Auchettl, Guillochon, & Ramirez-Ruiz (2017)"
        },
        {
            "name": "2016A&A...594A..13P",
            "human_readable_name": "Planck Collaboration et al. (2016)"
        },
        {
            "name": "2014ApJ...793...38A",
            "human_readable_name": "Arcavi et al. (2014)"
        },
        {
            "name": "2011ApJ...737..103S",
            "human_readable_name": "Schlafly & Finkbeiner (2011)"
        },
        {
            "name": "2010ApJ...721..777A",
            "human_readable_name": "Arcavi et al. (2010)"
        },
        {
            "name": "2017ApJ...835...64G",
            "human_readable_name": "Guillochon et al. (2017)"
        },
        {
            "name": "2012PASP..124..668Y",
            "human_readable_name": "Yaron & Gal-Yam (2012)"
        },
        {
            "name": "2000A&AS..143....9W",
            "human_readable_name": "Wenger et al. (2000)"
        },
        {
            "name": "Arcavi, Iair et al. (2014)",
            "human_readable_name": "2014ApJ...793...38A"
        },
        {
            "name": "2024MNRAS.527.2452M",
            "human_readable_name": "Mummery et al. (2023)"
        },
        {
            "name": "2017MNRAS.471.1694W",
            "human_readable_name": "Wevers, Thomas et al. (2017)"
        },
        {
            "name": "2023PASP..135c4101G",
            "human_readable_name": "Goldtooth, Aaron et al. (2023)"
        },
        {
            "name": "2020SSRv..216...81A",
            "human_readable_name": "Alexander, Kate D. et al. (2020)"
        }
    ],
    "photometry": [
        {
            "raw": [
                0.0427
            ],
            "raw_units": [
                "ct"
            ],
            "value": [
                1.09e-13
            ],
            "value_units": [
                "ergs/cm^2/s"
            ],
            "filter_key": [
                "0.3 - 2.0"
            ],
            "obs_type": [
                "xray"
            ],
            "date": [
                "48300"
            ],
            "date_format": "MJD",
            "upperlimit": [
                true
            ],
            "telescope": "ROSAT",
            "corr_k": null,
            "corr_av": null,
            "corr_host": null,
            "corr_hostav": null,
            "reference": [
                "2017ApJ...838..149A"
            ],
            "xray_model": [
                {
                    "model_name": "Absorbed Powerlaw",
                    "param_names": [
                        "photonindex",
                        "nhmw"
                    ],
                    "param_values": [
                        "4.5",
                        "0.028"
                    ],
                    "param_units": [
                        "None",
                        "10^22 cm^-2"
                    ],
                    "min_energy": 0.3,
                    "max_energy": 2,
                    "energy_units": "keV"
                }
            ],
            "corr_s": null
        },
        {
            "raw": [
                0.00803,
                0.00555
            ],
            "raw_units": [
                "ct",
                "ct"
            ],
            "value": [
                3.08e-14,
                8.94e-14
            ],
            "value_units": [
                "ergs/cm^2/s",
                "ergs/cm^2/s"
            ],
            "filter_key": [
                "0.3 - 2.0",
                "0.3 - 2.0"
            ],
            "obs_type": [
                "xray",
                "xray"
            ],
            "date": [
                "56739.2",
                "57097.8"
            ],
            "date_format": "MJD",
            "upperlimit": [
                false,
                false
            ],
            "telescope": "Swift",
            "corr_k": null,
            "corr_av": null,
            "corr_host": null,
            "corr_hostav": null,
            "reference": [
                "2017ApJ...838..149A"
            ],
            "xray_model": [
                {
                    "model_name": "Absorbed Powerlaw",
                    "param_names": [
                        "photonindex",
                        "nhmw"
                    ],
                    "param_values": [
                        "4.5",
                        "0.028"
                    ],
                    "param_units": [
                        "None",
                        "10^22 cm^-2"
                    ],
                    "min_energy": 0.3,
                    "max_energy": 2,
                    "energy_units": "keV"
                },
                {
                    "model_name": "Absorbed Powerlaw",
                    "param_names": [
                        "photonindex",
                        "nhmw"
                    ],
                    "param_values": [
                        "4.5",
                        "0.028"
                    ],
                    "param_units": [
                        "None",
                        "10^22 cm^-2"
                    ],
                    "min_energy": 0.3,
                    "max_energy": 2,
                    "energy_units": "keV"
                }
            ],
            "corr_s": null
        },
        {
            "raw": [
                0.691
            ],
            "raw_units": [
                "ct"
            ],
            "value": [
                3.11e-12
            ],
            "value_units": [
                "ergs/cm^2/s"
            ],
            "filter_key": [
                "0.3 - 2.0"
            ],
            "obs_type": [
                "xray"
            ],
            "date": [
                "56114.4"
            ],
            "date_format": "MJD",
            "upperlimit": [
                true
            ],
            "telescope": "XMM",
            "corr_k": null,
            "corr_av": null,
            "corr_host": null,
            "corr_hostav": null,
            "reference": [
                "2017ApJ...838..149A"
            ],
            "xray_model": [
                {
                    "model_name": "Absorbed Powerlaw",
                    "param_names": [
                        "photonindex",
                        "nhmw"
                    ],
                    "param_values": [
                        "4.5",
                        "0.028"
                    ],
                    "param_units": [
                        "None",
                        "10^22 cm^-2"
                    ],
                    "min_energy": 0.3,
                    "max_energy": 2,
                    "energy_units": "keV"
                }
            ],
            "corr_s": null
        },
        {
            "raw": [
                -1.7351e-07,
                4.227e-07,
                3.3987e-06,
                1.7448e-06,
                3.6128e-06,
                2.1441e-06,
                5.7305e-07,
                -2.3876e-07,
                2.502e-06,
                3.1386e-07,
                -5.3129e-07,
                9.1197e-07,
                3.6401e-06,
                -5.8813e-06,
                -5.2339e-06,
                -3.3534e-06,
                -1.4671e-05,
                -6.2585e-07,
                7.6721e-06,
                8.0015e-06,
                1.8282e-05,
                -4.5985e-06,
                6.501784858517085e-06,
                -3.525427922040556e-06,
                -1.3092165094269487e-05,
                2.0207883393657346e-07,
                1.438361186586501e-06,
                1.9894513145356475e-06,
                1.081777016386373e-05,
                4.0753321121351324e-06,
                1.5184100411424942e-05,
                -6.543102685912078e-06,
                1.5405597383333074e-05,
                -5.845779626701998e-06,
                1.1942345965273633e-05,
                -2.9469099009198918e-06,
                -1.2428825754777744e-05,
                -1.1381231751966011e-05,
                -8.882791758342963e-06,
                -8.176596185150328e-06,
                -8.184532091155277e-06,
                -4.010294987730917e-06,
                5.954833818797281e-07,
                -8.147541285442526e-06,
                4.4150374329488865e-06,
                -5.271255473577108e-06,
                -2.1308409301939018e-05,
                -6.617568986933186e-06,
                -1.5072480806266809e-05,
                8.427238871659616e-06,
                -1.3328447280354283e-05,
                -1.4126578387001177e-05,
                7.678304013250643e-06,
                -1.1966598629758906e-05,
                -9.44060484428996e-06,
                -1.055189249386866e-05,
                8.455410701758785e-06,
                3.0595352830469975e-06,
                8.410037892058917e-06,
                -2.9987686897785785e-05,
                -2.7536240590779343e-05,
                -9.700451054043286e-06,
                -5.022932165967124e-05,
                -2.3867592030878684e-05,
                -2.4251094305024858e-05,
                -2.7324622724920984e-05,
                1.87995e-05,
                3.00514e-05,
                6.9808e-05,
                7.16911e-05,
                7.79301e-05,
                4.98822e-05,
                8.61679e-05,
                6.1629e-05,
                6.26304e-05,
                2.32458e-05,
                3.04162e-05
            ],
            "raw_err": [
                2.3506e-06,
                8.9464e-07,
                1.7127e-06,
                2.7058e-06,
                2.0534e-06,
                1.6971e-06,
                2.6546e-06,
                2.101e-06,
                3.6555e-06,
                2.0786e-06,
                2.9759e-06,
                6.5704e-06,
                3.5773e-06,
                4.1518e-06,
                5.1035e-06,
                2.6003e-06,
                6.4927e-06,
                1.0245e-05,
                6.2813e-06,
                1.5994e-05,
                2.2125e-05,
                1.3675e-05,
                1.0491510397299921e-05,
                1.0721341339507577e-05,
                1.1515169003974219e-05,
                1.0078805637834718e-05,
                1.0788835356515668e-05,
                1.0490551833248301e-05,
                1.0485455615570634e-05,
                1.0907510725106416e-05,
                1.2438323790530322e-05,
                1.0629810723549418e-05,
                1.0866509818743405e-05,
                1.1072519078473735e-05,
                1.083682873891389e-05,
                1.0185783951718095e-05,
                1.0823641465533058e-05,
                1.157986713466856e-05,
                1.0829187388839098e-05,
                1.0747861478003366e-05,
                1.0982945862720891e-05,
                1.0913755671792285e-05,
                1.0730055308344358e-05,
                1.080509463360817e-05,
                1.866858017955134e-05,
                1.7691839576347495e-05,
                2.091080992097357e-05,
                1.710088519275775e-05,
                1.8909929498942666e-05,
                1.7377153493125172e-05,
                1.6499168877090835e-05,
                1.9356157295453378e-05,
                2.1897647065982922e-05,
                1.8300603397895316e-05,
                1.864688953136299e-05,
                2.0913275079470047e-05,
                1.9073244336503333e-05,
                1.902224637396767e-05,
                1.9693191477194434e-05,
                2.14480126232616e-05,
                2.0187710536583097e-05,
                1.9038261805276795e-05,
                2.0296306693096507e-05,
                1.970419396479979e-05,
                1.898833618136661e-05,
                2.5538460983930223e-05,
                2.1037659152574038e-06,
                2.957159218142188e-06,
                3.572826120023957e-06,
                5.894587928741942e-06,
                2.790307204429374e-06,
                4.958189455826788e-06,
                3.2904819106824e-06,
                3.668997304279396e-06,
                4.836464550997339e-06,
                2.4054286063108824e-06,
                3.008183413737425e-06
            ],
            "raw_units": "Jy",
            "date": [
                "56721.672768",
                "57097.871194",
                "58084.69112",
                "60570.869935",
                "60572.449327",
                "56730.66569",
                "56742.213841",
                "58084.695399",
                "60570.875336",
                "56735.145113",
                "58084.686427",
                "60570.863866",
                "60572.44488",
                "56728.446918",
                "56752.479022",
                "56764.550536",
                "58084.687871",
                "60570.865686",
                "60572.446444",
                "58084.688836",
                "60570.866921",
                "60572.447589",
                "56683.59999722",
                "56860.811027955",
                "57046.539465994996",
                "57219.69190441",
                "57409.77650152",
                "57578.56793229",
                "57776.87314205",
                "57941.99269619",
                "58141.318884684995",
                "58302.38862216",
                "58505.32413682",
                "58666.59731424",
                "58872.343424214996",
                "59033.66065331",
                "59236.62012465",
                "59397.79616823",
                "59600.881418655",
                "59762.07813788",
                "59967.81788881",
                "60129.13941895",
                "60331.98213066",
                "60493.27856229",
                "56683.59999722",
                "56860.811027955",
                "57046.539465994996",
                "57219.69190441",
                "57409.77650152",
                "57578.56793229",
                "57776.87314205",
                "57941.99269619",
                "58141.318884684995",
                "58302.38862216",
                "58505.32413682",
                "58666.59731424",
                "58872.343424214996",
                "59033.66065331",
                "59236.62012465",
                "59397.79616823",
                "59600.881418655",
                "59762.07813788",
                "59967.81788881",
                "60129.13941895",
                "60331.98213066",
                "60493.27856229",
                "55002.274264",
                "55003.299695999995",
                "55018.246481999995",
                "55018.346796",
                "55028.211006",
                "55028.289028",
                "55035.299862",
                "55041.196096",
                "55041.274117999994",
                "55189.527063999994",
                "55207.550145999994"
            ],
            "date_format": "mjd",
            "filter_key": [
                "UVW2.uvot",
                "UVW2.uvot",
                "UVW2.uvot",
                "UVW2.uvot",
                "UVW2.uvot",
                "UVM2.uvot",
                "UVM2.uvot",
                "UVM2.uvot",
                "UVM2.uvot",
                "UVW1.uvot",
                "UVW1.uvot",
                "UVW1.uvot",
                "UVW1.uvot",
                "U.uvot",
                "U.uvot",
                "U.uvot",
                "U.uvot",
                "U.uvot",
                "U.uvot",
                "B.uvot",
                "B.uvot",
                "B.uvot",
                "W1.wise",
                "W1.wise",
                "W1.wise",
                "W1.wise",
                "W1.wise",
                "W1.wise",
                "W1.wise",
                "W1.wise",
                "W1.wise",
                "W1.wise",
                "W1.wise",
                "W1.wise",
                "W1.wise",
                "W1.wise",
                "W1.wise",
                "W1.wise",
                "W1.wise",
                "W1.wise",
                "W1.wise",
                "W1.wise",
                "W1.wise",
                "W1.wise",
                "W2.wise",
                "W2.wise",
                "W2.wise",
                "W2.wise",
                "W2.wise",
                "W2.wise",
                "W2.wise",
                "W2.wise",
                "W2.wise",
                "W2.wise",
                "W2.wise",
                "W2.wise",
                "W2.wise",
                "W2.wise",
                "W2.wise",
                "W2.wise",
                "W2.wise",
                "W2.wise",
                "W2.wise",
                "W2.wise",
                "W2.wise",
                "W2.wise",
                "r.ztf",
                "r.ztf",
                "r.ztf",
                "r.ztf",
                "r.ztf",
                "r.ztf",
                "r.ztf",
                "r.ztf",
                "r.ztf",
                "r.ztf",
                "r.ztf"
            ],
            "obs_type": "uvoir",
            "reference": [
                "2014ApJ...793...38A",
                "2024MNRAS.527.2452M"
            ],
            "upperlimit": [
                true,
                true,
                true,
                true,
                true,
                true,
                true,
                true,
                true,
                true,
                true,
                true,
                true,
                true,
                true,
                true,
                true,
                true,
                true,
                true,
                true,
                true,
                true,
                true,
                true,
                true,
                true,
                true,
                true,
                true,
                true,
                true,
                true,
                true,
                true,
                true,
                true,
                true,
                true,
                true,
                true,
                true,
                true,
                true,
                true,
                true,
                true,
                true,
                true,
                true,
                true,
                true,
                true,
                true,
                true,
                true,
                true,
                true,
                true,
                true,
                true,
                true,
                true,
                true,
                true,
                true,
                false,
                false,
                false,
                false,
                false,
                false,
                false,
                false,
                false,
                false,
                false
            ],
            "corr_k": false,
            "corr_s": false,
            "corr_av": false,
            "corr_host": false,
            "corr_hostav": false,
            "val_av": 0.09825010831478406
        },
        {
            "reference": "['2014ApJ...793...38A', '2020SSRv..216...81A']",
            "raw": [
                150
            ],
            "raw_err": [
                0
            ],
            "raw_units": "uJy",
            "date": [
                "56836.221"
            ],
            "date_format": [
                "mjd"
            ],
            "upperlimit": [
                true
            ],
            "filter_key": [
                "6.1GHz"
            ],
            "obs_type": "radio",
            "corr_k": false,
            "corr_s": false,
            "corr_host": false,
            "corr_av": false,
            "corr_hostav": false
        }
    ],
    "distance": [
        {
            "value": "0.1146",
            "distance_type": "redshift",
            "reference": [
                "2012PASP..124..668Y",
                "2014ApJ...793...38A",
                "2017ApJ...838..149A",
                "2023PASP..135c4101G",
                "2024MNRAS.527.2452M"
            ],
            "default": true
        },
        {
            "value": "493.4",
            "distance_type": "comoving",
            "unit": "Mpc",
            "reference": [
                "2012PASP..124..668Y",
                "2014ApJ...793...38A",
                "2016A&A...594A..13P",
                "2017ApJ...835...64G",
                "2017ApJ...838..149A"
            ],
            "default": true
        },
        {
            "value": "550",
            "distance_type": "luminosity",
            "unit": "Mpc",
            "reference": [
                "2012PASP..124..668Y",
                "2014ApJ...793...38A",
                "2016A&A...594A..13P",
                "2017ApJ...835...64G",
                "2017ApJ...838..149A"
            ],
            "default": true
        },
        {
            "value": "60.0",
            "distance_type": "dispersion_measure",
            "unit": "km/s",
            "reference": [
                "2017MNRAS.471.1694W",
                "2024MNRAS.527.2452M"
            ],
            "default": true
        }
    ],
    "coordinate": [
        {
            "ra": "14:53:13.06",
            "dec": "+22:14:32.20",
            "ra_units": "hour",
            "dec_units": "deg",
            "coordinate_type": "equatorial",
            "default": true,
            "reference": [
                "2000A&AS..143....9W",
                "2010ApJ...721..777A",
                "2017ApJ...838..149A"
            ]
        },
        {
            "ra": "14:53:13.06",
            "dec": "+22:14:32.20",
            "ra_units": "hour",
            "dec_units": "degree",
            "coordinate_type": "equatorial",
            "default": false,
            "reference": [
                "2000A&AS..143....9W"
            ]
        },
        {
            "ra": "223.30448",
            "dec": "22.2423",
            "ra_units": "deg",
            "dec_units": "deg",
            "coordinate_type": "equatorial",
            "default": false,
            "reference": [
                "2014ApJ...793...38A",
                "2024MNRAS.527.2452M"
            ]
        }
    ],
    "filter_alias": [
        {
            "filter_key": "0.3 - 2.0",
            "wave_eff": 0.7293188143129428,
            "wave_min": 0.6199209921660013,
            "wave_max": 4.132806614440009,
            "wave_units": "nm",
            "filter_name": "0.3 - 2.0"
        },
        {
            "filter_key": "B.uvot",
            "filter_name": "B.uvot",
            "freq_eff": 695280559412463.5,
            "freq_units": "Hz"
        },
        {
            "filter_key": "U.uvot",
            "filter_name": "U.uvot",
            "freq_eff": 872815357550259.6,
            "freq_units": "Hz"
        },
        {
            "filter_key": "UVM2.uvot",
            "filter_name": "UVM2.uvot",
            "freq_eff": 1346484181597652,
            "freq_units": "Hz"
        },
        {
            "filter_key": "UVW1.uvot",
            "filter_name": "UVW1.uvot",
            "freq_eff": 1198891057872408,
            "freq_units": "Hz"
        },
        {
            "filter_key": "UVW2.uvot",
            "filter_name": "UVW2.uvot",
            "freq_eff": 1492659946412262.2,
            "freq_units": "Hz"
        },
        {
            "filter_key": "W1.wise",
            "filter_name": "W1.wise",
            "freq_eff": 89917740678395.33,
            "freq_units": "Hz"
        },
        {
            "filter_key": "W2.wise",
            "filter_name": "W2.wise",
            "freq_eff": 65429370473910.305,
            "freq_units": "Hz"
        },
        {
            "filter_key": "r.ztf",
            "filter_name": "r.ztf",
            "freq_eff": 471994480402802.25,
            "freq_units": "Hz"
        },
        {
            "filter_key": "6.1GHz",
            "filter_name": "C",
            "freq_eff": 6.1,
            "freq_units": "GHz"
        }
    ],
    "date_reference": [
        {
            "value": "2009-06-20",
            "date_format": "iso",
            "date_type": "discovery",
            "reference": [
                "2014ApJ...793...38A",
                "2017ApJ...835...64G"
            ],
            "default": false
        },
        {
            "value": "2009-06-20 ",
            "date_format": "iso",
            "date_type": "discovery",
            "reference": [
                "2014ApJ...793...38A",
                "2017ApJ...838..149A",
                "2023PASP..135c4101G"
            ],
            "default": true
        },
        {
            "value": "55023.62500000004",
            "date_format": "mjd",
            "date_type": "peak",
            "reference": [
                "2014ApJ...793...38A",
                "2024MNRAS.527.2452M"
            ],
            "default": true
        }
    ],
    "host": [
        {
            "host_name": "SDSS J145313.07+221432.2",
            "host_ra": 223.30416666666662,
            "host_dec": 22.242297222222223,
            "host_ra_units": "deg",
            "host_dec_units": "deg",
            "reference": [
                "2023PASP..135c4101G",
                "2014ApJ...793...38A",
                "2017ApJ...838..149A"
            ]
        }
    ],
    "schema_version": {
        "comment": "Copied from tde.space;",
        "comments": "From Goldtooth et al. (2023)",
        "value": 0
    }
}