{
    "_key": "7535937",
    "_id": "transients/7535937",
    "_rev": "_kk4VFQK---",
    "name": {
        "alias": [
            {
                "value": "eRASSt J234403-352640",
                "reference": [
                    "2023A&A...672A.167H"
                ]
            }
        ],
        "default_name": "eRASSt J234403-352640"
    },
    "coordinate": [
        {
            "ra": "23:44:02.9",
            "dec": "\u221235:26:39.4",
            "ra_units": "hour",
            "dec_units": "degree",
            "reference": [
                "2023A&A...672A.167H"
            ],
            "coordinate_type": "equatorial"
        }
    ],
    "distance": [
        {
            "value": 0.1,
            "reference": [
                "2023A&A...672A.167H"
            ],
            "compute": false,
            "distance_type": "redshift"
        }
    ],
    "classification": {
        "discovery_method": "xray",
        "spec_classed": 1,
        "unambiguous": true,
        "value": [
            {
                "object_class": "TDE",
                "confidence": 3.1,
                "reference": [
                    "2024MNRAS.528.7123G"
                ]
            }
        ]
    },
    "date_reference": [
        {
            "value": "2020-11-28",
            "date_format": "iso",
            "reference": [
                "2023A&A...672A.167H",
                "2023A&A...672A.167H",
                "2023A&A...672A.167H",
                "2023A&A...672A.167H",
                "2023A&A...672A.167H",
                "2023A&A...672A.167H",
                "2023A&A...672A.167H",
                "2023A&A...672A.167H",
                "2023A&A...672A.167H",
                "2023A&A...672A.167H",
                "2023A&A...672A.167H",
                "2023A&A...672A.167H",
                "2023A&A...672A.167H",
                "2023A&A...672A.167H",
                "2023A&A...672A.167H",
                "2023A&A...672A.167H",
                "2023A&A...672A.167H",
                "2023A&A...672A.167H",
                "2023A&A...672A.167H",
                "2023A&A...672A.167H",
                "2023A&A...672A.167H",
                "2023A&A...672A.167H",
                "2023A&A...672A.167H",
                "2023A&A...672A.167H",
                "2023A&A...672A.167H",
                "2023A&A...672A.167H",
                "2023A&A...672A.167H",
                "2023A&A...672A.167H",
                "2023A&A...672A.167H",
                "2023A&A...672A.167H",
                "2023A&A...672A.167H",
                "2023A&A...672A.167H",
                "2023A&A...672A.167H",
                "2023A&A...672A.167H",
                "2023A&A...672A.167H",
                "2023A&A...672A.167H",
                "2023A&A...672A.167H",
                "2023A&A...672A.167H",
                "2023A&A...672A.167H",
                "2023A&A...672A.167H",
                "2023A&A...672A.167H",
                "2023A&A...672A.167H",
                "2023A&A...672A.167H",
                "2023A&A...672A.167H",
                "2023A&A...672A.167H",
                "2023A&A...672A.167H",
                "2023A&A...672A.167H",
                "2023A&A...672A.167H",
                "2023A&A...672A.167H",
                "2023A&A...672A.167H",
                "2023A&A...672A.167H",
                "2023A&A...672A.167H",
                "2023A&A...672A.167H",
                "2023A&A...672A.167H",
                "2023A&A...672A.167H",
                "2023A&A...672A.167H",
                "2023A&A...672A.167H",
                "2023A&A...672A.167H",
                "2023A&A...672A.167H",
                "2023A&A...672A.167H",
                "2023A&A...672A.167H",
                "2023A&A...672A.167H",
                "2023A&A...672A.167H",
                "2023A&A...672A.167H",
                "2023A&A...672A.167H",
                "2023A&A...672A.167H",
                "2023A&A...672A.167H",
                "2023A&A...672A.167H",
                "2023A&A...672A.167H",
                "2023A&A...672A.167H"
            ],
            "computed": false,
            "date_type": "discovery"
        }
    ],
    "photometry": [
        {
            "reference": "2024MNRAS.528.7123G",
            "raw": [
                274,
                270,
                274,
                269,
                279,
                350,
                373,
                409,
                399,
                239,
                409,
                503,
                600,
                562,
                327,
                558,
                528,
                573,
                717,
                773,
                323,
                347,
                381,
                261,
                403,
                497,
                782,
                603,
                792,
                741,
                315,
                369,
                269,
                233,
                452,
                547,
                565,
                481,
                526,
                621,
                328,
                671,
                643,
                552,
                495,
                222,
                177,
                211,
                218,
                302,
                649,
                609,
                467,
                399,
                251,
                320,
                351,
                76,
                320,
                565,
                488,
                393,
                329,
                144,
                316,
                611,
                616,
                395,
                303,
                172
            ],
            "raw_err": [
                11,
                19,
                20,
                16,
                23,
                13,
                11,
                16,
                11,
                45,
                23,
                20,
                45,
                26,
                53,
                50,
                25,
                21,
                24,
                24,
                35,
                26,
                44,
                55,
                30,
                32,
                37,
                25,
                31,
                31,
                25,
                27,
                60,
                22,
                59,
                101,
                26,
                45,
                43,
                154,
                64,
                21,
                17,
                14,
                14,
                15,
                18,
                30,
                23,
                50,
                25,
                18,
                16,
                18,
                32,
                31,
                80,
                19,
                184,
                67,
                33,
                24,
                22,
                24,
                44,
                22,
                20,
                19,
                18,
                18
            ],
            "raw_units": "uJy",
            "date": [
                "59309",
                "59309",
                "59309",
                "59309",
                "59371",
                "59371",
                "59371",
                "59371",
                "59371",
                "59492",
                "59492",
                "59492",
                "59492",
                "59492",
                "59541",
                "59541",
                "59541",
                "59541",
                "59541",
                "59541",
                "59541",
                "59541",
                "59541",
                "59541",
                "59600",
                "59600",
                "59600",
                "59600",
                "59600",
                "59600",
                "59600",
                "59600",
                "59600",
                "59600",
                "59673",
                "59673",
                "59673",
                "59673",
                "59673",
                "59673",
                "59818",
                "59818",
                "59818",
                "59818",
                "59818",
                "59818",
                "59818",
                "59818",
                "59818",
                "59924",
                "59924",
                "59924",
                "59924",
                "59924",
                "59924",
                "59924",
                "59924",
                "59924",
                "60020",
                "60020",
                "60020",
                "60020",
                "60020",
                "60020",
                "60101",
                "60101",
                "60101",
                "60101",
                "60101",
                "60101"
            ],
            "date_format": [
                "mjd",
                "mjd",
                "mjd",
                "mjd",
                "mjd",
                "mjd",
                "mjd",
                "mjd",
                "mjd",
                "mjd",
                "mjd",
                "mjd",
                "mjd",
                "mjd",
                "mjd",
                "mjd",
                "mjd",
                "mjd",
                "mjd",
                "mjd",
                "mjd",
                "mjd",
                "mjd",
                "mjd",
                "mjd",
                "mjd",
                "mjd",
                "mjd",
                "mjd",
                "mjd",
                "mjd",
                "mjd",
                "mjd",
                "mjd",
                "mjd",
                "mjd",
                "mjd",
                "mjd",
                "mjd",
                "mjd",
                "mjd",
                "mjd",
                "mjd",
                "mjd",
                "mjd",
                "mjd",
                "mjd",
                "mjd",
                "mjd",
                "mjd",
                "mjd",
                "mjd",
                "mjd",
                "mjd",
                "mjd",
                "mjd",
                "mjd",
                "mjd",
                "mjd",
                "mjd",
                "mjd",
                "mjd",
                "mjd",
                "mjd",
                "mjd",
                "mjd",
                "mjd",
                "mjd",
                "mjd",
                "mjd"
            ],
            "upperlimit": [
                false,
                false,
                false,
                false,
                false,
                false,
                false,
                false,
                false,
                false,
                false,
                false,
                false,
                false,
                false,
                false,
                false,
                false,
                false,
                false,
                false,
                false,
                false,
                false,
                false,
                false,
                false,
                false,
                false,
                false,
                false,
                false,
                false,
                false,
                false,
                false,
                false,
                false,
                false,
                false,
                false,
                false,
                false,
                false,
                false,
                false,
                false,
                false,
                false,
                false,
                false,
                false,
                false,
                false,
                false,
                false,
                false,
                false,
                false,
                false,
                false,
                false,
                false,
                false,
                false,
                false,
                false,
                false,
                false,
                false
            ],
            "filter_key": [
                "5.0GHz",
                "6.0GHz",
                "8.5GHz",
                "9.5GHz",
                "2.6GHz",
                "5.0GHz",
                "6.0GHz",
                "8.5GHz",
                "9.5GHz",
                "2.1GHz",
                "5.0GHz",
                "6.0GHz",
                "8.5GHz",
                "9.5GHz",
                "1.6GHz",
                "2.6GHz",
                "5.0GHz",
                "6.0GHz",
                "8.5GHz",
                "9.5GHz",
                "17.2GHz",
                "16.2GHz",
                "21.7GHz",
                "20.7GHz",
                "1.6GHz",
                "2.6GHz",
                "5.0GHz",
                "6.0GHz",
                "8.5GHz",
                "9.5GHz",
                "17.2GHz",
                "16.2GHz",
                "21.7GHz",
                "20.7GHz",
                "1.6GHz",
                "2.6GHz",
                "5.0GHz",
                "6.0GHz",
                "8.5GHz",
                "9.5GHz",
                "2.1GHz",
                "5.0GHz",
                "6.0GHz",
                "8.5GHz",
                "9.5GHz",
                "17.2GHz",
                "16.2GHz",
                "21.7GHz",
                "20.7GHz",
                "2.1GHz",
                "5.0GHz",
                "6.0GHz",
                "8.5GHz",
                "9.5GHz",
                "17.2GHz",
                "16.2GHz",
                "21.7GHz",
                "20.7GHz",
                "2.1GHz",
                "5.0GHz",
                "6.0GHz",
                "8.5GHz",
                "9.5GHz",
                "16.7GHz",
                "2.6GHz",
                "5.0GHz",
                "6.0GHz",
                "8.5GHz",
                "9.5GHz",
                "16.7GHz"
            ],
            "obs_type": "radio",
            "telescope": "ATCA",
            "corr_k": false,
            "corr_s": false,
            "corr_host": false,
            "corr_av": false,
            "corr_hostav": false
        }
    ],
    "filter_alias": [
        {
            "filter_key": "5.0GHz",
            "filter_name": "C",
            "freq_eff": 5,
            "freq_units": "GHz"
        },
        {
            "filter_key": "6.0GHz",
            "filter_name": "C",
            "freq_eff": 6,
            "freq_units": "GHz"
        },
        {
            "filter_key": "8.5GHz",
            "filter_name": "X",
            "freq_eff": 8.5,
            "freq_units": "GHz"
        },
        {
            "filter_key": "9.5GHz",
            "filter_name": "X",
            "freq_eff": 9.5,
            "freq_units": "GHz"
        },
        {
            "filter_key": "2.6GHz",
            "filter_name": "S",
            "freq_eff": 2.6,
            "freq_units": "GHz"
        },
        {
            "filter_key": "2.1GHz",
            "filter_name": "S",
            "freq_eff": 2.1,
            "freq_units": "GHz"
        },
        {
            "filter_key": "1.6GHz",
            "filter_name": "L",
            "freq_eff": 1.6,
            "freq_units": "GHz"
        },
        {
            "filter_key": "17.2GHz",
            "filter_name": "Ku",
            "freq_eff": 17.2,
            "freq_units": "GHz"
        },
        {
            "filter_key": "16.2GHz",
            "filter_name": "Ku",
            "freq_eff": 16.2,
            "freq_units": "GHz"
        },
        {
            "filter_key": "21.7GHz",
            "filter_name": "K",
            "freq_eff": 21.7,
            "freq_units": "GHz"
        },
        {
            "filter_key": "20.7GHz",
            "filter_name": "K",
            "freq_eff": 20.7,
            "freq_units": "GHz"
        },
        {
            "filter_key": "16.7GHz",
            "filter_name": "Ku",
            "freq_eff": 16.7,
            "freq_units": "GHz"
        }
    ],
    "reference_alias": [
        {
            "name": "2023A&A...672A.167H",
            "human_readable_name": "Homan, D. et al. (2023)"
        },
        {
            "name": "2024MNRAS.528.7123G",
            "human_readable_name": "Goodwin, A. J. et al. (2024)"
        }
    ]
}