{
    "_key": "7536059",
    "_id": "transients/7536059",
    "_rev": "_kk4VNDO---",
    "name": {
        "alias": [
            {
                "value": "VAST J230053.0-020732",
                "reference": [
                    "2024ApJ...973..104D"
                ]
            }
        ],
        "default_name": "VAST J230053.0-020732"
    },
    "coordinate": [
        {
            "ra": 345.22,
            "dec": -2.13,
            "ra_units": "deg",
            "dec_units": "deg",
            "reference": [
                "2024ApJ...973..104D"
            ],
            "coordinate_type": "equatorial"
        }
    ],
    "classification": {
        "value": [
            {
                "object_class": "TDE",
                "confidence": 1,
                "reference": [
                    "2024ApJ...973..104D"
                ]
            }
        ],
        "discovery_method": "radio"
    },
    "schema_version": {
        "comment": "Uploader:Noah Franz | Email:nfranz@arizona.edu"
    },
    "photometry": [
        {
            "reference": "2024ApJ...973..104D",
            "raw": [
                7.3
            ],
            "raw_err": [
                0.9
            ],
            "raw_units": "mJy",
            "date": [
                59211
            ],
            "date_format": [
                "mjd"
            ],
            "upperlimit": [
                false
            ],
            "filter_key": [
                "1.367GHz"
            ],
            "obs_type": "radio",
            "telescope": "RACS",
            "val_k": false,
            "val_s": false,
            "val_host": false,
            "val_av": false,
            "val_hostav": false
        },
        {
            "reference": "2024ApJ...973..104D",
            "raw": [
                7.9,
                5
            ],
            "raw_err": [
                0.3,
                0.3
            ],
            "raw_units": "mJy",
            "date": [
                58071,
                59066
            ],
            "date_format": [
                "mjd",
                "mjd"
            ],
            "upperlimit": [
                false,
                false
            ],
            "filter_key": [
                "3.0GHz",
                "3.0GHz"
            ],
            "obs_type": "radio",
            "telescope": "VLASS",
            "val_k": false,
            "val_s": false,
            "val_host": false,
            "val_av": false,
            "val_hostav": false
        }
    ],
    "filter_alias": [
        {
            "filter_key": "3.0GHz",
            "filter_name": "S",
            "wave_eff": 99930819.33333333,
            "wave_units": "nm"
        },
        {
            "filter_key": "1.367GHz",
            "filter_name": "L",
            "wave_eff": 219306845.64740306,
            "wave_units": "nm"
        }
    ],
    "reference_alias": [
        {
            "name": "2024ApJ...973..104D",
            "human_readable_name": "Dykaar, Hannah et al. (2024)"
        }
    ]
}