{
    "_key": "7536013",
    "_id": "transients/7536013",
    "_rev": "_kk4VJ82---",
    "schema_version": {
        "comments": "From Goldtooth et al. (2023)",
        "value": 0
    },
    "name": {
        "alias": [
            {
                "value": "XMMSL1 J063045.9-603110",
                "reference": [
                    "2023PASP..135c4101G"
                ]
            }
        ],
        "default_name": "XMMSL1 J063045.9-603110"
    },
    "classification": {
        "discovery_method": "xray",
        "spec_classed": 0,
        "unambiguous": true,
        "value": [
            {
                "object_class": "TDE",
                "confidence": 1,
                "reference": [
                    "2023PASP..135c4101G",
                    "2011ATel.3811....1R",
                    "2016A&A...592A..41M",
                    "2017AJ....153..144O"
                ]
            }
        ]
    },
    "distance": [
        {
            "value": "0.014",
            "reference": [
                "2023PASP..135c4101G",
                "2011ATel.3811....1R",
                "2016A&A...592A..41M",
                "2017AJ....153..144O"
            ],
            "computed": false,
            "default": true,
            "distance_type": "redshift"
        }
    ],
    "coordinate": [
        {
            "ra": 97.69166666666666,
            "dec": -60.519444444444446,
            "ra_units": "deg",
            "dec_units": "deg",
            "coordinate_type": "equatorial",
            "reference": [
                "2023PASP..135c4101G",
                "2011ATel.3811....1R",
                "2016A&A...592A..41M",
                "2017AJ....153..144O"
            ],
            "default": true
        }
    ],
    "date_reference": [
        {
            "value": "2011-12-01 ",
            "date_format": "iso",
            "date_type": "discovery",
            "reference": [
                "2023PASP..135c4101G",
                "2011ATel.3811....1R",
                "2016A&A...592A..41M",
                "2017AJ....153..144O"
            ],
            "default": true
        }
    ],
    "host": [
        {
            "host_name": "XMMSL1 J063045.9-603110",
            "host_ra": 97.69166666666666,
            "host_dec": -60.519444444444446,
            "host_ra_units": "deg",
            "host_dec_units": "deg",
            "reference": [
                "2023PASP..135c4101G",
                "2011ATel.3811....1R",
                "2016A&A...592A..41M",
                "2017AJ....153..144O"
            ]
        }
    ],
    "reference_alias": [
        {
            "name": "2023PASP..135c4101G",
            "human_readable_name": "Goldtooth, Aaron et al. (2023)"
        },
        {
            "name": "2011ATel.3811....1R",
            "human_readable_name": "Read, A. M. et al. (2011)"
        },
        {
            "name": "2016A&A...592A..41M",
            "human_readable_name": "Mainetti, Deborah et al. (2016)"
        },
        {
            "name": "2017AJ....153..144O",
            "human_readable_name": "Oliveira, A. S. et al. (2017)"
        }
    ]
}