{
    "_key": "885063",
    "_id": "transients/885063",
    "_rev": "_j6ZBYMa---",
    "classification": {
        "spec_classed": 0,
        "unambiguous": true,
        "value": [
            {
                "object_class": "TDE",
                "confidence": 1,
                "reference": [
                    "2017ApJ...835...64G",
                    "2018MNRAS.477.2943W",
                    "2023PASP..135c4101G"
                ],
                "default": true
            }
        ],
        "discovery_method": "uvoir"
    },
    "coordinate": [
        {
            "ra": "14:24:01.66",
            "dec": "+29:50:28.4",
            "ra_units": "hour",
            "dec_units": "deg",
            "reference": [
                "2018arXiv180205105W"
            ],
            "coordinate_type": "equatorial"
        }
    ],
    "distance": [
        {
            "value": "0.0855",
            "distance_type": "redshift",
            "reference": [
                "2018MNRAS.477.2943W",
                "2018arXiv180205105W",
                "2023PASP..135c4101G"
            ],
            "default": true
        },
        {
            "value": "371",
            "distance_type": "comoving",
            "unit": "Mpc",
            "reference": [
                "2016A&A...594A..13P",
                "2017ApJ...835...64G",
                "2018arXiv180205105W"
            ],
            "default": true
        },
        {
            "value": "402",
            "distance_type": "luminosity",
            "unit": "Mpc",
            "reference": [
                "2016A&A...594A..13P",
                "2017ApJ...835...64G",
                "2018arXiv180205105W"
            ],
            "default": true
        }
    ],
    "date_reference": [
        {
            "value": "2009-04-26",
            "date_format": "iso",
            "date_type": "discovery",
            "reference": [
                "2017ApJ...835...64G",
                "2018arXiv180205105W"
            ],
            "default": true
        },
        {
            "value": "2009-04-26 ",
            "date_format": "iso",
            "date_type": "discovery",
            "reference": [
                "2018MNRAS.477.2943W",
                "2023PASP..135c4101G"
            ],
            "default": false
        }
    ],
    "schema_version": {
        "comment": "Copied from tde.space;",
        "comments": "From Goldtooth et al. (2023)",
        "value": 0
    },
    "name": {
        "alias": [
            {
                "value": "J142401",
                "reference": [
                    "2018arXiv180205105W",
                    "2023PASP..135c4101G"
                ]
            }
        ],
        "default_name": "J142401"
    },
    "reference_alias": [
        {
            "name": "2018arXiv180205105W",
            "human_readable_name": "Wang et al. (2018)"
        },
        {
            "name": "2016A&A...594A..13P",
            "human_readable_name": "Planck Collaboration et al. (2016)"
        },
        {
            "name": "2011ApJ...737..103S",
            "human_readable_name": "Schlafly & Finkbeiner (2011)"
        },
        {
            "name": "2017ApJ...835...64G",
            "human_readable_name": "Guillochon et al. (2017)"
        },
        {
            "name": "2023PASP..135c4101G",
            "human_readable_name": "Goldtooth, Aaron et al. (2023)"
        },
        {
            "name": "2018MNRAS.477.2943W",
            "human_readable_name": "Wang, Tinggui et al. (2018)"
        }
    ],
    "filter_alias": [
        {
            "filter_key": "V",
            "wave_eff": 551,
            "wave_units": "nm",
            "filter_name": "V"
        },
        {
            "filter_key": "W1",
            "wave_eff": 3352.6,
            "wave_units": "nm",
            "filter_name": "W1"
        },
        {
            "filter_key": "W2",
            "wave_eff": 4602.8,
            "wave_units": "nm",
            "filter_name": "W2"
        }
    ],
    "photometry": [
        {
            "raw": [
                16.944
            ],
            "raw_err": [
                0.019
            ],
            "raw_units": "vega",
            "filter_key": [
                "V"
            ],
            "obs_type": [
                "uvoir"
            ],
            "date": [
                "54947.6"
            ],
            "date_format": "MJD",
            "upperlimit": [
                false
            ],
            "telescope": "CRTS",
            "corr_k": null,
            "corr_av": null,
            "corr_host": null,
            "corr_hostav": null,
            "reference": [
                "2018arXiv180205105W"
            ],
            "corr_s": null
        },
        {
            "raw": [
                12.882,
                11.73,
                12.941,
                11.901,
                13.163,
                12.216,
                13.553,
                13.187,
                13.569,
                13.259,
                13.55,
                13.242,
                13.585,
                13.229,
                13.563,
                13.269
            ],
            "raw_err": [
                0.013,
                0.015,
                0.012,
                0.014,
                0.016,
                0.019,
                0.021,
                0.035,
                0.026,
                0.044,
                0.015,
                0.027,
                0.023,
                0.057,
                0.021,
                0.033
            ],
            "raw_units": "vega",
            "filter_key": [
                "W1",
                "W2",
                "W1",
                "W2",
                "W1",
                "W2",
                "W1",
                "W2",
                "W1",
                "W2",
                "W1",
                "W2",
                "W1",
                "W2",
                "W1",
                "W2"
            ],
            "obs_type": [
                "uvoir",
                "uvoir",
                "uvoir",
                "uvoir",
                "uvoir",
                "uvoir",
                "uvoir",
                "uvoir",
                "uvoir",
                "uvoir",
                "uvoir",
                "uvoir",
                "uvoir",
                "uvoir",
                "uvoir",
                "uvoir"
            ],
            "date": [
                "55210.2",
                "55210.2",
                "55385.2",
                "55385.2",
                "55572.8",
                "55572.8",
                "56670.5",
                "56670.5",
                "56849.5",
                "56849.5",
                "57035.8",
                "57035.8",
                "57208.8",
                "57208.8",
                "57399.5",
                "57399.5"
            ],
            "date_format": "MJD",
            "upperlimit": [
                false,
                false,
                false,
                false,
                false,
                false,
                false,
                false,
                false,
                false,
                false,
                false,
                false,
                false,
                false,
                false
            ],
            "telescope": "WISE",
            "corr_k": null,
            "corr_av": null,
            "corr_host": null,
            "corr_hostav": null,
            "reference": [
                "2018arXiv180205105W"
            ],
            "corr_s": null
        }
    ],
    "host": [
        {
            "host_name": "SDSS J142401.66+295028.4",
            "host_ra": 216.00833333333333,
            "host_dec": 29.84122222222222,
            "host_ra_units": "deg",
            "host_dec_units": "deg",
            "reference": [
                "2023PASP..135c4101G",
                "2018MNRAS.477.2943W"
            ]
        }
    ]
}