{
    "_key": "884933",
    "_id": "transients/884933",
    "_rev": "_j6ZAQN----",
    "reference_alias": [
        {
            "name": "Yao, Y. et al. (2022)",
            "human_readable_name": "2022TNSCR2892....1Y"
        },
        {
            "name": "2024MNRAS.527.2452M",
            "human_readable_name": "Mummery et al. (2023)"
        },
        {
            "name": "2022TNSTR2086....1T",
            "human_readable_name": "Tonry, J. et al. (2022)"
        },
        {
            "name": "2022TNSCR2892....1Y",
            "human_readable_name": "Yao, Y. et al. (2022)"
        }
    ],
    "classification": {
        "spec_classed": 3,
        "unambiguous": true,
        "value": [
            {
                "object_class": "TDE",
                "confidence": 3.3,
                "reference": [
                    "2022TNSCR2892....1Y",
                    "2024MNRAS.527.2452M"
                ],
                "default": true
            }
        ],
        "discovery_method": "uvoir"
    },
    "coordinate": [
        {
            "ra": "25.481458",
            "dec": "-3.289611",
            "ra_units": "deg",
            "dec_units": "deg",
            "coordinate_type": "equatorial",
            "epoch": "J2000",
            "frame": "ICRS",
            "reference": [
                "2022TNSTR2086....1T"
            ],
            "default": false
        },
        {
            "ra": "25.48146",
            "dec": "-3.289589",
            "ra_units": "deg",
            "dec_units": "deg",
            "coordinate_type": "equatorial",
            "reference": [
                "2022TNSCR2892....1Y",
                "2024MNRAS.527.2452M"
            ],
            "default": true
        }
    ],
    "distance": [
        {
            "value": "0.095",
            "distance_type": "redshift",
            "reference": [
                "2022TNSCR2892....1Y",
                "2024MNRAS.527.2452M"
            ],
            "default": true
        }
    ],
    "name": {
        "alias": [
            {
                "value": "ZTF22aavvqyh",
                "reference": [
                    "TNS"
                ]
            },
            {
                "value": "2022pna",
                "reference": [
                    "TNS"
                ]
            },
            {
                "value": "ATLAS22wax",
                "reference": [
                    "TNS"
                ]
            },
            {
                "value": "Gaia22dgl",
                "reference": [
                    "TNS"
                ]
            },
            {
                "value": "AT2022pna",
                "reference": [
                    "2022TNSCR2892....1Y",
                    "2024MNRAS.527.2452M"
                ]
            }
        ],
        "default_name": "2022pna"
    },
    "date_reference": [
        {
            "value": "59784.5985",
            "date_format": "mjd",
            "date_type": "discovery",
            "reference": [
                "2022TNSTR2086....1T"
            ],
            "default": true
        },
        {
            "value": "59795.95833333334",
            "date_format": "mjd",
            "date_type": "peak",
            "reference": [
                "2022TNSCR2892....1Y",
                "2024MNRAS.527.2452M"
            ],
            "default": true
        }
    ],
    "filter_alias": [
        {
            "filter_key": "B.uvot",
            "filter_name": "B.uvot",
            "freq_eff": 695280559412463.5,
            "freq_units": "Hz"
        },
        {
            "filter_key": "U.uvot",
            "filter_name": "U.uvot",
            "freq_eff": 872815357550259.6,
            "freq_units": "Hz"
        },
        {
            "filter_key": "UVM2.uvot",
            "filter_name": "UVM2.uvot",
            "freq_eff": 1346484181597652,
            "freq_units": "Hz"
        },
        {
            "filter_key": "UVW1.uvot",
            "filter_name": "UVW1.uvot",
            "freq_eff": 1198891057872408,
            "freq_units": "Hz"
        },
        {
            "filter_key": "UVW2.uvot",
            "filter_name": "UVW2.uvot",
            "freq_eff": 1492659946412262.2,
            "freq_units": "Hz"
        },
        {
            "filter_key": "W1.wise",
            "filter_name": "W1.wise",
            "freq_eff": 89917740678395.33,
            "freq_units": "Hz"
        },
        {
            "filter_key": "W2.wise",
            "filter_name": "W2.wise",
            "freq_eff": 65429370473910.305,
            "freq_units": "Hz"
        },
        {
            "filter_key": "g.ztf",
            "filter_name": "g.ztf",
            "freq_eff": 634121907623677.4,
            "freq_units": "Hz"
        },
        {
            "filter_key": "i.ztf",
            "filter_name": "i.ztf",
            "freq_eff": 380021535091050.2,
            "freq_units": "Hz"
        },
        {
            "filter_key": "r.ztf",
            "filter_name": "r.ztf",
            "freq_eff": 471994480402802.25,
            "freq_units": "Hz"
        }
    ],
    "photometry": [
        {
            "raw": [
                -8.493678807515795e-06,
                -5.031681714984396e-06,
                -6.8048807515581905e-06,
                -5.903200254305382e-07,
                -9.580859975642889e-06,
                -3.857748993017798e-06,
                1.8089096702289398e-06,
                -1.8907478775943165e-06,
                -5.322817354521918e-07,
                -4.026557651142726e-06,
                -3.861038127149254e-06,
                -7.536289191677741e-07,
                -4.610550245910365e-06,
                1.6465424693670618e-06,
                3.7241204081880506e-06,
                -2.9898041144548754e-06,
                -7.102986449295936e-06,
                1.0926203440583974e-05,
                2.786561960305849e-06,
                -7.352322722302902e-06,
                2.112453238621497e-06,
                -5.031924505705615e-06,
                -1.8592441604553577e-07,
                -4.459806968977239e-06,
                -7.777301282142723e-06,
                1.2126556242712915e-06,
                5.130287426391113e-07,
                -3.8174775912727505e-06,
                2.0801278100199714e-08,
                3.3666054231535298e-06,
                2.5224736610541843e-06,
                -1.830484264771922e-06,
                3.1001747624752534e-06,
                -6.673246005359308e-06,
                -6.487474943149964e-06,
                -1.4554787920534772e-07,
                -4.118652560910309e-06,
                -5.245452582670329e-07,
                -3.6443501663727297e-06,
                -7.3609275110722744e-06,
                -3.6857158351057958e-06,
                9.021829517502258e-06,
                2.963586867983638e-06,
                9.323527763245617e-06,
                -1.2432159764907459e-05,
                3.2326903150809663e-06,
                -1.2600471008182402e-06,
                -4.573233963324128e-06,
                -1.48207301545474e-06,
                3.970474689038542e-06,
                -4.876331835124624e-06,
                -6.4858264681649085e-06,
                -7.157153877376682e-06,
                -8.223053895205479e-06,
                -1.2440201062178958e-06,
                -5.7728923246312495e-06,
                -7.818703818795408e-06,
                -1.8380243380145035e-06,
                -3.8367110753897255e-06,
                -8.421386037838487e-06,
                1.4013412458700232e-06,
                -1.588514574155844e-06,
                -2.52532310750338e-06,
                2.842171395129154e-07,
                -4.323777839721681e-06,
                -1.5144026357004761e-06,
                2.336512070728669e-06,
                -1.6257372244469737e-06,
                -3.4182724507837204e-06,
                -7.962044129680805e-07,
                -3.7903306127647687e-06,
                -4.8479772113391906e-06,
                1.935953010578891e-06,
                1.9702002401186005e-06,
                -8.533205520290961e-07,
                1.0133717347438701e-06,
                -1.037572346492479e-06,
                -1.8022749333238765e-06,
                1.2254615599426976e-05,
                -5.890134916386904e-07,
                -1.5754506395651725e-06,
                -6.44055651477193e-06,
                -6.335053753714895e-06,
                4.9900129488402605e-06,
                1.7981069683567271e-06,
                -3.7059668765429726e-06,
                3.40136140347359e-06,
                -2.7361597566543366e-06,
                3.0419942261677454e-06,
                -3.6831024225884266e-06,
                -1.0205802409519627e-05,
                9.41418071105168e-06,
                -1.6908704628995954e-05,
                1.8105267262669393e-06,
                6.575438112631711e-07,
                1.9110935748066727e-06,
                2.94157041670714e-06,
                9.732450879059727e-06,
                -5.16368629010933e-06,
                -4.631888552960149e-06,
                -1.3218921950725828e-06,
                -4.383096013058996e-06,
                -2.7320130131743464e-06,
                -1.5306924448870562e-06,
                -3.3295724508945605e-06,
                4.304285184260095e-06,
                2.2409934718295946e-06,
                -4.20674057334409e-06,
                -9.095375583884272e-06,
                3.9902822759910894e-06,
                3.399427231038561e-06,
                -8.842665982705291e-06,
                -1.0523248206066959e-05,
                5.616251310906377e-07,
                -1.1803910490470868e-05,
                3.120449705617423e-08,
                -3.120449705617467e-08,
                3.5159049136703233e-06,
                -2.385003925956006e-06,
                -9.284856192751669e-07,
                -3.3544574295464627e-06,
                3.588378167310944e-06,
                7.270918510333966e-06,
                1.1916335155813634e-05,
                -5.2212188471566905e-06,
                1.8210030931894634e-06,
                -2.08721959088295e-06,
                -4.053967927089119e-06,
                5.188548801816605e-06,
                -1.01540863320609e-06,
                -2.9774705387141643e-06,
                -3.56395682720683e-06,
                -4.484056076978975e-06,
                7.4679802706761975e-06,
                5.333053309607968e-06,
                -1.370351544133669e-06,
                1.2961780333083793e-06,
                -9.54564387293079e-07,
                3.099170109200951e-06,
                6.011262090504565e-06,
                9.841855894222972e-06,
                -1.1102241627331756e-05,
                8.756815280545677e-07,
                9.358178513697713e-06,
                -2.2819187315908364e-06,
                2.2600217282141494e-06,
                -4.26761067224752e-06,
                7.832264344404616e-06,
                1.215993809525912e-05,
                1.3765379612388117e-05,
                2.588859771039753e-06,
                6.707022856120296e-06,
                -1.2233740169351169e-05,
                -1.9462531063586482e-05,
                2.773942051282745e-06,
                9.934802126198177e-06,
                6.867548094841923e-06,
                9.189308041483858e-06,
                7.1934483351818174e-06,
                3.5346980150337533e-06,
                6.826250944651823e-06,
                5.874505495850653e-06,
                1.2638460278255584e-06,
                4.5726814811079315e-07,
                3.3185420254015562e-06,
                5.3778585037000775e-06,
                -5.642202820915777e-06,
                1.037157810235675e-06,
                1.6023744311995226e-05,
                4.192618623261986e-06,
                1.257780366848173e-05,
                3.194759300334966e-06,
                5.1799757281621005e-06,
                -4.587245389250758e-06,
                1.4368727514514672e-06,
                2.2609219678803764e-06,
                -1.2901827804840327e-07,
                1.0114361524607428e-06,
                1.8490158778073896e-06,
                4.611951046967235e-06,
                9.312791142692678e-07,
                8.766160927169149e-06,
                3.2452289464247278e-06,
                2.3088661189547677e-06,
                9.41787243330247e-06,
                4.20802614037821e-06,
                8.121758731147123e-06,
                8.065645020939444e-07,
                -2.6456914585703853e-06,
                4.942749892735822e-06,
                2.999661581413406e-06,
                1.2244427138125154e-06,
                2.072476674747909e-06,
                2.3221757813133646e-06,
                -2.362975275571896e-06,
                -1.1480251771390098e-06,
                -4.3479705235715664e-06,
                4.143691812236578e-06,
                -1.2980892002074366e-05,
                -4.2572130241199275e-06,
                2.685371807205711e-06,
                6.802194453022707e-07,
                3.6362481547427447e-07,
                3.8368870031485555e-07,
                -1.2040531203676496e-06,
                6.377734625802073e-07,
                -1.576687638464972e-06,
                -2.3984945197790387e-07,
                3.0954557088737324e-06,
                -2.782198383474351e-06,
                5.165926339934479e-06,
                -1.753854455430186e-05,
                2.744189548579147e-05,
                5.32803659435622e-06,
                8.282691947476889e-07,
                -3.6362481547427627e-07,
                -4.344269839016978e-06,
                -2.0801278100199714e-08,
                -3.3380945799391476e-06,
                3.624193195551628e-07,
                2.9446746445171923e-06,
                3.874294518017964e-06,
                5.5665801589743755e-06,
                -1.251834312907638e-06,
                4.486781499101283e-06,
                -5.944692213547753e-06,
                5.262555878877509e-07,
                2.380621474688698e-06,
                1.0329578837651197e-05,
                1.677503314136981e-07,
                6.008871872692296e-06,
                -4.648066781780616e-06,
                -1.7300375307260757e-06,
                7.04447982950177e-06,
                -8.289981131512482e-06,
                -3.5732151062512044e-05,
                -2.5068892072829357e-06,
                6.882418254207546e-06,
                3.996704305749918e-06,
                1.0440483976955385e-05,
                1.1808933232643443e-05,
                -5.890891085114395e-07,
                -1.2349462807692827e-06,
                -1.5907706328998955e-06,
                -2.8069990232119123e-06,
                1.1146238646564752e-05,
                -3.864078698092776e-06,
                -4.781021085344841e-07,
                3.0678838016697137e-06,
                -5.875282949862128e-06,
                -4.797560972634396e-07,
                9.169950502485762e-06,
                8.274568534154149e-07,
                -3.2919403776907774e-06,
                6.28626202585841e-06,
                5.666561983766334e-06,
                -8.62644593903451e-07,
                -2.2000668066897465e-06,
                1.474659778209207e-05,
                9.038568973198731e-06,
                -9.180169609640431e-07,
                7.206956645159622e-06,
                2.5978375710128585e-07,
                -1.6358579556908054e-05,
                7.5877075407311055e-06,
                1.6104157062776136e-05,
                2.6936693429317945e-05,
                2.2397926353250665e-05,
                1.4499392322802832e-05,
                0.0001547315722663546,
                0.0001293512783580717,
                0.00018364530697987722,
                0.00019640727087529572,
                0.0002179682360910966,
                0.00018407351172345531,
                0.00013223584767063006,
                0.00012373421662197951,
                9.835384107337864e-05,
                9.19560215419172e-05,
                0.00010740578305591505,
                8.62704166574384e-05,
                0.00010098989428005667,
                6.872554393641902e-05,
                8.36738803103213e-05,
                7.980420514680771e-05,
                6.988055216203901e-05,
                5.8696638578516666e-05,
                5.062109028881715e-05,
                4.604028805353806e-05,
                5.799547020930869e-05,
                6.394362940632537e-05,
                7.499001016373471e-05,
                8.385615927264491e-05,
                6.949748670715506e-05,
                6.735732759032543e-05,
                6.683837897754504e-05,
                5.1054367007367764e-05,
                4.7588010689229496e-05,
                6.384392880426438e-05,
                5.36251240676977e-05,
                4.981204084649106e-05,
                5.909380746242908e-05,
                3.688331401331133e-05,
                5.7443964621913636e-05,
                3.674956742789184e-05,
                3.842338308860653e-05,
                3.824964242468351e-05,
                5.511837691580417e-05,
                3.795629813746985e-05,
                4.815327022094017e-05,
                6.393787871338627e-05,
                5.052965627409481e-05,
                2.8748324320843144e-05,
                2.9679864093023986e-05,
                3.3387224638530864e-05,
                4.5596905538035115e-05,
                3.7255248032746904e-05,
                4.2238824758758106e-05,
                3.877055870239753e-05,
                3.0903773120219013e-05,
                4.339406269560608e-05,
                3.257171620895438e-05,
                2.3858977871458108e-05,
                3.4839848119638975e-05,
                4.013998075452238e-05,
                1.484447852942993e-05,
                2.5714106096503732e-05,
                2.7755342691599345e-05,
                2.824653341197817e-05,
                7.6252455000297696e-06,
                2.111529967346878e-05,
                2.0711859782907412e-05,
                2.884620975336219e-05,
                2.1408936864143354e-05,
                3.390828951786806e-05,
                4.015695634992632e-05,
                2.8695273774843462e-05,
                2.3833297351920956e-05,
                3.611958108259935e-05,
                3.498599540979981e-05,
                3.200190343780979e-05,
                2.688731901171242e-05,
                2.5379184011552173e-05,
                2.992365813853127e-05,
                2.5019657632592766e-05,
                1.4034696864931052e-05,
                2.5312561460821735e-05,
                9.872930420133424e-06,
                2.105735817111665e-05,
                1.9676911616450743e-05,
                2.296283311851468e-06,
                8.86076688480308e-06,
                1.4179427185382062e-05,
                2.2248005011946842e-05,
                1.5358591427404183e-05,
                7.783193742039654e-06,
                2.042344657363952e-05,
                3.0993816739405736e-06,
                2.0024764578333666e-05,
                1.6097282194256964e-05,
                1.6800154675142593e-05,
                8.006592980057319e-06,
                6.433524463591726e-06,
                2.7168688443693634e-06,
                4.282000201487726e-06,
                2.1117994915980516e-06,
                -3.132749046043721e-07,
                6.682456671423638e-07,
                -2.927448531356265e-06,
                1.0738134113719082e-05,
                1.1461863975060237e-06,
                -3.3113912537797744e-06,
                2.5020108534102094e-06,
                4.967806797170002e-07,
                -3.3394754723203635e-06,
                -1.743378302416037e-06,
                -1.237460345504831e-06,
                -2.0473450543635555e-06,
                -4.154984559713837e-06,
                -7.931798468873578e-07,
                1.51705507411887e-06,
                6.209192018190769e-06,
                -4.83854338412029e-06,
                -3.0382313779619014e-06,
                4.03126560356176e-06,
                6.135536687513703e-06,
                8.955479081976209e-07,
                -2.552963501965393e-07,
                2.339292996292028e-06,
                2.6097911809368453e-06,
                3.4920544897155137e-06,
                1.1141497170498118e-06,
                -1.0748539264453939e-06,
                1.0924874853004751e-05,
                2.216384950573757e-06,
                -3.9416913623653224e-06,
                -3.293914437376647e-06,
                4.187493579543807e-06,
                5.4499857953096e-06,
                6.654952466461883e-06,
                -4.560813338212348e-07,
                1.268366585626098e-05,
                1.1037072762339988e-06,
                2.763554275396889e-06,
                4.834688646220803e-06,
                4.5454457832925095e-07,
                -3.844149356053234e-06,
                -5.901888057141995e-06,
                5.160174192664988e-06,
                1.983444214595131e-05,
                9.284795764224736e-07,
                3.04252425283675e-06,
                -7.53209927541664e-06,
                1.0555178347873579e-05,
                2.108489180068027e-06,
                1.1653914882733351e-06,
                7.868164789296661e-06,
                1.9385257965631784e-06,
                -3.608804573897687e-06,
                -7.617603203758851e-07,
                -4.452419778738647e-06,
                1.6872114548248893e-06,
                3.0654886222921225e-07,
                -1.147422269177234e-08,
                -4.673302175662734e-06,
                5.10245998266414e-06,
                2.8325172434196053e-06,
                -5.434014302346531e-06,
                6.441700915443479e-06,
                5.676253006937677e-06,
                1.7843429215406043e-06,
                4.9653473974181476e-06,
                3.7550697822134143e-06,
                1.592974520266681e-06,
                4.741847110192119e-06,
                7.306272723178202e-06,
                4.742566245083403e-06,
                -7.406871835654674e-06,
                -2.7971266746836986e-06,
                1.9717265062415133e-05,
                2.424789815332769e-06,
                -1.76289189205248e-05,
                3.800468455032506e-06,
                -5.462649560724794e-06,
                -5.363552607589287e-06,
                -6.5976678066219685e-06,
                4.548491527972577e-06,
                3.8544276175467914e-07,
                9.664508420245716e-06,
                1.024654531958528e-05,
                -6.5281157334568875e-06,
                -1.3666611985524167e-06,
                2.498591730798611e-06,
                -5.0306863762411855e-06,
                1.7425010606850354e-06,
                1.7141518334195776e-05,
                1.4046841392953204e-05,
                1.1120956866764277e-05,
                -1.280942194100319e-06,
                -8.419386850988867e-07,
                1.2429e-06,
                4.2299e-07,
                3.7931e-06,
                7.6623e-06,
                2.1626e-05,
                1.6897e-05,
                9.8837e-06,
                3.771e-06,
                -2.4831e-06,
                3.067e-05,
                -3.5186e-06,
                3.32e-05,
                -1.0553344643808897e-06,
                1.4264826022344081e-06,
                -1.2190670048296026e-05,
                1.0780649205790933e-05,
                9.14732846505969e-06,
                -7.856181088430149e-06,
                -1.2453356890925506e-05,
                1.4095401308927339e-05,
                -1.5650906223459512e-05,
                -5.278257982930959e-06,
                1.9736062779229744e-05,
                2.5125427486866002e-05
            ],
            "raw_err": [
                1.3437201090697252e-05,
                8.431134681909621e-06,
                5.041413927437091e-06,
                4.1164885549904e-06,
                3.8714456993748025e-06,
                3.764437398978711e-06,
                4.3982264358304785e-06,
                4.018253579285433e-06,
                3.206111113958997e-06,
                3.598893261125292e-06,
                3.1315457909112278e-06,
                3.152955259850011e-06,
                3.2517015572759216e-06,
                4.955336695824034e-06,
                4.111813382354499e-06,
                4.971791021077631e-06,
                8.16760208232553e-06,
                1.060829912118033e-05,
                1.2638211199701655e-05,
                2.9848338745289607e-06,
                3.954072995895882e-06,
                3.940501968221083e-06,
                3.2566164977653268e-06,
                3.2430323526407675e-06,
                3.81666998961607e-06,
                3.565800293559294e-06,
                3.5597101249429246e-06,
                3.3175109604087793e-06,
                3.2976625990294316e-06,
                3.3937174446131303e-06,
                3.061118369836419e-06,
                3.2457992445351683e-06,
                4.53868378063542e-06,
                3.7665678554824895e-06,
                2.9920231853408364e-06,
                5.938342254020489e-06,
                4.037469362890452e-06,
                8.272658900099132e-06,
                3.961978878610662e-06,
                5.203516745329165e-06,
                1.0952471884312219e-05,
                1.3541713404008571e-05,
                1.099430620464384e-05,
                1.021550268483158e-05,
                5.8073197034645504e-06,
                5.8702932806978905e-06,
                4.371766848794763e-06,
                4.155240964438412e-06,
                5.266443984672122e-06,
                4.963320546677789e-06,
                4.5172889977599916e-06,
                4.435271680390881e-06,
                4.262842402158517e-06,
                4.684297551239359e-06,
                3.0969834826551865e-06,
                3.3733965402772787e-06,
                3.345007974822515e-06,
                3.0500581198499184e-06,
                2.990614235768829e-06,
                4.212383880589721e-06,
                4.244878349463975e-06,
                4.303307467237062e-06,
                4.6341961414207356e-06,
                3.9253712730833015e-06,
                4.318690548648248e-06,
                3.6674063767166336e-06,
                3.768825030284944e-06,
                3.315487822600772e-06,
                3.454687700975244e-06,
                5.153312969570666e-06,
                3.1456953960566517e-06,
                3.746052154405238e-06,
                3.33308831230458e-06,
                3.357893824270509e-06,
                3.17351451959216e-06,
                9.29848848547287e-06,
                1.0316681548689217e-05,
                9.133447029335748e-06,
                1.13161067713503e-05,
                7.053073356411597e-06,
                5.78982290638988e-06,
                7.498391380444011e-06,
                5.674164301890383e-06,
                5.933427853476704e-06,
                4.248580684606077e-06,
                4.827320018020822e-06,
                4.382295874724715e-06,
                4.332041621815548e-06,
                5.123092326620386e-06,
                3.6356386390578727e-06,
                4.97164201602578e-06,
                1.626226689620349e-05,
                1.6162151720365027e-05,
                1.0255801129527543e-05,
                1.074491802705655e-05,
                9.023893812555013e-06,
                7.591867843646447e-06,
                6.348626350723431e-06,
                8.951188201257519e-06,
                1.1841118469505895e-05,
                3.3628881962182363e-06,
                3.397938297736135e-06,
                6.836345540149607e-06,
                5.360356146362171e-06,
                6.989595003814491e-06,
                7.487249875994782e-06,
                7.866262779539396e-06,
                7.346814574992146e-06,
                1.0262896831973617e-05,
                1.0345136733115173e-05,
                1.3096918263854877e-05,
                8.40901738585408e-06,
                8.279705962410578e-06,
                9.968539607324283e-06,
                1.1251094002519538e-05,
                4.510812244064669e-06,
                4.325103606467815e-06,
                5.929980442709985e-06,
                5.636777827587644e-06,
                4.204539181812007e-06,
                4.946580411571786e-06,
                4.69664146895392e-06,
                4.618418979383672e-06,
                7.029525321411944e-06,
                4.511755890067876e-06,
                5.7799849257098585e-06,
                6.001101157237585e-06,
                6.823866007599104e-06,
                8.974385354276755e-06,
                4.987679647461411e-06,
                6.141351535980442e-06,
                3.7805489918793955e-06,
                5.507445283248005e-06,
                7.924501188975603e-06,
                5.495240098027418e-06,
                5.565886379115308e-06,
                6.738754412677159e-06,
                5.378279069514797e-06,
                5.6018323620577e-06,
                6.231708735389959e-06,
                1.1540160125310323e-05,
                7.700914912462281e-06,
                8.208850525626533e-06,
                1.0487451211129213e-05,
                1.0133821001640198e-05,
                7.032956692772811e-06,
                7.746021679944629e-06,
                7.744159884695418e-06,
                1.2668434969481821e-05,
                9.282838648922433e-06,
                1.0013328930281478e-05,
                1.0217661833140247e-05,
                1.669340933948623e-05,
                1.459604807158728e-05,
                7.3227825846426455e-06,
                5.455322681539353e-06,
                6.113101967963965e-06,
                4.6903073700067145e-06,
                2.9849816099368175e-06,
                2.9332305377588728e-06,
                5.062454132779727e-06,
                3.350157987902702e-06,
                3.1192591633463625e-06,
                4.167753320524983e-06,
                4.296395143366117e-06,
                3.497883590674241e-06,
                5.3188222536646455e-06,
                8.107427909926572e-06,
                1.5098768691545665e-05,
                6.24280571466101e-06,
                6.431903402441436e-06,
                5.365022385878609e-06,
                3.990290758915575e-06,
                4.08315760676039e-06,
                2.9405508795962782e-06,
                4.73075482372981e-06,
                3.5123821353454418e-06,
                3.5370839603503496e-06,
                3.4613475612127512e-06,
                3.182014805966426e-06,
                3.257091251270547e-06,
                3.4965705654044713e-06,
                3.126006087367431e-06,
                4.430507710382812e-06,
                3.5773157512435907e-06,
                3.3813160653485022e-06,
                3.7345210627527425e-06,
                3.299139452042659e-06,
                5.485080114121721e-06,
                3.835008762814694e-06,
                3.2562782746270706e-06,
                3.0810028353807418e-06,
                3.032293169177386e-06,
                3.4282923849015516e-06,
                3.5669380559590405e-06,
                6.317348797504057e-06,
                3.553676390848777e-06,
                5.805200889449355e-06,
                8.42366625981028e-06,
                7.252094823439866e-06,
                8.554933571438398e-06,
                1.022071595287146e-05,
                1.1418690853601648e-05,
                4.268754892047102e-06,
                3.970448214614766e-06,
                4.2627936387237745e-06,
                6.9393330293683594e-06,
                5.593552801025422e-06,
                3.9394504367989235e-06,
                9.357155094187624e-06,
                7.574716953058918e-06,
                9.847467195260295e-06,
                1.3582456278218658e-05,
                9.717658997544822e-06,
                6.230354767540034e-06,
                6.0762497224669025e-06,
                3.2684258428375215e-06,
                3.7377756177424057e-06,
                3.218111354448891e-06,
                3.443522273335733e-06,
                4.483573172158769e-06,
                3.068196277250636e-06,
                3.6533398223111563e-06,
                2.5821737363423314e-06,
                6.922727560743134e-06,
                2.98792476849018e-06,
                2.8434997962640694e-06,
                4.799981575168224e-06,
                7.236953343080594e-06,
                4.916922030186502e-06,
                5.847885871378767e-06,
                6.134602439813785e-06,
                7.5049004796866274e-06,
                1.1879361985750363e-05,
                7.544677888251419e-06,
                1.293422816041391e-05,
                4.365732842958896e-06,
                7.735274475316188e-06,
                1.0899711376983987e-05,
                1.1540416877069692e-05,
                1.2518043614206894e-05,
                1.2613245082890164e-05,
                1.3107518314528218e-05,
                8.755618062910683e-06,
                8.285242776958526e-06,
                8.178015453405747e-06,
                8.766757257982083e-06,
                9.006772422512806e-06,
                8.667723666940864e-06,
                7.706080886673357e-06,
                9.160372274824813e-06,
                8.643429871581523e-06,
                8.745250040729246e-06,
                1.0925049384930362e-05,
                8.043519074354214e-06,
                7.524873633411668e-06,
                9.429101887339676e-06,
                9.21367679940868e-06,
                1.4115505237364388e-05,
                1.1982286454828436e-05,
                1.2097955036176257e-05,
                1.1336130485663283e-05,
                1.3344310500171723e-05,
                1.0707390234544143e-05,
                9.366686716550381e-06,
                6.004208403666964e-06,
                1.0752378913639448e-05,
                9.25905549294089e-06,
                8.880506391381115e-06,
                6.141688390086034e-06,
                6.067575378325345e-06,
                6.210331028849826e-06,
                6.381714322502036e-06,
                7.055886960069825e-06,
                1.0353347776250486e-05,
                1.971469599828205e-05,
                8.546816834810561e-06,
                6.8174084157527055e-06,
                4.69516336660885e-06,
                5.0453426082158504e-06,
                4.713892415478665e-06,
                4.685287262536171e-06,
                4.016847807140031e-06,
                4.125616790776416e-06,
                4.679105531092215e-06,
                4.036739060092649e-06,
                8.056928532257441e-06,
                4.311228592263846e-06,
                5.7336092950756375e-06,
                4.1949886012512775e-06,
                5.130146941693254e-06,
                5.204490212026697e-06,
                5.223657443626181e-06,
                4.155648742842142e-06,
                4.203216972936369e-06,
                4.542057105389082e-06,
                6.708981389554173e-06,
                6.117553064784177e-06,
                3.90511554967878e-06,
                3.86507205058217e-06,
                4.015044000833412e-06,
                3.935589680221123e-06,
                4.421025403819641e-06,
                3.7062809872810135e-06,
                4.042631953135978e-06,
                3.489404218512135e-06,
                8.402821186959341e-06,
                8.048564133529839e-06,
                9.500961826147116e-06,
                1.0322215587044541e-05,
                1.3931155014454854e-05,
                7.398224450825107e-06,
                6.194776835491162e-06,
                7.251041992001334e-06,
                4.824352706064711e-06,
                4.1266038704380036e-06,
                3.5682541529569947e-06,
                5.248840716416685e-06,
                6.415037834904895e-06,
                4.199271318970719e-06,
                4.444450075524004e-06,
                6.658926784825732e-06,
                3.627475128443466e-06,
                4.107411802557548e-06,
                4.493174796821589e-06,
                6.066615360181192e-06,
                4.641427205453423e-06,
                1.0002434609849508e-05,
                8.185342255321554e-06,
                7.409008509919325e-06,
                6.218474032216874e-06,
                5.867405892164668e-06,
                5.716270358065769e-06,
                5.976292481211235e-06,
                5.7683666551217775e-06,
                6.031746227163106e-06,
                6.534354395595944e-06,
                5.421734884793976e-06,
                5.514238555211762e-06,
                9.743450584875473e-06,
                6.302452209992542e-06,
                9.020810330340358e-06,
                4.56626665747833e-06,
                4.556391401043501e-06,
                6.3031162525585224e-06,
                9.280502447265267e-06,
                6.873352598904248e-06,
                6.761344652569764e-06,
                5.347351368452839e-06,
                6.799771862280645e-06,
                5.502700261651075e-06,
                5.881331372863455e-06,
                5.9917989677037015e-06,
                1.226722116631874e-05,
                1.3268344201484608e-05,
                4.924419160147966e-06,
                5.72958297810668e-06,
                6.2861830772178115e-06,
                1.0113532736031002e-05,
                1.0964285989760493e-05,
                9.835989355283716e-06,
                1.1029994527706454e-05,
                4.329990913873753e-06,
                3.6092764323932507e-06,
                1.2146268955942277e-05,
                4.7771849821767645e-06,
                4.094751192035708e-06,
                4.834175103194454e-06,
                3.961699974482902e-06,
                6.901909830368775e-06,
                3.4522378830170377e-06,
                8.018954675830666e-06,
                6.326570091855839e-06,
                4.0925492079421425e-06,
                3.2136401929383276e-06,
                3.297593224987057e-06,
                2.9665545314367776e-06,
                2.608138183900416e-06,
                3.1467181876560354e-06,
                8.799420087446574e-06,
                7.935936660336365e-06,
                8.571794585047502e-06,
                8.620640656182514e-06,
                7.610559736677235e-06,
                7.978449859100384e-06,
                4.682502933001489e-06,
                5.184916039512884e-06,
                4.405683626114697e-06,
                4.091853220098274e-06,
                5.037768095992194e-06,
                4.033555348646573e-06,
                4.224482859929124e-06,
                3.5988995439679762e-06,
                7.736646275005595e-06,
                1.0498945617838478e-05,
                5.643239650760056e-06,
                4.515082510080898e-06,
                4.3198498895600215e-06,
                5.114366446967066e-06,
                4.342850603803891e-06,
                3.5388318625222315e-06,
                7.3519424357469956e-06,
                3.581150523597425e-06,
                6.128733753372775e-06,
                4.060287942939949e-06,
                7.303699580682741e-06,
                6.985617602319961e-06,
                1.3237095190804729e-05,
                6.992898792087091e-06,
                6.5324862182815295e-06,
                7.144374683870682e-06,
                6.356483613686251e-06,
                8.199936477839113e-06,
                1.5158900846352632e-05,
                6.3951313944816815e-06,
                5.354669766494522e-06,
                3.7836345432488576e-06,
                4.592678567470535e-06,
                4.678840410446007e-06,
                5.500968146484209e-06,
                8.224257431196678e-06,
                3.671487269368601e-06,
                3.349653722758834e-06,
                4.556571380200118e-06,
                3.4016366831357014e-06,
                5.096146398743441e-06,
                8.83061599434507e-06,
                6.817883881839958e-06,
                5.7944495368840755e-06,
                5.539846203837546e-06,
                4.264562301648758e-06,
                4.283429488229156e-06,
                6.86269592254219e-06,
                1.1661029662452762e-05,
                1.2759769712194194e-05,
                6.938821585278669e-06,
                4.748435055807988e-06,
                5.460662356046262e-06,
                5.661414156149648e-06,
                1.0949507480901694e-05,
                1.097800412933538e-05,
                8.15367368275184e-06,
                8.042568699498154e-06,
                5.923614678040771e-06,
                4.819103802426311e-06,
                5.024336024821111e-06,
                4.201049939225715e-06,
                5.692858494696083e-06,
                1.3094217830816389e-05,
                8.250858379568165e-06,
                6.5824576874225055e-06,
                4.553226307640478e-06,
                5.5081347713064776e-06,
                1.2179459671225783e-05,
                1.30891738798362e-05,
                1.5997756714670247e-05,
                1.1766067910914551e-05,
                6.461733739417842e-06,
                9.086599259818969e-06,
                5.18326002620304e-06,
                3.8481e-06,
                2.5556e-06,
                3.3689e-06,
                4.839e-06,
                7.4172e-06,
                7.8521e-06,
                1.8573e-05,
                1.3317e-05,
                1.3444e-05,
                4.3786e-05,
                3.0954e-05,
                3.1581e-05,
                9.863974415593912e-06,
                1.158391963076048e-05,
                1.0945316223688995e-05,
                1.0801648198538922e-05,
                1.0034848245139465e-05,
                1.4012381533171915e-05,
                2.2382478891324545e-05,
                2.6129008259348202e-05,
                2.0183295900802744e-05,
                2.2243973963009466e-05,
                2.410745139113695e-05,
                3.203929531551185e-05
            ],
            "raw_units": "Jy",
            "date": [
                "59066.40114580002",
                "59066.47987269983",
                "59073.41908559995",
                "59073.45943289995",
                "59075.45399310021",
                "59076.418587999884",
                "59076.461041700095",
                "59076.49370370014",
                "59077.43368060002",
                "59084.393101899885",
                "59085.425173600204",
                "59086.41806709999",
                "59086.46215280006",
                "59089.375115700066",
                "59089.4166203998",
                "59090.38831020007",
                "59091.37059029983",
                "59092.36572920019",
                "59099.397986100055",
                "59112.40604169993",
                "59113.33940970013",
                "59113.35106479982",
                "59113.3853703998",
                "59114.402384299785",
                "59115.3511458002",
                "59115.380069400184",
                "59115.4193171002",
                "59116.308298599906",
                "59116.38021990005",
                "59116.40416669985",
                "59117.331423600204",
                "59117.38481480023",
                "59118.29857640015",
                "59118.33547449997",
                "59118.440787000116",
                "59119.35700230021",
                "59119.37844910007",
                "59120.338784699794",
                "59120.45725690015",
                "59120.49767359998",
                "59121.33260420011",
                "59122.3368286998",
                "59128.318946800195",
                "59128.38707179995",
                "59129.26976849977",
                "59129.35753470007",
                "59130.29807869997",
                "59130.29900459992",
                "59130.36576389987",
                "59130.36668979982",
                "59134.27543980023",
                "59134.27636570018",
                "59134.31853009993",
                "59134.321330999956",
                "59135.29361109994",
                "59135.38929399988",
                "59136.33255789988",
                "59136.34863429982",
                "59136.34957179986",
                "59137.344467599876",
                "59138.31917819986",
                "59138.321053199936",
                "59138.361817100085",
                "59138.370231499895",
                "59139.3030208",
                "59140.264305599965",
                "59140.26619210001",
                "59140.29449070012",
                "59140.29542820016",
                "59141.2916898001",
                "59141.304166700225",
                "59141.3454167",
                "59142.38427079981",
                "59142.38520829985",
                "59144.235046300106",
                "59149.33936339989",
                "59149.41060189996",
                "59150.27552080015",
                "59150.39579859981",
                "59156.27780089993",
                "59158.21249999991",
                "59158.28733799979",
                "59164.270138899796",
                "59164.28046299983",
                "59167.22572920006",
                "59167.25341439992",
                "59169.20718749985",
                "59169.2488425998",
                "59172.149664400145",
                "59172.23697920004",
                "59173.26417820016",
                "59181.11874999991",
                "59181.16960649984",
                "59182.27980320016",
                "59183.10664349981",
                "59185.17311340012",
                "59185.21200230019",
                "59187.22910880018",
                "59187.253275500145",
                "59187.298472200055",
                "59195.18312499998",
                "59195.19540510001",
                "59198.17105320003",
                "59202.168807900045",
                "59202.26998839993",
                "59203.161620399915",
                "59204.1474768999",
                "59204.23675929988",
                "59210.1926851999",
                "59210.19362269994",
                "59211.1065508998",
                "59211.1488194",
                "59211.18766199984",
                "59215.14288190007",
                "59215.18659720011",
                "59216.12990739988",
                "59216.13131939992",
                "59218.10856480012",
                "59218.10997689981",
                "59219.18260420021",
                "59219.19365740009",
                "59220.125231499784",
                "59220.15447920002",
                "59223.19621529989",
                "59224.122546299826",
                "59224.16405089991",
                "59226.10921300016",
                "59226.12905090023",
                "59229.149513899814",
                "59230.10912040016",
                "59230.16420139978",
                "59232.12962959986",
                "59248.122233800124",
                "59250.14608799992",
                "59252.13098380016",
                "59252.15076390002",
                "59253.12855320005",
                "59254.15165509982",
                "59256.13107640017",
                "59256.151157400105",
                "59263.12177080009",
                "59264.11886569997",
                "59264.1218634001",
                "59264.124849500135",
                "59264.12783560017",
                "59265.12184030004",
                "59265.124826400075",
                "59265.12781250011",
                "59267.12006939994",
                "59267.123055600096",
                "59267.126030100044",
                "59267.12900459999",
                "59273.11407409981",
                "59395.45916670002",
                "59427.40202549985",
                "59427.44127310021",
                "59427.46576389996",
                "59429.439652800094",
                "59434.457893500105",
                "59434.462187500205",
                "59435.44460650021",
                "59436.43980319984",
                "59436.46333329985",
                "59439.46563659981",
                "59442.42659719987",
                "59442.46511569992",
                "59443.42710650014",
                "59446.39846060006",
                "59450.46813660022",
                "59454.384386599995",
                "59454.3853356",
                "59454.43766199984",
                "59458.36063659983",
                "59458.361574099865",
                "59459.39016199997",
                "59459.40104170004",
                "59459.43721059989",
                "59460.35958330007",
                "59460.36052080011",
                "59460.40687499987",
                "59460.407824099995",
                "59461.436782400124",
                "59462.416840299964",
                "59462.451481500175",
                "59462.46965279989",
                "59462.47059029993",
                "59464.41420139978",
                "59464.44076390006",
                "59465.38776620012",
                "59466.37710649986",
                "59466.40052080015",
                "59468.37788189994",
                "59468.422395799775",
                "59470.377222199924",
                "59470.40165509982",
                "59471.415289400145",
                "59472.43656249996",
                "59474.378645800054",
                "59476.38694440015",
                "59476.421122699976",
                "59476.478437500075",
                "59483.31547449995",
                "59486.330347199924",
                "59488.33077549981",
                "59488.37902780017",
                "59490.3129166998",
                "59496.342997699976",
                "59497.42627310008",
                "59501.404027800076",
                "59503.20496529993",
                "59503.29722219985",
                "59503.34230320016",
                "59505.21062499983",
                "59505.29509259993",
                "59511.26062500011",
                "59512.25165509991",
                "59517.274814799894",
                "59520.270161999855",
                "59520.294305600226",
                "59522.265104200225",
                "59522.27625000011",
                "59522.296354200225",
                "59524.248148099985",
                "59524.3176851999",
                "59525.17702550022",
                "59526.2546759001",
                "59526.31706020003",
                "59529.26571760001",
                "59529.27406249987",
                "59529.3365162001",
                "59531.24444440007",
                "59531.3353587999",
                "59532.148287000135",
                "59538.19761569984",
                "59538.255370399915",
                "59540.28408560017",
                "59542.178090299945",
                "59542.2801620001",
                "59622.136423599906",
                "59627.12266199989",
                "59627.125671300106",
                "59627.12866900023",
                "59627.13167819986",
                "59628.11575229978",
                "59628.118784700055",
                "59628.12182869995",
                "59628.124849500135",
                "59628.12787039997",
                "59629.11879630014",
                "59629.12178240018",
                "59629.12478009984",
                "59629.127777799964",
                "59629.13077550009",
                "59630.11868060008",
                "59630.121724499855",
                "59630.12474540016",
                "59630.127777799964",
                "59630.13079860015",
                "59639.11210650019",
                "59639.11457179999",
                "59639.117037000135",
                "59639.11950229993",
                "59640.112673600204",
                "59640.1176041998",
                "59640.12006939994",
                "59769.42244210001",
                "59773.429513900075",
                "59773.459351900034",
                "59776.44741899986",
                "59784.47136570001",
                "59788.435069399886",
                "59788.4598842999",
                "59793.473286999855",
                "59796.475544000044",
                "59800.38106480008",
                "59804.41848379979",
                "59809.4243981",
                "59809.47001159983",
                "59812.40710650012",
                "59812.42936340021",
                "59814.46064809989",
                "59816.458171300124",
                "59818.41864580009",
                "59818.46442130022",
                "59821.419930600096",
                "59821.46921300003",
                "59823.396261599846",
                "59824.392800900154",
                "59827.3995949002",
                "59828.45184030011",
                "59828.46155089978",
                "59839.350567100104",
                "59839.398842600174",
                "59841.36246530013",
                "59841.426921300124",
                "59843.35793979978",
                "59843.481678199954",
                "59846.335787000135",
                "59846.37408560002",
                "59846.412812499795",
                "59848.349421299994",
                "59848.37293979991",
                "59850.33707180014",
                "59850.39348379988",
                "59852.31856480008",
                "59855.367314800154",
                "59859.32430560002",
                "59859.45774309989",
                "59860.35578700015",
                "59864.330891199876",
                "59864.3799883998",
                "59866.320787000004",
                "59866.33722219989",
                "59870.27368059987",
                "59872.35739579983",
                "59874.21362269996",
                "59874.316342600156",
                "59877.27509259991",
                "59877.31593749998",
                "59877.33625000017",
                "59879.33185190009",
                "59880.299895800184",
                "59881.28693290008",
                "59881.33763890015",
                "59883.23175929999",
                "59883.27638889989",
                "59883.31104170019",
                "59887.23034719983",
                "59894.27462959988",
                "59895.25373840006",
                "59896.233379600104",
                "59896.25635420019",
                "59897.23462959984",
                "59898.336342600174",
                "59901.209340299945",
                "59901.2118286998",
                "59901.319513900205",
                "59903.20287040016",
                "59903.21430560015",
                "59904.35974540003",
                "59907.186504600104",
                "59907.19122690009",
                "59910.175451400224",
                "59910.22886569984",
                "59913.25314809987",
                "59922.15040510008",
                "59922.20894679986",
                "59924.1941550998",
                "59930.211736099795",
                "59930.27598380018",
                "59933.14935189998",
                "59933.19047449995",
                "59936.16347219981",
                "59951.19356480008",
                "59951.23462959984",
                "59958.132696799934",
                "59968.12248839997",
                "59968.15283560008",
                "59980.09918980021",
                "59982.11594909988",
                "59984.099664399866",
                "59993.122534700204",
                "60144.44047449995",
                "60149.45342590008",
                "60160.39868059987",
                "60165.467175900005",
                "60171.39484950015",
                "60181.37962959986",
                "60183.443090300076",
                "60183.51471060002",
                "60185.4791898001",
                "60191.3659144002",
                "60193.372233800124",
                "60196.3764698999",
                "60200.48099539988",
                "60202.47931709979",
                "60205.33944439981",
                "60207.421203699894",
                "60211.38560190005",
                "60213.3664119998",
                "60215.356921299826",
                "60220.3198032002",
                "60220.38267360022",
                "60222.323877300136",
                "60222.42180560017",
                "60224.28940969985",
                "60224.3980208002",
                "60230.386724499986",
                "60232.23428239999",
                "60232.29733800003",
                "60234.35037040012",
                "60236.27769679995",
                "60238.26743059978",
                "60241.35340279993",
                "60249.298182900064",
                "60251.25287039997",
                "60253.21957179997",
                "60255.20032409998",
                "60258.32601850014",
                "60260.233356500044",
                "60262.22101850016",
                "60268.190798600204",
                "60285.22776619997",
                "60288.19221059978",
                "60290.244259300176",
                "60295.12972219987",
                "60295.28103009984",
                "60305.17513890006",
                "60315.15908560017",
                "60315.16846060008",
                "60324.149803199805",
                "60340.1200116002",
                "60351.12815969996",
                "60514.44487270014",
                "60519.46034719981",
                "60521.477511600126",
                "60525.44305559993",
                "60528.443784699775",
                "60530.41454860009",
                "60539.4210994998",
                "60547.342997699976",
                "60551.42196760001",
                "60554.47653939994",
                "60559.362222199794",
                "60565.34563660016",
                "60568.419953700155",
                "60575.39988429984",
                "60576.33726850012",
                "60577.35844910005",
                "60580.5061805998",
                "60592.35734950006",
                "60594.31572919991",
                "60596.305370400194",
                "60598.26907410007",
                "60602.33527779998",
                "60604.294097200036",
                "60610.27284719981",
                "60622.27986110002",
                "60624.34011569992",
                "60626.1873031999",
                "60626.21461809985",
                "60632.29770829994",
                "60634.32778939977",
                "60635.29947920004",
                "60637.227314800024",
                "60647.23228010023",
                "60650.18707180023",
                "60652.10931710014",
                "60661.192615699954",
                "60663.23236110015",
                "60672.14435190009",
                "60674.121377300005",
                "60679.20768520003",
                "60684.19515050016",
                "60686.152349499986",
                "60688.19499999983",
                "60692.218981499784",
                "60694.12798610004",
                "60698.12944439985",
                "60706.10932870023",
                "60460.986329",
                "60465.782132",
                "60651.395061",
                "60465.786895",
                "60651.397276",
                "60651.392454",
                "60460.9839",
                "60465.778106",
                "60651.393237",
                "60460.984618",
                "60465.779268",
                "60651.393773",
                "59570.898840365",
                "59774.20706454",
                "59935.163615405",
                "60141.29622751",
                "60302.048378474996",
                "60505.75457427",
                "59570.898840365",
                "59774.20706454",
                "59935.163615405",
                "60141.29622751",
                "60302.048378474996",
                "60505.75457427"
            ],
            "date_format": "mjd",
            "filter_key": [
                "g.ztf",
                "r.ztf",
                "g.ztf",
                "r.ztf",
                "g.ztf",
                "r.ztf",
                "g.ztf",
                "g.ztf",
                "g.ztf",
                "g.ztf",
                "g.ztf",
                "r.ztf",
                "g.ztf",
                "g.ztf",
                "g.ztf",
                "g.ztf",
                "g.ztf",
                "g.ztf",
                "g.ztf",
                "r.ztf",
                "r.ztf",
                "r.ztf",
                "g.ztf",
                "r.ztf",
                "r.ztf",
                "r.ztf",
                "g.ztf",
                "g.ztf",
                "r.ztf",
                "r.ztf",
                "g.ztf",
                "r.ztf",
                "r.ztf",
                "r.ztf",
                "g.ztf",
                "g.ztf",
                "r.ztf",
                "g.ztf",
                "g.ztf",
                "r.ztf",
                "g.ztf",
                "g.ztf",
                "g.ztf",
                "r.ztf",
                "r.ztf",
                "g.ztf",
                "r.ztf",
                "r.ztf",
                "g.ztf",
                "g.ztf",
                "g.ztf",
                "g.ztf",
                "r.ztf",
                "r.ztf",
                "g.ztf",
                "r.ztf",
                "r.ztf",
                "g.ztf",
                "g.ztf",
                "r.ztf",
                "r.ztf",
                "r.ztf",
                "g.ztf",
                "g.ztf",
                "r.ztf",
                "r.ztf",
                "r.ztf",
                "g.ztf",
                "g.ztf",
                "i.ztf",
                "g.ztf",
                "r.ztf",
                "g.ztf",
                "g.ztf",
                "r.ztf",
                "r.ztf",
                "g.ztf",
                "r.ztf",
                "g.ztf",
                "r.ztf",
                "r.ztf",
                "g.ztf",
                "g.ztf",
                "r.ztf",
                "r.ztf",
                "g.ztf",
                "r.ztf",
                "g.ztf",
                "r.ztf",
                "g.ztf",
                "i.ztf",
                "r.ztf",
                "g.ztf",
                "i.ztf",
                "r.ztf",
                "g.ztf",
                "r.ztf",
                "r.ztf",
                "i.ztf",
                "g.ztf",
                "g.ztf",
                "r.ztf",
                "g.ztf",
                "g.ztf",
                "r.ztf",
                "i.ztf",
                "r.ztf",
                "g.ztf",
                "g.ztf",
                "g.ztf",
                "g.ztf",
                "r.ztf",
                "i.ztf",
                "g.ztf",
                "r.ztf",
                "g.ztf",
                "g.ztf",
                "g.ztf",
                "g.ztf",
                "r.ztf",
                "g.ztf",
                "r.ztf",
                "g.ztf",
                "i.ztf",
                "r.ztf",
                "g.ztf",
                "r.ztf",
                "i.ztf",
                "i.ztf",
                "r.ztf",
                "g.ztf",
                "r.ztf",
                "r.ztf",
                "g.ztf",
                "g.ztf",
                "r.ztf",
                "i.ztf",
                "r.ztf",
                "g.ztf",
                "r.ztf",
                "r.ztf",
                "r.ztf",
                "r.ztf",
                "r.ztf",
                "r.ztf",
                "r.ztf",
                "r.ztf",
                "r.ztf",
                "r.ztf",
                "r.ztf",
                "r.ztf",
                "r.ztf",
                "r.ztf",
                "i.ztf",
                "i.ztf",
                "r.ztf",
                "g.ztf",
                "g.ztf",
                "g.ztf",
                "r.ztf",
                "i.ztf",
                "g.ztf",
                "r.ztf",
                "r.ztf",
                "r.ztf",
                "g.ztf",
                "i.ztf",
                "r.ztf",
                "i.ztf",
                "g.ztf",
                "g.ztf",
                "r.ztf",
                "r.ztf",
                "r.ztf",
                "r.ztf",
                "i.ztf",
                "g.ztf",
                "r.ztf",
                "r.ztf",
                "g.ztf",
                "g.ztf",
                "g.ztf",
                "r.ztf",
                "i.ztf",
                "g.ztf",
                "g.ztf",
                "r.ztf",
                "g.ztf",
                "i.ztf",
                "r.ztf",
                "g.ztf",
                "r.ztf",
                "g.ztf",
                "g.ztf",
                "r.ztf",
                "i.ztf",
                "g.ztf",
                "g.ztf",
                "i.ztf",
                "r.ztf",
                "g.ztf",
                "i.ztf",
                "i.ztf",
                "r.ztf",
                "g.ztf",
                "r.ztf",
                "i.ztf",
                "r.ztf",
                "g.ztf",
                "i.ztf",
                "r.ztf",
                "g.ztf",
                "g.ztf",
                "r.ztf",
                "r.ztf",
                "i.ztf",
                "r.ztf",
                "r.ztf",
                "g.ztf",
                "g.ztf",
                "i.ztf",
                "r.ztf",
                "r.ztf",
                "g.ztf",
                "i.ztf",
                "r.ztf",
                "g.ztf",
                "g.ztf",
                "i.ztf",
                "r.ztf",
                "r.ztf",
                "g.ztf",
                "i.ztf",
                "g.ztf",
                "r.ztf",
                "i.ztf",
                "r.ztf",
                "g.ztf",
                "g.ztf",
                "r.ztf",
                "r.ztf",
                "r.ztf",
                "r.ztf",
                "r.ztf",
                "r.ztf",
                "r.ztf",
                "r.ztf",
                "r.ztf",
                "r.ztf",
                "r.ztf",
                "r.ztf",
                "r.ztf",
                "r.ztf",
                "r.ztf",
                "r.ztf",
                "r.ztf",
                "r.ztf",
                "r.ztf",
                "r.ztf",
                "r.ztf",
                "r.ztf",
                "r.ztf",
                "r.ztf",
                "r.ztf",
                "r.ztf",
                "g.ztf",
                "r.ztf",
                "r.ztf",
                "r.ztf",
                "g.ztf",
                "r.ztf",
                "g.ztf",
                "g.ztf",
                "g.ztf",
                "g.ztf",
                "i.ztf",
                "g.ztf",
                "r.ztf",
                "r.ztf",
                "g.ztf",
                "r.ztf",
                "g.ztf",
                "r.ztf",
                "g.ztf",
                "g.ztf",
                "r.ztf",
                "i.ztf",
                "r.ztf",
                "i.ztf",
                "r.ztf",
                "g.ztf",
                "g.ztf",
                "g.ztf",
                "g.ztf",
                "g.ztf",
                "g.ztf",
                "i.ztf",
                "i.ztf",
                "g.ztf",
                "r.ztf",
                "r.ztf",
                "g.ztf",
                "r.ztf",
                "g.ztf",
                "r.ztf",
                "g.ztf",
                "r.ztf",
                "g.ztf",
                "i.ztf",
                "r.ztf",
                "g.ztf",
                "g.ztf",
                "r.ztf",
                "i.ztf",
                "r.ztf",
                "g.ztf",
                "r.ztf",
                "g.ztf",
                "i.ztf",
                "r.ztf",
                "g.ztf",
                "i.ztf",
                "r.ztf",
                "g.ztf",
                "g.ztf",
                "i.ztf",
                "r.ztf",
                "i.ztf",
                "r.ztf",
                "i.ztf",
                "g.ztf",
                "r.ztf",
                "g.ztf",
                "i.ztf",
                "r.ztf",
                "g.ztf",
                "i.ztf",
                "r.ztf",
                "g.ztf",
                "i.ztf",
                "r.ztf",
                "i.ztf",
                "r.ztf",
                "g.ztf",
                "r.ztf",
                "g.ztf",
                "r.ztf",
                "g.ztf",
                "g.ztf",
                "r.ztf",
                "r.ztf",
                "g.ztf",
                "r.ztf",
                "g.ztf",
                "r.ztf",
                "r.ztf",
                "g.ztf",
                "r.ztf",
                "g.ztf",
                "g.ztf",
                "g.ztf",
                "r.ztf",
                "g.ztf",
                "g.ztf",
                "g.ztf",
                "g.ztf",
                "g.ztf",
                "g.ztf",
                "g.ztf",
                "r.ztf",
                "g.ztf",
                "r.ztf",
                "g.ztf",
                "g.ztf",
                "g.ztf",
                "g.ztf",
                "g.ztf",
                "g.ztf",
                "g.ztf",
                "g.ztf",
                "r.ztf",
                "r.ztf",
                "g.ztf",
                "r.ztf",
                "g.ztf",
                "g.ztf",
                "r.ztf",
                "g.ztf",
                "g.ztf",
                "r.ztf",
                "g.ztf",
                "g.ztf",
                "g.ztf",
                "g.ztf",
                "g.ztf",
                "g.ztf",
                "g.ztf",
                "g.ztf",
                "g.ztf",
                "g.ztf",
                "g.ztf",
                "r.ztf",
                "g.ztf",
                "r.ztf",
                "g.ztf",
                "g.ztf",
                "r.ztf",
                "g.ztf",
                "r.ztf",
                "r.ztf",
                "g.ztf",
                "g.ztf",
                "g.ztf",
                "g.ztf",
                "g.ztf",
                "g.ztf",
                "g.ztf",
                "g.ztf",
                "g.ztf",
                "g.ztf",
                "g.ztf",
                "g.ztf",
                "g.ztf",
                "g.ztf",
                "g.ztf",
                "g.ztf",
                "g.ztf",
                "g.ztf",
                "g.ztf",
                "g.ztf",
                "g.ztf",
                "g.ztf",
                "g.ztf",
                "g.ztf",
                "r.ztf",
                "g.ztf",
                "g.ztf",
                "g.ztf",
                "g.ztf",
                "r.ztf",
                "g.ztf",
                "g.ztf",
                "g.ztf",
                "g.ztf",
                "g.ztf",
                "g.ztf",
                "g.ztf",
                "g.ztf",
                "g.ztf",
                "g.ztf",
                "g.ztf",
                "g.ztf",
                "g.ztf",
                "r.ztf",
                "g.ztf",
                "g.ztf",
                "g.ztf",
                "g.ztf",
                "g.ztf",
                "g.ztf",
                "UVW2.uvot",
                "UVW2.uvot",
                "UVW2.uvot",
                "UVM2.uvot",
                "UVM2.uvot",
                "UVW1.uvot",
                "U.uvot",
                "U.uvot",
                "U.uvot",
                "B.uvot",
                "B.uvot",
                "B.uvot",
                "W1.wise",
                "W1.wise",
                "W1.wise",
                "W1.wise",
                "W1.wise",
                "W1.wise",
                "W2.wise",
                "W2.wise",
                "W2.wise",
                "W2.wise",
                "W2.wise",
                "W2.wise"
            ],
            "obs_type": "uvoir",
            "reference": [
                "2022TNSCR2892....1Y",
                "2024MNRAS.527.2452M"
            ],
            "upperlimit": [
                true,
                true,
                true,
                true,
                true,
                true,
                true,
                true,
                true,
                true,
                true,
                true,
                true,
                true,
                true,
                true,
                true,
                true,
                true,
                true,
                true,
                true,
                true,
                true,
                true,
                true,
                true,
                true,
                true,
                true,
                true,
                true,
                true,
                true,
                true,
                true,
                true,
                true,
                true,
                true,
                true,
                true,
                true,
                true,
                true,
                true,
                true,
                true,
                true,
                true,
                true,
                true,
                true,
                true,
                true,
                true,
                true,
                true,
                true,
                true,
                true,
                true,
                true,
                true,
                true,
                true,
                true,
                true,
                true,
                true,
                true,
                true,
                true,
                true,
                true,
                true,
                true,
                true,
                true,
                true,
                true,
                true,
                true,
                true,
                true,
                true,
                true,
                true,
                true,
                true,
                true,
                true,
                true,
                true,
                true,
                true,
                true,
                true,
                true,
                true,
                true,
                true,
                true,
                true,
                true,
                true,
                true,
                true,
                true,
                true,
                true,
                true,
                true,
                true,
                true,
                true,
                true,
                true,
                true,
                true,
                true,
                true,
                true,
                true,
                true,
                true,
                true,
                true,
                true,
                true,
                true,
                true,
                true,
                true,
                true,
                true,
                true,
                true,
                true,
                true,
                true,
                true,
                true,
                true,
                true,
                true,
                true,
                true,
                true,
                true,
                true,
                true,
                true,
                true,
                true,
                true,
                true,
                true,
                true,
                true,
                true,
                true,
                true,
                true,
                true,
                true,
                true,
                true,
                true,
                true,
                true,
                true,
                true,
                true,
                true,
                true,
                true,
                true,
                true,
                true,
                true,
                true,
                true,
                true,
                true,
                true,
                true,
                true,
                true,
                true,
                true,
                true,
                true,
                true,
                true,
                true,
                true,
                true,
                true,
                true,
                true,
                true,
                true,
                true,
                true,
                true,
                true,
                true,
                true,
                true,
                true,
                true,
                true,
                true,
                true,
                true,
                true,
                true,
                true,
                true,
                true,
                true,
                true,
                true,
                true,
                true,
                true,
                true,
                true,
                true,
                true,
                true,
                true,
                true,
                true,
                true,
                true,
                true,
                true,
                true,
                true,
                true,
                true,
                true,
                true,
                true,
                true,
                true,
                true,
                true,
                true,
                true,
                true,
                true,
                true,
                true,
                true,
                true,
                true,
                true,
                true,
                true,
                true,
                true,
                true,
                true,
                true,
                true,
                true,
                false,
                false,
                false,
                false,
                false,
                false,
                false,
                false,
                false,
                false,
                false,
                false,
                false,
                false,
                false,
                false,
                false,
                false,
                false,
                false,
                false,
                false,
                false,
                false,
                false,
                false,
                false,
                false,
                false,
                false,
                false,
                false,
                false,
                false,
                false,
                false,
                false,
                false,
                false,
                false,
                false,
                false,
                false,
                false,
                false,
                false,
                false,
                false,
                false,
                false,
                false,
                false,
                false,
                false,
                false,
                false,
                true,
                false,
                true,
                false,
                true,
                false,
                false,
                false,
                false,
                false,
                false,
                false,
                false,
                false,
                false,
                false,
                true,
                false,
                false,
                false,
                true,
                false,
                true,
                false,
                true,
                true,
                true,
                true,
                true,
                true,
                true,
                false,
                true,
                true,
                true,
                true,
                true,
                true,
                true,
                true,
                true,
                true,
                true,
                true,
                true,
                true,
                true,
                true,
                true,
                true,
                true,
                true,
                true,
                true,
                true,
                true,
                true,
                true,
                true,
                true,
                true,
                true,
                true,
                true,
                true,
                true,
                true,
                true,
                true,
                true,
                true,
                true,
                true,
                true,
                true,
                true,
                true,
                true,
                true,
                true,
                true,
                true,
                true,
                true,
                false,
                true,
                true,
                true,
                true,
                true,
                true,
                true,
                true,
                true,
                true,
                true,
                true,
                true,
                true,
                true,
                true,
                true,
                true,
                true,
                true,
                true,
                true,
                true,
                true,
                true,
                true,
                true,
                true,
                true,
                true,
                true,
                true,
                true,
                true,
                true,
                true,
                true,
                true,
                true,
                true,
                true,
                true,
                true,
                true,
                true,
                true,
                true,
                true,
                true,
                true,
                true,
                true,
                true,
                true,
                true,
                true,
                true,
                true,
                true,
                true,
                true,
                true,
                true,
                true,
                true,
                true,
                true,
                true,
                true,
                true,
                true,
                true,
                true,
                true
            ],
            "corr_k": false,
            "corr_s": false,
            "corr_av": false,
            "corr_host": false,
            "corr_hostav": false,
            "val_av": 0.0650971004710098
        }
    ]
}