{
    "_key": "884969",
    "_id": "transients/884969",
    "_rev": "_j6ZA2Ti---",
    "classification": {
        "spec_classed": 0,
        "unambiguous": true,
        "value": [
            {
                "object_class": "TDE",
                "confidence": 1,
                "reference": [
                    "2014ApJ...792L..29M",
                    "2017ApJ...835...64G",
                    "2017ApJ...838..149A",
                    "2023PASP..135c4101G"
                ],
                "default": true
            }
        ],
        "discovery_method": "xray"
    },
    "coordinate": [
        {
            "ra": "11:47:26.80",
            "dec": "+49:42:59.00",
            "ra_units": "hour",
            "dec_units": "deg",
            "reference": [
                "2017ApJ...838..149A"
            ],
            "coordinate_type": "equatorial"
        }
    ],
    "distance": [
        {
            "value": "0.026",
            "distance_type": "redshift",
            "reference": [
                "2014ApJ...792L..29M",
                "2017ApJ...838..149A",
                "2023PASP..135c4101G"
            ],
            "default": true
        },
        {
            "value": "110",
            "distance_type": "comoving",
            "unit": "Mpc",
            "reference": [
                "2014ApJ...792L..29M",
                "2016A&A...594A..13P",
                "2017ApJ...835...64G",
                "2017ApJ...838..149A"
            ],
            "default": true
        },
        {
            "value": "120",
            "distance_type": "luminosity",
            "unit": "Mpc",
            "reference": [
                "2014ApJ...792L..29M",
                "2016A&A...594A..13P",
                "2017ApJ...835...64G",
                "2017ApJ...838..149A"
            ],
            "default": true
        }
    ],
    "date_reference": [
        {
            "value": "1990-11-05",
            "date_format": "iso",
            "date_type": "discovery",
            "reference": [
                "2017ApJ...835...64G",
                "2017ApJ...838..149A"
            ],
            "default": false
        },
        {
            "value": "1990-11-05 ",
            "date_format": "iso",
            "date_type": "discovery",
            "reference": [
                "2014ApJ...792L..29M",
                "2017ApJ...838..149A",
                "2023PASP..135c4101G"
            ],
            "default": true
        }
    ],
    "schema_version": {
        "comment": "Copied from tde.space;",
        "comments": "From Goldtooth et al. (2023)",
        "value": 0
    },
    "name": {
        "alias": [
            {
                "value": "RBS 1032",
                "reference": [
                    "2017ApJ...838..149A",
                    "2023PASP..135c4101G"
                ]
            }
        ],
        "default_name": "RBS 1032"
    },
    "reference_alias": [
        {
            "name": "2017ApJ...838..149A",
            "human_readable_name": "Auchettl, Guillochon, & Ramirez-Ruiz (2017)"
        },
        {
            "name": "2016A&A...594A..13P",
            "human_readable_name": "Planck Collaboration et al. (2016)"
        },
        {
            "name": "2014ApJ...792L..29M",
            "human_readable_name": "Maksym, Lin, & Irwin (2014)"
        },
        {
            "name": "2017ApJ...835...64G",
            "human_readable_name": "Guillochon et al. (2017)"
        },
        {
            "name": "2023PASP..135c4101G",
            "human_readable_name": "Goldtooth, Aaron et al. (2023)"
        }
    ],
    "filter_alias": [
        {
            "filter_key": "0.3 - 2.0",
            "wave_eff": 0.7293188143129428,
            "wave_min": 0.6199209921660013,
            "wave_max": 4.132806614440009,
            "wave_units": "nm",
            "filter_name": "0.3 - 2.0"
        }
    ],
    "photometry": [
        {
            "raw": [
                0.319,
                0.224,
                0.128
            ],
            "raw_err": [
                0.03366,
                0.01069,
                0.00706
            ],
            "raw_units": [
                "ct",
                "ct",
                "ct"
            ],
            "value": [
                3.28e-13,
                1.23e-13,
                1.81e-13
            ],
            "value_units": [
                "ergs/cm^2/s",
                "ergs/cm^2/s",
                "ergs/cm^2/s"
            ],
            "filter_key": [
                "0.3 - 2.0",
                "0.3 - 2.0",
                "0.3 - 2.0"
            ],
            "obs_type": [
                "xray",
                "xray",
                "xray"
            ],
            "date": [
                "48200",
                "49000",
                "49500"
            ],
            "date_format": "MJD",
            "upperlimit": [
                false,
                false,
                false
            ],
            "telescope": "ROSAT",
            "corr_k": null,
            "corr_av": null,
            "corr_host": null,
            "corr_hostav": null,
            "reference": [
                "2017ApJ...838..149A"
            ],
            "xray_model": [
                {
                    "model_name": "Absorbed Powerlaw",
                    "param_names": [
                        "photonindex",
                        "nhmw"
                    ],
                    "param_values": [
                        "5.22417",
                        "0.0198"
                    ],
                    "param_units": [
                        "None",
                        "10^22 cm^-2"
                    ],
                    "min_energy": 0.3,
                    "max_energy": 2,
                    "energy_units": "keV"
                },
                {
                    "model_name": "Absorbed Powerlaw",
                    "param_names": [
                        "photonindex",
                        "nhmw"
                    ],
                    "param_values": [
                        "5.94",
                        "0.0198"
                    ],
                    "param_units": [
                        "None",
                        "10^22 cm^-2"
                    ],
                    "min_energy": 0.3,
                    "max_energy": 2,
                    "energy_units": "keV"
                },
                {
                    "model_name": "Absorbed Powerlaw",
                    "param_names": [
                        "photonindex",
                        "nhmw"
                    ],
                    "param_values": [
                        "4.50834",
                        "0.0198"
                    ],
                    "param_units": [
                        "None",
                        "10^22 cm^-2"
                    ],
                    "min_energy": 0.3,
                    "max_energy": 2,
                    "energy_units": "keV"
                }
            ],
            "corr_s": null
        },
        {
            "raw": [
                0.737,
                2.54,
                0.18835,
                0.81
            ],
            "raw_units": [
                "ct",
                "ct",
                "ct",
                "ct"
            ],
            "value": [
                2.98e-12,
                1.03e-11,
                1.03e-13,
                3.28e-12
            ],
            "value_units": [
                "ergs/cm^2/s",
                "ergs/cm^2/s",
                "ergs/cm^2/s",
                "ergs/cm^2/s"
            ],
            "filter_key": [
                "0.3 - 2.0",
                "0.3 - 2.0",
                "0.3 - 2.0",
                "0.3 - 2.0"
            ],
            "obs_type": [
                "xray",
                "xray",
                "xray",
                "xray"
            ],
            "date": [
                "52401.1",
                "54617",
                "55156.2",
                "56423.3"
            ],
            "date_format": "MJD",
            "upperlimit": [
                true,
                true,
                true,
                true
            ],
            "telescope": "XMM",
            "corr_k": null,
            "corr_av": null,
            "corr_host": null,
            "corr_hostav": null,
            "reference": [
                "2017ApJ...838..149A"
            ],
            "xray_model": [
                {
                    "model_name": "Absorbed Powerlaw",
                    "param_names": [
                        "photonindex",
                        "nhmw"
                    ],
                    "param_values": [
                        "4.5",
                        "0.0198"
                    ],
                    "param_units": [
                        "None",
                        "10^22 cm^-2"
                    ],
                    "min_energy": 0.3,
                    "max_energy": 2,
                    "energy_units": "keV"
                },
                {
                    "model_name": "Absorbed Powerlaw",
                    "param_names": [
                        "photonindex",
                        "nhmw"
                    ],
                    "param_values": [
                        "4.5",
                        "0.0198"
                    ],
                    "param_units": [
                        "None",
                        "10^22 cm^-2"
                    ],
                    "min_energy": 0.3,
                    "max_energy": 2,
                    "energy_units": "keV"
                },
                {
                    "model_name": "Absorbed Powerlaw",
                    "param_names": [
                        "photonindex",
                        "nhmw"
                    ],
                    "param_values": [
                        "4.5",
                        "0.0198"
                    ],
                    "param_units": [
                        "None",
                        "10^22 cm^-2"
                    ],
                    "min_energy": 0.3,
                    "max_energy": 2,
                    "energy_units": "keV"
                },
                {
                    "model_name": "Absorbed Powerlaw",
                    "param_names": [
                        "photonindex",
                        "nhmw"
                    ],
                    "param_values": [
                        "4.5",
                        "0.0198"
                    ],
                    "param_units": [
                        "None",
                        "10^22 cm^-2"
                    ],
                    "min_energy": 0.3,
                    "max_energy": 2,
                    "energy_units": "keV"
                }
            ],
            "corr_s": null
        }
    ],
    "host": [
        {
            "host_name": "SDSS J114726.69+494257.8",
            "host_ra": 176.86249999999998,
            "host_dec": 49.71638888888889,
            "host_ra_units": "deg",
            "host_dec_units": "deg",
            "reference": [
                "2023PASP..135c4101G",
                "2014ApJ...792L..29M",
                "2017ApJ...838..149A"
            ]
        }
    ]
}