{
    "_key": "884785",
    "_id": "transients/884785",
    "_rev": "_j6Z-CL----",
    "coordinate": [
        {
            "ra": "196.6642678",
            "dec": "-1.5484498",
            "ra_units": "deg",
            "dec_units": "deg",
            "coordinate_type": "equatorial",
            "epoch": "J2000",
            "frame": "ICRS",
            "reference": [
                "2019TNSTR.922....1N"
            ],
            "default": true
        },
        {
            "ra": "196.6642678",
            "dec": "-1.5484498",
            "ra_units": "deg",
            "dec_units": "deg",
            "coordinate_type": "equatorial",
            "reference": [
                "2019TNSTR.922....1N"
            ],
            "default": false
        }
    ],
    "classification": {
        "spec_classed": 3,
        "unambiguous": true,
        "value": [
            {
                "object_class": "TDE",
                "confidence": 3.3,
                "reference": [
                    "2019TNSCR.975....1S",
                    "2024ApJ...974..241A"
                ],
                "default": true
            }
        ],
        "discovery_method": "uvoir"
    },
    "name": {
        "alias": [
            {
                "value": "ATLAS19omw",
                "reference": [
                    "TNS"
                ]
            },
            {
                "value": "ZTF19aavxfib",
                "reference": [
                    "TNS"
                ]
            },
            {
                "value": "2019gte",
                "reference": [
                    "TNS"
                ]
            },
            {
                "value": "AT2019gte",
                "reference": [
                    "2019TNSTR.922....1N"
                ]
            }
        ],
        "default_name": "2019gte"
    },
    "reference_alias": [
        {
            "name": "2019TNSTR.922....1N",
            "human_readable_name": "Nordin, J. et al. (2019)"
        },
        {
            "name": "2024ApJ...974..241A",
            "human_readable_name": "Anumarlapudi, Akash et al. (2024)"
        },
        {
            "name": "2019TNSCR.975....1S",
            "human_readable_name": "Swann, E. et al. (2019)"
        }
    ],
    "photometry": [
        {
            "reference": "2024ApJ...974..241A",
            "raw": [
                0.8,
                0.6
            ],
            "raw_err": [
                0,
                0
            ],
            "raw_units": "mJy",
            "date": [
                "58773.25278935185",
                "59671.25278935185"
            ],
            "date_format": [
                "mjd",
                "mjd"
            ],
            "upperlimit": [
                true,
                true
            ],
            "filter_key": [
                "887.5MHz",
                "887.5MHz"
            ],
            "obs_type": "radio",
            "telescope": "RACS",
            "corr_k": false,
            "corr_s": false,
            "corr_host": false,
            "corr_av": false,
            "corr_hostav": false
        },
        {
            "reference": "2024ApJ...974..241A",
            "raw": [
                0.8,
                1,
                1,
                0.7,
                0.9,
                0.8,
                0.6,
                0.7,
                0.7,
                0.6,
                0.9
            ],
            "raw_err": [
                0,
                0,
                0,
                0,
                0,
                0,
                0,
                0,
                0,
                0,
                0
            ],
            "raw_units": "mJy",
            "date": [
                "58886.25278935185",
                "58886.25278935185",
                "58888.25278935185",
                "58889.25278935185",
                "58889.25278935185",
                "59096.25278935185",
                "59394.25278935185",
                "59417.25278935185",
                "59448.25278935185",
                "60118.25278935185",
                "60131.25278935185"
            ],
            "date_format": [
                "mjd",
                "mjd",
                "mjd",
                "mjd",
                "mjd",
                "mjd",
                "mjd",
                "mjd",
                "mjd",
                "mjd",
                "mjd"
            ],
            "upperlimit": [
                true,
                true,
                true,
                true,
                true,
                true,
                true,
                true,
                true,
                true,
                true
            ],
            "filter_key": [
                "3000.0MHz",
                "3000.0MHz",
                "3000.0MHz",
                "3000.0MHz",
                "3000.0MHz",
                "3000.0MHz",
                "3000.0MHz",
                "3000.0MHz",
                "3000.0MHz",
                "3000.0MHz",
                "3000.0MHz"
            ],
            "obs_type": "radio",
            "telescope": "VLASS",
            "corr_k": false,
            "corr_s": false,
            "corr_host": false,
            "corr_av": false,
            "corr_hostav": false
        }
    ],
    "filter_alias": [
        {
            "filter_key": "887.5MHz",
            "filter_name": "UHF",
            "freq_eff": 887.5,
            "freq_units": "MHz"
        },
        {
            "filter_key": "3000.0MHz",
            "filter_name": "S",
            "freq_eff": 3000,
            "freq_units": "MHz"
        }
    ],
    "distance": [
        {
            "value": 0.086,
            "computed": false,
            "distance_type": "redshift",
            "reference": [
                "2019TNSCR.975....1S"
            ]
        }
    ],
    "date_reference": [
        {
            "value": 58634.25278935185,
            "date_format": "mjd",
            "date_type": "discovery",
            "reference": [
                "2019TNSTR.922....1N"
            ],
            "computed": false
        }
    ]
}