{
    "_key": "884654",
    "_id": "transients/884654",
    "_rev": "_j6Y8yr2---",
    "classification": {
        "spec_classed": 3,
        "unambiguous": true,
        "value": [
            {
                "object_class": "TDE",
                "confidence": 3.3,
                "reference": [
                    "2019ApJ...887..218L",
                    "2023arXiv230813595C",
                    "2024MNRAS.527.2452M",
                    "['2020ApJ...898..161H', '2020SSRv..216...81A']"
                ],
                "default": true
            }
        ],
        "discovery_method": "uvoir"
    },
    "name": {
        "alias": [
            {
                "value": "ASASSN-18pg",
                "reference": [
                    "2018TNSTR.982....1B"
                ]
            },
            {
                "value": "AT2018dyb",
                "reference": [
                    "2019ApJ...887..218L",
                    "2024MNRAS.527.2452M",
                    "2018TNSTR.982....1B"
                ]
            }
        ],
        "default_name": "AT2018dyb"
    },
    "reference_alias": [
        {
            "name": "Leloudas, Giorgos et al. (2019)",
            "human_readable_name": "2019ApJ...887..218L"
        },
        {
            "name": "2024MNRAS.527.2452M",
            "human_readable_name": "Mummery et al. (2023)"
        },
        {
            "name": "2018TNSTR.982....1B",
            "human_readable_name": "Brimacombe, J. et al. (2018)"
        },
        {
            "name": "2020ApJ...898..161H",
            "human_readable_name": "Holoien, Thomas W. -S. et al. (2020)"
        },
        {
            "name": "2020SSRv..216...81A",
            "human_readable_name": "Alexander, Kate D. et al. (2020)"
        },
        {
            "name": "2020ApJ...898..161H",
            "human_readable_name": "Holoien, Thomas W. -S. et al. (2020)"
        },
        {
            "name": "2023arXiv230813595C",
            "human_readable_name": "Cendes, Y. et al. (2024)"
        },
        {
            "name": "2024ApJ...974..241A",
            "human_readable_name": "Anumarlapudi, Akash et al. (2024)"
        }
    ],
    "photometry": [
        {
            "raw": [
                0.0010319,
                0.0012328,
                0.0013716,
                0.0017138,
                0.0016283,
                0.0015743,
                0.001011,
                0.0011728,
                0.00098073,
                0.0010443,
                0.0007644,
                0.00067043,
                0.0006346,
                0.00060955,
                0.00059466,
                0.00046609,
                0.00040334,
                0.00034324,
                0.00030909,
                0.00023716,
                0.00025724,
                0.00022521,
                8.1059e-05,
                6.4986e-05,
                6.8779e-05,
                5.4369e-05,
                4.9964e-05,
                5.272e-05,
                4.4999e-05,
                3.534e-05,
                3.8839e-05,
                4.1547e-05,
                3.8845e-05,
                2.8907e-05,
                3.0884e-05,
                2.8539e-05,
                1.9544e-05,
                2.9263e-05,
                3.1739e-05,
                1.311e-05,
                4.0868e-05,
                3.0617e-05,
                3.419e-05,
                2.4749e-05,
                3.0038e-05,
                3.1307e-05,
                2.8448e-05,
                3.3423e-05,
                3.2364e-05,
                2.7595e-05,
                3.008e-05,
                3.4115e-05,
                3.1812e-05,
                3.1923e-05,
                2.9105e-05,
                2.7482e-05,
                2.8325e-05,
                2.6915e-05,
                2.7583e-05,
                2.089e-05,
                2.5123e-05,
                2.857e-05,
                2.2626e-05,
                4.64e-06,
                2.1098e-06,
                8.465e-07,
                3.0883e-06,
                2.6137e-06,
                8.8227e-06,
                -2.4711e-06,
                -6.0227e-06,
                0.00084116,
                0.0009563,
                0.0011034,
                0.0015212,
                0.0014981,
                0.0015479,
                0.0014137,
                0.0010398,
                0.0011433,
                0.00087274,
                0.00089702,
                0.00063107,
                0.00060098,
                0.00054519,
                0.00053297,
                0.00045427,
                0.00037002,
                0.0003178,
                0.00029011,
                0.00025686,
                0.0001927,
                0.00020731,
                0.00017714,
                6.4151e-05,
                5.789e-05,
                6.237e-05,
                4.9466e-05,
                4.8111e-05,
                5.3239e-05,
                4.8132e-05,
                4.152e-05,
                3.6507e-05,
                3.4339e-05,
                2.3856e-05,
                3.4269e-05,
                3.8136e-05,
                2.2531e-05,
                1.4918e-05,
                2.6534e-05,
                2.189e-05,
                3.4875e-05,
                2.7506e-05,
                2.3369e-05,
                2.1999e-05,
                2.6192e-05,
                3.4324e-05,
                2.7477e-05,
                2.4381e-05,
                3.9162e-05,
                2.8492e-05,
                2.238e-05,
                2.7855e-05,
                3.2699e-05,
                3.6833e-05,
                2.2274e-05,
                2.7225e-05,
                2.1552e-05,
                2.9575e-05,
                3.0993e-05,
                1.9238e-05,
                2.2071e-05,
                1.5211e-05,
                2.6617e-05,
                -5.8302e-07,
                1.8732e-06,
                -3.8487e-06,
                -3.9904e-06,
                -2.7558e-06,
                -6.4964e-07,
                -5.0802e-07,
                0.0010865,
                0.0013015,
                0.0015025,
                0.0020152,
                0.0019302,
                0.0016054,
                0.0017619,
                0.0013398,
                0.0014408,
                0.0011129,
                0.00107,
                0.00072006,
                0.00071554,
                0.00063624,
                0.00062913,
                0.00062769,
                0.00046048,
                0.00040927,
                0.00036466,
                0.00033505,
                0.00026834,
                0.00030452,
                0.00026587,
                0.00011007,
                7.2022e-05,
                8.443e-05,
                7.4762e-05,
                6.1362e-05,
                7.4215e-05,
                6.1526e-05,
                5.6499e-05,
                3.0494e-05,
                4.2494e-05,
                4.9547e-05,
                4.7555e-05,
                4.3236e-05,
                4.4567e-05,
                2.6175e-05,
                2.9256e-05,
                3.6443e-05,
                3.6423e-05,
                3.8275e-05,
                4.2977e-05,
                4.0478e-05,
                4.914e-05,
                5.6277e-05,
                4.277e-05,
                3.0217e-05,
                4.5243e-05,
                4.3023e-05,
                4.4799e-05,
                4.6638e-05,
                3.2903e-05,
                3.9486e-05,
                4.8321e-05,
                2.4597e-05,
                3.3503e-05,
                3.3753e-05,
                3.3177e-05,
                3.1598e-05,
                3.3014e-05,
                3.119e-05,
                3.3404e-05,
                3.1028e-05,
                -2.894e-06,
                -8.9662e-08,
                -1.4503e-07,
                3.3389e-07,
                -2.5324e-06,
                6.6442e-06,
                -1.8301e-05,
                0.0014957,
                0.0018868,
                0.0020783,
                0.002779,
                0.0026416,
                0.002463,
                0.0023668,
                0.0020637,
                0.0019401,
                0.0014294,
                0.0015233,
                0.0010781,
                0.00097532,
                0.0009404,
                0.00086056,
                0.00084198,
                0.00065337,
                0.00059906,
                0.00053364,
                0.00048527,
                0.00038737,
                0.00039735,
                0.00038267,
                0.00014907,
                0.00015497,
                0.00010476,
                8.3125e-05,
                0.00010914,
                9.1503e-05,
                8.3482e-05,
                6.273e-05,
                9.1262e-05,
                5.9601e-05,
                5.107e-05,
                6.6801e-05,
                7.3391e-05,
                5.3609e-05,
                5.4902e-05,
                6.0217e-05,
                3.4413e-05,
                3.0881e-05,
                4.5719e-05,
                6.2147e-05,
                3.9497e-05,
                5.5083e-05,
                5.6885e-05,
                6.2516e-05,
                4.1126e-05,
                6.9185e-05,
                2.6082e-05,
                3.834e-05,
                7.6189e-05,
                4.8017e-05,
                4.1512e-05,
                2.9041e-05,
                5.1897e-05,
                3.7745e-05,
                2.9367e-05,
                3.2859e-05,
                5.1957e-05,
                3.1818e-05,
                4.0349e-05,
                4.2134e-05,
                4.403e-05,
                -5.5329e-06,
                -1.4283e-05,
                1.0067e-05,
                -1.8227e-05,
                0.0015023,
                0.0017407,
                0.0020537,
                0.002772,
                0.0025382,
                0.0024009,
                0.0020581,
                0.0020702,
                0.0015982,
                0.0014828,
                0.0011709,
                0.0011749,
                0.0010381,
                0.00088744,
                0.00087743,
                0.00063578,
                0.00061894,
                0.00054707,
                0.00052032,
                0.00035195,
                0.00047437,
                0.0004727,
                0.00011877,
                0.00014072,
                0.00020276,
                5.2235e-05,
                0.00012023,
                8.8314e-05,
                8.1544e-05,
                2.7283e-05,
                0.00011256,
                5.2991e-05,
                6.3237e-05,
                2.7638e-05,
                2.4625e-05,
                5.7227e-05,
                8.2985e-05,
                0.00013157,
                6.6357e-05,
                2.9817e-05,
                7.4275e-06,
                6.6685e-05,
                3.6623e-05,
                3.4167e-05,
                3.7966e-05,
                -1.4037e-05,
                2.2007e-05,
                1.561e-05,
                2.9215e-05
            ],
            "raw_err": [
                3.8803e-05,
                4.6944e-05,
                4.9802e-05,
                6.1848e-05,
                5.8746e-05,
                5.7308e-05,
                3.8065e-05,
                4.3705e-05,
                3.8089e-05,
                4.3322e-05,
                3.0769e-05,
                3.4782e-05,
                2.8838e-05,
                2.9473e-05,
                3.0867e-05,
                2.0937e-05,
                1.8964e-05,
                1.7569e-05,
                1.5968e-05,
                1.3982e-05,
                1.6641e-05,
                1.3518e-05,
                9.258e-06,
                9.6274e-06,
                9.2685e-06,
                9.0419e-06,
                8.7199e-06,
                8.8043e-06,
                9.0039e-06,
                8.8959e-06,
                9.0415e-06,
                8.716e-06,
                8.4905e-06,
                8.444e-06,
                9.7336e-06,
                8.3057e-06,
                8.2621e-06,
                8.3588e-06,
                8.6527e-06,
                9.1113e-06,
                8.5007e-06,
                8.2242e-06,
                8.4715e-06,
                8.262e-06,
                8.639e-06,
                8.2718e-06,
                8.3305e-06,
                8.9585e-06,
                9.4361e-06,
                8.3453e-06,
                8.4636e-06,
                8.4097e-06,
                8.1203e-06,
                8.4003e-06,
                8.0049e-06,
                8.025e-06,
                8.719e-06,
                8.1651e-06,
                8.0621e-06,
                8.0808e-06,
                7.9841e-06,
                8.1417e-06,
                8.1854e-06,
                7.7036e-06,
                7.5707e-06,
                7.8517e-06,
                7.8343e-06,
                7.8249e-06,
                8.1166e-06,
                8.4158e-06,
                8.7146e-06,
                3.1971e-05,
                4.2487e-05,
                4.1248e-05,
                5.494e-05,
                5.9273e-05,
                6.3636e-05,
                5.8118e-05,
                4.1761e-05,
                4.571e-05,
                3.4443e-05,
                3.7834e-05,
                2.6231e-05,
                3.03e-05,
                2.5092e-05,
                2.6077e-05,
                2.6923e-05,
                1.7253e-05,
                1.5611e-05,
                1.5148e-05,
                1.3961e-05,
                1.1752e-05,
                1.3758e-05,
                1.1237e-05,
                9.2129e-06,
                8.6724e-06,
                8.3475e-06,
                8.4004e-06,
                7.9584e-06,
                9.099e-06,
                8.1874e-06,
                8.0357e-06,
                8.2315e-06,
                7.6878e-06,
                8.5734e-06,
                8.7759e-06,
                1.0852e-05,
                7.9282e-06,
                7.6821e-06,
                8.1238e-06,
                8.2218e-06,
                9.0715e-06,
                8.233e-06,
                7.9493e-06,
                8.1184e-06,
                8.1757e-06,
                9.4599e-06,
                7.9275e-06,
                8.1371e-06,
                9.8322e-06,
                8.1233e-06,
                8.1575e-06,
                8.3111e-06,
                7.8776e-06,
                8.3882e-06,
                7.6417e-06,
                7.7144e-06,
                8.9074e-06,
                7.9888e-06,
                7.8846e-06,
                7.7225e-06,
                7.6248e-06,
                7.5705e-06,
                8.0672e-06,
                6.8169e-06,
                7.3473e-06,
                7.1552e-06,
                7.1632e-06,
                7.3297e-06,
                7.9617e-06,
                9.6102e-06,
                4.4853e-05,
                5.487e-05,
                5.7051e-05,
                7.1384e-05,
                7.324e-05,
                6.1905e-05,
                6.6899e-05,
                5.3148e-05,
                5.7042e-05,
                4.6517e-05,
                5.0367e-05,
                3.3748e-05,
                4.5281e-05,
                3.2241e-05,
                3.6797e-05,
                3.4692e-05,
                2.5051e-05,
                2.3579e-05,
                2.2941e-05,
                2.1284e-05,
                1.9651e-05,
                2.4261e-05,
                1.9484e-05,
                1.4555e-05,
                1.3682e-05,
                1.4042e-05,
                1.3919e-05,
                1.319e-05,
                1.3512e-05,
                1.3651e-05,
                1.4121e-05,
                1.3376e-05,
                1.3086e-05,
                1.4028e-05,
                1.3794e-05,
                1.6181e-05,
                1.2844e-05,
                1.2308e-05,
                1.2799e-05,
                1.3467e-05,
                1.4474e-05,
                1.2856e-05,
                1.285e-05,
                1.3216e-05,
                1.3181e-05,
                1.4077e-05,
                1.2932e-05,
                1.2755e-05,
                1.4476e-05,
                1.2989e-05,
                1.3185e-05,
                1.3485e-05,
                1.2851e-05,
                1.2409e-05,
                1.3236e-05,
                1.2113e-05,
                1.2279e-05,
                1.3304e-05,
                1.2529e-05,
                1.2297e-05,
                1.2433e-05,
                1.2218e-05,
                1.2594e-05,
                1.293e-05,
                1.118e-05,
                1.22e-05,
                1.2058e-05,
                1.1521e-05,
                1.1815e-05,
                1.2523e-05,
                1.4805e-05,
                5.5656e-05,
                7.159e-05,
                7.3193e-05,
                8.342e-05,
                8.921e-05,
                8.3432e-05,
                8.0256e-05,
                7.2455e-05,
                6.9457e-05,
                6.0764e-05,
                7.7092e-05,
                4.9686e-05,
                7.4188e-05,
                5.4142e-05,
                5.7967e-05,
                5.2157e-05,
                3.6691e-05,
                3.6633e-05,
                3.5687e-05,
                3.2404e-05,
                3.1696e-05,
                4.1338e-05,
                3.1831e-05,
                1.7332e-05,
                1.9999e-05,
                1.8331e-05,
                1.9362e-05,
                1.7179e-05,
                1.6811e-05,
                1.8703e-05,
                2.2461e-05,
                2.0303e-05,
                1.7221e-05,
                1.614e-05,
                1.6119e-05,
                2.3561e-05,
                1.3406e-05,
                1.2909e-05,
                1.4311e-05,
                1.5225e-05,
                2.1151e-05,
                1.3795e-05,
                1.366e-05,
                1.4074e-05,
                1.4149e-05,
                1.6369e-05,
                1.3939e-05,
                1.3869e-05,
                1.8286e-05,
                1.3334e-05,
                1.3876e-05,
                1.5984e-05,
                1.4082e-05,
                1.2014e-05,
                1.3721e-05,
                1.2061e-05,
                1.1706e-05,
                1.4842e-05,
                1.2685e-05,
                1.2411e-05,
                1.2241e-05,
                1.1796e-05,
                1.432e-05,
                1.6672e-05,
                7.8185e-06,
                1.2493e-05,
                1.1832e-05,
                2.2503e-05,
                7.6409e-05,
                8.8762e-05,
                9.1158e-05,
                0.00010868,
                0.00010209,
                9.8133e-05,
                9.1045e-05,
                9.2064e-05,
                9.0733e-05,
                0.00010908,
                7.8463e-05,
                0.0001266,
                8.8504e-05,
                9.4924e-05,
                8.5822e-05,
                6.5265e-05,
                6.7474e-05,
                6.7163e-05,
                6.4588e-05,
                6.3632e-05,
                8.2999e-05,
                6.8246e-05,
                4.6992e-05,
                5.1217e-05,
                5.2524e-05,
                5.17e-05,
                4.8727e-05,
                4.8621e-05,
                5.1986e-05,
                5.6436e-05,
                5.4133e-05,
                4.987e-05,
                4.5538e-05,
                4.7757e-05,
                4.431e-05,
                4.6123e-05,
                4.5657e-05,
                5.0122e-05,
                4.4624e-05,
                4.4658e-05,
                5.0352e-05,
                4.5254e-05,
                4.5359e-05,
                4.4921e-05,
                4.5048e-05,
                3.7263e-05,
                4.4643e-05,
                4.3101e-05,
                6.3831e-05
            ],
            "raw_units": "Jy",
            "date": [
                "58317.625936",
                "58320.648492",
                "58323.636628",
                "58349.242256",
                "58352.098099",
                "58355.748137",
                "58361.389357",
                "58364.284056",
                "58372.348636",
                "58375.033884",
                "58385.608196",
                "58387.863004",
                "58390.625384",
                "58393.706495",
                "58394.774272",
                "58406.058827",
                "58409.634242",
                "58413.957178",
                "58417.773488",
                "58421.849929",
                "58425.212268",
                "58428.128765",
                "58505.042372",
                "58512.909684",
                "58516.691501",
                "58525.198674",
                "58528.380989",
                "58532.490365",
                "58540.538195",
                "58544.232879",
                "58548.337728",
                "58552.627542",
                "58561.817879",
                "58565.428366",
                "58569.232004",
                "58573.480115",
                "58581.143911",
                "58581.26535",
                "58584.388693",
                "58589.949457",
                "58590.912392",
                "58593.468685",
                "58593.962735",
                "58596.417584",
                "58602.556171",
                "58605.67334",
                "58608.64185",
                "58611.318436",
                "58614.744239",
                "58617.531035",
                "58617.697554",
                "58620.585344",
                "58622.709984",
                "58623.501861",
                "58627.597537",
                "58632.499845",
                "58642.574464",
                "58648.849098",
                "58653.527327",
                "58657.720706",
                "58667.668392",
                "58778.89084",
                "58785.156675",
                "59585.95673",
                "59595.540957",
                "59806.199429",
                "59826.791399",
                "60476.299751",
                "60485.720555",
                "60493.56986",
                "60618.913196",
                "58317.632522",
                "58320.653889",
                "58323.640737",
                "58334.60827",
                "58349.246086",
                "58352.067164",
                "58355.717034",
                "58361.394008",
                "58364.288313",
                "58372.351769",
                "58375.038476",
                "58385.612349",
                "58387.865787",
                "58390.628103",
                "58393.710386",
                "58394.901569",
                "58406.06191",
                "58409.63741",
                "58413.965063",
                "58417.778511",
                "58421.854525",
                "58425.214757",
                "58428.132328",
                "58505.047525",
                "58512.885568",
                "58516.69622",
                "58525.200513",
                "58528.384905",
                "58532.494101",
                "58540.540925",
                "58544.236057",
                "58548.341039",
                "58552.630344",
                "58561.8146",
                "58565.424556",
                "58569.227573",
                "58573.476382",
                "58581.13585",
                "58581.269713",
                "58584.391958",
                "58589.913844",
                "58590.916806",
                "58593.464354",
                "58593.966772",
                "58596.421902",
                "58602.55893",
                "58605.676427",
                "58608.646043",
                "58611.322899",
                "58617.535359",
                "58617.692425",
                "58620.589231",
                "58622.704703",
                "58623.506281",
                "58627.59321",
                "58632.490351",
                "58642.570731",
                "58648.843301",
                "58653.522452",
                "58657.715597",
                "58667.659062",
                "58778.882119",
                "58785.149285",
                "59595.548098",
                "59806.204438",
                "59826.797046",
                "60476.304138",
                "60485.722458",
                "60493.573122",
                "60618.916913",
                "58317.621147",
                "58320.642234",
                "58323.633337",
                "58339.15058",
                "58349.237441",
                "58352.093108",
                "58355.744631",
                "58361.384806",
                "58364.279699",
                "58372.346197",
                "58375.030305",
                "58385.604888",
                "58387.860956",
                "58390.653452",
                "58393.703471",
                "58394.772366",
                "58406.056468",
                "58409.631752",
                "58413.9512",
                "58417.769479",
                "58421.846438",
                "58425.210372",
                "58428.126015",
                "58505.037752",
                "58512.907776",
                "58516.687696",
                "58525.196836",
                "58528.377733",
                "58532.487391",
                "58540.535919",
                "58544.230349",
                "58548.33509",
                "58552.625213",
                "58561.815694",
                "58565.425818",
                "58569.229247",
                "58573.477881",
                "58581.138765",
                "58581.261116",
                "58584.385232",
                "58589.915461",
                "58590.907471",
                "58593.466016",
                "58593.958603",
                "58596.412714",
                "58602.552966",
                "58605.670328",
                "58608.637227",
                "58611.313364",
                "58614.740989",
                "58617.526609",
                "58617.694093",
                "58620.580661",
                "58622.706845",
                "58623.497671",
                "58627.594742",
                "58632.494178",
                "58642.541955",
                "58648.845643",
                "58653.524208",
                "58657.717306",
                "58667.662628",
                "58778.885428",
                "58785.151984",
                "59595.533643",
                "59806.194563",
                "59826.785629",
                "60476.308364",
                "60485.724149",
                "60493.576284",
                "60618.908938",
                "58317.622584",
                "58320.644119",
                "58323.634182",
                "58336.666781",
                "58349.23882",
                "58352.094694",
                "58355.745911",
                "58361.38648",
                "58364.28113",
                "58372.347246",
                "58375.031499",
                "58385.606186",
                "58387.861632",
                "58390.623844",
                "58393.704474",
                "58394.773032",
                "58406.057444",
                "58409.632796",
                "58413.953188",
                "58417.770372",
                "58421.847608",
                "58425.21105",
                "58428.126947",
                "58505.039602",
                "58512.908801",
                "58516.689024",
                "58525.19745",
                "58528.378782",
                "58532.488399",
                "58540.53676",
                "58544.231211",
                "58548.336149",
                "58552.625959",
                "58561.816367",
                "58565.426569",
                "58569.230268",
                "58573.478768",
                "58581.140493",
                "58581.262659",
                "58584.386253",
                "58589.947822",
                "58590.908901",
                "58593.467039",
                "58593.96",
                "58596.414077",
                "58602.553968",
                "58605.671393",
                "58608.63867",
                "58611.314886",
                "58614.742332",
                "58617.527959",
                "58617.695018",
                "58620.581917",
                "58622.708185",
                "58623.499166",
                "58627.595638",
                "58632.496566",
                "58642.542631",
                "58648.847097",
                "58653.525267",
                "58657.718272",
                "58667.664786",
                "58778.887439",
                "58785.15359",
                "59595.535951",
                "59806.196462",
                "59826.787612",
                "60618.910216",
                "58317.623561",
                "58320.645403",
                "58323.634732",
                "58349.239793",
                "58352.095732",
                "58355.746796",
                "58361.387488",
                "58364.282049",
                "58372.347707",
                "58375.032116",
                "58385.606786",
                "58387.861995",
                "58390.624205",
                "58393.704998",
                "58394.773375",
                "58406.057885",
                "58409.633266",
                "58413.95421",
                "58417.771018",
                "58421.848213",
                "58425.211396",
                "58428.127433",
                "58505.040659",
                "58512.909323",
                "58516.689687",
                "58525.197785",
                "58528.379343",
                "58532.488926",
                "58540.537175",
                "58544.23166",
                "58548.336638",
                "58552.626369",
                "58581.26359",
                "58584.386959",
                "58590.90989",
                "58593.960887",
                "58596.41505",
                "58602.554638",
                "58605.672051",
                "58608.639624",
                "58611.315919",
                "58614.743299",
                "58617.528866",
                "58620.582836",
                "58623.50008",
                "59595.537462",
                "59806.197561",
                "59826.788845",
                "60618.91109"
            ],
            "date_format": "mjd",
            "filter_key": [
                "UVW2.uvot",
                "UVW2.uvot",
                "UVW2.uvot",
                "UVW2.uvot",
                "UVW2.uvot",
                "UVW2.uvot",
                "UVW2.uvot",
                "UVW2.uvot",
                "UVW2.uvot",
                "UVW2.uvot",
                "UVW2.uvot",
                "UVW2.uvot",
                "UVW2.uvot",
                "UVW2.uvot",
                "UVW2.uvot",
                "UVW2.uvot",
                "UVW2.uvot",
                "UVW2.uvot",
                "UVW2.uvot",
                "UVW2.uvot",
                "UVW2.uvot",
                "UVW2.uvot",
                "UVW2.uvot",
                "UVW2.uvot",
                "UVW2.uvot",
                "UVW2.uvot",
                "UVW2.uvot",
                "UVW2.uvot",
                "UVW2.uvot",
                "UVW2.uvot",
                "UVW2.uvot",
                "UVW2.uvot",
                "UVW2.uvot",
                "UVW2.uvot",
                "UVW2.uvot",
                "UVW2.uvot",
                "UVW2.uvot",
                "UVW2.uvot",
                "UVW2.uvot",
                "UVW2.uvot",
                "UVW2.uvot",
                "UVW2.uvot",
                "UVW2.uvot",
                "UVW2.uvot",
                "UVW2.uvot",
                "UVW2.uvot",
                "UVW2.uvot",
                "UVW2.uvot",
                "UVW2.uvot",
                "UVW2.uvot",
                "UVW2.uvot",
                "UVW2.uvot",
                "UVW2.uvot",
                "UVW2.uvot",
                "UVW2.uvot",
                "UVW2.uvot",
                "UVW2.uvot",
                "UVW2.uvot",
                "UVW2.uvot",
                "UVW2.uvot",
                "UVW2.uvot",
                "UVW2.uvot",
                "UVW2.uvot",
                "UVW2.uvot",
                "UVW2.uvot",
                "UVW2.uvot",
                "UVW2.uvot",
                "UVW2.uvot",
                "UVW2.uvot",
                "UVW2.uvot",
                "UVW2.uvot",
                "UVM2.uvot",
                "UVM2.uvot",
                "UVM2.uvot",
                "UVM2.uvot",
                "UVM2.uvot",
                "UVM2.uvot",
                "UVM2.uvot",
                "UVM2.uvot",
                "UVM2.uvot",
                "UVM2.uvot",
                "UVM2.uvot",
                "UVM2.uvot",
                "UVM2.uvot",
                "UVM2.uvot",
                "UVM2.uvot",
                "UVM2.uvot",
                "UVM2.uvot",
                "UVM2.uvot",
                "UVM2.uvot",
                "UVM2.uvot",
                "UVM2.uvot",
                "UVM2.uvot",
                "UVM2.uvot",
                "UVM2.uvot",
                "UVM2.uvot",
                "UVM2.uvot",
                "UVM2.uvot",
                "UVM2.uvot",
                "UVM2.uvot",
                "UVM2.uvot",
                "UVM2.uvot",
                "UVM2.uvot",
                "UVM2.uvot",
                "UVM2.uvot",
                "UVM2.uvot",
                "UVM2.uvot",
                "UVM2.uvot",
                "UVM2.uvot",
                "UVM2.uvot",
                "UVM2.uvot",
                "UVM2.uvot",
                "UVM2.uvot",
                "UVM2.uvot",
                "UVM2.uvot",
                "UVM2.uvot",
                "UVM2.uvot",
                "UVM2.uvot",
                "UVM2.uvot",
                "UVM2.uvot",
                "UVM2.uvot",
                "UVM2.uvot",
                "UVM2.uvot",
                "UVM2.uvot",
                "UVM2.uvot",
                "UVM2.uvot",
                "UVM2.uvot",
                "UVM2.uvot",
                "UVM2.uvot",
                "UVM2.uvot",
                "UVM2.uvot",
                "UVM2.uvot",
                "UVM2.uvot",
                "UVM2.uvot",
                "UVM2.uvot",
                "UVM2.uvot",
                "UVM2.uvot",
                "UVM2.uvot",
                "UVM2.uvot",
                "UVM2.uvot",
                "UVM2.uvot",
                "UVW1.uvot",
                "UVW1.uvot",
                "UVW1.uvot",
                "UVW1.uvot",
                "UVW1.uvot",
                "UVW1.uvot",
                "UVW1.uvot",
                "UVW1.uvot",
                "UVW1.uvot",
                "UVW1.uvot",
                "UVW1.uvot",
                "UVW1.uvot",
                "UVW1.uvot",
                "UVW1.uvot",
                "UVW1.uvot",
                "UVW1.uvot",
                "UVW1.uvot",
                "UVW1.uvot",
                "UVW1.uvot",
                "UVW1.uvot",
                "UVW1.uvot",
                "UVW1.uvot",
                "UVW1.uvot",
                "UVW1.uvot",
                "UVW1.uvot",
                "UVW1.uvot",
                "UVW1.uvot",
                "UVW1.uvot",
                "UVW1.uvot",
                "UVW1.uvot",
                "UVW1.uvot",
                "UVW1.uvot",
                "UVW1.uvot",
                "UVW1.uvot",
                "UVW1.uvot",
                "UVW1.uvot",
                "UVW1.uvot",
                "UVW1.uvot",
                "UVW1.uvot",
                "UVW1.uvot",
                "UVW1.uvot",
                "UVW1.uvot",
                "UVW1.uvot",
                "UVW1.uvot",
                "UVW1.uvot",
                "UVW1.uvot",
                "UVW1.uvot",
                "UVW1.uvot",
                "UVW1.uvot",
                "UVW1.uvot",
                "UVW1.uvot",
                "UVW1.uvot",
                "UVW1.uvot",
                "UVW1.uvot",
                "UVW1.uvot",
                "UVW1.uvot",
                "UVW1.uvot",
                "UVW1.uvot",
                "UVW1.uvot",
                "UVW1.uvot",
                "UVW1.uvot",
                "UVW1.uvot",
                "UVW1.uvot",
                "UVW1.uvot",
                "UVW1.uvot",
                "UVW1.uvot",
                "UVW1.uvot",
                "UVW1.uvot",
                "UVW1.uvot",
                "UVW1.uvot",
                "UVW1.uvot",
                "U.uvot",
                "U.uvot",
                "U.uvot",
                "U.uvot",
                "U.uvot",
                "U.uvot",
                "U.uvot",
                "U.uvot",
                "U.uvot",
                "U.uvot",
                "U.uvot",
                "U.uvot",
                "U.uvot",
                "U.uvot",
                "U.uvot",
                "U.uvot",
                "U.uvot",
                "U.uvot",
                "U.uvot",
                "U.uvot",
                "U.uvot",
                "U.uvot",
                "U.uvot",
                "U.uvot",
                "U.uvot",
                "U.uvot",
                "U.uvot",
                "U.uvot",
                "U.uvot",
                "U.uvot",
                "U.uvot",
                "U.uvot",
                "U.uvot",
                "U.uvot",
                "U.uvot",
                "U.uvot",
                "U.uvot",
                "U.uvot",
                "U.uvot",
                "U.uvot",
                "U.uvot",
                "U.uvot",
                "U.uvot",
                "U.uvot",
                "U.uvot",
                "U.uvot",
                "U.uvot",
                "U.uvot",
                "U.uvot",
                "U.uvot",
                "U.uvot",
                "U.uvot",
                "U.uvot",
                "U.uvot",
                "U.uvot",
                "U.uvot",
                "U.uvot",
                "U.uvot",
                "U.uvot",
                "U.uvot",
                "U.uvot",
                "U.uvot",
                "U.uvot",
                "U.uvot",
                "U.uvot",
                "U.uvot",
                "U.uvot",
                "U.uvot",
                "B.uvot",
                "B.uvot",
                "B.uvot",
                "B.uvot",
                "B.uvot",
                "B.uvot",
                "B.uvot",
                "B.uvot",
                "B.uvot",
                "B.uvot",
                "B.uvot",
                "B.uvot",
                "B.uvot",
                "B.uvot",
                "B.uvot",
                "B.uvot",
                "B.uvot",
                "B.uvot",
                "B.uvot",
                "B.uvot",
                "B.uvot",
                "B.uvot",
                "B.uvot",
                "B.uvot",
                "B.uvot",
                "B.uvot",
                "B.uvot",
                "B.uvot",
                "B.uvot",
                "B.uvot",
                "B.uvot",
                "B.uvot",
                "B.uvot",
                "B.uvot",
                "B.uvot",
                "B.uvot",
                "B.uvot",
                "B.uvot",
                "B.uvot",
                "B.uvot",
                "B.uvot",
                "B.uvot",
                "B.uvot",
                "B.uvot",
                "B.uvot",
                "B.uvot",
                "B.uvot",
                "B.uvot",
                "B.uvot"
            ],
            "obs_type": "uvoir",
            "reference": [
                "2019ApJ...887..218L",
                "2024MNRAS.527.2452M"
            ],
            "upperlimit": [
                false,
                false,
                false,
                false,
                false,
                false,
                false,
                false,
                false,
                false,
                false,
                false,
                false,
                false,
                false,
                false,
                false,
                false,
                false,
                false,
                false,
                false,
                false,
                false,
                false,
                false,
                false,
                false,
                false,
                false,
                false,
                false,
                false,
                false,
                false,
                false,
                true,
                false,
                false,
                true,
                false,
                false,
                false,
                true,
                false,
                false,
                false,
                false,
                false,
                false,
                false,
                false,
                false,
                false,
                false,
                false,
                false,
                false,
                false,
                true,
                false,
                false,
                true,
                true,
                true,
                true,
                true,
                true,
                true,
                true,
                true,
                false,
                false,
                false,
                false,
                false,
                false,
                false,
                false,
                false,
                false,
                false,
                false,
                false,
                false,
                false,
                false,
                false,
                false,
                false,
                false,
                false,
                false,
                false,
                false,
                false,
                false,
                false,
                false,
                false,
                false,
                false,
                false,
                false,
                true,
                false,
                false,
                true,
                true,
                false,
                true,
                false,
                false,
                true,
                true,
                false,
                false,
                false,
                true,
                false,
                false,
                true,
                false,
                false,
                false,
                true,
                false,
                true,
                false,
                false,
                true,
                true,
                true,
                false,
                true,
                true,
                true,
                true,
                true,
                true,
                true,
                false,
                false,
                false,
                false,
                false,
                false,
                false,
                false,
                false,
                false,
                false,
                false,
                false,
                false,
                false,
                false,
                false,
                false,
                false,
                false,
                false,
                false,
                false,
                false,
                false,
                false,
                false,
                false,
                false,
                false,
                false,
                true,
                false,
                false,
                false,
                true,
                false,
                true,
                true,
                true,
                true,
                true,
                false,
                false,
                false,
                false,
                false,
                true,
                false,
                false,
                false,
                false,
                true,
                false,
                false,
                true,
                true,
                true,
                true,
                true,
                true,
                true,
                true,
                true,
                true,
                true,
                true,
                true,
                true,
                true,
                true,
                false,
                false,
                false,
                false,
                false,
                false,
                false,
                false,
                false,
                false,
                false,
                false,
                false,
                false,
                false,
                false,
                false,
                false,
                false,
                false,
                false,
                false,
                false,
                false,
                false,
                false,
                false,
                false,
                false,
                false,
                true,
                false,
                false,
                false,
                false,
                false,
                false,
                false,
                false,
                true,
                true,
                false,
                false,
                true,
                false,
                false,
                false,
                true,
                false,
                true,
                true,
                false,
                false,
                false,
                true,
                false,
                false,
                true,
                true,
                false,
                true,
                false,
                true,
                true,
                true,
                true,
                true,
                true,
                false,
                false,
                false,
                false,
                false,
                false,
                false,
                false,
                false,
                false,
                false,
                false,
                false,
                false,
                false,
                false,
                false,
                false,
                false,
                false,
                false,
                false,
                true,
                true,
                false,
                true,
                true,
                true,
                true,
                true,
                true,
                true,
                true,
                true,
                true,
                true,
                true,
                true,
                true,
                true,
                true,
                true,
                true,
                true,
                true,
                true,
                true,
                true,
                true
            ],
            "corr_k": false,
            "corr_s": false,
            "corr_av": false,
            "corr_host": false,
            "corr_hostav": false,
            "val_av": 0.6269039897065661
        },
        {
            "reference": "['2020ApJ...898..161H', '2020SSRv..216...81A']",
            "raw": [
                50,
                43
            ],
            "raw_err": [
                0,
                0
            ],
            "raw_units": "uJy",
            "date": [
                "58319.454",
                "58336.617"
            ],
            "date_format": [
                "mjd",
                "mjd"
            ],
            "upperlimit": [
                true,
                true
            ],
            "filter_key": [
                "18.95GHz",
                "18.95GHz"
            ],
            "obs_type": "radio",
            "corr_k": false,
            "corr_s": false,
            "corr_host": false,
            "corr_av": false,
            "corr_hostav": false
        },
        {
            "reference": "2020ApJ...898..161H",
            "raw": [
                0.043
            ],
            "raw_err": [
                0
            ],
            "raw_units": "mJy",
            "date": [
                "2018-08-06"
            ],
            "date_format": [
                "iso"
            ],
            "upperlimit": [
                true
            ],
            "filter_key": [
                "18.95GHz"
            ],
            "obs_type": "radio",
            "telescope": "ATCA",
            "corr_k": false,
            "corr_s": false,
            "corr_host": false,
            "corr_av": false,
            "corr_hostav": false
        },
        {
            "reference": "2023arXiv230813595C",
            "raw": [
                1.15,
                0.5,
                0.27
            ],
            "raw_err": [
                0.07,
                0.04,
                0.03
            ],
            "raw_units": "mJy",
            "date": [
                "2023-01-22",
                "2023-01-22",
                "2023-01-22"
            ],
            "date_format": [
                "iso",
                "iso",
                "iso"
            ],
            "upperlimit": [
                false,
                false,
                false
            ],
            "filter_key": [
                "2.1GHz",
                "5.5GHz",
                "9.0GHz"
            ],
            "obs_type": "radio",
            "telescope": "ATCA",
            "corr_k": false,
            "corr_s": false,
            "corr_host": false,
            "corr_av": false,
            "corr_hostav": false
        },
        {
            "reference": "2023arXiv230813595C",
            "raw": [
                0.158,
                1.031
            ],
            "raw_err": [
                0.045,
                0.068
            ],
            "raw_units": "mJy",
            "date": [
                "2021-05-4",
                "2022-12-11"
            ],
            "date_format": [
                "iso",
                "iso"
            ],
            "upperlimit": [
                false,
                false
            ],
            "filter_key": [
                "1.36GHz",
                "1.36GHz"
            ],
            "obs_type": "radio",
            "telescope": "MeerKAT",
            "corr_k": false,
            "corr_s": false,
            "corr_host": false,
            "corr_av": false,
            "corr_hostav": false
        },
        {
            "reference": "2024ApJ...974..241A",
            "raw": [
                2.1,
                2.4
            ],
            "raw_err": [
                0,
                0
            ],
            "raw_units": "mJy",
            "date": [
                "58776.23",
                "59680.23"
            ],
            "date_format": [
                "mjd",
                "mjd"
            ],
            "upperlimit": [
                true,
                true
            ],
            "filter_key": [
                "887.5MHz",
                "887.5MHz"
            ],
            "obs_type": "radio",
            "telescope": "RACS",
            "corr_k": false,
            "corr_s": false,
            "corr_host": false,
            "corr_av": false,
            "corr_hostav": false
        }
    ],
    "coordinate": [
        {
            "ra": "16:10:58.774",
            "dec": "-60:55:23.16",
            "ra_units": "hour",
            "dec_units": "degree",
            "coordinate_type": "equatorial",
            "default": false,
            "reference": [
                "2018TNSTR.982....1B"
            ]
        },
        {
            "ra": "16:10:58.774",
            "dec": "-60:55:23.16",
            "ra_units": "hour",
            "dec_units": "degree",
            "coordinate_type": "equatorial",
            "default": false,
            "reference": [
                "2018TNSTR.982....1B"
            ]
        },
        {
            "ra": "242.745322",
            "dec": "-60.923441",
            "ra_units": "deg",
            "dec_units": "deg",
            "coordinate_type": "equatorial",
            "default": true,
            "reference": [
                "2019ApJ...887..218L",
                "2024MNRAS.527.2452M"
            ]
        }
    ],
    "filter_alias": [
        {
            "filter_key": "B.uvot",
            "filter_name": "B.uvot",
            "freq_eff": 695280559412463.5,
            "freq_units": "Hz"
        },
        {
            "filter_key": "U.uvot",
            "filter_name": "U.uvot",
            "freq_eff": 872815357550259.6,
            "freq_units": "Hz"
        },
        {
            "filter_key": "UVM2.uvot",
            "filter_name": "UVM2.uvot",
            "freq_eff": 1346484181597652,
            "freq_units": "Hz"
        },
        {
            "filter_key": "UVW1.uvot",
            "filter_name": "UVW1.uvot",
            "freq_eff": 1198891057872408,
            "freq_units": "Hz"
        },
        {
            "filter_key": "UVW2.uvot",
            "filter_name": "UVW2.uvot",
            "freq_eff": 1492659946412262.2,
            "freq_units": "Hz"
        },
        {
            "filter_key": "18.95GHz",
            "filter_name": "K",
            "freq_eff": 18.95,
            "freq_units": "GHz"
        },
        {
            "filter_key": "1.36GHz",
            "filter_name": "L",
            "freq_eff": 1.36,
            "freq_units": "GHz"
        },
        {
            "filter_key": "2.1GHz",
            "filter_name": "S",
            "freq_eff": 2.1,
            "freq_units": "GHz"
        },
        {
            "filter_key": "5.5GHz",
            "filter_name": "C",
            "freq_eff": 5.5,
            "freq_units": "GHz"
        },
        {
            "filter_key": "9.0GHz",
            "filter_name": "X",
            "freq_eff": 9,
            "freq_units": "GHz"
        },
        {
            "filter_key": "887.5MHz",
            "filter_name": "UHF",
            "freq_eff": 887.5,
            "freq_units": "MHz"
        }
    ],
    "date_reference": [
        {
            "value": 58346.72350000002,
            "date_format": "mjd",
            "reference": [
                "2019ApJ...887..218L",
                "2024MNRAS.527.2452M"
            ],
            "computed": false,
            "date_type": "peak"
        }
    ],
    "distance": [
        {
            "value": "0.017392",
            "distance_type": "redshift",
            "reference": [
                "2020ApJ...898..161H"
            ],
            "default": false
        },
        {
            "value": "0.018",
            "distance_type": "redshift",
            "reference": [
                "2019ApJ...887..218L",
                "2024MNRAS.527.2452M"
            ],
            "default": true
        }
    ]
}