{
    "_key": "884809",
    "_id": "transients/884809",
    "_rev": "_j6Z-eoe---",
    "classification": {
        "spec_classed": 1,
        "unambiguous": true,
        "value": [
            {
                "object_class": "TDE",
                "confidence": 3.1,
                "reference": [
                    "1996A&A...309L..35B",
                    "2017ApJ...838..149A",
                    "2023PASP..135c4101G",
                    "['2002RvMA...15...27K', '2020SSRv..216...81A']"
                ],
                "default": true
            }
        ],
        "discovery_method": "xray"
    },
    "name": {
        "alias": [
            {
                "value": "NGC5905",
                "reference": [
                    "2017ApJ...838..149A"
                ]
            },
            {
                "value": "NGC 5905",
                "reference": [
                    "2017ApJ...838..149A",
                    "2023PASP..135c4101G"
                ]
            }
        ],
        "default_name": "NGC 5905"
    },
    "reference_alias": [
        {
            "name": "2017ApJ...838..149A",
            "human_readable_name": "Auchettl, Guillochon, & Ramirez-Ruiz (2017)"
        },
        {
            "name": "2016A&A...594A..13P",
            "human_readable_name": "Planck Collaboration et al. (2016)"
        },
        {
            "name": "1996A&A...309L..35B",
            "human_readable_name": "Bade, Komossa, & Dahlem (1996)"
        },
        {
            "name": "2017ApJ...835...64G",
            "human_readable_name": "Guillochon et al. (2017)"
        },
        {
            "name": "2023PASP..135c4101G",
            "human_readable_name": "Goldtooth, Aaron et al. (2023)"
        },
        {
            "name": "2002RvMA...15...27K",
            "human_readable_name": "Komossa, Stefanie (2002)"
        },
        {
            "name": "2020SSRv..216...81A",
            "human_readable_name": "Alexander, Kate D. et al. (2020)"
        },
        {
            "name": "2013ApJ...763...84B",
            "human_readable_name": "Bower, Geoffrey C. et al. (2013)"
        },
        {
            "name": "2002RvMA...15...27K",
            "human_readable_name": "Komossa, Stefanie (2002)"
        }
    ],
    "photometry": [
        {
            "raw": [
                0.00347326,
                0.00303359
            ],
            "raw_err": [
                0.000758073,
                0.000230168
            ],
            "raw_units": [
                "ct",
                "ct"
            ],
            "value": [
                2.79e-14,
                3.71e-14
            ],
            "value_units": [
                "ergs/cm^2/s",
                "ergs/cm^2/s"
            ],
            "filter_key": [
                "0.3 - 2.0",
                "0.3 - 2.0"
            ],
            "obs_type": [
                "xray",
                "xray"
            ],
            "date": [
                "52551",
                "54254.2"
            ],
            "date_format": "MJD",
            "upperlimit": [
                false,
                false
            ],
            "telescope": "Chandra",
            "corr_k": null,
            "corr_av": null,
            "corr_host": null,
            "corr_hostav": null,
            "reference": [
                "2017ApJ...838..149A"
            ],
            "xray_model": [
                {
                    "model_name": "Absorbed Powerlaw",
                    "param_names": [
                        "photonindex",
                        "nhmw"
                    ],
                    "param_values": [
                        "3.9",
                        "0.0121"
                    ],
                    "param_units": [
                        "None",
                        "10^22 cm^-2"
                    ],
                    "min_energy": 0.3,
                    "max_energy": 2,
                    "energy_units": "keV"
                },
                {
                    "model_name": "Absorbed Powerlaw",
                    "param_names": [
                        "photonindex",
                        "nhmw"
                    ],
                    "param_values": [
                        "3.9",
                        "0.0121"
                    ],
                    "param_units": [
                        "None",
                        "10^22 cm^-2"
                    ],
                    "min_energy": 0.3,
                    "max_energy": 2,
                    "energy_units": "keV"
                }
            ],
            "corr_s": null
        },
        {
            "raw": [
                0.273,
                0.0481,
                0.0198
            ],
            "raw_units": [
                "ct",
                "ct",
                "ct"
            ],
            "value": [
                3.17e-13,
                5.59e-14,
                2.3e-14
            ],
            "value_units": [
                "ergs/cm^2/s",
                "ergs/cm^2/s",
                "ergs/cm^2/s"
            ],
            "filter_key": [
                "0.3 - 2.0",
                "0.3 - 2.0",
                "0.3 - 2.0"
            ],
            "obs_type": [
                "xray",
                "xray",
                "xray"
            ],
            "date": [
                "48083.6",
                "48627",
                "49186.5"
            ],
            "date_format": "MJD",
            "upperlimit": [
                false,
                false,
                false
            ],
            "telescope": "ROSAT",
            "corr_k": null,
            "corr_av": null,
            "corr_host": null,
            "corr_hostav": null,
            "reference": [
                "2017ApJ...838..149A"
            ],
            "xray_model": [
                {
                    "model_name": "Absorbed Powerlaw",
                    "param_names": [
                        "photonindex",
                        "nhmw"
                    ],
                    "param_values": [
                        "4.5",
                        "0.0121"
                    ],
                    "param_units": [
                        "None",
                        "10^22 cm^-2"
                    ],
                    "min_energy": 0.3,
                    "max_energy": 2,
                    "energy_units": "keV"
                },
                {
                    "model_name": "Absorbed Powerlaw",
                    "param_names": [
                        "photonindex",
                        "nhmw"
                    ],
                    "param_values": [
                        "4.5",
                        "0.0121"
                    ],
                    "param_units": [
                        "None",
                        "10^22 cm^-2"
                    ],
                    "min_energy": 0.3,
                    "max_energy": 2,
                    "energy_units": "keV"
                },
                {
                    "model_name": "Absorbed Powerlaw",
                    "param_names": [
                        "photonindex",
                        "nhmw"
                    ],
                    "param_values": [
                        "4.5",
                        "0.0121"
                    ],
                    "param_units": [
                        "None",
                        "10^22 cm^-2"
                    ],
                    "min_energy": 0.3,
                    "max_energy": 2,
                    "energy_units": "keV"
                }
            ],
            "corr_s": null
        },
        {
            "raw": [
                2.12
            ],
            "raw_units": [
                "ct"
            ],
            "value": [
                9.7e-13
            ],
            "value_units": [
                "ergs/cm^2/s"
            ],
            "filter_key": [
                "0.3 - 2.0"
            ],
            "obs_type": [
                "xray"
            ],
            "date": [
                "55536.3"
            ],
            "date_format": "MJD",
            "upperlimit": [
                true
            ],
            "telescope": "XMM",
            "corr_k": null,
            "corr_av": null,
            "corr_host": null,
            "corr_hostav": null,
            "reference": [
                "2017ApJ...838..149A"
            ],
            "xray_model": [
                {
                    "model_name": "Absorbed Powerlaw",
                    "param_names": [
                        "photonindex",
                        "nhmw"
                    ],
                    "param_values": [
                        "4.5",
                        "0.0121"
                    ],
                    "param_units": [
                        "None",
                        "10^22 cm^-2"
                    ],
                    "min_energy": 0.3,
                    "max_energy": 2,
                    "energy_units": "keV"
                }
            ],
            "corr_s": null
        },
        {
            "reference": "['2002RvMA...15...27K', '2020SSRv..216...81A']",
            "raw": [
                90
            ],
            "raw_err": [
                0
            ],
            "raw_units": "uJy",
            "date": [
                "50390.786"
            ],
            "date_format": [
                "mjd"
            ],
            "upperlimit": [
                true
            ],
            "filter_key": [
                "8.46GHz"
            ],
            "obs_type": "radio",
            "corr_k": false,
            "corr_s": false,
            "corr_host": false,
            "corr_av": false,
            "corr_hostav": false
        },
        {
            "reference": "['2013ApJ...763...84B', '2020SSRv..216...81A']",
            "raw": [
                200
            ],
            "raw_err": [
                0
            ],
            "raw_units": "uJy",
            "date": [
                "56082.328"
            ],
            "date_format": [
                "mjd"
            ],
            "upperlimit": [
                true
            ],
            "filter_key": [
                "3.0GHz"
            ],
            "obs_type": "radio",
            "corr_k": false,
            "corr_s": false,
            "corr_host": false,
            "corr_av": false,
            "corr_hostav": false
        }
    ],
    "distance": [
        {
            "value": "0.01124",
            "distance_type": "redshift",
            "reference": [
                "1996A&A...309L..35B",
                "2017ApJ...838..149A",
                "2023PASP..135c4101G"
            ],
            "default": true
        },
        {
            "value": "0.012",
            "distance_type": "redshift",
            "reference": [
                "2002RvMA...15...27K"
            ],
            "default": false
        },
        {
            "value": "49.61",
            "distance_type": "comoving",
            "unit": "Mpc",
            "reference": [
                "1996A&A...309L..35B",
                "2016A&A...594A..13P",
                "2017ApJ...835...64G",
                "2017ApJ...838..149A"
            ],
            "default": true
        },
        {
            "value": "50.17",
            "distance_type": "luminosity",
            "unit": "Mpc",
            "reference": [
                "1996A&A...309L..35B",
                "2016A&A...594A..13P",
                "2017ApJ...835...64G",
                "2017ApJ...838..149A"
            ],
            "default": true
        }
    ],
    "coordinate": [
        {
            "ra": "15:15:23.32",
            "dec": "+55:31:01.59",
            "ra_units": "hour",
            "dec_units": "deg",
            "coordinate_type": "equatorial",
            "reference": [
                "2017ApJ...838..149A"
            ],
            "default": true
        },
        {
            "ra": "15:15:23.32",
            "dec": "+55:31:01.59",
            "ra_units": "hour",
            "dec_units": "degree",
            "coordinate_type": "equatorial",
            "reference": [
                "2017ApJ...838..149A"
            ],
            "default": false
        }
    ],
    "filter_alias": [
        {
            "filter_key": "0.3 - 2.0",
            "wave_eff": 0.7293188143129428,
            "wave_min": 0.6199209921660013,
            "wave_max": 4.132806614440009,
            "wave_units": "nm",
            "filter_name": "0.3 - 2.0"
        },
        {
            "filter_key": "8.46GHz",
            "filter_name": "X",
            "freq_eff": 8.46,
            "freq_units": "GHz"
        },
        {
            "filter_key": "3.0GHz",
            "filter_name": "S",
            "freq_eff": 3,
            "freq_units": "GHz"
        }
    ],
    "date_reference": [
        {
            "value": "1990-07-11",
            "date_format": "iso",
            "date_type": "discovery",
            "reference": [
                "2017ApJ...835...64G",
                "2017ApJ...838..149A"
            ],
            "default": false
        },
        {
            "value": "1990-07-11 ",
            "date_format": "iso",
            "date_type": "discovery",
            "reference": [
                "1996A&A...309L..35B",
                "2017ApJ...838..149A",
                "2023PASP..135c4101G"
            ],
            "default": true
        }
    ],
    "host": [
        {
            "host_name": "NGC 5905",
            "host_ra": 228.8458333333333,
            "host_dec": 55.51710833333333,
            "host_ra_units": "deg",
            "host_dec_units": "deg",
            "reference": [
                "2023PASP..135c4101G",
                "1996A&A...309L..35B",
                "2017ApJ...838..149A"
            ]
        }
    ],
    "schema_version": {
        "comment": "Copied from tde.space;",
        "comments": "From Goldtooth et al. (2023)",
        "value": 0
    }
}