{
    "_key": "884769",
    "_id": "transients/884769",
    "_rev": "_j6Y9xOi---",
    "coordinate": [
        {
            "ra": "68.130215",
            "dec": "-32.4306575",
            "ra_units": "deg",
            "dec_units": "deg",
            "coordinate_type": "equatorial",
            "epoch": "J2000",
            "frame": "ICRS",
            "reference": [
                "2021TNSTR.312....1T"
            ],
            "default": true
        },
        {
            "ra": "68.130215",
            "dec": "-32.4306575",
            "ra_units": "deg",
            "dec_units": "deg",
            "coordinate_type": "equatorial",
            "reference": [
                "2021TNSTR.312....1T"
            ],
            "default": false
        }
    ],
    "classification": {
        "spec_classed": 3,
        "unambiguous": true,
        "value": [
            {
                "object_class": "TDE",
                "confidence": 3.3,
                "reference": [
                    "2021TNSCR.338....1M",
                    "2024ApJ...974..241A"
                ],
                "default": true
            }
        ],
        "discovery_method": "uvoir"
    },
    "name": {
        "alias": [
            {
                "value": "2021blz",
                "reference": [
                    "TNS"
                ]
            },
            {
                "value": "ATLAS21djg",
                "reference": [
                    "TNS"
                ]
            },
            {
                "value": "AT2021blz",
                "reference": [
                    "2021TNSTR.312....1T"
                ]
            }
        ],
        "default_name": "2021blz"
    },
    "reference_alias": [
        {
            "name": "2021TNSTR.312....1T",
            "human_readable_name": "Tonry, J. et al. (2021)"
        },
        {
            "name": "2024ApJ...974..241A",
            "human_readable_name": "Anumarlapudi, Akash et al. (2024)"
        },
        {
            "name": "2021TNSCR.338....1M",
            "human_readable_name": "Magee, M. et al. (2021)"
        }
    ],
    "photometry": [
        {
            "reference": "2024ApJ...974..241A",
            "raw": [
                0.7,
                0.5
            ],
            "raw_err": [
                0,
                0
            ],
            "raw_units": "mJy",
            "date": [
                "58773.283",
                "59690.283"
            ],
            "date_format": [
                "mjd",
                "mjd"
            ],
            "upperlimit": [
                true,
                true
            ],
            "filter_key": [
                "887.5MHz",
                "887.5MHz"
            ],
            "obs_type": "radio",
            "telescope": "RACS",
            "corr_k": false,
            "corr_s": false,
            "corr_host": false,
            "corr_av": false,
            "corr_hostav": false
        },
        {
            "reference": "2024ApJ...974..241A",
            "raw": [
                0.5
            ],
            "raw_err": [
                0
            ],
            "raw_units": "mJy",
            "date": [
                "60131.283"
            ],
            "date_format": [
                "mjd"
            ],
            "upperlimit": [
                true
            ],
            "filter_key": [
                "3000.0MHz"
            ],
            "obs_type": "radio",
            "telescope": "VLASS",
            "corr_k": false,
            "corr_s": false,
            "corr_host": false,
            "corr_av": false,
            "corr_hostav": false
        }
    ],
    "filter_alias": [
        {
            "filter_key": "887.5MHz",
            "filter_name": "UHF",
            "freq_eff": 887.5,
            "freq_units": "MHz"
        },
        {
            "filter_key": "3000.0MHz",
            "filter_name": "S",
            "freq_eff": 3000,
            "freq_units": "MHz"
        }
    ],
    "distance": [
        {
            "value": 0.045,
            "computed": false,
            "distance_type": "redshift",
            "reference": [
                "2021TNSCR.338....1M"
            ]
        }
    ],
    "date_reference": [
        {
            "value": 59245.283,
            "date_format": "mjd",
            "date_type": "discovery",
            "reference": [
                "2021TNSTR.312....1T"
            ],
            "computed": false
        }
    ]
}