{
    "_key": "884731",
    "_id": "transients/884731",
    "_rev": "_j6Y9n8i---",
    "coordinate": [
        {
            "ra": "01:02:50.007",
            "dec": "-22:21:57.22",
            "ra_units": "hour",
            "dec_units": "deg",
            "coordinate_type": "equatorial",
            "reference": [
                "2017NatAs...1E..61T"
            ],
            "default": true
        },
        {
            "ra": "15.708292",
            "dec": "-22.3659",
            "ra_units": "deg",
            "dec_units": "deg",
            "coordinate_type": "equatorial",
            "epoch": "J2000",
            "frame": "ICRS",
            "reference": [
                "2022TNSTR.188....1H"
            ],
            "default": false
        }
    ],
    "name": {
        "alias": [
            {
                "value": "Gaia22ahd",
                "reference": [
                    "TNS"
                ]
            },
            {
                "value": "2022agi",
                "reference": [
                    "TNS"
                ]
            },
            {
                "value": "CSS:010250.0-222157",
                "reference": [
                    "2017NatAs...1E..61T"
                ]
            },
            {
                "value": "F01004-2237",
                "reference": [
                    "2017NatAs...1E..61T",
                    "MAST",
                    "2023PASP..135c4101G"
                ]
            },
            {
                "value": "SSS:010250.0-222157",
                "reference": [
                    "2017NatAs...1E..61T"
                ]
            }
        ],
        "default_name": "2022agi"
    },
    "reference_alias": [
        {
            "name": "2017NatAs...1E..61T",
            "human_readable_name": "Tadhunter et al. (2017)"
        },
        {
            "name": "2016A&A...594A..13P",
            "human_readable_name": "Planck Collaboration et al. (2016)"
        },
        {
            "name": "2011ApJ...737..103S",
            "human_readable_name": "Schlafly & Finkbeiner (2011)"
        },
        {
            "name": "MAST",
            "human_readable_name": "MAST"
        },
        {
            "name": "2017ApJ...835...64G",
            "human_readable_name": "Guillochon et al. (2017)"
        },
        {
            "name": "2023PASP..135c4101G",
            "human_readable_name": "Goldtooth, Aaron et al. (2023)"
        },
        {
            "name": "2022TNSTR.188....1H",
            "human_readable_name": "Hodgkin, S. T. et al. (2022)"
        }
    ],
    "date_reference": [
        {
            "value": "2010-06-25",
            "date_format": "iso",
            "date_type": "discovery",
            "reference": [
                "2017ApJ...835...64G",
                "2017NatAs...1E..61T"
            ],
            "default": true
        },
        {
            "value": "2010-06-25 ",
            "date_format": "iso",
            "date_type": "discovery",
            "reference": [
                "2017NatAs...1E..61T",
                "2023PASP..135c4101G"
            ],
            "default": false
        },
        {
            "value": "59600.393",
            "date_format": "mjd",
            "date_type": "discovery",
            "reference": [
                "2022TNSTR.188....1H"
            ],
            "default": false
        }
    ],
    "classification": {
        "spec_classed": 1,
        "unambiguous": true,
        "value": [
            {
                "object_class": "TDE",
                "confidence": 3.1,
                "reference": [
                    "2017ApJ...835...64G",
                    "2017NatAs...1E..61T",
                    "2023PASP..135c4101G"
                ],
                "default": true
            }
        ],
        "discovery_method": "uvoir"
    },
    "host": [
        {
            "host_name": "IRAS F01004-2237",
            "host_ra": 15.708333333333332,
            "host_dec": -22.365833333333335,
            "host_ra_units": "deg",
            "host_dec_units": "deg",
            "reference": [
                "2023PASP..135c4101G",
                "2017NatAs...1E..61T"
            ]
        }
    ],
    "schema_version": {
        "comment": "Copied from tde.space;",
        "comments": "From Goldtooth et al. (2023)",
        "value": 0
    },
    "filter_alias": [
        {
            "filter_key": "V",
            "wave_eff": 551,
            "wave_units": "nm",
            "filter_name": "V"
        },
        {
            "filter_key": "W1",
            "wave_eff": 3352.6,
            "wave_units": "nm",
            "filter_name": "W1"
        },
        {
            "filter_key": "W2",
            "wave_eff": 4602.8,
            "wave_units": "nm",
            "filter_name": "W2"
        }
    ],
    "photometry": [
        {
            "raw": [
                17.748,
                17.579,
                17.602,
                17.386,
                17.439,
                17.589,
                17.563,
                17.559,
                17.268,
                17.294,
                17.447,
                17.204,
                17.405,
                17.589,
                17.583,
                17.567,
                17.627,
                17.514,
                17.432,
                17.559,
                17.418,
                17.385,
                17.476,
                17.65,
                17.472,
                17.434,
                17.661,
                17.662,
                17.631,
                17.622,
                17.58,
                17.694,
                17.47,
                17.405,
                17.534,
                17.587,
                17.507,
                17.452,
                17.526,
                17.437,
                17.607,
                17.358,
                17.653,
                17.631,
                17.407,
                17.351,
                17.579,
                17.523,
                17.484,
                17.495,
                17.421,
                17.503,
                17.591,
                17.703,
                17.557,
                17.13,
                17.173,
                17.027,
                17.264,
                17.189,
                17.185,
                17.132,
                17.172,
                17.15,
                17.172,
                17.242,
                17.203,
                17.308,
                17.214,
                17.043,
                17.184,
                17.458,
                17.423,
                17.487,
                17.324,
                17.377,
                17.52,
                17.233,
                17.441,
                17.253,
                17.415,
                17.436,
                17.465,
                17.436,
                17.529,
                17.262,
                17.577,
                17.591,
                17.459,
                17.545,
                17.585,
                17.512,
                17.332,
                17.615,
                17.647,
                17.482,
                17.431,
                17.593,
                17.515,
                17.507,
                17.461,
                17.403,
                17.424,
                17.587,
                17.495,
                17.714,
                17.546,
                17.17,
                17.448,
                17.484,
                17.647,
                17.536,
                17.581,
                17.541,
                17.464,
                17.475,
                17.485,
                17.305,
                17.395,
                17.355,
                17.463,
                17.582,
                17.361,
                17.354,
                17.543,
                17.548,
                17.568,
                17.545,
                17.501,
                17.73,
                17.299,
                17.509,
                17.634,
                17.471,
                17.381,
                17.42,
                17.201,
                17.421,
                17.469,
                17.501,
                17.301,
                17.527,
                17.476,
                17.463,
                17.489,
                17.344,
                17.431,
                17.492,
                17.533,
                17.243
            ],
            "raw_err": [
                0.106,
                0.1,
                0.101,
                0.094,
                0.095,
                0.1,
                0.099,
                0.099,
                0.091,
                0.092,
                0.097,
                0.09,
                0.091,
                0.097,
                0.096,
                0.096,
                0.098,
                0.094,
                0.092,
                0.096,
                0.096,
                0.092,
                0.094,
                0.102,
                0.096,
                0.095,
                0.102,
                0.099,
                0.098,
                0.097,
                0.096,
                0.109,
                0.1,
                0.098,
                0.102,
                0.099,
                0.097,
                0.095,
                0.097,
                0.095,
                0.1,
                0.093,
                0.102,
                0.101,
                0.094,
                0.092,
                0.099,
                0.096,
                0.095,
                0.096,
                0.094,
                0.095,
                0.098,
                0.102,
                0.097,
                0.094,
                0.095,
                0.091,
                0.091,
                0.089,
                0.089,
                0.086,
                0.088,
                0.087,
                0.088,
                0.09,
                0.089,
                0.092,
                0.09,
                0.085,
                0.088,
                0.096,
                0.095,
                0.097,
                0.09,
                0.091,
                0.095,
                0.087,
                0.094,
                0.089,
                0.093,
                0.094,
                0.098,
                0.098,
                0.101,
                0.093,
                0.1,
                0.1,
                0.096,
                0.099,
                0.1,
                0.098,
                0.093,
                0.102,
                0.107,
                0.101,
                0.099,
                0.105,
                0.096,
                0.096,
                0.094,
                0.093,
                0.094,
                0.099,
                0.096,
                0.103,
                0.097,
                0.087,
                0.095,
                0.096,
                0.101,
                0.098,
                0.099,
                0.098,
                0.096,
                0.096,
                0.097,
                0.091,
                0.094,
                0.093,
                0.096,
                0.1,
                0.092,
                0.092,
                0.097,
                0.097,
                0.098,
                0.098,
                0.096,
                0.103,
                0.089,
                0.095,
                0.099,
                0.094,
                0.091,
                0.092,
                0.087,
                0.093,
                0.094,
                0.095,
                0.089,
                0.096,
                0.1,
                0.099,
                0.1,
                0.095,
                0.095,
                0.096,
                0.098,
                0.089
            ],
            "raw_units": "vega",
            "filter_key": [
                "V",
                "V",
                "V",
                "V",
                "V",
                "V",
                "V",
                "V",
                "V",
                "V",
                "V",
                "V",
                "V",
                "V",
                "V",
                "V",
                "V",
                "V",
                "V",
                "V",
                "V",
                "V",
                "V",
                "V",
                "V",
                "V",
                "V",
                "V",
                "V",
                "V",
                "V",
                "V",
                "V",
                "V",
                "V",
                "V",
                "V",
                "V",
                "V",
                "V",
                "V",
                "V",
                "V",
                "V",
                "V",
                "V",
                "V",
                "V",
                "V",
                "V",
                "V",
                "V",
                "V",
                "V",
                "V",
                "V",
                "V",
                "V",
                "V",
                "V",
                "V",
                "V",
                "V",
                "V",
                "V",
                "V",
                "V",
                "V",
                "V",
                "V",
                "V",
                "V",
                "V",
                "V",
                "V",
                "V",
                "V",
                "V",
                "V",
                "V",
                "V",
                "V",
                "V",
                "V",
                "V",
                "V",
                "V",
                "V",
                "V",
                "V",
                "V",
                "V",
                "V",
                "V",
                "V",
                "V",
                "V",
                "V",
                "V",
                "V",
                "V",
                "V",
                "V",
                "V",
                "V",
                "V",
                "V",
                "V",
                "V",
                "V",
                "V",
                "V",
                "V",
                "V",
                "V",
                "V",
                "V",
                "V",
                "V",
                "V",
                "V",
                "V",
                "V",
                "V",
                "V",
                "V",
                "V",
                "V",
                "V",
                "V",
                "V",
                "V",
                "V",
                "V",
                "V",
                "V",
                "V",
                "V",
                "V",
                "V",
                "V",
                "V",
                "V",
                "V",
                "V",
                "V",
                "V",
                "V",
                "V",
                "V"
            ],
            "obs_type": [
                "uvoir",
                "uvoir",
                "uvoir",
                "uvoir",
                "uvoir",
                "uvoir",
                "uvoir",
                "uvoir",
                "uvoir",
                "uvoir",
                "uvoir",
                "uvoir",
                "uvoir",
                "uvoir",
                "uvoir",
                "uvoir",
                "uvoir",
                "uvoir",
                "uvoir",
                "uvoir",
                "uvoir",
                "uvoir",
                "uvoir",
                "uvoir",
                "uvoir",
                "uvoir",
                "uvoir",
                "uvoir",
                "uvoir",
                "uvoir",
                "uvoir",
                "uvoir",
                "uvoir",
                "uvoir",
                "uvoir",
                "uvoir",
                "uvoir",
                "uvoir",
                "uvoir",
                "uvoir",
                "uvoir",
                "uvoir",
                "uvoir",
                "uvoir",
                "uvoir",
                "uvoir",
                "uvoir",
                "uvoir",
                "uvoir",
                "uvoir",
                "uvoir",
                "uvoir",
                "uvoir",
                "uvoir",
                "uvoir",
                "uvoir",
                "uvoir",
                "uvoir",
                "uvoir",
                "uvoir",
                "uvoir",
                "uvoir",
                "uvoir",
                "uvoir",
                "uvoir",
                "uvoir",
                "uvoir",
                "uvoir",
                "uvoir",
                "uvoir",
                "uvoir",
                "uvoir",
                "uvoir",
                "uvoir",
                "uvoir",
                "uvoir",
                "uvoir",
                "uvoir",
                "uvoir",
                "uvoir",
                "uvoir",
                "uvoir",
                "uvoir",
                "uvoir",
                "uvoir",
                "uvoir",
                "uvoir",
                "uvoir",
                "uvoir",
                "uvoir",
                "uvoir",
                "uvoir",
                "uvoir",
                "uvoir",
                "uvoir",
                "uvoir",
                "uvoir",
                "uvoir",
                "uvoir",
                "uvoir",
                "uvoir",
                "uvoir",
                "uvoir",
                "uvoir",
                "uvoir",
                "uvoir",
                "uvoir",
                "uvoir",
                "uvoir",
                "uvoir",
                "uvoir",
                "uvoir",
                "uvoir",
                "uvoir",
                "uvoir",
                "uvoir",
                "uvoir",
                "uvoir",
                "uvoir",
                "uvoir",
                "uvoir",
                "uvoir",
                "uvoir",
                "uvoir",
                "uvoir",
                "uvoir",
                "uvoir",
                "uvoir",
                "uvoir",
                "uvoir",
                "uvoir",
                "uvoir",
                "uvoir",
                "uvoir",
                "uvoir",
                "uvoir",
                "uvoir",
                "uvoir",
                "uvoir",
                "uvoir",
                "uvoir",
                "uvoir",
                "uvoir",
                "uvoir",
                "uvoir",
                "uvoir",
                "uvoir",
                "uvoir",
                "uvoir",
                "uvoir"
            ],
            "date": [
                "53673.22099",
                "53673.22698",
                "53673.23299",
                "53673.23898",
                "53680.21773",
                "53680.22415",
                "53680.23063",
                "53680.23709",
                "53712.13755",
                "53712.14178",
                "53712.14606",
                "53712.15034",
                "54005.29661",
                "54005.30303",
                "54005.30944",
                "54005.31589",
                "54039.21080",
                "54039.21727",
                "54039.22373",
                "54066.16235",
                "54066.17234",
                "54066.19418",
                "54066.21182",
                "54358.32324",
                "54358.32968",
                "54358.33612",
                "54358.34257",
                "54385.26279",
                "54385.27014",
                "54385.27753",
                "54385.28492",
                "54794.18505",
                "54794.19054",
                "54794.19596",
                "54794.20144",
                "55091.31954",
                "55091.32497",
                "55091.33043",
                "55091.33595",
                "55098.38331",
                "55098.38990",
                "55098.39666",
                "55098.40352",
                "55122.27398",
                "55122.28123",
                "55122.28864",
                "55122.29592",
                "55152.22347",
                "55152.23009",
                "55152.23674",
                "55152.24343",
                "55160.19277",
                "55160.20060",
                "55160.20848",
                "55160.21626",
                "55456.37909",
                "55456.39180",
                "55456.39816",
                "55483.28619",
                "55483.30064",
                "55483.30693",
                "55503.27060",
                "55503.28211",
                "55503.28788",
                "55513.19069",
                "55513.20457",
                "55513.21159",
                "55542.11558",
                "55542.12951",
                "55542.13646",
                "55835.32406",
                "55835.33200",
                "55835.34001",
                "55835.34807",
                "55853.30530",
                "55853.31090",
                "55853.31654",
                "55853.32224",
                "55865.24403",
                "55865.25019",
                "55865.25654",
                "55865.26277",
                "56196.31516",
                "56196.32199",
                "56196.32963",
                "56196.33760",
                "56209.31242",
                "56209.31749",
                "56209.32258",
                "56209.32764",
                "56218.26993",
                "56218.27563",
                "56218.28125",
                "56218.28742",
                "56547.35412",
                "56547.36123",
                "56547.36838",
                "56547.37553",
                "56565.36451",
                "56565.36955",
                "56565.37456",
                "56565.37963",
                "56577.29120",
                "56577.29661",
                "56577.30204",
                "56577.30752",
                "56580.29059",
                "56580.29780",
                "56580.30513",
                "56580.31238",
                "56588.27717",
                "56588.28324",
                "56588.28931",
                "56588.29537",
                "56606.24271",
                "56606.24775",
                "56606.25278",
                "56606.25783",
                "56657.06666",
                "56657.07320",
                "56657.07974",
                "56657.08629",
                "56924.31513",
                "56924.32217",
                "56924.32920",
                "56924.33623",
                "56947.19098",
                "56947.19548",
                "56947.19998",
                "56947.20448",
                "56953.26001",
                "56953.26504",
                "56953.27006",
                "56953.27508",
                "56960.27837",
                "56960.28352",
                "56960.28867",
                "56960.29382",
                "56990.16744",
                "56990.17817",
                "56990.18569",
                "56990.19319",
                "57307.27073",
                "57307.27581",
                "57307.28090",
                "57307.28600",
                "57344.15656",
                "57344.16058",
                "57344.16459",
                "57344.16861"
            ],
            "date_format": "MJD",
            "upperlimit": [
                false,
                false,
                false,
                false,
                false,
                false,
                false,
                false,
                false,
                false,
                false,
                false,
                false,
                false,
                false,
                false,
                false,
                false,
                false,
                false,
                false,
                false,
                false,
                false,
                false,
                false,
                false,
                false,
                false,
                false,
                false,
                false,
                false,
                false,
                false,
                false,
                false,
                false,
                false,
                false,
                false,
                false,
                false,
                false,
                false,
                false,
                false,
                false,
                false,
                false,
                false,
                false,
                false,
                false,
                false,
                false,
                false,
                false,
                false,
                false,
                false,
                false,
                false,
                false,
                false,
                false,
                false,
                false,
                false,
                false,
                false,
                false,
                false,
                false,
                false,
                false,
                false,
                false,
                false,
                false,
                false,
                false,
                false,
                false,
                false,
                false,
                false,
                false,
                false,
                false,
                false,
                false,
                false,
                false,
                false,
                false,
                false,
                false,
                false,
                false,
                false,
                false,
                false,
                false,
                false,
                false,
                false,
                false,
                false,
                false,
                false,
                false,
                false,
                false,
                false,
                false,
                false,
                false,
                false,
                false,
                false,
                false,
                false,
                false,
                false,
                false,
                false,
                false,
                false,
                false,
                false,
                false,
                false,
                false,
                false,
                false,
                false,
                false,
                false,
                false,
                false,
                false,
                false,
                false,
                false,
                false,
                false,
                false,
                false,
                false
            ],
            "telescope": "CSS",
            "corr_k": null,
            "corr_av": null,
            "corr_host": null,
            "corr_hostav": null,
            "reference": [
                "2017NatAs...1E..61T"
            ],
            "corr_s": null
        },
        {
            "raw": [
                17.776,
                17.804,
                17.806,
                17.753,
                17.479,
                17.601,
                17.628,
                17.532,
                17.556,
                17.685,
                17.723,
                17.467,
                17.79,
                17.996,
                17.715,
                17.724,
                17.69,
                17.66,
                17.424,
                17.514,
                17.558,
                17.438,
                17.625,
                17.405,
                17.584,
                17.631,
                17.664,
                17.733,
                17.627,
                17.554,
                17.861,
                17.671,
                17.481,
                17.703,
                17.657,
                17.581,
                17.681,
                17.727,
                17.606,
                17.735,
                17.163,
                17.567,
                18,
                17.944,
                17.768,
                17.75,
                17.65,
                17.711,
                17.65,
                17.555,
                17.633,
                17.524,
                17.633,
                17.552,
                17.605,
                17.487,
                17.473,
                17.669,
                17.656,
                17.58,
                17.749,
                17.565,
                17.664,
                17.252,
                17.61,
                17.8,
                17.852,
                17.204,
                17.836,
                17.535,
                17.637,
                17.722,
                17.374,
                17.734,
                17.63,
                17.533,
                17.552,
                17.697,
                17.618,
                17.561,
                17.734,
                17.65,
                17.711,
                17.775,
                17.631,
                17.64,
                17.524,
                17.552,
                17.722,
                17.572,
                17.743,
                17.677,
                17.427,
                17.634,
                17.52,
                17.622,
                17.813,
                17.603,
                17.721,
                17.472,
                17.706,
                17.535,
                17.524,
                17.598,
                17.604,
                17.696,
                17.682,
                17.82,
                17.598,
                17.805,
                17.548,
                17.519,
                17.554,
                17.807,
                17.104,
                17.081,
                17.338,
                17.535,
                17.574,
                17.489,
                17.453,
                17.59,
                17.52,
                17.434,
                17.535,
                17.5,
                17.441,
                17.517,
                17.635,
                17.318,
                17.451,
                17.482
            ],
            "raw_err": [
                0.247,
                0.255,
                0.26,
                0.259,
                0.215,
                0.228,
                0.23,
                0.221,
                0.227,
                0.243,
                0.249,
                0.219,
                0.193,
                0.259,
                0.215,
                0.215,
                0.211,
                0.207,
                0.201,
                0.211,
                0.217,
                0.207,
                0.164,
                0.148,
                0.16,
                0.163,
                0.167,
                0.173,
                0.164,
                0.159,
                0.228,
                0.209,
                0.191,
                0.211,
                0.208,
                0.2,
                0.208,
                0.215,
                0.207,
                0.257,
                0.219,
                0.2,
                0.329,
                0.357,
                0.347,
                0.325,
                0.167,
                0.171,
                0.167,
                0.159,
                0.164,
                0.156,
                0.165,
                0.159,
                0.206,
                0.195,
                0.194,
                0.213,
                0.219,
                0.217,
                0.233,
                0.248,
                0.219,
                0.179,
                0.213,
                0.234,
                0.254,
                0.185,
                0.254,
                0.218,
                0.23,
                0.24,
                0.199,
                0.263,
                0.179,
                0.171,
                0.172,
                0.184,
                0.145,
                0.142,
                0.153,
                0.147,
                0.152,
                0.157,
                0.147,
                0.147,
                0.124,
                0.125,
                0.134,
                0.127,
                0.217,
                0.164,
                0.148,
                0.162,
                0.185,
                0.195,
                0.214,
                0.194,
                0.203,
                0.18,
                0.201,
                0.185,
                0.14,
                0.145,
                0.145,
                0.151,
                0.152,
                0.162,
                0.155,
                0.172,
                0.208,
                0.21,
                0.212,
                0.242,
                0.114,
                0.113,
                0.133,
                0.144,
                0.153,
                0.144,
                0.148,
                0.158,
                0.153,
                0.148,
                0.118,
                0.117,
                0.114,
                0.117,
                0.143,
                0.126,
                0.133,
                0.134
            ],
            "raw_units": "vega",
            "filter_key": [
                "V",
                "V",
                "V",
                "V",
                "V",
                "V",
                "V",
                "V",
                "V",
                "V",
                "V",
                "V",
                "V",
                "V",
                "V",
                "V",
                "V",
                "V",
                "V",
                "V",
                "V",
                "V",
                "V",
                "V",
                "V",
                "V",
                "V",
                "V",
                "V",
                "V",
                "V",
                "V",
                "V",
                "V",
                "V",
                "V",
                "V",
                "V",
                "V",
                "V",
                "V",
                "V",
                "V",
                "V",
                "V",
                "V",
                "V",
                "V",
                "V",
                "V",
                "V",
                "V",
                "V",
                "V",
                "V",
                "V",
                "V",
                "V",
                "V",
                "V",
                "V",
                "V",
                "V",
                "V",
                "V",
                "V",
                "V",
                "V",
                "V",
                "V",
                "V",
                "V",
                "V",
                "V",
                "V",
                "V",
                "V",
                "V",
                "V",
                "V",
                "V",
                "V",
                "V",
                "V",
                "V",
                "V",
                "V",
                "V",
                "V",
                "V",
                "V",
                "V",
                "V",
                "V",
                "V",
                "V",
                "V",
                "V",
                "V",
                "V",
                "V",
                "V",
                "V",
                "V",
                "V",
                "V",
                "V",
                "V",
                "V",
                "V",
                "V",
                "V",
                "V",
                "V",
                "V",
                "V",
                "V",
                "V",
                "V",
                "V",
                "V",
                "V",
                "V",
                "V",
                "V",
                "V",
                "V",
                "V",
                "V",
                "V",
                "V",
                "V"
            ],
            "obs_type": [
                "uvoir",
                "uvoir",
                "uvoir",
                "uvoir",
                "uvoir",
                "uvoir",
                "uvoir",
                "uvoir",
                "uvoir",
                "uvoir",
                "uvoir",
                "uvoir",
                "uvoir",
                "uvoir",
                "uvoir",
                "uvoir",
                "uvoir",
                "uvoir",
                "uvoir",
                "uvoir",
                "uvoir",
                "uvoir",
                "uvoir",
                "uvoir",
                "uvoir",
                "uvoir",
                "uvoir",
                "uvoir",
                "uvoir",
                "uvoir",
                "uvoir",
                "uvoir",
                "uvoir",
                "uvoir",
                "uvoir",
                "uvoir",
                "uvoir",
                "uvoir",
                "uvoir",
                "uvoir",
                "uvoir",
                "uvoir",
                "uvoir",
                "uvoir",
                "uvoir",
                "uvoir",
                "uvoir",
                "uvoir",
                "uvoir",
                "uvoir",
                "uvoir",
                "uvoir",
                "uvoir",
                "uvoir",
                "uvoir",
                "uvoir",
                "uvoir",
                "uvoir",
                "uvoir",
                "uvoir",
                "uvoir",
                "uvoir",
                "uvoir",
                "uvoir",
                "uvoir",
                "uvoir",
                "uvoir",
                "uvoir",
                "uvoir",
                "uvoir",
                "uvoir",
                "uvoir",
                "uvoir",
                "uvoir",
                "uvoir",
                "uvoir",
                "uvoir",
                "uvoir",
                "uvoir",
                "uvoir",
                "uvoir",
                "uvoir",
                "uvoir",
                "uvoir",
                "uvoir",
                "uvoir",
                "uvoir",
                "uvoir",
                "uvoir",
                "uvoir",
                "uvoir",
                "uvoir",
                "uvoir",
                "uvoir",
                "uvoir",
                "uvoir",
                "uvoir",
                "uvoir",
                "uvoir",
                "uvoir",
                "uvoir",
                "uvoir",
                "uvoir",
                "uvoir",
                "uvoir",
                "uvoir",
                "uvoir",
                "uvoir",
                "uvoir",
                "uvoir",
                "uvoir",
                "uvoir",
                "uvoir",
                "uvoir",
                "uvoir",
                "uvoir",
                "uvoir",
                "uvoir",
                "uvoir",
                "uvoir",
                "uvoir",
                "uvoir",
                "uvoir",
                "uvoir",
                "uvoir",
                "uvoir",
                "uvoir",
                "uvoir",
                "uvoir",
                "uvoir",
                "uvoir",
                "uvoir"
            ],
            "date": [
                "53568.68622",
                "53568.69272",
                "53568.69955",
                "53568.70616",
                "53590.71915",
                "53590.73197",
                "53590.74387",
                "53590.75589",
                "53609.76497",
                "53609.77599",
                "53609.78728",
                "53609.79830",
                "53628.55340",
                "53628.56157",
                "53654.39493",
                "53654.40159",
                "53654.40821",
                "53654.41485",
                "53735.50122",
                "53735.50893",
                "53735.51665",
                "53735.52437",
                "53903.78404",
                "53903.79593",
                "53903.80603",
                "53903.81621",
                "53946.74849",
                "53946.76212",
                "53946.77524",
                "53946.78842",
                "54011.57014",
                "54011.58147",
                "54011.59278",
                "54011.60371",
                "54020.55779",
                "54020.56642",
                "54020.57505",
                "54020.58367",
                "54054.50610",
                "54054.51219",
                "54054.51846",
                "54054.52455",
                "54113.42668",
                "54113.43391",
                "54113.44117",
                "54113.44842",
                "54301.74027",
                "54301.75317",
                "54301.76625",
                "54301.77936",
                "54325.66081",
                "54325.67596",
                "54325.69115",
                "54325.70614",
                "54378.66108",
                "54378.67220",
                "54378.68334",
                "54378.69444",
                "54379.68205",
                "54379.69054",
                "54379.69902",
                "54379.70749",
                "54393.55785",
                "54393.56634",
                "54393.57487",
                "54393.58337",
                "54475.49734",
                "54475.49999",
                "54475.50272",
                "54475.50539",
                "54492.46151",
                "54492.46557",
                "54492.46969",
                "54492.47376",
                "54646.73653",
                "54646.74519",
                "54646.75409",
                "54646.76284",
                "54701.77453",
                "54701.78276",
                "54701.79103",
                "54701.79934",
                "54719.60684",
                "54719.61251",
                "54719.61818",
                "54719.62384",
                "54737.66372",
                "54737.67962",
                "54737.69559",
                "54737.71165",
                "54765.61724",
                "54765.62868",
                "54765.64013",
                "54765.65158",
                "54861.43567",
                "54861.43944",
                "54861.44321",
                "54861.44697",
                "55031.67854",
                "55031.68628",
                "55031.69404",
                "55031.70172",
                "55122.55499",
                "55122.56346",
                "55122.57927",
                "55122.58777",
                "55128.62191",
                "55128.63310",
                "55128.64431",
                "55128.65549",
                "55219.46416",
                "55219.46787",
                "55219.47160",
                "55219.47535",
                "55428.74078",
                "55428.75235",
                "55763.79067",
                "55763.79770",
                "55763.80486",
                "55763.81196",
                "55919.49809",
                "55919.51057",
                "55919.52302",
                "55919.53569",
                "56155.68267",
                "56155.69698",
                "56155.71127",
                "56155.72559",
                "56495.74746",
                "56495.75648",
                "56495.76558",
                "56495.77478"
            ],
            "date_format": "MJD",
            "upperlimit": [
                false,
                false,
                false,
                false,
                false,
                false,
                false,
                false,
                false,
                false,
                false,
                false,
                false,
                false,
                false,
                false,
                false,
                false,
                false,
                false,
                false,
                false,
                false,
                false,
                false,
                false,
                false,
                false,
                false,
                false,
                false,
                false,
                false,
                false,
                false,
                false,
                false,
                false,
                false,
                false,
                false,
                false,
                false,
                false,
                false,
                false,
                false,
                false,
                false,
                false,
                false,
                false,
                false,
                false,
                false,
                false,
                false,
                false,
                false,
                false,
                false,
                false,
                false,
                false,
                false,
                false,
                false,
                false,
                false,
                false,
                false,
                false,
                false,
                false,
                false,
                false,
                false,
                false,
                false,
                false,
                false,
                false,
                false,
                false,
                false,
                false,
                false,
                false,
                false,
                false,
                false,
                false,
                false,
                false,
                false,
                false,
                false,
                false,
                false,
                false,
                false,
                false,
                false,
                false,
                false,
                false,
                false,
                false,
                false,
                false,
                false,
                false,
                false,
                false,
                false,
                false,
                false,
                false,
                false,
                false,
                false,
                false,
                false,
                false,
                false,
                false,
                false,
                false,
                false,
                false,
                false,
                false
            ],
            "telescope": "SSS",
            "corr_k": null,
            "corr_av": null,
            "corr_host": null,
            "corr_hostav": null,
            "reference": [
                "2017NatAs...1E..61T"
            ],
            "corr_s": null
        },
        {
            "raw": [
                12.935,
                11.206,
                12.908,
                11.218,
                12.879,
                11.246,
                12.944,
                11.266,
                12.974,
                11.242,
                12.896,
                11.276,
                12.916,
                11.25,
                12.978,
                11.219,
                12.846,
                11.221,
                12.889,
                11.301,
                12.994,
                11.254,
                12.888,
                11.214,
                12.935,
                11.271,
                12.776,
                11.324,
                12.789,
                11.311,
                12.832,
                11.27,
                12.81,
                11.285,
                12.93,
                11.254,
                12.805,
                11.263,
                12.058,
                10.564,
                12.059,
                10.648,
                12.064,
                10.629,
                12.069,
                10.651,
                12.037,
                10.596,
                12.034,
                10.642,
                12.062,
                10.625,
                12.015,
                10.518,
                12.059,
                10.607,
                12.01,
                10.646,
                12.011,
                10.6,
                12.023,
                10.593,
                12.057,
                10.681,
                12.034,
                10.585,
                11.999,
                10.589,
                12.019,
                10.583,
                11.972,
                10.527,
                11.949,
                10.529,
                11.943,
                10.513,
                11.967,
                10.553,
                11.945,
                10.511,
                11.977,
                10.565,
                11.951,
                10.531,
                11.942,
                10.553,
                11.97,
                10.547,
                11.965,
                10.498,
                11.954,
                10.565,
                11.863,
                10.479,
                11.846,
                10.521,
                11.867,
                10.484,
                11.871,
                10.451,
                11.835,
                10.477,
                11.818,
                10.473,
                11.851,
                10.494,
                11.861,
                10.491,
                11.901,
                10.44,
                11.843,
                10.461,
                11.856,
                10.475
            ],
            "raw_err": [
                0.034,
                0.027,
                0.035,
                0.026,
                0.032,
                0.027,
                0.035,
                0.034,
                0.044,
                0.029,
                0.037,
                0.036,
                0.036,
                0.03,
                0.038,
                0.027,
                0.036,
                0.029,
                0.033,
                0.028,
                0.051,
                0.029,
                0.035,
                0.035,
                0.038,
                0.027,
                0.034,
                0.034,
                0.032,
                0.034,
                0.036,
                0.039,
                0.031,
                0.03,
                0.038,
                0.026,
                0.037,
                0.032,
                0.024,
                0.02,
                0.022,
                0.021,
                0.022,
                0.02,
                0.024,
                0.02,
                0.019,
                0.018,
                0.024,
                0.023,
                0.021,
                0.018,
                0.029,
                0.019,
                0.02,
                0.02,
                0.021,
                0.021,
                0.023,
                0.02,
                0.021,
                0.021,
                0.026,
                0.02,
                0.024,
                0.022,
                0.02,
                0.019,
                0.024,
                0.02,
                0.021,
                0.019,
                0.025,
                0.019,
                0.023,
                0.019,
                0.021,
                0.022,
                0.022,
                0.018,
                0.02,
                0.019,
                0.02,
                0.018,
                0.021,
                0.018,
                0.023,
                0.019,
                0.023,
                0.02,
                0.02,
                0.019,
                0.021,
                0.021,
                0.019,
                0.02,
                0.018,
                0.019,
                0.022,
                0.019,
                0.025,
                0.021,
                0.022,
                0.018,
                0.021,
                0.021,
                0.019,
                0.021,
                0.024,
                0.022,
                0.024,
                0.02,
                0.019,
                0.021
            ],
            "raw_units": [
                "Vega",
                "Vega",
                "Vega",
                "Vega",
                "Vega",
                "Vega",
                "Vega",
                "Vega",
                "Vega",
                "Vega",
                "Vega",
                "Vega",
                "Vega",
                "Vega",
                "Vega",
                "Vega",
                "Vega",
                "Vega",
                "Vega",
                "Vega",
                "Vega",
                "Vega",
                "Vega",
                "Vega",
                "Vega",
                "Vega",
                "Vega",
                "Vega",
                "Vega",
                "Vega",
                "Vega",
                "Vega",
                "Vega",
                "Vega",
                "Vega",
                "Vega",
                "Vega",
                "Vega",
                "Vega",
                "Vega",
                "Vega",
                "Vega",
                "Vega",
                "Vega",
                "Vega",
                "Vega",
                "Vega",
                "Vega",
                "Vega",
                "Vega",
                "Vega",
                "Vega",
                "Vega",
                "Vega",
                "Vega",
                "Vega",
                "Vega",
                "Vega",
                "Vega",
                "Vega",
                "Vega",
                "Vega",
                "Vega",
                "Vega",
                "Vega",
                "Vega",
                "Vega",
                "Vega",
                "Vega",
                "Vega",
                "Vega",
                "Vega",
                "Vega",
                "Vega",
                "Vega",
                "Vega",
                "Vega",
                "Vega",
                "Vega",
                "Vega",
                "Vega",
                "Vega",
                "Vega",
                "Vega",
                "Vega",
                "Vega",
                "Vega",
                "Vega",
                "Vega",
                "Vega",
                "Vega",
                "Vega",
                "Vega",
                "Vega",
                "Vega",
                "Vega",
                "Vega",
                "Vega",
                "Vega",
                "Vega",
                "Vega",
                "Vega",
                "Vega",
                "Vega",
                "Vega",
                "Vega",
                "Vega",
                "Vega",
                "Vega",
                "Vega",
                "Vega",
                "Vega",
                "Vega",
                "Vega"
            ],
            "filter_key": [
                "W1",
                "W2",
                "W1",
                "W2",
                "W1",
                "W2",
                "W1",
                "W2",
                "W1",
                "W2",
                "W1",
                "W2",
                "W1",
                "W2",
                "W1",
                "W2",
                "W1",
                "W2",
                "W1",
                "W2",
                "W1",
                "W2",
                "W1",
                "W2",
                "W1",
                "W2",
                "W1",
                "W2",
                "W1",
                "W2",
                "W1",
                "W2",
                "W1",
                "W2",
                "W1",
                "W2",
                "W1",
                "W2",
                "W1",
                "W2",
                "W1",
                "W2",
                "W1",
                "W2",
                "W1",
                "W2",
                "W1",
                "W2",
                "W1",
                "W2",
                "W1",
                "W2",
                "W1",
                "W2",
                "W1",
                "W2",
                "W1",
                "W2",
                "W1",
                "W2",
                "W1",
                "W2",
                "W1",
                "W2",
                "W1",
                "W2",
                "W1",
                "W2",
                "W1",
                "W2",
                "W1",
                "W2",
                "W1",
                "W2",
                "W1",
                "W2",
                "W1",
                "W2",
                "W1",
                "W2",
                "W1",
                "W2",
                "W1",
                "W2",
                "W1",
                "W2",
                "W1",
                "W2",
                "W1",
                "W2",
                "W1",
                "W2",
                "W1",
                "W2",
                "W1",
                "W2",
                "W1",
                "W2",
                "W1",
                "W2",
                "W1",
                "W2",
                "W1",
                "W2",
                "W1",
                "W2",
                "W1",
                "W2",
                "W1",
                "W2",
                "W1",
                "W2",
                "W1",
                "W2"
            ],
            "obs_type": [
                "uvoir",
                "uvoir",
                "uvoir",
                "uvoir",
                "uvoir",
                "uvoir",
                "uvoir",
                "uvoir",
                "uvoir",
                "uvoir",
                "uvoir",
                "uvoir",
                "uvoir",
                "uvoir",
                "uvoir",
                "uvoir",
                "uvoir",
                "uvoir",
                "uvoir",
                "uvoir",
                "uvoir",
                "uvoir",
                "uvoir",
                "uvoir",
                "uvoir",
                "uvoir",
                "uvoir",
                "uvoir",
                "uvoir",
                "uvoir",
                "uvoir",
                "uvoir",
                "uvoir",
                "uvoir",
                "uvoir",
                "uvoir",
                "uvoir",
                "uvoir",
                "uvoir",
                "uvoir",
                "uvoir",
                "uvoir",
                "uvoir",
                "uvoir",
                "uvoir",
                "uvoir",
                "uvoir",
                "uvoir",
                "uvoir",
                "uvoir",
                "uvoir",
                "uvoir",
                "uvoir",
                "uvoir",
                "uvoir",
                "uvoir",
                "uvoir",
                "uvoir",
                "uvoir",
                "uvoir",
                "uvoir",
                "uvoir",
                "uvoir",
                "uvoir",
                "uvoir",
                "uvoir",
                "uvoir",
                "uvoir",
                "uvoir",
                "uvoir",
                "uvoir",
                "uvoir",
                "uvoir",
                "uvoir",
                "uvoir",
                "uvoir",
                "uvoir",
                "uvoir",
                "uvoir",
                "uvoir",
                "uvoir",
                "uvoir",
                "uvoir",
                "uvoir",
                "uvoir",
                "uvoir",
                "uvoir",
                "uvoir",
                "uvoir",
                "uvoir",
                "uvoir",
                "uvoir",
                "uvoir",
                "uvoir",
                "uvoir",
                "uvoir",
                "uvoir",
                "uvoir",
                "uvoir",
                "uvoir",
                "uvoir",
                "uvoir",
                "uvoir",
                "uvoir",
                "uvoir",
                "uvoir",
                "uvoir",
                "uvoir",
                "uvoir",
                "uvoir",
                "uvoir",
                "uvoir",
                "uvoir",
                "uvoir"
            ],
            "date": [
                "55372.79029",
                "55372.79029",
                "55372.92259",
                "55372.92259",
                "55373.05490",
                "55373.05490",
                "55373.12111",
                "55373.12111",
                "55373.51790",
                "55373.51790",
                "55373.51802",
                "55373.51802",
                "55373.65020",
                "55373.65020",
                "55373.65033",
                "55373.65033",
                "55373.78250",
                "55373.78250",
                "55373.91481",
                "55373.91481",
                "55552.18275",
                "55552.18275",
                "55552.18288",
                "55552.18288",
                "55552.31506",
                "55552.31506",
                "55552.44736",
                "55552.44736",
                "55552.57967",
                "55552.57967",
                "55552.64576",
                "55552.64576",
                "55553.04254",
                "55553.04254",
                "55553.17485",
                "55553.17485",
                "55553.30702",
                "55553.30702",
                "56650.03341",
                "56650.03341",
                "56650.16521",
                "56650.16521",
                "56650.29700",
                "56650.29700",
                "56650.36296",
                "56650.36296",
                "56650.42880",
                "56650.42880",
                "56650.49476",
                "56650.49476",
                "56650.56059",
                "56650.56059",
                "56650.62643",
                "56650.62643",
                "56651.02181",
                "56651.02181",
                "56837.65195",
                "56837.65195",
                "56837.78361",
                "56837.78361",
                "56837.91515",
                "56837.91515",
                "56837.98099",
                "56837.98099",
                "56838.04669",
                "56838.04669",
                "56838.11253",
                "56838.11253",
                "56838.50727",
                "56838.50727",
                "57014.18149",
                "57014.18149",
                "57014.31290",
                "57014.31290",
                "57014.31303",
                "57014.31303",
                "57014.44444",
                "57014.44444",
                "57014.51015",
                "57014.51015",
                "57014.57585",
                "57014.57585",
                "57014.64156",
                "57014.64156",
                "57015.03580",
                "57015.03580",
                "57015.16721",
                "57015.16721",
                "57015.16734",
                "57015.16734",
                "57020.02988",
                "57020.02988",
                "57199.58160",
                "57199.58160",
                "57199.71276",
                "57199.71276",
                "57199.77834",
                "57199.77834",
                "57199.84392",
                "57199.84392",
                "57199.84404",
                "57199.84404",
                "57199.90962",
                "57199.90962",
                "57199.97520",
                "57199.97520",
                "57200.04078",
                "57200.04078",
                "57200.10636",
                "57200.10636",
                "57200.10649",
                "57200.10649",
                "57200.17207",
                "57200.17207"
            ],
            "date_format": "MJD",
            "upperlimit": [
                false,
                false,
                false,
                false,
                false,
                false,
                false,
                false,
                false,
                false,
                false,
                false,
                false,
                false,
                false,
                false,
                false,
                false,
                false,
                false,
                false,
                false,
                false,
                false,
                false,
                false,
                false,
                false,
                false,
                false,
                false,
                false,
                false,
                false,
                false,
                false,
                false,
                false,
                false,
                false,
                false,
                false,
                false,
                false,
                false,
                false,
                false,
                false,
                false,
                false,
                false,
                false,
                false,
                false,
                false,
                false,
                false,
                false,
                false,
                false,
                false,
                false,
                false,
                false,
                false,
                false,
                false,
                false,
                false,
                false,
                false,
                false,
                false,
                false,
                false,
                false,
                false,
                false,
                false,
                false,
                false,
                false,
                false,
                false,
                false,
                false,
                false,
                false,
                false,
                false,
                false,
                false,
                false,
                false,
                false,
                false,
                false,
                false,
                false,
                false,
                false,
                false,
                false,
                false,
                false,
                false,
                false,
                false,
                false,
                false,
                false,
                false,
                false,
                false
            ],
            "telescope": "WISE",
            "corr_k": null,
            "corr_av": null,
            "corr_host": null,
            "corr_hostav": null,
            "reference": [
                "2017NatAs...1E..61T"
            ],
            "corr_s": null
        }
    ],
    "distance": [
        {
            "value": "0.117835",
            "distance_type": "redshift",
            "reference": [
                "2017NatAs...1E..61T",
                "2023PASP..135c4101G"
            ],
            "default": true
        },
        {
            "value": "506.963",
            "distance_type": "comoving",
            "unit": "Mpc",
            "reference": [
                "2016A&A...594A..13P",
                "2017ApJ...835...64G",
                "2017NatAs...1E..61T"
            ],
            "default": true
        },
        {
            "value": "566.701",
            "distance_type": "luminosity",
            "unit": "Mpc",
            "reference": [
                "2016A&A...594A..13P",
                "2017ApJ...835...64G",
                "2017NatAs...1E..61T"
            ],
            "default": true
        }
    ]
}