{
    "_key": "3861913",
    "_id": "transients/3861913",
    "_rev": "_kGYhZi----",
    "name": {
        "default_name": "VAST J212618.5+022400",
        "alias": [
            {
                "value": "VAST J212618.5+022400",
                "reference": [
                    "2024ApJ...973..104D"
                ]
            }
        ]
    },
    "coordinate": [
        {
            "ra": 321.58,
            "dec": 2.4,
            "ra_units": "deg",
            "dec_units": "deg",
            "reference": [
                "2024ApJ...973..104D"
            ],
            "coordinate_type": "equatorial"
        }
    ],
    "classification": {
        "value": [
            {
                "object_class": "TDE",
                "confidence": 1,
                "reference": [
                    "2024ApJ...973..104D"
                ]
            }
        ]
    },
    "schema_version": {
        "comment": "Uploader:Noah Franz | Email:nfranz@arizona.edu"
    },
    "reference_alias": [
        {
            "name": "2024ApJ...973..104D",
            "human_readable_name": "Dykaar, Hannah et al. (2024)"
        }
    ]
}