{
    "_key": "884787",
    "_id": "transients/884787",
    "_rev": "_j6Z-Ecu---",
    "reference_alias": [
        {
            "name": "Hammerstein, E. et al. (2023)",
            "human_readable_name": "2023TNSAN.326....1H"
        },
        {
            "name": "2024MNRAS.527.2452M",
            "human_readable_name": "Mummery et al. (2023)"
        },
        {
            "name": "2023TNSTR2204....1M",
            "human_readable_name": "Munoz-Arancibia, A. et al. (2023)"
        },
        {
            "name": "2023TNSCR3112....1H",
            "human_readable_name": "Hammerstein, E. et al. (2023)"
        }
    ],
    "classification": {
        "spec_classed": 3,
        "unambiguous": true,
        "value": [
            {
                "object_class": "TDE",
                "confidence": 3.3,
                "reference": [
                    "2023TNSAN.326....1H",
                    "2023TNSCR3112....1H",
                    "2024MNRAS.527.2452M"
                ],
                "default": true
            }
        ],
        "discovery_method": "uvoir"
    },
    "coordinate": [
        {
            "ra": "290.30227995",
            "dec": "-22.64433485",
            "ra_units": "deg",
            "dec_units": "deg",
            "coordinate_type": "equatorial",
            "epoch": "J2000",
            "frame": "ICRS",
            "reference": [
                "2023TNSTR2204....1M"
            ],
            "default": false
        },
        {
            "ra": "290.3022882",
            "dec": "-22.6443337",
            "ra_units": "deg",
            "dec_units": "deg",
            "coordinate_type": "equatorial",
            "reference": [
                "2023TNSAN.326....1H",
                "2024MNRAS.527.2452M"
            ],
            "default": true
        }
    ],
    "distance": [
        {
            "value": "0.0815",
            "distance_type": "redshift",
            "reference": [
                "2023TNSAN.326....1H",
                "2023TNSCR3112....1H",
                "2024MNRAS.527.2452M"
            ],
            "default": true
        }
    ],
    "name": {
        "alias": [
            {
                "value": "ZTF23abaujuy",
                "reference": [
                    "TNS"
                ]
            },
            {
                "value": "ATLAS23spi",
                "reference": [
                    "TNS"
                ]
            },
            {
                "value": "2023rvb",
                "reference": [
                    "TNS"
                ]
            },
            {
                "value": "AT2023rvb",
                "reference": [
                    "2023TNSAN.326....1H",
                    "2024MNRAS.527.2452M"
                ]
            }
        ],
        "default_name": "2023rvb"
    },
    "date_reference": [
        {
            "value": "60191.168287002314",
            "date_format": "mjd",
            "date_type": "discovery",
            "reference": [
                "2023TNSTR2204....1M"
            ],
            "default": true
        },
        {
            "value": "60207.15833333332",
            "date_format": "mjd",
            "date_type": "peak",
            "reference": [
                "2023TNSAN.326....1H",
                "2024MNRAS.527.2452M"
            ],
            "default": true
        }
    ],
    "filter_alias": [
        {
            "filter_key": "U.uvot",
            "filter_name": "U.uvot",
            "freq_eff": 872815357550259.6,
            "freq_units": "Hz"
        },
        {
            "filter_key": "UVM2.uvot",
            "filter_name": "UVM2.uvot",
            "freq_eff": 1346484181597652,
            "freq_units": "Hz"
        },
        {
            "filter_key": "UVW1.uvot",
            "filter_name": "UVW1.uvot",
            "freq_eff": 1198891057872408,
            "freq_units": "Hz"
        },
        {
            "filter_key": "UVW2.uvot",
            "filter_name": "UVW2.uvot",
            "freq_eff": 1492659946412262.2,
            "freq_units": "Hz"
        },
        {
            "filter_key": "W1.wise",
            "filter_name": "W1.wise",
            "freq_eff": 89917740678395.33,
            "freq_units": "Hz"
        },
        {
            "filter_key": "W2.wise",
            "filter_name": "W2.wise",
            "freq_eff": 65429370473910.305,
            "freq_units": "Hz"
        },
        {
            "filter_key": "g.ztf",
            "filter_name": "g.ztf",
            "freq_eff": 634121907623677.4,
            "freq_units": "Hz"
        },
        {
            "filter_key": "r.ztf",
            "filter_name": "r.ztf",
            "freq_eff": 471994480402802.25,
            "freq_units": "Hz"
        }
    ],
    "photometry": [
        {
            "raw": [
                1.4716130196257538e-06,
                1.528049358551544e-05,
                -6.524476833122396e-06,
                7.933529370893426e-07,
                -2.175367764318762e-06,
                3.18291748522931e-06,
                3.0224512880269413e-06,
                5.257131043032834e-06,
                1.2026783386516393e-06,
                2.9600177811065826e-06,
                -8.210862755299786e-08,
                7.03135416030823e-06,
                1.25961937584028e-06,
                5.805087785197844e-06,
                -5.228018119483838e-06,
                -2.745433791240615e-06,
                1.6100949683401534e-06,
                -1.3750052476992226e-05,
                -4.868988489004085e-06,
                1.0975985263451103e-05,
                -1.1503702065506768e-06,
                -4.6319803472073975e-06,
                2.9839451184163738e-06,
                3.3808769748559704e-07,
                3.2768610680968766e-06,
                -1.6850489414926648e-06,
                -2.0258255048385295e-06,
                1.3673033177852322e-06,
                4.279101008792188e-06,
                4.0290591406008484e-06,
                -1.2873813988421975e-06,
                -6.512782754582593e-07,
                -6.477850788920751e-06,
                -2.460394836056632e-06,
                7.251792688731758e-07,
                7.687918548993518e-06,
                -1.1065888184409361e-06,
                2.7215653156613027e-06,
                0,
                -8.161678508637247e-06,
                -4.897388162124014e-06,
                -7.866911236346202e-06,
                1.6698530552979237e-06,
                -7.451899516829918e-06,
                4.9489947136165106e-06,
                -1.7058375043450701e-06,
                -1.5861963488310032e-05,
                1.449436175220184e-06,
                -1.5333745167964487e-06,
                3.113065070904644e-06,
                9.831034393014226e-07,
                5.082685589616066e-06,
                8.241693134280459e-06,
                3.253068803701154e-06,
                -9.952498416879524e-07,
                -2.591266131251105e-06,
                4.410932620031335e-06,
                -7.895229151630557e-06,
                -3.3038828974467247e-06,
                -2.9324543019162898e-06,
                2.6176473340761636e-06,
                -8.387210286935403e-06,
                8.210862755299786e-08,
                -3.1381551426597336e-06,
                -7.076052647789946e-06,
                -1.4717331861850332e-05,
                1.951854064230927e-06,
                -8.945312187765463e-08,
                -1.6100041761498117e-06,
                6.972154714384988e-07,
                1.1020900974578143e-06,
                -7.156200206982502e-06,
                -2.2295996819125935e-06,
                -1.7675441228585121e-06,
                1.1356652122979938e-06,
                -1.6776141180836278e-06,
                -3.4896029966643685e-06,
                -3.482631219511254e-06,
                -9.148292642277526e-07,
                7.5378708911083455e-06,
                -7.613367428668221e-07,
                4.157917863784208e-06,
                -3.946008328928212e-06,
                -1.446270056051269e-06,
                6.673405095538423e-07,
                -1.2740030840979445e-06,
                1.2344701181234244e-06,
                -2.1275586922480373e-06,
                5.326920763926168e-06,
                -4.665488179570193e-06,
                -9.791626647919883e-06,
                2.658477236459353e-06,
                6.492552800334539e-07,
                -1.3859572552728699e-05,
                -2.2073445669789136e-06,
                6.251048138626396e-06,
                3.8040174213716974e-06,
                1.0672139925570073e-05,
                -7.472210572850189e-06,
                2.7537703465802125e-06,
                -8.792056485446986e-06,
                1.252804931819811e-07,
                -9.901434885086355e-07,
                -2.4732324776785575e-06,
                -6.66214143575935e-06,
                -5.662121075083011e-06,
                8.835174489940694e-06,
                1.881323931058739e-05,
                1.2447697938041723e-05,
                1.3401919737494653e-05,
                3.3242464991484774e-05,
                3.2536354392535716e-06,
                5.432894544811076e-05,
                5.8294149543888186e-05,
                7.281864318204585e-05,
                7.997547790202913e-05,
                7.465604146185645e-05,
                8.905692555361339e-05,
                8.06577181021569e-05,
                7.975081462273692e-05,
                9.026211302758936e-05,
                8.17359335373846e-05,
                5.7031834210175605e-05,
                4.921766902519119e-05,
                6.859929882248653e-05,
                6.22542554828989e-05,
                5.6285242374907776e-05,
                7.94308179393543e-06,
                1.6970722757176524e-05,
                1.3503257459991576e-05,
                2.1739164715390548e-05,
                1.0356624364315205e-05,
                8.33502856254246e-06,
                2.2234412708818424e-06,
                1.3934649096454872e-05,
                3.993920016686369e-06,
                5.841951465361951e-06,
                1.0548806237483214e-06,
                -1.6494749476091417e-07,
                4.351486186960968e-06,
                -2.0696857285971063e-06,
                3.070567364042369e-06,
                8.917020900998108e-06,
                5.131289121315591e-06,
                1.3786500045493936e-06,
                1.635147823597198e-05,
                3.854928619035882e-07,
                -9.610232979437365e-07,
                4.4583754770192025e-06,
                9.901188059423944e-06,
                7.820976779762478e-06,
                -2.482049725815526e-06,
                7.094899735900187e-06,
                3.929502112836647e-06,
                2.4724250983741603e-06,
                -5.461052653548513e-06,
                -4.1413480977457676e-06,
                9.821054796198962e-06,
                -2.2635721572357694e-06,
                2.1482613161176687e-06,
                -5.85502293754383e-07,
                -2.734791674610897e-06,
                4.701427860194839e-06,
                6.753156245805074e-06,
                4.17847644569068e-06,
                -1.2687419547025935e-06,
                6.214884328699355e-06,
                1.8861654908556193e-06,
                6.287467946828057e-07,
                -1.8133737184345241e-06,
                4.506596508879907e-06,
                6.413201340337019e-06,
                -3.119424182545076e-06,
                1.3421163141279686e-05,
                -1.2573117535852434e-06,
                -8.17489192937392e-06,
                -1.287105917703839e-06,
                2.8613679641724378e-06,
                1.2218186716635793e-06,
                1.1878705092552423e-05,
                1.806948409333523e-07,
                1.0793899054077644e-05,
                -1.0143031217926721e-05,
                -5.3149257721997994e-06,
                1.432072318075361e-05,
                1.1883164437398476e-05,
                4.1075e-05,
                3.8566e-05,
                3.8354e-05,
                3.0912e-05,
                -5.110585458299334e-05,
                -3.2255774090528116e-05
            ],
            "raw_err": [
                7.21912660763725e-06,
                9.610930780524285e-06,
                6.155801851609182e-06,
                5.595776227292733e-06,
                7.640784624037091e-06,
                5.2663805059141815e-06,
                8.670509968208021e-06,
                6.777209693239196e-06,
                3.5530539463378238e-06,
                3.5905106991635868e-06,
                3.34401878406607e-06,
                3.2854662984868035e-06,
                5.236715525672569e-06,
                5.099769055616319e-06,
                4.119373404874224e-06,
                5.014552888772035e-06,
                6.820532361956348e-06,
                6.552974603488993e-06,
                4.6212759465365716e-06,
                4.9460709188368335e-06,
                4.683471065303002e-06,
                4.496449970420312e-06,
                5.161671081111077e-06,
                3.877576641092779e-06,
                4.146132352569597e-06,
                5.276086902475564e-06,
                4.962649745336589e-06,
                5.115674730474434e-06,
                5.423711336722818e-06,
                4.096934906032446e-06,
                3.6122452195176694e-06,
                7.707092425178267e-06,
                3.4722882169704984e-06,
                3.6487522216169008e-06,
                4.570151324698875e-06,
                5.2494914572526345e-06,
                7.785719562734302e-06,
                6.3050561670475845e-06,
                3.0048490422765828e-06,
                6.946803301328771e-06,
                5.720652964979669e-06,
                6.219993310877885e-06,
                5.99494505756136e-06,
                5.140570648386509e-06,
                4.117068681104133e-06,
                5.068077517068314e-06,
                9.779437664032232e-06,
                3.6011420878169413e-06,
                4.6316988242428495e-06,
                5.3546108085892924e-06,
                3.019020354999317e-06,
                6.906144146164375e-06,
                3.970931207438852e-06,
                5.83871810725401e-06,
                4.418852266158528e-06,
                4.652577892713068e-06,
                1.2608751728769404e-05,
                4.706990550127265e-06,
                2.794134487027252e-06,
                3.4711614137971724e-06,
                3.4889161072337674e-06,
                4.294832406378853e-06,
                6.75763530250855e-06,
                1.3294642251712842e-05,
                5.722671795456871e-06,
                5.589491532084938e-06,
                6.656447386394464e-06,
                4.570886469522822e-06,
                3.833628964396249e-06,
                3.5692275808871185e-06,
                2.950932427058015e-06,
                4.105914123609584e-06,
                6.852465461999868e-06,
                6.0778316466039416e-06,
                3.0455638846470484e-06,
                4.406732727507065e-06,
                6.45632791757548e-06,
                3.3372907784480093e-06,
                3.6970397537282044e-06,
                9.528361712247083e-06,
                4.576560844348412e-06,
                3.938550820951498e-06,
                2.8317792744828064e-06,
                3.5173328083331476e-06,
                4.163612406167894e-06,
                5.055433747733858e-06,
                3.632526913942718e-06,
                5.580169709706526e-06,
                3.1464790643999666e-06,
                8.280628850498498e-06,
                4.0950363721448875e-06,
                8.43930074358101e-06,
                2.9355981618886615e-06,
                5.58318690988443e-06,
                3.4540416226372406e-06,
                6.4164266448397076e-06,
                3.632674795038879e-06,
                5.19788506697014e-06,
                4.014643223059592e-06,
                5.104124127279001e-06,
                5.295845821123711e-06,
                6.3670273295944525e-06,
                8.4885812698758e-06,
                4.48557941896624e-06,
                6.525392665874018e-06,
                6.317994062062576e-06,
                4.146259644847193e-06,
                8.087477074965593e-06,
                5.244051172430233e-06,
                4.4721608700056555e-06,
                5.214832516616308e-06,
                4.956982695365914e-06,
                5.630391051816991e-06,
                5.213233435360468e-06,
                4.955384945619362e-06,
                4.780342051585175e-06,
                8.390617985816838e-06,
                3.7617023441307183e-06,
                4.755567442468693e-06,
                5.99375124385221e-06,
                4.212722242735076e-06,
                6.265319140594382e-06,
                5.84034706161966e-06,
                7.914700660257873e-06,
                5.3948726819491115e-06,
                6.5231124923811e-06,
                5.852970424656366e-06,
                4.183694345642335e-06,
                4.8529013975186845e-06,
                7.045508969347866e-06,
                5.591950607798295e-06,
                4.789273948356615e-06,
                4.456135307862745e-06,
                5.0624224593662565e-06,
                6.55099640897023e-06,
                4.808958808937839e-06,
                1.0093192653127798e-05,
                4.927693376099773e-06,
                3.4243447337069773e-06,
                5.180470504285494e-06,
                6.9805754266521655e-06,
                7.002150061352231e-06,
                6.232084470004183e-06,
                5.44390897552518e-06,
                3.911142054582679e-06,
                5.540960599579083e-06,
                6.896311694779801e-06,
                4.813981354809076e-06,
                9.24218541610729e-06,
                6.821452619538752e-06,
                6.697561251867075e-06,
                8.342088265056755e-06,
                8.148676488719792e-06,
                3.337865247115074e-06,
                5.056095156356515e-06,
                1.0666647195032283e-05,
                3.889796740446401e-06,
                4.081539229198907e-06,
                6.042173018097146e-06,
                3.3470569236349175e-06,
                6.5777656931356726e-06,
                8.99560290533049e-06,
                4.1893808070892565e-06,
                4.616653779062474e-06,
                5.8198255050626765e-06,
                4.417560863388771e-06,
                6.034573514726562e-06,
                9.214194293253194e-06,
                4.664896839478704e-06,
                5.027891188851231e-06,
                5.898100718235215e-06,
                3.481610142251416e-06,
                8.560981789935901e-06,
                7.0244638484727464e-06,
                4.728236418667135e-06,
                3.5260362358273357e-06,
                6.884902697601801e-06,
                4.623299851627022e-06,
                4.183870625229588e-06,
                6.327990821114984e-06,
                4.145823841771482e-06,
                4.6759171184529255e-06,
                5.917640166518317e-06,
                8.39752164967874e-06,
                9.488690149146983e-06,
                6.325823854451863e-06,
                5.0446e-06,
                6.089e-06,
                7.9602e-06,
                1.8004e-05,
                2.9349862076925544e-05,
                4.188128428263254e-05
            ],
            "raw_units": "Jy",
            "date": [
                "59478.18826390011",
                "59480.1884606001",
                "59488.13127310015",
                "59488.16916669998",
                "59490.12961809989",
                "59497.12760420004",
                "59721.4389698999",
                "59723.48577550007",
                "59726.439710599836",
                "59729.41817130009",
                "59729.43961809995",
                "59732.41819440015",
                "59732.43973380001",
                "59734.43984950008",
                "59737.44016199978",
                "59739.419444399886",
                "59741.35539350007",
                "59743.43973380001",
                "59748.37185190013",
                "59748.37825229997",
                "59750.39800930023",
                "59752.3824306",
                "59752.41959490022",
                "59755.3346644002",
                "59755.3779397998",
                "59759.31428240007",
                "59759.356678199954",
                "59761.31354170013",
                "59761.35589119978",
                "59763.3289005002",
                "59763.35599539988",
                "59765.33481479995",
                "59768.33447920019",
                "59768.354838000145",
                "59770.31361109996",
                "59770.35528940009",
                "59776.37189809978",
                "59779.314027800225",
                "59783.31378469989",
                "59783.357800900005",
                "59785.314571800176",
                "59787.293229199946",
                "59789.27311340021",
                "59794.314953700174",
                "59797.28187499987",
                "59805.230682900175",
                "59805.29513890017",
                "59807.252488399856",
                "59809.231909700204",
                "59809.295520800166",
                "59812.23026619991",
                "59816.20942129986",
                "59818.190277799964",
                "59818.2624884001",
                "59820.16901620012",
                "59822.169027800206",
                "59826.16810189979",
                "59826.202094899956",
                "59837.14825229999",
                "59840.168182900175",
                "59842.147338000126",
                "59844.14780090004",
                "59846.148541700095",
                "59848.20574070001",
                "59850.12803239981",
                "59852.169976899866",
                "59862.1281365999",
                "59864.125740699936",
                "59866.128969899844",
                "60085.41752310004",
                "60087.43870369997",
                "60089.41769680008",
                "60089.43966440018",
                "60092.4129745001",
                "60094.39644679986",
                "60094.45121529978",
                "60103.41923609981",
                "60108.38534720009",
                "60110.39762730012",
                "60112.3778241002",
                "60112.39799770014",
                "60115.335787000135",
                "60115.397129599936",
                "60118.355428200215",
                "60120.33549770014",
                "60120.37649310008",
                "60122.41130790021",
                "60122.44037039997",
                "60124.39687500009",
                "60126.368553199805",
                "60133.33451389987",
                "60133.358657400124",
                "60135.31586810015",
                "60138.356678199954",
                "60141.31405089982",
                "60145.29346060008",
                "60145.35165510001",
                "60147.27230319986",
                "60147.3135532001",
                "60149.33495370019",
                "60151.33489579987",
                "60151.35611109994",
                "60153.24430559995",
                "60153.310682899784",
                "60161.33672450017",
                "60163.272129599936",
                "60165.31320599979",
                "60172.189085599966",
                "60172.2308565001",
                "60174.21057870006",
                "60174.30328699993",
                "60181.254687500186",
                "60191.16828700015",
                "60193.2525231",
                "60195.14929400012",
                "60198.21072919993",
                "60201.14876159979",
                "60201.19232639996",
                "60203.18958330015",
                "60205.16844910011",
                "60207.21305559995",
                "60213.18890050007",
                "60217.14834489999",
                "60221.12759259995",
                "60223.128043999895",
                "60223.1696295999",
                "60227.123356500175",
                "60449.417951399926",
                "60451.438576399814",
                "60458.39809030015",
                "60458.48119209986",
                "60461.3972800998",
                "60461.4187384001",
                "60463.3982406999",
                "60469.378287000116",
                "60469.41886569979",
                "60472.37119209999",
                "60474.418530100025",
                "60476.37642360013",
                "60479.355486100074",
                "60481.334907399956",
                "60487.39920140011",
                "60489.35571759986",
                "60491.39868059987",
                "60491.42156249983",
                "60499.3147454001",
                "60501.330046299845",
                "60501.37868059985",
                "60505.28111110022",
                "60508.29280090006",
                "60508.33755790023",
                "60515.29506940022",
                "60518.29304399993",
                "60520.31449070014",
                "60520.35649310006",
                "60522.2665856001",
                "60522.294097200036",
                "60527.20942129986",
                "60527.25251160003",
                "60529.209641200025",
                "60529.27229169989",
                "60531.252199099865",
                "60531.29421300022",
                "60535.19008099986",
                "60535.26984950015",
                "60537.18912040023",
                "60537.25113430014",
                "60543.25197920017",
                "60545.21143520018",
                "60545.254166699946",
                "60547.25295139989",
                "60549.16789350007",
                "60549.21079860022",
                "60551.21089120023",
                "60551.2743981001",
                "60553.21040510014",
                "60553.252476899885",
                "60555.22306710016",
                "60557.20840279991",
                "60557.23127309978",
                "60559.16978010023",
                "60561.18893520022",
                "60568.188449100126",
                "60591.11381939985",
                "60591.149120400194",
                "60596.1365278",
                "60243.420033",
                "60243.412957",
                "60243.41542",
                "60243.416822",
                "60408.98830439",
                "60408.98830439"
            ],
            "date_format": "mjd",
            "filter_key": [
                "r.ztf",
                "r.ztf",
                "g.ztf",
                "r.ztf",
                "r.ztf",
                "g.ztf",
                "r.ztf",
                "r.ztf",
                "g.ztf",
                "g.ztf",
                "r.ztf",
                "g.ztf",
                "r.ztf",
                "r.ztf",
                "r.ztf",
                "r.ztf",
                "r.ztf",
                "r.ztf",
                "r.ztf",
                "g.ztf",
                "g.ztf",
                "r.ztf",
                "g.ztf",
                "r.ztf",
                "g.ztf",
                "r.ztf",
                "g.ztf",
                "g.ztf",
                "r.ztf",
                "r.ztf",
                "g.ztf",
                "r.ztf",
                "g.ztf",
                "g.ztf",
                "g.ztf",
                "g.ztf",
                "r.ztf",
                "r.ztf",
                "g.ztf",
                "r.ztf",
                "g.ztf",
                "r.ztf",
                "g.ztf",
                "g.ztf",
                "g.ztf",
                "g.ztf",
                "r.ztf",
                "g.ztf",
                "g.ztf",
                "r.ztf",
                "g.ztf",
                "g.ztf",
                "g.ztf",
                "r.ztf",
                "g.ztf",
                "g.ztf",
                "r.ztf",
                "g.ztf",
                "g.ztf",
                "g.ztf",
                "g.ztf",
                "r.ztf",
                "r.ztf",
                "r.ztf",
                "r.ztf",
                "r.ztf",
                "r.ztf",
                "g.ztf",
                "g.ztf",
                "r.ztf",
                "g.ztf",
                "g.ztf",
                "r.ztf",
                "r.ztf",
                "g.ztf",
                "r.ztf",
                "g.ztf",
                "g.ztf",
                "g.ztf",
                "r.ztf",
                "g.ztf",
                "r.ztf",
                "g.ztf",
                "r.ztf",
                "g.ztf",
                "r.ztf",
                "g.ztf",
                "r.ztf",
                "g.ztf",
                "r.ztf",
                "g.ztf",
                "r.ztf",
                "g.ztf",
                "r.ztf",
                "g.ztf",
                "r.ztf",
                "g.ztf",
                "r.ztf",
                "g.ztf",
                "g.ztf",
                "g.ztf",
                "r.ztf",
                "r.ztf",
                "g.ztf",
                "r.ztf",
                "r.ztf",
                "g.ztf",
                "r.ztf",
                "g.ztf",
                "r.ztf",
                "g.ztf",
                "r.ztf",
                "r.ztf",
                "r.ztf",
                "g.ztf",
                "g.ztf",
                "r.ztf",
                "g.ztf",
                "r.ztf",
                "r.ztf",
                "g.ztf",
                "r.ztf",
                "r.ztf",
                "r.ztf",
                "g.ztf",
                "r.ztf",
                "g.ztf",
                "g.ztf",
                "g.ztf",
                "r.ztf",
                "g.ztf",
                "r.ztf",
                "g.ztf",
                "r.ztf",
                "r.ztf",
                "g.ztf",
                "r.ztf",
                "g.ztf",
                "g.ztf",
                "r.ztf",
                "r.ztf",
                "r.ztf",
                "r.ztf",
                "r.ztf",
                "g.ztf",
                "r.ztf",
                "r.ztf",
                "g.ztf",
                "r.ztf",
                "r.ztf",
                "g.ztf",
                "g.ztf",
                "r.ztf",
                "g.ztf",
                "r.ztf",
                "r.ztf",
                "g.ztf",
                "g.ztf",
                "r.ztf",
                "g.ztf",
                "r.ztf",
                "r.ztf",
                "g.ztf",
                "g.ztf",
                "r.ztf",
                "g.ztf",
                "r.ztf",
                "r.ztf",
                "g.ztf",
                "r.ztf",
                "r.ztf",
                "g.ztf",
                "r.ztf",
                "r.ztf",
                "g.ztf",
                "g.ztf",
                "r.ztf",
                "g.ztf",
                "g.ztf",
                "r.ztf",
                "g.ztf",
                "r.ztf",
                "r.ztf",
                "r.ztf",
                "g.ztf",
                "r.ztf",
                "UVW2.uvot",
                "UVM2.uvot",
                "UVW1.uvot",
                "U.uvot",
                "W1.wise",
                "W2.wise"
            ],
            "obs_type": "uvoir",
            "reference": [
                "2023TNSAN.326....1H",
                "2024MNRAS.527.2452M"
            ],
            "upperlimit": [
                true,
                true,
                true,
                true,
                true,
                true,
                true,
                true,
                true,
                true,
                true,
                true,
                true,
                true,
                true,
                true,
                true,
                true,
                true,
                true,
                true,
                true,
                true,
                true,
                true,
                true,
                true,
                true,
                true,
                true,
                true,
                true,
                true,
                true,
                true,
                true,
                true,
                true,
                true,
                true,
                true,
                true,
                true,
                true,
                true,
                true,
                true,
                true,
                true,
                true,
                true,
                true,
                true,
                true,
                true,
                true,
                true,
                true,
                true,
                true,
                true,
                true,
                true,
                true,
                true,
                true,
                true,
                true,
                true,
                true,
                true,
                true,
                true,
                true,
                true,
                true,
                true,
                true,
                true,
                true,
                true,
                true,
                true,
                true,
                true,
                true,
                true,
                true,
                true,
                true,
                true,
                true,
                true,
                true,
                true,
                true,
                true,
                true,
                true,
                true,
                true,
                true,
                true,
                true,
                true,
                true,
                true,
                true,
                true,
                true,
                false,
                true,
                false,
                false,
                false,
                false,
                false,
                false,
                false,
                false,
                false,
                false,
                false,
                false,
                false,
                false,
                false,
                true,
                false,
                true,
                false,
                true,
                true,
                true,
                true,
                true,
                true,
                true,
                true,
                true,
                true,
                true,
                true,
                true,
                true,
                true,
                true,
                true,
                true,
                true,
                true,
                true,
                true,
                true,
                true,
                true,
                true,
                true,
                true,
                true,
                true,
                true,
                true,
                true,
                true,
                true,
                true,
                true,
                true,
                true,
                true,
                true,
                true,
                true,
                true,
                true,
                true,
                true,
                true,
                true,
                true,
                true,
                true,
                true,
                true,
                true,
                false,
                false,
                false,
                true,
                true,
                true
            ],
            "corr_k": false,
            "corr_s": false,
            "corr_av": false,
            "corr_host": false,
            "corr_hostav": false,
            "val_av": 0.3135343643297249
        }
    ]
}