{
    "_key": "885015",
    "_id": "transients/885015",
    "_rev": "_j6ZBOwa---",
    "classification": {
        "spec_classed": 3,
        "unambiguous": true,
        "value": [
            {
                "object_class": "TDE",
                "confidence": 3.3,
                "reference": [
                    "2012PASP..124..668Y",
                    "2014ApJ...793...38A",
                    "2017ApJ...838..149A",
                    "2023PASP..135c4101G",
                    "2024MNRAS.527.2452M"
                ],
                "default": true
            }
        ],
        "discovery_method": "uvoir"
    },
    "coordinate": [
        {
            "ra": "14:57:03.10",
            "dec": "+49:36:40.80",
            "ra_units": "hour",
            "dec_units": "deg",
            "coordinate_type": "equatorial",
            "default": true,
            "reference": [
                "2000A&AS..143....9W",
                "2009PASP..121.1395L",
                "2017ApJ...838..149A"
            ]
        },
        {
            "ra": "224.26325",
            "dec": "49.61138",
            "ra_units": "deg",
            "dec_units": "deg",
            "coordinate_type": "equatorial",
            "default": false,
            "reference": [
                "2014ApJ...793...38A",
                "2024MNRAS.527.2452M"
            ]
        }
    ],
    "distance": [
        {
            "value": "0.064",
            "distance_type": "redshift",
            "reference": [
                "2012PASP..124..668Y",
                "2014ApJ...793...38A",
                "2017ApJ...838..149A",
                "2023PASP..135c4101G",
                "2024MNRAS.527.2452M"
            ],
            "default": true
        },
        {
            "value": "280",
            "distance_type": "comoving",
            "unit": "Mpc",
            "reference": [
                "2012PASP..124..668Y",
                "2014ApJ...793...38A",
                "2016A&A...594A..13P",
                "2017ApJ...835...64G",
                "2017ApJ...838..149A"
            ],
            "default": true
        },
        {
            "value": "300",
            "distance_type": "luminosity",
            "unit": "Mpc",
            "reference": [
                "2012PASP..124..668Y",
                "2014ApJ...793...38A",
                "2016A&A...594A..13P",
                "2017ApJ...835...64G",
                "2017ApJ...838..149A"
            ],
            "default": true
        },
        {
            "value": "82.0",
            "distance_type": "dispersion_measure",
            "unit": "km/s",
            "reference": [
                "2017MNRAS.471.1694W",
                "2024MNRAS.527.2452M"
            ],
            "default": true
        }
    ],
    "date_reference": [
        {
            "value": "2009-05-07",
            "date_format": "iso",
            "date_type": "discovery",
            "reference": [
                "2014ApJ...793...38A",
                "2017ApJ...835...64G"
            ],
            "default": false
        },
        {
            "value": "2009-05-07 ",
            "date_format": "iso",
            "date_type": "discovery",
            "reference": [
                "2014ApJ...793...38A",
                "2017ApJ...838..149A",
                "2023PASP..135c4101G"
            ],
            "default": true
        },
        {
            "value": "54992.41749999999",
            "date_format": "mjd",
            "date_type": "peak",
            "reference": [
                "2014ApJ...793...38A",
                "2024MNRAS.527.2452M"
            ],
            "default": true
        }
    ],
    "schema_version": {
        "comment": "Copied from tde.space;",
        "comments": "From Goldtooth et al. (2023)",
        "value": 0
    },
    "name": {
        "alias": [
            {
                "value": "PTF 09ge",
                "reference": [
                    "2023PASP..135c4101G"
                ]
            },
            {
                "value": "PTF09ge",
                "reference": [
                    "2017ApJ...838..149A",
                    "MAST",
                    "2012PASP..124..668Y",
                    "2000A&AS..143....9W"
                ]
            },
            {
                "value": "K0905-001",
                "reference": [
                    "2000A&AS..143....9W"
                ]
            },
            {
                "value": "PTF-09ge",
                "reference": [
                    "2014ApJ...793...38A",
                    "2024MNRAS.527.2452M"
                ]
            }
        ],
        "default_name": "PTF09ge"
    },
    "reference_alias": [
        {
            "name": "2017ApJ...838..149A",
            "human_readable_name": "Auchettl, Guillochon, & Ramirez-Ruiz (2017)"
        },
        {
            "name": "2016A&A...594A..13P",
            "human_readable_name": "Planck Collaboration et al. (2016)"
        },
        {
            "name": "2014ApJ...793...38A",
            "human_readable_name": "Arcavi et al. (2014)"
        },
        {
            "name": "2011ApJ...737..103S",
            "human_readable_name": "Schlafly & Finkbeiner (2011)"
        },
        {
            "name": "2009PASP..121.1395L",
            "human_readable_name": "Law et al. (2009)"
        },
        {
            "name": "MAST",
            "human_readable_name": "MAST"
        },
        {
            "name": "2017ApJ...835...64G",
            "human_readable_name": "Guillochon et al. (2017)"
        },
        {
            "name": "2012PASP..124..668Y",
            "human_readable_name": "Yaron & Gal-Yam (2012)"
        },
        {
            "name": "2000A&AS..143....9W",
            "human_readable_name": "Wenger et al. (2000)"
        },
        {
            "name": "Arcavi, Iair et al. (2014)",
            "human_readable_name": "2014ApJ...793...38A"
        },
        {
            "name": "2024MNRAS.527.2452M",
            "human_readable_name": "Mummery et al. (2023)"
        },
        {
            "name": "2017MNRAS.471.1694W",
            "human_readable_name": "Wevers, Thomas et al. (2017)"
        },
        {
            "name": "2023PASP..135c4101G",
            "human_readable_name": "Goldtooth, Aaron et al. (2023)"
        }
    ],
    "filter_alias": [
        {
            "filter_key": "0.3 - 2.0",
            "wave_eff": 0.7293188143129428,
            "wave_min": 0.6199209921660013,
            "wave_max": 4.132806614440009,
            "wave_units": "nm",
            "filter_name": "0.3 - 2.0"
        },
        {
            "filter_key": "F125LP",
            "filter_name": "F125LP",
            "freq_eff": 2105859020713276.5,
            "freq_units": "Hz"
        },
        {
            "filter_key": "F150LP",
            "filter_name": "F150LP",
            "freq_eff": 1872747059283952.8,
            "freq_units": "Hz"
        },
        {
            "filter_key": "U.uvot",
            "filter_name": "U.uvot",
            "freq_eff": 872815357550259.6,
            "freq_units": "Hz"
        },
        {
            "filter_key": "UVM2.uvot",
            "filter_name": "UVM2.uvot",
            "freq_eff": 1346484181597652,
            "freq_units": "Hz"
        },
        {
            "filter_key": "UVW1.uvot",
            "filter_name": "UVW1.uvot",
            "freq_eff": 1198891057872408,
            "freq_units": "Hz"
        },
        {
            "filter_key": "UVW2.uvot",
            "filter_name": "UVW2.uvot",
            "freq_eff": 1492659946412262.2,
            "freq_units": "Hz"
        },
        {
            "filter_key": "g.ztf",
            "filter_name": "g.ztf",
            "freq_eff": 634121907623677.4,
            "freq_units": "Hz"
        },
        {
            "filter_key": "r.ztf",
            "filter_name": "r.ztf",
            "freq_eff": 471994480402802.25,
            "freq_units": "Hz"
        }
    ],
    "photometry": [
        {
            "raw": [
                0.0336
            ],
            "raw_units": [
                "ct"
            ],
            "value": [
                4.44e-14
            ],
            "value_units": [
                "ergs/cm^2/s"
            ],
            "filter_key": [
                "0.3 - 2.0"
            ],
            "obs_type": [
                "xray"
            ],
            "date": [
                "48100"
            ],
            "date_format": "MJD",
            "upperlimit": [
                true
            ],
            "telescope": "ROSAT",
            "corr_k": null,
            "corr_av": null,
            "corr_host": null,
            "corr_hostav": null,
            "reference": [
                "2017ApJ...838..149A"
            ],
            "xray_model": [
                {
                    "model_name": "Absorbed Powerlaw",
                    "param_names": [
                        "photonindex",
                        "nhmw"
                    ],
                    "param_values": [
                        "4.5",
                        "0.016"
                    ],
                    "param_units": [
                        "None",
                        "10^22 cm^-2"
                    ],
                    "min_energy": 0.3,
                    "max_energy": 2,
                    "energy_units": "keV"
                }
            ],
            "corr_s": null
        },
        {
            "raw": [
                0.00267
            ],
            "raw_units": [
                "ct"
            ],
            "value": [
                3.36e-14
            ],
            "value_units": [
                "ergs/cm^2/s"
            ],
            "filter_key": [
                "0.3 - 2.0"
            ],
            "obs_type": [
                "xray"
            ],
            "date": [
                "56725.1"
            ],
            "date_format": "MJD",
            "upperlimit": [
                true
            ],
            "telescope": "Swift",
            "corr_k": null,
            "corr_av": null,
            "corr_host": null,
            "corr_hostav": null,
            "reference": [
                "2017ApJ...838..149A"
            ],
            "xray_model": [
                {
                    "model_name": "Absorbed Powerlaw",
                    "param_names": [
                        "photonindex",
                        "nhmw"
                    ],
                    "param_values": [
                        "4.5",
                        "0.016"
                    ],
                    "param_units": [
                        "None",
                        "10^22 cm^-2"
                    ],
                    "min_energy": 0.3,
                    "max_energy": 2,
                    "energy_units": "keV"
                }
            ],
            "corr_s": null
        },
        {
            "raw": [
                0.754
            ],
            "raw_units": [
                "ct"
            ],
            "value": [
                2.86e-12
            ],
            "value_units": [
                "ergs/cm^2/s"
            ],
            "filter_key": [
                "0.3 - 2.0"
            ],
            "obs_type": [
                "xray"
            ],
            "date": [
                "53526.5"
            ],
            "date_format": "MJD",
            "upperlimit": [
                true
            ],
            "telescope": "XMM",
            "corr_k": null,
            "corr_av": null,
            "corr_host": null,
            "corr_hostav": null,
            "reference": [
                "2017ApJ...838..149A"
            ],
            "xray_model": [
                {
                    "model_name": "Absorbed Powerlaw",
                    "param_names": [
                        "photonindex",
                        "nhmw"
                    ],
                    "param_values": [
                        "4.5",
                        "0.016"
                    ],
                    "param_units": [
                        "None",
                        "10^22 cm^-2"
                    ],
                    "min_energy": 0.3,
                    "max_energy": 2,
                    "energy_units": "keV"
                }
            ],
            "corr_s": null
        },
        {
            "raw": [
                2.5456e-06,
                -8.8324e-07,
                9.6684e-06,
                1.956e-06,
                3.7399e-07,
                1.0945e-05,
                2.5887e-06,
                4.9684e-06,
                5.1705e-06,
                3.9543e-06,
                5.2733e-06,
                9.6382e-07,
                3.4056e-07,
                -2.0502e-06,
                -3.3718e-08,
                -8.7929e-06,
                -2.6831e-05,
                1.9447e-05,
                0.00010948,
                1.986e-06,
                1.95718e-06,
                0.000223711,
                0.000228733,
                0.00023391,
                0.000284242,
                0.000279414,
                0.000278617,
                0.00028516,
                0.000292151,
                0.000290113,
                0.000296816,
                0.000296461,
                0.000349533,
                0.000341891,
                0.000329616,
                0.000321224,
                0.000310204,
                0.000262282,
                0.000253611,
                0.000243113,
                0.000242643,
                0.000235596,
                0.000196683,
                0.000196466,
                0.000143618,
                8.24229e-05,
                7.89165e-05,
                7.72268e-05,
                8.74919e-05,
                8.15695e-05,
                8.24381e-05,
                0.000134899,
                0.000133158,
                0.000143433,
                0.000153083,
                0.000144414,
                0.000200174,
                0.000204159,
                0.000193396,
                0.000208031,
                0.000222786,
                0.000228143,
                0.000224392,
                0.000237951,
                0.000241284,
                0.000237798,
                0.000274137,
                0.000308154,
                0.000269878,
                0.000275987,
                0.000271874,
                0.000275048,
                0.000239667,
                0.000270102,
                0.000312614,
                0.000300862,
                0.000324884,
                0.000266323,
                0.000276317,
                0.000262306,
                0.000240884,
                0.000243404,
                0.000233587,
                0.000226844,
                0.000231722,
                0.000209647,
                0.000220378,
                0.000211586,
                0.000198869,
                0.000193735,
                0.000197737,
                0.000199769,
                0.000213938,
                0.000185527,
                0.0001831,
                0.000207859,
                0.000176509,
                0.000177406,
                0.000138768,
                0.00015639,
                0.000169156,
                0.000173639,
                0.000160032,
                0.000165093,
                0.000134576,
                0.000135297,
                0.000149502,
                0.000137166,
                0.000135471,
                0.000139794,
                0.000146638,
                0.000135559,
                0.000130656,
                0.000118437,
                0.000125397,
                0.000129029,
                0.000123358,
                0.000119952,
                0.000110471,
                0.000119017,
                0.000107322,
                0.000117308,
                0.000132803,
                0.000105859,
                0.000106573,
                9.65268e-05,
                0.000112556,
                9.74199e-05,
                9.69813e-05,
                0.000102105,
                8.86927e-05,
                0.000103965,
                9.06834e-05,
                8.03171e-05,
                9.05749e-05,
                7.67093e-05,
                7.4502e-05,
                2.54547e-05
            ],
            "raw_err": [
                4.0554e-06,
                2.6918e-06,
                5.2692e-06,
                3.7482e-06,
                4.224e-06,
                3.6168e-06,
                5.3502e-06,
                5.524e-06,
                4.1389e-06,
                3.0521e-06,
                7.216e-06,
                5.5963e-06,
                8.702e-06,
                7.2451e-06,
                3.7015e-06,
                1.7477e-05,
                8.8269e-06,
                1.856e-05,
                7.8299e-05,
                7.696233196492125e-08,
                7.584578933287497e-08,
                2.380028583515556e-06,
                2.566596170417463e-06,
                2.280427345771223e-06,
                2.1368927148133035e-06,
                2.9021324798450398e-06,
                3.508454199153605e-06,
                2.8961620581594824e-06,
                4.5679167709149756e-06,
                3.7657073318811983e-06,
                6.32487220650927e-06,
                2.0659666826826627e-06,
                2.6189474991704883e-06,
                3.6581198047299705e-06,
                3.2599245730370535e-06,
                4.884607924309963e-06,
                3.2262244923236213e-06,
                1.7934654533807265e-06,
                2.4255308103021706e-06,
                2.3782117915660065e-06,
                3.194910768434147e-06,
                6.284934050362891e-06,
                3.5551003510761345e-06,
                2.3949037828551536e-06,
                3.3053322174805207e-06,
                3.67387185980297e-06,
                3.771613307093981e-06,
                3.588228276097303e-06,
                3.986120379578226e-06,
                3.2696566818591037e-06,
                4.3839510726224805e-06,
                3.1593446096654277e-06,
                4.065737750908922e-06,
                4.169680670487129e-06,
                5.645709149913574e-06,
                5.473897589117797e-06,
                2.694716006778985e-06,
                3.4824388448493265e-06,
                4.151368310503697e-06,
                2.309220529895345e-06,
                3.1166811714334337e-06,
                2.1124070996973566e-06,
                3.422713361435711e-06,
                2.920522702090724e-06,
                3.263662888240111e-06,
                4.812952975059582e-06,
                3.031643035800079e-06,
                2.4631965312783314e-06,
                3.4414034761904762e-06,
                3.294079585613987e-06,
                3.624860281708749e-06,
                3.3981588716534863e-06,
                7.917132937468776e-06,
                3.6126880854364905e-06,
                4.101249029140468e-06,
                3.7409092397490145e-06,
                7.395439354315619e-06,
                4.120664847067991e-06,
                5.4309922159952624e-06,
                5.1493155261896614e-06,
                1.8084060480490428e-06,
                3.023786781008911e-06,
                3.4286925332752406e-06,
                3.53908568779415e-06,
                3.126877050611872e-06,
                5.829055464557335e-06,
                3.692350234891428e-06,
                2.9728682105838967e-06,
                3.2022801691214397e-06,
                4.684324330755135e-06,
                6.851633107374395e-06,
                7.457647546824898e-06,
                4.148769222159001e-06,
                2.620734705131956e-06,
                4.22497015385722e-06,
                3.4737622934687646e-06,
                3.012439104638253e-06,
                5.878045720951264e-06,
                2.100166505988058e-06,
                3.0922590858630327e-06,
                3.6921113472893185e-06,
                5.915069904071915e-06,
                4.151379087593289e-06,
                4.230959245524313e-06,
                2.657336203327501e-06,
                4.76358819425598e-06,
                6.159583694107e-06,
                4.910625016585196e-06,
                5.688282547096854e-06,
                3.851326436135133e-06,
                2.988571465353702e-06,
                2.5349164221026224e-06,
                3.5881393997247725e-06,
                5.866124214623298e-06,
                7.005000820677836e-06,
                8.162306575489922e-06,
                6.827359876731941e-06,
                6.337452392542302e-06,
                4.218765531580516e-06,
                3.802340202780307e-06,
                2.7003065705971495e-06,
                3.73509700109042e-06,
                6.318975853913253e-06,
                5.859647685843227e-06,
                3.006257675549056e-06,
                3.3492200788490606e-06,
                2.6573236090796104e-06,
                2.841108596700022e-06,
                2.767593070267312e-06,
                3.9615216997873605e-06,
                2.6880482201452576e-06,
                3.312454562904043e-06,
                3.4412145910344233e-06,
                6.221142895299146e-06,
                5.296573437948903e-06,
                3.1411019655255836e-06,
                2.375646754700809e-06,
                2.5289667607422566e-06
            ],
            "raw_units": "Jy",
            "date": [
                "58058.567317",
                "58059.432321",
                "60594.728089",
                "60674.695059",
                "58058.570866",
                "58059.435208",
                "60594.7344",
                "60674.697667",
                "56723.310576",
                "56727.245296",
                "58058.572842",
                "58059.436831",
                "60594.737912",
                "60674.699107",
                "56724.239291",
                "58058.573989",
                "58059.437832",
                "60594.739821",
                "60674.438178",
                "57577.80168",
                "57577.80168",
                "54970.1824",
                "54971.44856",
                "54972.45936",
                "54975.247039999995",
                "54975.30024",
                "54975.35344",
                "54975.40664",
                "54975.438559999995",
                "54975.459839999996",
                "54975.49176",
                "54978.46032",
                "54983.20576",
                "54986.22752",
                "54997.39952",
                "54998.46352",
                "55006.3584",
                "55010.30584",
                "55011.40176",
                "55014.37032",
                "55016.37064",
                "55020.35",
                "55022.35032",
                "55024.35064",
                "55043.31112",
                "54958.180479999995",
                "54958.23368",
                "54958.30816",
                "54958.371999999996",
                "54958.41456",
                "54958.46776",
                "54966.20304",
                "54966.352",
                "54966.458399999996",
                "54968.23528",
                "54968.38424",
                "54970.1824",
                "54971.4592",
                "54972.310399999995",
                "54972.45936",
                "54977.268639999995",
                "54977.32184",
                "54977.3644",
                "54977.40696",
                "54977.43888",
                "54977.470799999996",
                "54978.46032",
                "54983.20576",
                "54984.19528",
                "54984.259119999995",
                "54984.31232",
                "54984.37616",
                "54984.429359999995",
                "54984.450639999995",
                "54986.22752",
                "54997.39952",
                "54998.46352",
                "55003.357919999995",
                "55003.44304",
                "55005.2944",
                "55010.30584",
                "55011.40176",
                "55012.28488",
                "55012.380639999996",
                "55014.37032",
                "55016.232319999996",
                "55016.37064",
                "55016.37064",
                "55020.20104",
                "55020.2436",
                "55020.30744",
                "55020.33936",
                "55020.35",
                "55024.20168",
                "55024.308079999995",
                "55024.36128",
                "55026.22328",
                "55026.350959999996",
                "55029.2344",
                "55030.181359999995",
                "55031.24536",
                "55031.33048",
                "55033.20312",
                "55033.309519999995",
                "55040.1936",
                "55040.299999999996",
                "55041.225679999996",
                "55041.33208",
                "55042.2152",
                "55042.35352",
                "55043.31112",
                "55045.1944",
                "55045.31144",
                "55050.17392",
                "55050.28032",
                "55053.323359999995",
                "55054.270319999996",
                "55056.30256",
                "55056.3132",
                "55058.16456",
                "55059.207279999995",
                "55061.218239999995",
                "55061.30336",
                "55062.23968",
                "55063.19728",
                "55064.21872",
                "55064.26128",
                "55066.197759999995",
                "55066.25096",
                "55069.19824",
                "55069.19824",
                "55069.2408",
                "55069.25144",
                "55081.1576",
                "55081.23208",
                "55088.13744",
                "55088.18",
                "55203.48568"
            ],
            "date_format": "mjd",
            "filter_key": [
                "UVW2.uvot",
                "UVW2.uvot",
                "UVW2.uvot",
                "UVW2.uvot",
                "UVM2.uvot",
                "UVM2.uvot",
                "UVM2.uvot",
                "UVM2.uvot",
                "UVW1.uvot",
                "UVW1.uvot",
                "UVW1.uvot",
                "UVW1.uvot",
                "UVW1.uvot",
                "UVW1.uvot",
                "U.uvot",
                "U.uvot",
                "U.uvot",
                "U.uvot",
                "U.uvot",
                "F125LP",
                "F150LP",
                "g.ztf",
                "g.ztf",
                "g.ztf",
                "g.ztf",
                "g.ztf",
                "g.ztf",
                "g.ztf",
                "g.ztf",
                "g.ztf",
                "g.ztf",
                "g.ztf",
                "g.ztf",
                "g.ztf",
                "g.ztf",
                "g.ztf",
                "g.ztf",
                "g.ztf",
                "g.ztf",
                "g.ztf",
                "g.ztf",
                "g.ztf",
                "g.ztf",
                "g.ztf",
                "g.ztf",
                "r.ztf",
                "r.ztf",
                "r.ztf",
                "r.ztf",
                "r.ztf",
                "r.ztf",
                "r.ztf",
                "r.ztf",
                "r.ztf",
                "r.ztf",
                "r.ztf",
                "r.ztf",
                "r.ztf",
                "r.ztf",
                "r.ztf",
                "r.ztf",
                "r.ztf",
                "r.ztf",
                "r.ztf",
                "r.ztf",
                "r.ztf",
                "r.ztf",
                "r.ztf",
                "r.ztf",
                "r.ztf",
                "r.ztf",
                "r.ztf",
                "r.ztf",
                "r.ztf",
                "r.ztf",
                "r.ztf",
                "r.ztf",
                "r.ztf",
                "r.ztf",
                "r.ztf",
                "r.ztf",
                "r.ztf",
                "r.ztf",
                "r.ztf",
                "r.ztf",
                "r.ztf",
                "r.ztf",
                "r.ztf",
                "r.ztf",
                "r.ztf",
                "r.ztf",
                "r.ztf",
                "r.ztf",
                "r.ztf",
                "r.ztf",
                "r.ztf",
                "r.ztf",
                "r.ztf",
                "r.ztf",
                "r.ztf",
                "r.ztf",
                "r.ztf",
                "r.ztf",
                "r.ztf",
                "r.ztf",
                "r.ztf",
                "r.ztf",
                "r.ztf",
                "r.ztf",
                "r.ztf",
                "r.ztf",
                "r.ztf",
                "r.ztf",
                "r.ztf",
                "r.ztf",
                "r.ztf",
                "r.ztf",
                "r.ztf",
                "r.ztf",
                "r.ztf",
                "r.ztf",
                "r.ztf",
                "r.ztf",
                "r.ztf",
                "r.ztf",
                "r.ztf",
                "r.ztf",
                "r.ztf",
                "r.ztf",
                "r.ztf",
                "r.ztf",
                "r.ztf",
                "r.ztf",
                "r.ztf",
                "r.ztf",
                "r.ztf",
                "r.ztf",
                "r.ztf"
            ],
            "obs_type": "uvoir",
            "reference": [
                "2014ApJ...793...38A",
                "2024MNRAS.527.2452M"
            ],
            "upperlimit": [
                true,
                true,
                true,
                true,
                true,
                false,
                true,
                true,
                true,
                true,
                true,
                true,
                true,
                true,
                true,
                true,
                true,
                true,
                true,
                false,
                false,
                false,
                false,
                false,
                false,
                false,
                false,
                false,
                false,
                false,
                false,
                false,
                false,
                false,
                false,
                false,
                false,
                false,
                false,
                false,
                false,
                false,
                false,
                false,
                false,
                false,
                false,
                false,
                false,
                false,
                false,
                false,
                false,
                false,
                false,
                false,
                false,
                false,
                false,
                false,
                false,
                false,
                false,
                false,
                false,
                false,
                false,
                false,
                false,
                false,
                false,
                false,
                false,
                false,
                false,
                false,
                false,
                false,
                false,
                false,
                false,
                false,
                false,
                false,
                false,
                false,
                false,
                false,
                false,
                false,
                false,
                false,
                false,
                false,
                false,
                false,
                false,
                false,
                false,
                false,
                false,
                false,
                false,
                false,
                false,
                false,
                false,
                false,
                false,
                false,
                false,
                false,
                false,
                false,
                false,
                false,
                false,
                false,
                false,
                false,
                false,
                false,
                false,
                false,
                false,
                false,
                false,
                false,
                false,
                false,
                false,
                false,
                false,
                false,
                false,
                false,
                false,
                false
            ],
            "corr_k": false,
            "corr_s": false,
            "corr_av": false,
            "corr_host": false,
            "corr_hostav": false,
            "val_av": 0.04613500359759326
        }
    ],
    "host": [
        {
            "host_name": "SDSS J145703.17+493640.9",
            "host_ra": 224.26249999999996,
            "host_dec": 49.611380555555556,
            "host_ra_units": "deg",
            "host_dec_units": "deg",
            "reference": [
                "2023PASP..135c4101G",
                "2014ApJ...793...38A",
                "2017ApJ...838..149A"
            ]
        }
    ]
}