{
    "_key": "885129",
    "_id": "transients/885129",
    "_rev": "_j6ZBoSO---",
    "name": {
        "alias": [
            {
                "value": "WTP17aamzew",
                "reference": [
                    "2021ApJS..252...32J",
                    "2022ApJS..258...21W",
                    "2024ApJ...961..211M"
                ]
            }
        ],
        "default_name": "WTP17aamzew"
    },
    "coordinate": [
        {
            "ra": 146.2357,
            "dec": 31.097848,
            "ra_units": "deg",
            "dec_units": "deg",
            "reference": [
                "2021ApJS..252...32J",
                "2022ApJS..258...21W",
                "2024ApJ...961..211M"
            ],
            "coordinate_type": "equatorial"
        }
    ],
    "distance": [
        {
            "value": 0.03465,
            "reference": [
                "2021ApJS..252...32J",
                "2022ApJS..258...21W",
                "2024ApJ...961..211M"
            ],
            "distance_type": "redshift"
        },
        {
            "value": 156.4,
            "reference": [
                "2021ApJS..252...32J",
                "2022ApJS..258...21W",
                "2024ApJ...961..211M"
            ],
            "unit": "Mpc",
            "distance_type": "luminosity"
        }
    ],
    "date_reference": [
        {
            "value": 57944,
            "reference": [
                "2021ApJS..252...32J",
                "2022ApJS..258...21W",
                "2024ApJ...961..211M"
            ],
            "date_format": "mjd",
            "date_type": "explosion"
        }
    ],
    "classification": {
        "spec_classed": 0,
        "unambiguous": true,
        "value": [
            {
                "object_class": "TDE",
                "confidence": 1,
                "reference": [
                    "2021ApJS..252...32J",
                    "2022ApJS..258...21W",
                    "2024ApJ...961..211M"
                ]
            }
        ],
        "discovery_method": "uvoir"
    },
    "photometry": [
        {
            "date": [
                2017.8733023656164,
                2017.9578185747207,
                2018.0753337694605,
                2018.1989631308568,
                2018.3198841712592,
                2018.429477235188,
                2018.9399998883523,
                2019.0914774881203,
                2019.233759711415,
                2019.3012827456544,
                2019.3644148014168,
                2019.8488045928048,
                2019.933535517083,
                2020.044439518771,
                2020.148162396244,
                2020.272880346808,
                2020.3773043661736,
                2020.4428726247056,
                2020.8316207937685,
                2020.948404042687,
                2021.06629588534,
                2021.2420056149751,
                2021.3197688754735,
                2021.3752878220253,
                2021.82487002562,
                2021.998451601852,
                2022.089464404396,
                2022.2039846590528,
                2022.350182911018,
                2022.456791918152,
                2022.83947141598,
                2022.7859727415955,
                2023.0051265698792,
                2023.0720684836624,
                2023.187379989203,
                2023.289209861105,
                2013.9105689109388,
                2014.1164140334213,
                2014.329874402911,
                2014.399815710814,
                2014.879108502088,
                2014.9654809853869,
                2015.0877304298317,
                2015.2563918829449,
                2015.3788885189804,
                2015.8296126335931,
                2016.0196369549376,
                2016.141405156444,
                2016.299762114303,
                2016.4077897229488,
                2016.8431253936649,
                2017.038791943192,
                2017.1426382766767,
                2017.25442932344,
                2017.3846506568357,
                2017.805776836529,
                2018.0160989483716,
                2018.1636773577557,
                2018.278450792692,
                2018.3503275811145,
                2018.8316766734897,
                2018.8945614795357
            ],
            "date_format": [
                "decimalyear",
                "decimalyear",
                "decimalyear",
                "decimalyear",
                "decimalyear",
                "decimalyear",
                "decimalyear",
                "decimalyear",
                "decimalyear",
                "decimalyear",
                "decimalyear",
                "decimalyear",
                "decimalyear",
                "decimalyear",
                "decimalyear",
                "decimalyear",
                "decimalyear",
                "decimalyear",
                "decimalyear",
                "decimalyear",
                "decimalyear",
                "decimalyear",
                "decimalyear",
                "decimalyear",
                "decimalyear",
                "decimalyear",
                "decimalyear",
                "decimalyear",
                "decimalyear",
                "decimalyear",
                "decimalyear",
                "decimalyear",
                "decimalyear",
                "decimalyear",
                "decimalyear",
                "decimalyear",
                "decimalyear",
                "decimalyear",
                "decimalyear",
                "decimalyear",
                "decimalyear",
                "decimalyear",
                "decimalyear",
                "decimalyear",
                "decimalyear",
                "decimalyear",
                "decimalyear",
                "decimalyear",
                "decimalyear",
                "decimalyear",
                "decimalyear",
                "decimalyear",
                "decimalyear",
                "decimalyear",
                "decimalyear",
                "decimalyear",
                "decimalyear",
                "decimalyear",
                "decimalyear",
                "decimalyear",
                "decimalyear",
                "decimalyear"
            ],
            "filter_key": [
                "g",
                "g",
                "g",
                "g",
                "g",
                "g",
                "g",
                "g",
                "g",
                "g",
                "g",
                "g",
                "g",
                "g",
                "g",
                "g",
                "g",
                "g",
                "g",
                "g",
                "g",
                "g",
                "g",
                "g",
                "g",
                "g",
                "g",
                "g",
                "g",
                "g",
                "g",
                "g",
                "g",
                "g",
                "g",
                "g",
                "V",
                "V",
                "V",
                "V",
                "V",
                "V",
                "V",
                "V",
                "V",
                "V",
                "V",
                "V",
                "V",
                "V",
                "V",
                "V",
                "V",
                "V",
                "V",
                "V",
                "V",
                "V",
                "V",
                "V",
                "V",
                "V"
            ],
            "raw": [
                0.018275522745165716,
                0.05002148049253383,
                0.008767583794384021,
                0.027639586331388903,
                0.01733426582421303,
                0.11612287421683662,
                0.014685944123369342,
                0.01922554595511501,
                0.018031157239183648,
                0.08464361259850586,
                0.02191395731057004,
                0.02091178098287943,
                0.045175373876848474,
                0.01137799906346127,
                0.020415864945182965,
                0.021599950001744972,
                0.044156976384677346,
                0.07843305896983155,
                0.03426279406060944,
                0.1199917861176038,
                0.025302201577767663,
                0.01212777666828696,
                0.10018443999980527,
                0.03053167389177009,
                0.03369011665289737,
                0.02052739954323051,
                0.02675432019613569,
                0.013570715100805682,
                0.029402165798029168,
                0.12061080833380913,
                0.0209060360892816,
                0.379804192694766,
                0.017741583779145868,
                0.07462587470177881,
                0.015434417949871798,
                0.021495245410458087,
                0.08598949086566243,
                0.09166580465033614,
                0.04428788290720383,
                0.12141683825356828,
                0.05900112683122623,
                0.09134859888233526,
                0.05487977577378229,
                0.0444257346320054,
                0.14844172172465156,
                0.057454556035495895,
                0.034792458950098255,
                0.03516808806530526,
                0.046764603627303516,
                0.2991,
                0.07659515508045303,
                0.038272387096294866,
                0.06701250197384463,
                0.04403458785338506,
                0.10071943269994355,
                0.09599364956970832,
                0.0435268923090005,
                0.057047054924526205,
                0.07938719289035123,
                0.2133389603544532,
                0.09501791799080606,
                0.26283960517597826
            ],
            "raw_err": [
                0,
                0,
                0,
                0,
                0,
                0,
                0,
                0,
                0,
                0,
                0,
                0,
                0,
                0,
                0,
                0,
                0,
                0,
                0,
                0.0092965135005626,
                0,
                0,
                0,
                0,
                0,
                0,
                0,
                0,
                0,
                0,
                0,
                0,
                0,
                0,
                0,
                0,
                0,
                0,
                0,
                0,
                0,
                0,
                0,
                0,
                0,
                0,
                0,
                0,
                0,
                0,
                0,
                0,
                0,
                0,
                0,
                0,
                0,
                0,
                0,
                0,
                0,
                0
            ],
            "raw_units": [
                "mJy",
                "mJy",
                "mJy",
                "mJy",
                "mJy",
                "mJy",
                "mJy",
                "mJy",
                "mJy",
                "mJy",
                "mJy",
                "mJy",
                "mJy",
                "mJy",
                "mJy",
                "mJy",
                "mJy",
                "mJy",
                "mJy",
                "mJy",
                "mJy",
                "mJy",
                "mJy",
                "mJy",
                "mJy",
                "mJy",
                "mJy",
                "mJy",
                "mJy",
                "mJy",
                "mJy",
                "mJy",
                "mJy",
                "mJy",
                "mJy",
                "mJy",
                "mJy",
                "mJy",
                "mJy",
                "mJy",
                "mJy",
                "mJy",
                "mJy",
                "mJy",
                "mJy",
                "mJy",
                "mJy",
                "mJy",
                "mJy",
                "mJy",
                "mJy",
                "mJy",
                "mJy",
                "mJy",
                "mJy",
                "mJy",
                "mJy",
                "mJy",
                "mJy",
                "mJy",
                "mJy",
                "mJy"
            ],
            "telescope": "ASASSN",
            "upperlimit": [
                true,
                true,
                true,
                true,
                true,
                true,
                true,
                true,
                true,
                true,
                true,
                true,
                true,
                true,
                true,
                true,
                true,
                true,
                true,
                false,
                true,
                true,
                true,
                true,
                true,
                true,
                true,
                true,
                true,
                true,
                true,
                true,
                true,
                true,
                true,
                true,
                true,
                true,
                true,
                true,
                true,
                true,
                true,
                true,
                true,
                true,
                true,
                true,
                true,
                true,
                true,
                true,
                true,
                true,
                true,
                true,
                true,
                true,
                true,
                true,
                true,
                true
            ],
            "corr_k": false,
            "corr_s": false,
            "corr_host": true,
            "corr_av": false,
            "corr_hostav": false,
            "val_host": [
                3.853,
                3.853,
                3.853,
                3.853,
                3.853,
                3.853,
                3.853,
                3.853,
                3.853,
                3.853,
                3.853,
                3.853,
                3.853,
                3.853,
                3.853,
                3.853,
                3.853,
                3.853,
                3.853,
                3.853,
                3.853,
                3.853,
                3.853,
                3.853,
                3.853,
                3.853,
                3.853,
                3.853,
                3.853,
                3.853,
                3.853,
                3.853,
                3.853,
                3.853,
                3.853,
                3.853,
                5.928999999999999,
                5.928999999999999,
                5.928999999999999,
                5.928999999999999,
                5.928999999999999,
                5.928999999999999,
                5.928999999999999,
                5.928999999999999,
                5.928999999999999,
                5.928999999999999,
                5.928999999999999,
                5.928999999999999,
                5.928999999999999,
                5.928999999999999,
                5.928999999999999,
                5.928999999999999,
                5.928999999999999,
                5.928999999999999,
                5.928999999999999,
                5.928999999999999,
                5.928999999999999,
                5.928999999999999,
                5.928999999999999,
                5.928999999999999,
                5.928999999999999,
                5.928999999999999
            ],
            "obs_type": "uvoir",
            "reference": [
                "2024ApJ...961..211M"
            ]
        },
        {
            "date": [
                55319.736183695,
                55510.785245045,
                56783.300091015,
                56974.21962895,
                57143.670942225,
                57337.620504105,
                57502.594711435,
                57701.84745175,
                57863.12825967,
                58067.41840488,
                58227.32782947,
                58433.05653879,
                58589.208372415,
                58797.31905617,
                58954.858330315,
                59162.96623278,
                59321.844398935,
                59528.4922345,
                59686.148785715,
                59895.45159668,
                55319.736183695,
                55510.785245045,
                56783.300091015,
                56974.21962895,
                57143.670942225,
                57337.620504105,
                57502.594711435,
                57701.84745175,
                57863.12825967,
                58067.41840488,
                58227.32782947,
                58433.05653879,
                58589.208372415,
                58797.31905617,
                58954.858330315,
                59162.96623278,
                59319.06626457,
                59528.4922345,
                59686.148785715,
                59895.451533
            ],
            "date_format": [
                "mjd",
                "mjd",
                "mjd",
                "mjd",
                "mjd",
                "mjd",
                "mjd",
                "mjd",
                "mjd",
                "mjd",
                "mjd",
                "mjd",
                "mjd",
                "mjd",
                "mjd",
                "mjd",
                "mjd",
                "mjd",
                "mjd",
                "mjd",
                "mjd",
                "mjd",
                "mjd",
                "mjd",
                "mjd",
                "mjd",
                "mjd",
                "mjd",
                "mjd",
                "mjd",
                "mjd",
                "mjd",
                "mjd",
                "mjd",
                "mjd",
                "mjd",
                "mjd",
                "mjd",
                "mjd",
                "mjd"
            ],
            "filter_key": [
                "W1",
                "W1",
                "W1",
                "W1",
                "W1",
                "W1",
                "W1",
                "W1",
                "W1",
                "W1",
                "W1",
                "W1",
                "W1",
                "W1",
                "W1",
                "W1",
                "W1",
                "W1",
                "W1",
                "W1",
                "W2",
                "W2",
                "W2",
                "W2",
                "W2",
                "W2",
                "W2",
                "W2",
                "W2",
                "W2",
                "W2",
                "W2",
                "W2",
                "W2",
                "W2",
                "W2",
                "W2",
                "W2",
                "W2",
                "W2"
            ],
            "raw": [
                0.01812808962717819,
                0.02270540161576365,
                0.014389633975281691,
                0.02273281198041771,
                0.023859824717710018,
                0.02540526181478547,
                0.0251548060595727,
                0.02432488728640938,
                0.1147548655700683,
                0.6694399753417968,
                1.5144793095703126,
                1.3020012231445313,
                1.3864814912109378,
                0.7146226252441407,
                0.7336011547851563,
                0.4556671593017578,
                0.6112319871826173,
                0.2222697691040039,
                0.3375705051269531,
                0.02681161767815922,
                0.0352626849762039,
                0.04358010162110136,
                0.036082783046779615,
                0.058740665476409916,
                0.053312987548439016,
                0.05406489456134034,
                0.046866076640396104,
                0.05196271002495573,
                0.04874538054888153,
                0.928240412109375,
                1.87411821484375,
                2.281843375,
                2.103447796875,
                1.505714875,
                1.37916721875,
                1.18136402734375,
                1.106814037109375,
                0.7737878554687502,
                0.7470133847656251,
                0.4534269794921876
            ],
            "raw_err": [
                0,
                0,
                0,
                0,
                0,
                0,
                0,
                0,
                0.0002009301960043,
                0.0045474496189234,
                0.0230036933883864,
                0.0170267390345914,
                0.0192913107973398,
                0.0051866323414423,
                0.0054432746843181,
                0.0021490020491049,
                0.003803806189433,
                0.0005848337143848,
                0.0011978710221675,
                0,
                0,
                0,
                0,
                0,
                0,
                0,
                0,
                0,
                0,
                0.0090239663423442,
                0.0354688315953814,
                0.0524384357433392,
                0.0446123957694827,
                0.0230713418825297,
                0.0193512360801114,
                0.0143179884134457,
                0.0125075434090121,
                0.0064143637202752,
                0.0059089742584982,
                0.0024771642411918
            ],
            "raw_units": [
                "mJy",
                "mJy",
                "mJy",
                "mJy",
                "mJy",
                "mJy",
                "mJy",
                "mJy",
                "mJy",
                "mJy",
                "mJy",
                "mJy",
                "mJy",
                "mJy",
                "mJy",
                "mJy",
                "mJy",
                "mJy",
                "mJy",
                "mJy",
                "mJy",
                "mJy",
                "mJy",
                "mJy",
                "mJy",
                "mJy",
                "mJy",
                "mJy",
                "mJy",
                "mJy",
                "mJy",
                "mJy",
                "mJy",
                "mJy",
                "mJy",
                "mJy",
                "mJy",
                "mJy",
                "mJy",
                "mJy"
            ],
            "telescope": "WISE",
            "upperlimit": [
                true,
                true,
                true,
                true,
                true,
                true,
                true,
                true,
                false,
                false,
                false,
                false,
                false,
                false,
                false,
                false,
                false,
                false,
                false,
                true,
                true,
                true,
                true,
                true,
                true,
                true,
                true,
                true,
                true,
                false,
                false,
                false,
                false,
                false,
                false,
                false,
                false,
                false,
                false,
                false
            ],
            "corr_k": false,
            "corr_s": false,
            "corr_host": true,
            "corr_av": false,
            "corr_hostav": false,
            "val_host": [
                3.231125791992188,
                3.231125791992188,
                3.231125791992188,
                3.231125791992188,
                3.231125791992188,
                3.231125791992188,
                3.231125791992188,
                3.231125791992188,
                3.231125791992188,
                3.231125791992188,
                3.231125791992188,
                3.231125791992188,
                3.231125791992188,
                3.231125791992188,
                3.231125791992188,
                3.231125791992188,
                3.231125791992188,
                3.231125791992188,
                3.231125791992188,
                3.231125791992188,
                2.0926497578125,
                2.0926497578125,
                2.0926497578125,
                2.0926497578125,
                2.0926497578125,
                2.0926497578125,
                2.0926497578125,
                2.0926497578125,
                2.0926497578125,
                2.0926497578125,
                2.0926497578125,
                2.0926497578125,
                2.0926497578125,
                2.0926497578125,
                2.0926497578125,
                2.0926497578125,
                2.0926497578125,
                2.0926497578125,
                2.0926497578125,
                2.0926497578125
            ],
            "obs_type": "uvoir",
            "reference": [
                "2024ApJ...961..211M"
            ]
        },
        {
            "date": [
                59197.8526389144,
                59199.9079979745,
                59201.2388837269,
                59203.8859420266,
                59207.8374409063,
                59257.5223014398,
                59260.5224576991,
                59262.2428281921,
                59268.6175362558,
                60006.3819031539,
                59498.7588862604
            ],
            "date_format": [
                "mjd",
                "mjd",
                "mjd",
                "mjd",
                "mjd",
                "mjd",
                "mjd",
                "mjd",
                "mjd",
                "mjd",
                "mjd"
            ],
            "filter_key": [
                "0.3-10 ",
                "0.3-10 ",
                "0.3-10 ",
                "0.3-10 ",
                "0.3-10 ",
                "0.3-10 ",
                "0.3-10 ",
                "0.3-10 ",
                "0.3-10 ",
                "0.3-10 ",
                "0.3-10 "
            ],
            "raw": [
                1.0332e-12,
                1.0632300000000001e-12,
                1.6166850000000002e-12,
                1.635725e-12,
                6.952750000000001e-13,
                4.994500000000002e-13,
                1.5939700000000001e-12,
                1.20729e-12,
                1.6661400000000002e-12,
                6.167000000000001e-13,
                1.88093675e-13
            ],
            "raw_err": [
                0,
                0,
                0,
                0,
                0,
                0,
                0,
                0,
                0,
                0,
                5.99333e-14
            ],
            "raw_units": [
                "erg/s/cm^2",
                "erg/s/cm^2",
                "erg/s/cm^2",
                "erg/s/cm^2",
                "erg/s/cm^2",
                "erg/s/cm^2",
                "erg/s/cm^2",
                "erg/s/cm^2",
                "erg/s/cm^2",
                "erg/s/cm^2",
                "erg/s/cm^2"
            ],
            "telescope": "Swift",
            "upperlimit": [
                true,
                true,
                true,
                true,
                true,
                true,
                true,
                true,
                true,
                true,
                false
            ],
            "corr_k": false,
            "corr_s": false,
            "corr_host": false,
            "corr_av": false,
            "corr_hostav": false,
            "obs_type": "xray",
            "xray_model": [
                {
                    "model_name": "Powerlaw",
                    "param_names": [
                        "Gamma"
                    ],
                    "param_values": [
                        2
                    ],
                    "param_units": [
                        "None"
                    ],
                    "min_energy": 0.3,
                    "max_energy": 10,
                    "energy_units": "keV",
                    "model_reference": "2024ApJ...961..211M"
                },
                {
                    "model_name": "Powerlaw",
                    "param_names": [
                        "Gamma"
                    ],
                    "param_values": [
                        2
                    ],
                    "param_units": [
                        "None"
                    ],
                    "min_energy": 0.3,
                    "max_energy": 10,
                    "energy_units": "keV",
                    "model_reference": "2024ApJ...961..211M"
                },
                {
                    "model_name": "Powerlaw",
                    "param_names": [
                        "Gamma"
                    ],
                    "param_values": [
                        2
                    ],
                    "param_units": [
                        "None"
                    ],
                    "min_energy": 0.3,
                    "max_energy": 10,
                    "energy_units": "keV",
                    "model_reference": "2024ApJ...961..211M"
                },
                {
                    "model_name": "Powerlaw",
                    "param_names": [
                        "Gamma"
                    ],
                    "param_values": [
                        2
                    ],
                    "param_units": [
                        "None"
                    ],
                    "min_energy": 0.3,
                    "max_energy": 10,
                    "energy_units": "keV",
                    "model_reference": "2024ApJ...961..211M"
                },
                {
                    "model_name": "Powerlaw",
                    "param_names": [
                        "Gamma"
                    ],
                    "param_values": [
                        2
                    ],
                    "param_units": [
                        "None"
                    ],
                    "min_energy": 0.3,
                    "max_energy": 10,
                    "energy_units": "keV",
                    "model_reference": "2024ApJ...961..211M"
                },
                {
                    "model_name": "Powerlaw",
                    "param_names": [
                        "Gamma"
                    ],
                    "param_values": [
                        2
                    ],
                    "param_units": [
                        "None"
                    ],
                    "min_energy": 0.3,
                    "max_energy": 10,
                    "energy_units": "keV",
                    "model_reference": "2024ApJ...961..211M"
                },
                {
                    "model_name": "Powerlaw",
                    "param_names": [
                        "Gamma"
                    ],
                    "param_values": [
                        2
                    ],
                    "param_units": [
                        "None"
                    ],
                    "min_energy": 0.3,
                    "max_energy": 10,
                    "energy_units": "keV",
                    "model_reference": "2024ApJ...961..211M"
                },
                {
                    "model_name": "Powerlaw",
                    "param_names": [
                        "Gamma"
                    ],
                    "param_values": [
                        2
                    ],
                    "param_units": [
                        "None"
                    ],
                    "min_energy": 0.3,
                    "max_energy": 10,
                    "energy_units": "keV",
                    "model_reference": "2024ApJ...961..211M"
                },
                {
                    "model_name": "Powerlaw",
                    "param_names": [
                        "Gamma"
                    ],
                    "param_values": [
                        2
                    ],
                    "param_units": [
                        "None"
                    ],
                    "min_energy": 0.3,
                    "max_energy": 10,
                    "energy_units": "keV",
                    "model_reference": "2024ApJ...961..211M"
                },
                {
                    "model_name": "Powerlaw",
                    "param_names": [
                        "Gamma"
                    ],
                    "param_values": [
                        2
                    ],
                    "param_units": [
                        "None"
                    ],
                    "min_energy": 0.3,
                    "max_energy": 10,
                    "energy_units": "keV",
                    "model_reference": "2024ApJ...961..211M"
                },
                {
                    "model_name": "Powerlaw",
                    "param_names": [
                        "Gamma"
                    ],
                    "param_values": [
                        2
                    ],
                    "param_units": [
                        "None"
                    ],
                    "min_energy": 0.3,
                    "max_energy": 10,
                    "energy_units": "keV",
                    "model_reference": "2024ApJ...961..211M"
                }
            ],
            "reference": [
                "2024ApJ...961..211M"
            ],
            "raw_err_detail": {
                "upper": [
                    0,
                    0,
                    0,
                    0,
                    0,
                    0,
                    0,
                    0,
                    0,
                    0,
                    6.599278e-14
                ],
                "lower": [
                    0,
                    0,
                    0,
                    0,
                    0,
                    0,
                    0,
                    0,
                    0,
                    0,
                    5.3873820000000014e-14
                ]
            }
        },
        {
            "date": [
                2018.3221791920344,
                2018.8261422501268
            ],
            "date_format": [
                "decimalyear",
                "decimalyear"
            ],
            "filter_key": [
                "0.2-2 ",
                "0.2-2 "
            ],
            "raw": [
                2.4e-12,
                2.1e-12
            ],
            "raw_err": [
                6e-13,
                8e-13
            ],
            "raw_units": [
                "erg/s/cm^2",
                "erg/s/cm^2"
            ],
            "telescope": "XMM-Slew",
            "upperlimit": [
                false,
                false
            ],
            "corr_k": false,
            "corr_s": false,
            "corr_host": false,
            "corr_av": false,
            "corr_hostav": false,
            "obs_type": "xray",
            "xray_model": [
                {
                    "model_name": "Powerlaw",
                    "param_names": [
                        "Gamma"
                    ],
                    "param_values": [
                        2
                    ],
                    "param_units": [
                        "None"
                    ],
                    "min_energy": 0.2,
                    "max_energy": 2,
                    "energy_units": "keV",
                    "model_reference": "2024ApJ...961..211M"
                },
                {
                    "model_name": "Powerlaw",
                    "param_names": [
                        "Gamma"
                    ],
                    "param_values": [
                        2
                    ],
                    "param_units": [
                        "None"
                    ],
                    "min_energy": 0.2,
                    "max_energy": 2,
                    "energy_units": "keV",
                    "model_reference": "2024ApJ...961..211M"
                }
            ],
            "reference": [
                "2024ApJ...961..211M"
            ]
        },
        {
            "date": [
                2020.345876783546,
                2020.851071455677,
                2021.353331050228,
                2021.856257166413
            ],
            "date_format": [
                "decimalyear",
                "decimalyear",
                "decimalyear",
                "decimalyear"
            ],
            "filter_key": [
                "0.2-2.3",
                "0.2-2.3",
                "0.2-2.3",
                "0.2-2.3"
            ],
            "raw": [
                5.512640176156061e-14,
                8.451843147875769e-14,
                1.9223719315920038e-13,
                7.386002616807663e-14
            ],
            "raw_err": [
                3.5829148079414425e-14,
                3.4506143602175416e-14,
                0,
                3.1760720084744044e-14
            ],
            "raw_units": [
                "erg/s/cm^2",
                "erg/s/cm^2",
                "erg/s/cm^2",
                "erg/s/cm^2"
            ],
            "telescope": "eROSITA",
            "upperlimit": [
                false,
                false,
                true,
                false
            ],
            "corr_k": false,
            "corr_s": false,
            "corr_host": false,
            "corr_av": false,
            "corr_hostav": false,
            "obs_type": "xray",
            "xray_model": [
                {
                    "model_name": "Absorbed Powerlaw",
                    "param_names": [
                        "Gamma",
                        "N_H"
                    ],
                    "param_values": [
                        2,
                        3e+20
                    ],
                    "param_units": [
                        "None",
                        "cm^-2"
                    ],
                    "min_energy": 0.2,
                    "max_energy": 2.3,
                    "energy_units": "keV",
                    "model_reference": "2024ApJ...961..211M"
                },
                {
                    "model_name": "Absorbed Powerlaw",
                    "param_names": [
                        "Gamma",
                        "N_H"
                    ],
                    "param_values": [
                        2,
                        3e+20
                    ],
                    "param_units": [
                        "None",
                        "cm^-2"
                    ],
                    "min_energy": 0.2,
                    "max_energy": 2.3,
                    "energy_units": "keV",
                    "model_reference": "2024ApJ...961..211M"
                },
                {
                    "model_name": "Absorbed Powerlaw",
                    "param_names": [
                        "Gamma",
                        "N_H"
                    ],
                    "param_values": [
                        2,
                        3e+20
                    ],
                    "param_units": [
                        "None",
                        "cm^-2"
                    ],
                    "min_energy": 0.2,
                    "max_energy": 2.3,
                    "energy_units": "keV",
                    "model_reference": "2024ApJ...961..211M"
                },
                {
                    "model_name": "Absorbed Powerlaw",
                    "param_names": [
                        "Gamma",
                        "N_H"
                    ],
                    "param_values": [
                        2,
                        3e+20
                    ],
                    "param_units": [
                        "None",
                        "cm^-2"
                    ],
                    "min_energy": 0.2,
                    "max_energy": 2.3,
                    "energy_units": "keV",
                    "model_reference": "2024ApJ...961..211M"
                }
            ],
            "reference": [
                "2024ApJ...961..211M"
            ]
        }
    ],
    "filter_alias": [
        {
            "filter_key": "g",
            "filter_name": "g",
            "wave_eff": 471.8872246248687,
            "wave_units": "nm"
        },
        {
            "filter_key": "V",
            "filter_name": "V",
            "wave_eff": 553.7155963302753,
            "wave_units": "nm"
        },
        {
            "filter_key": "W1",
            "filter_name": "W1",
            "wave_eff": 261.3713060531025,
            "wave_units": "nm"
        },
        {
            "filter_key": "W2",
            "filter_name": "W2",
            "wave_eff": 207.98754332676123,
            "wave_units": "nm"
        },
        {
            "filter_key": "0.3-10 ",
            "filter_name": "0.3-10 ",
            "wave_eff": 0.12781876127134048,
            "wave_min": 0.12398419843320027,
            "wave_max": 4.132806614440009,
            "wave_units": "nm"
        },
        {
            "filter_key": "0.2-2 ",
            "filter_name": "0.2-2 ",
            "wave_eff": 0.6888011024066681,
            "wave_min": 0.6199209921660013,
            "wave_max": 6.199209921660012,
            "wave_units": "nm"
        },
        {
            "filter_key": "0.2-2.3",
            "filter_name": "0.2-2.3",
            "wave_eff": 0.5904009449200014,
            "wave_min": 0.539061732318262,
            "wave_max": 6.199209921660012,
            "wave_units": "nm"
        }
    ],
    "reference_alias": [
        {
            "name": "2021ApJS..252...32J",
            "human_readable_name": "Jiang, Ning et al. (2021)"
        },
        {
            "name": "2022ApJS..258...21W",
            "human_readable_name": "Wang, Yibo et al. (2022)"
        },
        {
            "name": "2024ApJ...961..211M",
            "human_readable_name": "Masterson, Megan et al. (2024)"
        }
    ]
}