{
    "_key": "885039",
    "_id": "transients/885039",
    "_rev": "_jt3l4ey---",
    "coordinate": [
        {
            "ra": "21:15:40.31",
            "dec": "-49:04:36",
            "ra_units": "hour",
            "dec_units": "deg",
            "coordinate_type": "equatorial",
            "reference": [
                "ASAS-SN Supernovae"
            ],
            "default": true
        },
        {
            "ra": "318.91775",
            "dec": "-49.076439",
            "ra_units": "deg",
            "dec_units": "deg",
            "coordinate_type": "equatorial",
            "epoch": "J2000",
            "frame": "ICRS",
            "reference": [
                "2020TNSTR3418....1H"
            ],
            "default": false
        }
    ],
    "name": {
        "default_name": "2020zeb",
        "alias": [
            {
                "value": "2020zeb",
                "reference": [
                    "TNS"
                ]
            },
            {
                "value": "Gaia20fct",
                "reference": [
                    "TNS"
                ]
            },
            {
                "value": "AT 2020ual",
                "reference": [
                    "ASAS-SN Supernovae"
                ]
            },
            {
                "value": "ASASSN-20mi",
                "reference": [
                    "ASAS-SN Supernovae"
                ]
            }
        ]
    },
    "reference_alias": [
        {
            "name": "ASAS-SN Supernovae",
            "human_readable_name": "ASAS-SN Supernovae"
        },
        {
            "name": "2020TNSTR3418....1H",
            "human_readable_name": "Hodgkin, S. T. et al. (2020)"
        }
    ],
    "date_reference": [
        {
            "value": "2020-09-23 0:14:24.00000000013506",
            "date_format": "iso",
            "date_type": "discovery",
            "reference": [
                "ASAS-SN Supernovae"
            ],
            "default": true
        },
        {
            "value": "59158.815",
            "date_format": "mjd",
            "date_type": "discovery",
            "reference": [
                "2020TNSTR3418....1H"
            ],
            "default": false
        }
    ],
    "classification": {
        "value": [
            {
                "object_class": "TDE",
                "confidence": 0,
                "reference": [
                    "ASAS-SN Supernovae"
                ]
            }
        ],
        "spec_classed": 0,
        "unambiguous": false
    },
    "schema_version": {
        "value": "0",
        "comment": "Copied from tde.space"
    }
}