{
    "_key": "884587",
    "_id": "transients/884587",
    "_rev": "_jt3jzaW---",
    "classification": {
        "value": [
            {
                "object_class": "TDE",
                "confidence": 3.3,
                "reference": [
                    "2014ApJ...788...48S",
                    "2018ATel12263....1V",
                    "2020TNSTR.189....1B",
                    "2023PASP..135c4101G",
                    "ASAS-SN Supernovae"
                ],
                "default": true
            }
        ],
        "spec_classed": 3,
        "unambiguous": true
    },
    "coordinate": [
        {
            "ra": "5:03:11.3",
            "dec": "-22:48:52.1",
            "ra_units": "hour",
            "dec_units": "deg",
            "reference": [
                "ASAS-SN Supernovae"
            ],
            "coordinate_type": "equatorial"
        }
    ],
    "distance": [
        {
            "value": "0.015841",
            "distance_type": "redshift",
            "reference": [
                "2014ApJ...788...48S",
                "2020TNSTR.189....1B",
                "2023PASP..135c4101G"
            ],
            "default": true
        },
        {
            "value": "0.088",
            "distance_type": "redshift",
            "reference": [
                "2018ATel12263....1V",
                "2023PASP..135c4101G"
            ],
            "default": false
        }
    ],
    "date_reference": [
        {
            "value": "2018-10-04 ",
            "date_format": "iso",
            "date_type": "discovery",
            "reference": [
                "2018ATel12263....1V",
                "2023PASP..135c4101G"
            ],
            "default": false
        },
        {
            "value": "2020-07-08 ",
            "date_format": "iso",
            "date_type": "discovery",
            "reference": [
                "2014ApJ...788...48S",
                "2020TNSTR.189....1B",
                "2023PASP..135c4101G"
            ],
            "default": true
        },
        {
            "value": "2020-07-8 4:19:11.999999999975444",
            "date_format": "iso",
            "date_type": "discovery",
            "reference": [
                "ASAS-SN Supernovae"
            ],
            "default": false
        }
    ],
    "schema_version": {
        "value": 0,
        "comments": "From Goldtooth et al. (2023)",
        "comment": "Copied from tde.space;;"
    },
    "name": {
        "default_name": "ASASSN-20il",
        "alias": [
            {
                "value": "ZTF 18abxftqm",
                "reference": [
                    "2023PASP..135c4101G"
                ]
            },
            {
                "value": "ASASSN-20il",
                "reference": [
                    "ASAS-SN Supernovae",
                    "2023PASP..135c4101G"
                ]
            },
            {
                "value": "AT 2020pom",
                "reference": [
                    "ASAS-SN Supernovae"
                ]
            }
        ]
    },
    "reference_alias": [
        {
            "name": "ASAS-SN Supernovae",
            "human_readable_name": "ASAS-SN Supernovae"
        },
        {
            "name": "2023PASP..135c4101G",
            "human_readable_name": "Goldtooth, Aaron et al. (2023)"
        },
        {
            "name": "2014ApJ...788...48S",
            "human_readable_name": "Shappee, B. J. et al. (2014)"
        },
        {
            "name": "2020TNSTR.189....1B",
            "human_readable_name": "Brimacombe, J. & Stanek, K. Z. (2020)"
        },
        {
            "name": "2018ATel12263....1V",
            "human_readable_name": "Velzen, S. van et al. (2018)"
        }
    ],
    "host": [
        {
            "host_name": "ESO 486-G 017",
            "host_ra": 75.79583333333332,
            "host_dec": -22.814444444444444,
            "host_ra_units": "deg",
            "host_dec_units": "deg",
            "reference": [
                "2023PASP..135c4101G",
                "2014ApJ...788...48S",
                "2020TNSTR.189....1B"
            ]
        }
    ]
}