{
    "_key": "884983",
    "_id": "transients/884983",
    "_rev": "_jt3llCe---",
    "name": {
        "default_name": "AT2022mim",
        "alias": [
            {
                "value": "AT2022mim",
                "reference": "TNS"
            },
            {
                "value": "WTP14abnpgk",
                "reference": [
                    "2024ApJ...961..211M"
                ]
            }
        ]
    },
    "coordinate": [
        {
            "ra": 251.477888,
            "dec": -23.451942,
            "ra_units": "deg",
            "dec_units": "deg",
            "reference": [
                "2024ApJ...961..211M"
            ],
            "coordinate_type": "equatorial"
        }
    ],
    "distance": [
        {
            "value": 0.02035,
            "reference": [
                "2024ApJ...961..211M"
            ],
            "distance_type": "redshift"
        },
        {
            "value": 89.3,
            "reference": [
                "2024ApJ...961..211M"
            ],
            "unit": "Mpc",
            "distance_type": "luminosity"
        }
    ],
    "date_reference": [
        {
            "value": 56901,
            "reference": [
                "2024ApJ...961..211M"
            ],
            "date_format": "mjd",
            "date_type": "explosion"
        }
    ],
    "classification": {
        "value": [
            {
                "object_class": "TDE",
                "confidence": 3.2,
                "reference": [
                    "2024ApJ...961..211M"
                ]
            }
        ],
        "spec_classed": 2,
        "unambiguous": true
    },
    "photometry": [
        {
            "date": [
                2018.1709106482065,
                2018.217616425764,
                2018.3269889985947,
                2018.2492081635592,
                2018.4875657800528,
                2018.616685064916,
                2018.7398643985484,
                2019.161064325104,
                2019.308003773596,
                2019.471289714254,
                2019.6546092871429,
                2019.7382413059076,
                2020.166287882646,
                2020.1067677890676,
                2020.350490515812,
                2020.51701912426,
                2020.6843213791635,
                2021.164314268364,
                2021.293864852889,
                2021.375099746616,
                2021.4862641037687,
                2021.6415547727704,
                2021.7385508771256,
                2022.162132073906,
                2022.305136703262,
                2022.4142011729105,
                2022.5398658688684,
                2022.6465680820145,
                2022.722958124183,
                2023.1454575429448,
                2023.0605955958904,
                2015.1188295059187,
                2015.3091070124733,
                2015.4803502103905,
                2015.674211214088,
                2016.156290178683,
                2016.318828751316,
                2016.5130366748108,
                2016.6771047733084,
                2017.138417086639,
                2017.2521835639416,
                2017.3628184749132,
                2017.5218966306943,
                2017.7054991717605,
                2018.1133298864395,
                2018.32679918078,
                2018.5416505943736,
                2018.472092836726,
                2018.6821811994248
            ],
            "date_format": [
                "decimalyear",
                "decimalyear",
                "decimalyear",
                "decimalyear",
                "decimalyear",
                "decimalyear",
                "decimalyear",
                "decimalyear",
                "decimalyear",
                "decimalyear",
                "decimalyear",
                "decimalyear",
                "decimalyear",
                "decimalyear",
                "decimalyear",
                "decimalyear",
                "decimalyear",
                "decimalyear",
                "decimalyear",
                "decimalyear",
                "decimalyear",
                "decimalyear",
                "decimalyear",
                "decimalyear",
                "decimalyear",
                "decimalyear",
                "decimalyear",
                "decimalyear",
                "decimalyear",
                "decimalyear",
                "decimalyear",
                "decimalyear",
                "decimalyear",
                "decimalyear",
                "decimalyear",
                "decimalyear",
                "decimalyear",
                "decimalyear",
                "decimalyear",
                "decimalyear",
                "decimalyear",
                "decimalyear",
                "decimalyear",
                "decimalyear",
                "decimalyear",
                "decimalyear",
                "decimalyear",
                "decimalyear",
                "decimalyear"
            ],
            "filter_key": [
                "g",
                "g",
                "g",
                "g",
                "g",
                "g",
                "g",
                "g",
                "g",
                "g",
                "g",
                "g",
                "g",
                "g",
                "g",
                "g",
                "g",
                "g",
                "g",
                "g",
                "g",
                "g",
                "g",
                "g",
                "g",
                "g",
                "g",
                "g",
                "g",
                "g",
                "g",
                "V",
                "V",
                "V",
                "V",
                "V",
                "V",
                "V",
                "V",
                "V",
                "V",
                "V",
                "V",
                "V",
                "V",
                "V",
                "V",
                "V",
                "V"
            ],
            "raw": [
                0.00813509444675838,
                0.05548444370807199,
                0.015647507145108902,
                0.42569999999999997,
                0.018167819679320997,
                0.023122761316996886,
                0.08213935642788808,
                0.026362449943089332,
                0.025577708980891442,
                0.02602196591473101,
                0.029652728525440708,
                0.02767035617458803,
                0.021457661907678123,
                0.7785,
                0.02036513348964627,
                0.03278602102490085,
                0.0688344447237055,
                0.03675452638330563,
                0.030158389622179288,
                0.1631304543509685,
                0.0372555577738323,
                0.05800631126315451,
                0.07260034296590773,
                0.042777753279266015,
                0.02521168864163043,
                0.03463513212117807,
                0.03056239309424367,
                0.03311760211968948,
                0.03012439285659699,
                0.08016078319219935,
                0.6377999999999999,
                0.05942848184316534,
                0.038896144208789424,
                0.03297027562065432,
                0.09079290911200133,
                0.06849011867342927,
                0.0813573359443355,
                0.08627993571519549,
                0.06818346772496883,
                0.06280591990524599,
                0.1215131550949039,
                0.0921120448830213,
                0.08930530353041144,
                0.13397953358672576,
                0.09244886875917854,
                0.0886575700810722,
                0.07824655483625287,
                0.5189999999999999,
                0.037259358059729616
            ],
            "raw_err": [
                0,
                0,
                0,
                0,
                0,
                0,
                0,
                0,
                0,
                0,
                0,
                0,
                0,
                0,
                0,
                0,
                0,
                0,
                0,
                0,
                0,
                0,
                0,
                0,
                0,
                0,
                0,
                0,
                0,
                0,
                0,
                0,
                0,
                0,
                0,
                0,
                0,
                0,
                0,
                0,
                0,
                0,
                0,
                0,
                0,
                0,
                0,
                0,
                0
            ],
            "raw_units": [
                "mJy",
                "mJy",
                "mJy",
                "mJy",
                "mJy",
                "mJy",
                "mJy",
                "mJy",
                "mJy",
                "mJy",
                "mJy",
                "mJy",
                "mJy",
                "mJy",
                "mJy",
                "mJy",
                "mJy",
                "mJy",
                "mJy",
                "mJy",
                "mJy",
                "mJy",
                "mJy",
                "mJy",
                "mJy",
                "mJy",
                "mJy",
                "mJy",
                "mJy",
                "mJy",
                "mJy",
                "mJy",
                "mJy",
                "mJy",
                "mJy",
                "mJy",
                "mJy",
                "mJy",
                "mJy",
                "mJy",
                "mJy",
                "mJy",
                "mJy",
                "mJy",
                "mJy",
                "mJy",
                "mJy",
                "mJy",
                "mJy"
            ],
            "telescope": "ASASSN",
            "upperlimit": [
                true,
                true,
                true,
                true,
                true,
                true,
                true,
                true,
                true,
                true,
                true,
                true,
                true,
                true,
                true,
                true,
                true,
                true,
                true,
                true,
                true,
                true,
                true,
                true,
                true,
                true,
                true,
                true,
                true,
                true,
                true,
                true,
                true,
                true,
                true,
                true,
                true,
                true,
                true,
                true,
                true,
                true,
                true,
                true,
                true,
                true,
                true,
                true,
                true
            ],
            "corr_k": false,
            "corr_s": false,
            "corr_host": true,
            "corr_av": false,
            "corr_hostav": false,
            "val_host": [
                2.662,
                2.662,
                2.662,
                2.662,
                2.662,
                2.662,
                2.662,
                2.662,
                2.662,
                2.662,
                2.662,
                2.662,
                2.662,
                2.662,
                2.662,
                2.662,
                2.662,
                2.662,
                2.662,
                2.662,
                2.662,
                2.662,
                2.662,
                2.662,
                2.662,
                2.662,
                2.662,
                2.662,
                2.662,
                2.662,
                2.662,
                4.971,
                4.971,
                4.971,
                4.971,
                4.971,
                4.971,
                4.971,
                4.971,
                4.971,
                4.971,
                4.971,
                4.971,
                4.971,
                4.971,
                4.971,
                4.971,
                4.971,
                4.971
            ],
            "obs_type": "uvoir",
            "reference": [
                "2024ApJ...961..211M"
            ]
        },
        {
            "date": [
                55259.49558647499,
                55439.328591515005,
                56721.974989565,
                56902.575442065,
                57084.02009802,
                57262.948721505,
                57449.605971495,
                57621.766968115,
                57815.224758825,
                57982.347557135,
                58179.483773995,
                58342.658501455,
                58546.583477965,
                58709.82898374,
                58910.87407576,
                59074.001870715,
                59276.54022509,
                59438.14656034,
                59641.97343103,
                59805.284798585,
                55257.51071099,
                55439.328591515005,
                56722.04082323,
                56902.575442065,
                57084.02009802,
                57262.94878519,
                57449.605971495,
                57621.766968115,
                57815.224758825,
                57982.347557135,
                58179.483773995,
                58342.658501455,
                58546.583477965,
                58709.82898374,
                58910.808433055,
                59074.001934395,
                59274.97097424,
                59438.14656034,
                59641.97343103,
                59805.349931815
            ],
            "date_format": [
                "mjd",
                "mjd",
                "mjd",
                "mjd",
                "mjd",
                "mjd",
                "mjd",
                "mjd",
                "mjd",
                "mjd",
                "mjd",
                "mjd",
                "mjd",
                "mjd",
                "mjd",
                "mjd",
                "mjd",
                "mjd",
                "mjd",
                "mjd",
                "mjd",
                "mjd",
                "mjd",
                "mjd",
                "mjd",
                "mjd",
                "mjd",
                "mjd",
                "mjd",
                "mjd",
                "mjd",
                "mjd",
                "mjd",
                "mjd",
                "mjd",
                "mjd",
                "mjd",
                "mjd",
                "mjd",
                "mjd"
            ],
            "filter_key": [
                "W1",
                "W1",
                "W1",
                "W1",
                "W1",
                "W1",
                "W1",
                "W1",
                "W1",
                "W1",
                "W1",
                "W1",
                "W1",
                "W1",
                "W1",
                "W1",
                "W1",
                "W1",
                "W1",
                "W1",
                "W2",
                "W2",
                "W2",
                "W2",
                "W2",
                "W2",
                "W2",
                "W2",
                "W2",
                "W2",
                "W2",
                "W2",
                "W2",
                "W2",
                "W2",
                "W2",
                "W2",
                "W2",
                "W2",
                "W2"
            ],
            "raw": [
                0.041325984012745856,
                0.038154004055986415,
                0.042506423760056006,
                1.1708542602539065,
                2.0027638857421874,
                3.0059927373046875,
                4.814745662109376,
                8.610746689453125,
                5.8867010625,
                7.198123617187501,
                3.5289489843750004,
                3.985761729492188,
                3.002001688476563,
                3.7135761826171874,
                1.632376388671875,
                2.8935122109375,
                1.019958908203125,
                4.836253450195312,
                2.5258269550781254,
                5.569013455078125,
                0.060213945862014784,
                0.05758528846094514,
                0.2695160004882813,
                0.998038818359375,
                3.8323131875,
                3.3755221718750006,
                6.916942375,
                9.99293528125,
                9.265843578125,
                9.362578125,
                6.588856406250001,
                5.364646742187501,
                5.161596375,
                5.164246250000001,
                3.9054477890625,
                3.6632375234375,
                2.4750045820312505,
                5.7455874375,
                5.209549437500001,
                6.437284765625002
            ],
            "raw_err": [
                0,
                0,
                0,
                0.013882967154877,
                0.040347621237514,
                0.0906103613960282,
                0.2321081227928368,
                0.7416912667696286,
                0.3467901901539461,
                0.5183383760205362,
                0.1248008406598181,
                0.1591292827435258,
                0.0904489710657973,
                0.1382582557169722,
                0.0269193834143855,
                0.0840637846092905,
                0.0107038368581689,
                0.2342027530959387,
                0.0640975899798549,
                0.3104741215688809,
                0,
                0,
                0.0011072328177047,
                0.0104034535375323,
                0.1475549491919333,
                0.1145940376266024,
                0.4789855939479003,
                0.9991565930489592,
                0.859069110728242,
                0.8771843131050824,
                0.4347382667855202,
                0.2884241820752017,
                0.26700438482529,
                0.2676984754606655,
                0.1531911442922366,
                0.1349648564950575,
                0.0619802832084353,
                0.3309652093286286,
                0.2720845711220226,
                0.4151856383724328
            ],
            "raw_units": [
                "mJy",
                "mJy",
                "mJy",
                "mJy",
                "mJy",
                "mJy",
                "mJy",
                "mJy",
                "mJy",
                "mJy",
                "mJy",
                "mJy",
                "mJy",
                "mJy",
                "mJy",
                "mJy",
                "mJy",
                "mJy",
                "mJy",
                "mJy",
                "mJy",
                "mJy",
                "mJy",
                "mJy",
                "mJy",
                "mJy",
                "mJy",
                "mJy",
                "mJy",
                "mJy",
                "mJy",
                "mJy",
                "mJy",
                "mJy",
                "mJy",
                "mJy",
                "mJy",
                "mJy",
                "mJy",
                "mJy"
            ],
            "telescope": "WISE",
            "upperlimit": [
                true,
                true,
                true,
                false,
                false,
                false,
                false,
                false,
                false,
                false,
                false,
                false,
                false,
                false,
                false,
                false,
                false,
                false,
                false,
                false,
                true,
                true,
                false,
                false,
                false,
                false,
                false,
                false,
                false,
                false,
                false,
                false,
                false,
                false,
                false,
                false,
                false,
                false,
                false,
                false
            ],
            "corr_k": false,
            "corr_s": false,
            "corr_host": true,
            "corr_av": false,
            "corr_hostav": false,
            "val_host": [
                9.312185138671875,
                9.312185138671875,
                9.312185138671875,
                9.312185138671875,
                9.312185138671875,
                9.312185138671875,
                9.312185138671875,
                9.312185138671875,
                9.312185138671875,
                9.312185138671875,
                9.312185138671875,
                9.312185138671875,
                9.312185138671875,
                9.312185138671875,
                9.312185138671875,
                9.312185138671875,
                9.312185138671875,
                9.312185138671875,
                9.312185138671875,
                9.312185138671875,
                7.738654234375001,
                7.738654234375001,
                7.738654234375001,
                7.738654234375001,
                7.738654234375001,
                7.738654234375001,
                7.738654234375001,
                7.738654234375001,
                7.738654234375001,
                7.738654234375001,
                7.738654234375001,
                7.738654234375001,
                7.738654234375001,
                7.738654234375001,
                7.738654234375001,
                7.738654234375001,
                7.738654234375001,
                7.738654234375001,
                7.738654234375001,
                7.738654234375001
            ],
            "obs_type": "uvoir",
            "reference": [
                "2024ApJ...961..211M"
            ]
        },
        {
            "date": [
                57844.5608609583,
                57848.6133303993,
                58330.6064502396,
                58575.7324987442,
                58631.778701184
            ],
            "date_format": [
                "mjd",
                "mjd",
                "mjd",
                "mjd",
                "mjd"
            ],
            "filter_key": [
                "0.3-10 ",
                "0.3-10 ",
                "0.3-10 ",
                "0.3-10 ",
                "0.3-10 "
            ],
            "raw": [
                1.412005e-12,
                1.500765e-12,
                7.4403e-12,
                2.9268400000000005e-12,
                6.248200000000001e-12
            ],
            "raw_err": [
                0,
                0,
                0,
                0,
                0
            ],
            "raw_units": [
                "erg/s/cm^2",
                "erg/s/cm^2",
                "erg/s/cm^2",
                "erg/s/cm^2",
                "erg/s/cm^2"
            ],
            "telescope": "Swift",
            "upperlimit": [
                true,
                true,
                true,
                true,
                true
            ],
            "corr_k": false,
            "corr_s": false,
            "corr_host": false,
            "corr_av": false,
            "corr_hostav": false,
            "obs_type": "xray",
            "xray_model": [
                {
                    "model_name": "Powerlaw",
                    "param_names": [
                        "Gamma"
                    ],
                    "param_values": [
                        2
                    ],
                    "param_units": [
                        "None"
                    ],
                    "min_energy": 0.3,
                    "max_energy": 10,
                    "energy_units": "keV",
                    "model_reference": "2024ApJ...961..211M"
                },
                {
                    "model_name": "Powerlaw",
                    "param_names": [
                        "Gamma"
                    ],
                    "param_values": [
                        2
                    ],
                    "param_units": [
                        "None"
                    ],
                    "min_energy": 0.3,
                    "max_energy": 10,
                    "energy_units": "keV",
                    "model_reference": "2024ApJ...961..211M"
                },
                {
                    "model_name": "Powerlaw",
                    "param_names": [
                        "Gamma"
                    ],
                    "param_values": [
                        2
                    ],
                    "param_units": [
                        "None"
                    ],
                    "min_energy": 0.3,
                    "max_energy": 10,
                    "energy_units": "keV",
                    "model_reference": "2024ApJ...961..211M"
                },
                {
                    "model_name": "Powerlaw",
                    "param_names": [
                        "Gamma"
                    ],
                    "param_values": [
                        2
                    ],
                    "param_units": [
                        "None"
                    ],
                    "min_energy": 0.3,
                    "max_energy": 10,
                    "energy_units": "keV",
                    "model_reference": "2024ApJ...961..211M"
                },
                {
                    "model_name": "Powerlaw",
                    "param_names": [
                        "Gamma"
                    ],
                    "param_values": [
                        2
                    ],
                    "param_units": [
                        "None"
                    ],
                    "min_energy": 0.3,
                    "max_energy": 10,
                    "energy_units": "keV",
                    "model_reference": "2024ApJ...961..211M"
                }
            ],
            "reference": [
                "2024ApJ...961..211M"
            ],
            "raw_err_detail": {
                "upper": [
                    0,
                    0,
                    0,
                    0,
                    0
                ],
                "lower": [
                    0,
                    0,
                    0,
                    0,
                    0
                ]
            }
        },
        {
            "date": [
                2020.2003653106656,
                2020.701159589405,
                2021.1896128868595,
                2021.6884688292744
            ],
            "date_format": [
                "decimalyear",
                "decimalyear",
                "decimalyear",
                "decimalyear"
            ],
            "filter_key": [
                "0.2-2.3",
                "0.2-2.3",
                "0.2-2.3",
                "0.2-2.3"
            ],
            "raw": [
                8.394101498150985e-14,
                7.940444861240999e-14,
                1.4617920023254065e-13,
                8.65950104094818e-14
            ],
            "raw_err": [
                0,
                0,
                0,
                0
            ],
            "raw_units": [
                "erg/s/cm^2",
                "erg/s/cm^2",
                "erg/s/cm^2",
                "erg/s/cm^2"
            ],
            "telescope": "eROSITA",
            "upperlimit": [
                true,
                true,
                true,
                true
            ],
            "corr_k": false,
            "corr_s": false,
            "corr_host": false,
            "corr_av": false,
            "corr_hostav": false,
            "obs_type": "xray",
            "xray_model": [
                {
                    "model_name": "Absorbed Powerlaw",
                    "param_names": [
                        "Gamma",
                        "N_H"
                    ],
                    "param_values": [
                        2,
                        3e+20
                    ],
                    "param_units": [
                        "None",
                        "cm^-2"
                    ],
                    "min_energy": 0.2,
                    "max_energy": 2.3,
                    "energy_units": "keV",
                    "model_reference": "2024ApJ...961..211M"
                },
                {
                    "model_name": "Absorbed Powerlaw",
                    "param_names": [
                        "Gamma",
                        "N_H"
                    ],
                    "param_values": [
                        2,
                        3e+20
                    ],
                    "param_units": [
                        "None",
                        "cm^-2"
                    ],
                    "min_energy": 0.2,
                    "max_energy": 2.3,
                    "energy_units": "keV",
                    "model_reference": "2024ApJ...961..211M"
                },
                {
                    "model_name": "Absorbed Powerlaw",
                    "param_names": [
                        "Gamma",
                        "N_H"
                    ],
                    "param_values": [
                        2,
                        3e+20
                    ],
                    "param_units": [
                        "None",
                        "cm^-2"
                    ],
                    "min_energy": 0.2,
                    "max_energy": 2.3,
                    "energy_units": "keV",
                    "model_reference": "2024ApJ...961..211M"
                },
                {
                    "model_name": "Absorbed Powerlaw",
                    "param_names": [
                        "Gamma",
                        "N_H"
                    ],
                    "param_values": [
                        2,
                        3e+20
                    ],
                    "param_units": [
                        "None",
                        "cm^-2"
                    ],
                    "min_energy": 0.2,
                    "max_energy": 2.3,
                    "energy_units": "keV",
                    "model_reference": "2024ApJ...961..211M"
                }
            ],
            "reference": [
                "2024ApJ...961..211M"
            ]
        }
    ],
    "filter_alias": [
        {
            "filter_key": "g",
            "filter_name": "g",
            "wave_eff": 471.8872246248687,
            "wave_units": "nm"
        },
        {
            "filter_key": "V",
            "filter_name": "V",
            "wave_eff": 553.7155963302753,
            "wave_units": "nm"
        },
        {
            "filter_key": "W1",
            "filter_name": "W1",
            "wave_eff": 261.3713060531025,
            "wave_units": "nm"
        },
        {
            "filter_key": "W2",
            "filter_name": "W2",
            "wave_eff": 207.98754332676123,
            "wave_units": "nm"
        },
        {
            "filter_key": "0.3-10 ",
            "filter_name": "0.3-10 ",
            "wave_eff": 0.12781876127134048,
            "wave_min": 0.12398419843320027,
            "wave_max": 4.132806614440009,
            "wave_units": "nm"
        },
        {
            "filter_key": "0.2-2.3",
            "filter_name": "0.2-2.3",
            "wave_eff": 0.5904009449200014,
            "wave_min": 0.539061732318262,
            "wave_max": 6.199209921660012,
            "wave_units": "nm"
        }
    ],
    "reference_alias": [
        {
            "name": "2024ApJ...961..211M",
            "human_readable_name": "Masterson, Megan et al. (2024)"
        },
        {
            "name": "TNS",
            "human_readable_name": "TNS"
        }
    ]
}