{
    "_key": "884765",
    "_id": "transients/884765",
    "_rev": "_jt3ki-y---",
    "classification": {
        "value": [
            {
                "object_class": "TDE",
                "confidence": 1,
                "reference": [
                    "2015ApJ...809..172I",
                    "2016MNRAS.461.3375Y",
                    "2017ApJ...842..126P"
                ],
                "default": true
            }
        ],
        "spec_classed": 0,
        "unambiguous": true
    },
    "name": {
        "default_name": "IGR J12580+0134",
        "alias": [
            {
                "value": "IGR12580",
                "reference": [
                    "2015ApJ...809..172I"
                ]
            },
            {
                "value": "IGR J12580+0134",
                "reference": [
                    "IGR"
                ]
            },
            {
                "value": "IGR 12580",
                "reference": [
                    "2015ApJ...809..172I"
                ]
            }
        ]
    },
    "reference_alias": [
        {
            "name": "2015ApJ...809..172I",
            "human_readable_name": "Irwin et al. (2015)"
        },
        {
            "name": "2016MNRAS.461.3375Y",
            "human_readable_name": "Yuan et al. (2016)"
        },
        {
            "name": "2017ApJ...842..126P",
            "human_readable_name": "Perlman et al. (2017)"
        },
        {
            "name": "2022ApJ...925..143P",
            "human_readable_name": "Perlman, Eric S. et al. (2022)"
        }
    ],
    "photometry": [
        {
            "reference": [
                "2017ApJ...842..126P"
            ],
            "raw": [
                432,
                362,
                36.32,
                33.6,
                27,
                61
            ],
            "raw_units": [
                "mJy",
                "mJy",
                "mJy",
                "mJy",
                "mJy",
                "mJy"
            ],
            "date": [
                55994,
                56061,
                57276,
                57311,
                57543,
                57609
            ],
            "date_format": [
                "mjd",
                "mjd",
                "mjd",
                "mjd",
                "mjd",
                "mjd"
            ],
            "filter_key": [
                "6.0GHz",
                "6.0GHz",
                "5.5GHz",
                "6.0GHz",
                "6.0GHz",
                "6.0GHz"
            ],
            "computed": [
                false,
                false,
                false,
                false,
                false,
                false
            ],
            "obs_type": [
                "radio",
                "radio",
                "radio",
                "radio",
                "radio",
                "radio"
            ],
            "upperlimit": [
                false,
                false,
                false,
                false,
                false,
                false
            ],
            "corr_k": false,
            "corr_s": false,
            "corr_av": false,
            "corr_host": false,
            "corr_hostav": false
        },
        {
            "reference": "2015ApJ...809..172I",
            "raw": [
                211,
                241,
                219,
                425,
                355
            ],
            "raw_err": [
                3,
                3,
                4,
                3,
                2
            ],
            "raw_units": "mJy",
            "date": [
                "55925",
                "56016",
                "56089",
                "55914",
                "55981"
            ],
            "date_format": [
                "MJD",
                "MJD",
                "MJD",
                "MJD",
                "MJD"
            ],
            "upperlimit": [
                false,
                false,
                false,
                false,
                false
            ],
            "filter_key": [
                "1.57GHz",
                "1.57GHz",
                "1.57GHz",
                "6.0GHz",
                "6.0GHz"
            ],
            "obs_type": "radio",
            "telescope": "VLA",
            "corr_k": false,
            "corr_s": false,
            "corr_host": [
                true,
                true,
                true,
                true,
                true
            ],
            "val_host": [
                19,
                19,
                19,
                7,
                7
            ],
            "corr_av": false,
            "corr_hostav": false
        },
        {
            "reference": "2017ApJ...842..126P",
            "raw": [
                118,
                36.32
            ],
            "raw_err": [
                1.2,
                0.07
            ],
            "raw_units": "mJy",
            "date": [
                "2015-6-22",
                "2015-6-22"
            ],
            "date_format": [
                "iso",
                "iso"
            ],
            "upperlimit": [
                false,
                false
            ],
            "filter_key": [
                "1.5195GHz",
                "5.499GHz"
            ],
            "obs_type": "radio",
            "telescope": "VLA",
            "corr_k": false,
            "corr_s": false,
            "corr_host": [
                false,
                false
            ],
            "corr_av": false,
            "corr_hostav": false
        },
        {
            "reference": "2017ApJ...842..126P",
            "raw": [
                83.5,
                29.9
            ],
            "raw_err": [
                1.1,
                0.2
            ],
            "raw_units": "mJy",
            "date": [
                "2015-6-08",
                "2015-6-08"
            ],
            "date_format": [
                "iso",
                "iso"
            ],
            "upperlimit": [
                false,
                false
            ],
            "filter_key": [
                "1.5474GHz",
                "4.9795GHz"
            ],
            "obs_type": "radio",
            "telescope": "VLBA",
            "corr_k": false,
            "corr_s": false,
            "corr_host": [
                true,
                false
            ],
            "val_host": [
                10.8,
                "null"
            ],
            "corr_av": false,
            "corr_hostav": false
        },
        {
            "reference": "2022ApJ...925..143P",
            "raw": [
                22.7,
                17.1,
                33.6,
                27,
                60,
                171,
                61,
                167,
                261,
                21,
                50
            ],
            "raw_err": [
                0.3,
                0.2,
                0.2,
                2,
                3,
                5,
                2,
                2,
                5,
                2,
                5
            ],
            "raw_units": "mJy",
            "date": [
                "2015-07-06",
                "2015-07-14",
                "2015-07-28",
                "2016-03-16",
                "2016-03-16",
                "2016-03-16",
                "2016-05-21",
                "2016-05-21",
                "2016-05-21",
                "2019-04-21",
                "2019-06-24"
            ],
            "date_format": [
                "iso",
                "iso",
                "iso",
                "iso",
                "iso",
                "iso",
                "iso",
                "iso",
                "iso",
                "iso",
                "iso"
            ],
            "upperlimit": [
                false,
                false,
                false,
                false,
                false,
                false,
                false,
                false,
                false,
                false,
                false
            ],
            "filter_key": [
                "9.0GHz",
                "9.0GHz",
                "6.0GHz",
                "6.0GHz",
                "3.0GHz",
                "1.5GHz",
                "6.0GHz",
                "3.0GHz",
                "1.5GHz",
                "3.0GHz",
                "1.5GHz"
            ],
            "obs_type": "radio",
            "telescope": "VLA",
            "corr_k": false,
            "corr_s": false,
            "corr_host": [
                true,
                true,
                true,
                true,
                true,
                true,
                true,
                true,
                true,
                true,
                true
            ],
            "val_host": [
                "null",
                "null",
                "null",
                "null",
                "null",
                "null",
                "null",
                "null",
                "null",
                "null",
                "null"
            ],
            "corr_av": false,
            "corr_hostav": false
        }
    ],
    "coordinate": [
        {
            "ra": "12 58 05.1",
            "dec": "+01 34 26",
            "epoch": "J2000",
            "system": "ICRS",
            "ra_units": "hourangle",
            "dec_units": "deg",
            "computed": "False",
            "default": true,
            "uuid": "8b8a944f-3c99-44c3-b851-8dddd964a961",
            "coordinate_type": "equatorial",
            "reference": [
                "2015ApJ...809..172I",
                "2016MNRAS.461.3375Y",
                "2017ApJ...842..126P"
            ]
        },
        {
            "ra": "12:58:05.1",
            "dec": "+01:34:26",
            "ra_units": "hour",
            "dec_units": "degree",
            "default": false,
            "coordinate_type": "equatorial",
            "reference": [
                "2015ApJ...809..172I"
            ]
        },
        {
            "ra": "12:58:05.1",
            "dec": "+01:34:26",
            "ra_units": "hour",
            "dec_units": "degree",
            "default": false,
            "coordinate_type": "equatorial",
            "reference": [
                "2015ApJ...809..172I"
            ]
        },
        {
            "computed": "True",
            "default": true,
            "coordinate_type": "galactic",
            "l": "306.7781925952877",
            "b": "64.39598414557777",
            "l_units": "deg",
            "b_units": "deg",
            "reference": [
                "8b8a944f-3c99-44c3-b851-8dddd964a961"
            ]
        }
    ],
    "filter_alias": [
        {
            "filter_key": "6.0GHz",
            "filter_name": "C",
            "freq_eff": 6,
            "freq_units": "GHz"
        },
        {
            "filter_key": "5.5GHz",
            "filter_name": "C",
            "freq_eff": 5.5,
            "freq_units": "GHz"
        },
        {
            "filter_key": "1.57GHz",
            "filter_name": "L",
            "freq_eff": 1.57,
            "freq_units": "GHz"
        },
        {
            "filter_key": "1.5195GHz",
            "filter_name": "L",
            "freq_eff": 1.5195,
            "freq_units": "GHz"
        },
        {
            "filter_key": "5.499GHz",
            "filter_name": "C",
            "freq_eff": 5.499,
            "freq_units": "GHz"
        },
        {
            "filter_key": "1.5474GHz",
            "filter_name": "L",
            "freq_eff": 1.5474,
            "freq_units": "GHz"
        },
        {
            "filter_key": "4.9795GHz",
            "filter_name": "C",
            "freq_eff": 4.9795,
            "freq_units": "GHz"
        },
        {
            "filter_key": "9.0GHz",
            "filter_name": "X",
            "freq_eff": 9,
            "freq_units": "GHz"
        },
        {
            "filter_key": "3.0GHz",
            "filter_name": "S",
            "freq_eff": 3,
            "freq_units": "GHz"
        },
        {
            "filter_key": "1.5GHz",
            "filter_name": "L",
            "freq_eff": 1.5,
            "freq_units": "GHz"
        }
    ],
    "date_reference": [
        {
            "value": 55572,
            "date_format": "mjd",
            "reference": [
                "2015ApJ...809..172I",
                "2016MNRAS.461.3375Y",
                "2017ApJ...842..126P"
            ],
            "computed": false,
            "date_type": "discovery"
        }
    ],
    "distance": [
        {
            "value": "0.00411",
            "reference": [
                "2015ApJ...809..172I",
                "2016MNRAS.461.3375Y",
                "2017ApJ...842..126P"
            ],
            "computed": false,
            "default": true,
            "distance_type": "redshift"
        }
    ],
    "schema_version": {
        "value": "0",
        "comment": "Original Dataset"
    }
}