{
    "_key": "885099",
    "_id": "transients/885099",
    "_rev": "_jt3mKfq---",
    "classification": {
        "value": [
            {
                "object_class": "TDE",
                "confidence": 1,
                "reference": [
                    "2011A&A...535L...1B",
                    "2014arXiv1407.5081D",
                    "2017ApJ...838..149A",
                    "2023PASP..135c4101G"
                ],
                "default": true
            },
            {
                "object_class": "TDE",
                "confidence": 0,
                "reference": [
                    "2014arXiv1407.5081D"
                ],
                "default": false
            }
        ],
        "spec_classed": 0,
        "unambiguous": true
    },
    "coordinate": [
        {
            "ra": "17:36:17.42",
            "dec": "-44:44:05.98",
            "ra_units": "hour",
            "dec_units": "deg",
            "reference": [
                "2017ApJ...838..149A"
            ],
            "coordinate_type": "equatorial"
        }
    ],
    "distance": [
        {
            "value": "0.000271",
            "distance_type": "redshift",
            "reference": [
                "2011A&A...535L...1B",
                "2014arXiv1407.5081D",
                "2017ApJ...838..149A",
                "2023PASP..135c4101G"
            ],
            "default": true
        },
        {
            "value": "1.2",
            "distance_type": "comoving",
            "unit": "Mpc",
            "reference": [
                "2014arXiv1407.5081D",
                "2016A&A...594A..13P",
                "2017ApJ...835...64G"
            ],
            "default": true
        },
        {
            "value": "1.2",
            "distance_type": "luminosity",
            "unit": "Mpc",
            "reference": [
                "2014arXiv1407.5081D",
                "2016A&A...594A..13P",
                "2017ApJ...835...64G"
            ],
            "default": true
        }
    ],
    "date_reference": [
        {
            "value": "2003-03-22",
            "date_format": "iso",
            "date_type": "discovery",
            "reference": [
                "2017ApJ...835...64G",
                "2017ApJ...838..149A"
            ],
            "default": false
        },
        {
            "value": "2003-03-22 ",
            "date_format": "iso",
            "date_type": "discovery",
            "reference": [
                "2011A&A...535L...1B",
                "2017ApJ...838..149A",
                "2023PASP..135c4101G"
            ],
            "default": true
        }
    ],
    "schema_version": {
        "value": 0,
        "comments": "From Goldtooth et al. (2023)",
        "comment": "Copied from tde.space;"
    },
    "name": {
        "default_name": "IGR J17361-4441",
        "alias": [
            {
                "value": "IGR J17361-4441",
                "reference": [
                    "2017ApJ...838..149A",
                    "2023PASP..135c4101G"
                ]
            }
        ]
    },
    "reference_alias": [
        {
            "name": "2017ApJ...838..149A",
            "human_readable_name": "Auchettl, Guillochon, & Ramirez-Ruiz (2017)"
        },
        {
            "name": "2016A&A...594A..13P",
            "human_readable_name": "Planck Collaboration et al. (2016)"
        },
        {
            "name": "2014arXiv1407.5081D",
            "human_readable_name": "Del Santo et al. (2014)"
        },
        {
            "name": "2011ApJ...737..103S",
            "human_readable_name": "Schlafly & Finkbeiner (2011)"
        },
        {
            "name": "2017ApJ...835...64G",
            "human_readable_name": "Guillochon et al. (2017)"
        },
        {
            "name": "2023PASP..135c4101G",
            "human_readable_name": "Goldtooth, Aaron et al. (2023)"
        },
        {
            "name": "2011A&A...535L...1B",
            "human_readable_name": "Bozzo, E. et al. (2011)"
        }
    ],
    "filter_alias": [
        {
            "filter_key": "0.3 - 2.0",
            "wave_eff": 0.7293188143129428,
            "wave_min": 0.6199209921660013,
            "wave_max": 4.132806614440009,
            "wave_units": "nm",
            "filter_name": "0.3 - 2.0"
        }
    ],
    "photometry": [
        {
            "raw": [
                0.0125647,
                0.119814
            ],
            "raw_err": [
                0.000582156,
                0.00748331
            ],
            "raw_units": [
                "ct",
                "ct"
            ],
            "value": [
                3.48e-14,
                1.31e-13
            ],
            "value_units": [
                "ergs/cm^2/s",
                "ergs/cm^2/s"
            ],
            "filter_key": [
                "0.3 - 2.0",
                "0.3 - 2.0"
            ],
            "obs_type": [
                "xray",
                "xray"
            ],
            "date": [
                "53481.1",
                "55802.5"
            ],
            "date_format": "MJD",
            "upperlimit": [
                false,
                false
            ],
            "telescope": "Chandra",
            "corr_k": null,
            "corr_av": null,
            "corr_host": null,
            "corr_hostav": null,
            "reference": [
                "2017ApJ...838..149A"
            ],
            "xray_model": [
                {
                    "model_name": "Powerlaw",
                    "param_names": [
                        "photonindex"
                    ],
                    "param_values": [
                        "3.78"
                    ],
                    "param_units": [
                        "None"
                    ],
                    "min_energy": 0.3,
                    "max_energy": 2,
                    "energy_units": "keV"
                },
                {
                    "model_name": "Powerlaw",
                    "param_names": [
                        "photonindex"
                    ],
                    "param_values": [
                        "0.638"
                    ],
                    "param_units": [
                        "None"
                    ],
                    "min_energy": 0.3,
                    "max_energy": 2,
                    "energy_units": "keV"
                }
            ],
            "corr_s": null
        },
        {
            "raw": [
                0.0296119
            ],
            "raw_units": [
                "ct"
            ],
            "value": [
                3.66e-13
            ],
            "value_units": [
                "ergs/cm^2/s"
            ],
            "filter_key": [
                "0.3 - 2.0"
            ],
            "obs_type": [
                "xray"
            ],
            "date": [
                "48710"
            ],
            "date_format": "MJD",
            "upperlimit": [
                true
            ],
            "telescope": "ROSAT",
            "corr_k": null,
            "corr_av": null,
            "corr_host": null,
            "corr_hostav": null,
            "reference": [
                "2017ApJ...838..149A"
            ],
            "xray_model": [
                {
                    "model_name": "Absorbed Powerlaw",
                    "param_names": [
                        "photonindex",
                        "nhmw"
                    ],
                    "param_values": [
                        "4.5",
                        "0.25"
                    ],
                    "param_units": [
                        "None",
                        "10^22 cm^-2"
                    ],
                    "min_energy": 0.3,
                    "max_energy": 2,
                    "energy_units": "keV"
                }
            ],
            "corr_s": null
        },
        {
            "raw": [
                0.00580076,
                0.58074,
                0.268297,
                0.0173684,
                0.00874252,
                0.0172636
            ],
            "raw_err": [
                0.00311388,
                0.00528264,
                0.00225448,
                0.00116495,
                0.0024569,
                0.00138456
            ],
            "raw_units": [
                "ct",
                "ct",
                "ct",
                "ct",
                "ct",
                "ct"
            ],
            "value": [
                5.76e-14,
                3.87e-12,
                4.43e-12,
                2.33e-13,
                1.62e-13,
                3.21e-13
            ],
            "value_units": [
                "ergs/cm^2/s",
                "ergs/cm^2/s",
                "ergs/cm^2/s",
                "ergs/cm^2/s",
                "ergs/cm^2/s",
                "ergs/cm^2/s"
            ],
            "filter_key": [
                "0.3 - 2.0",
                "0.3 - 2.0",
                "0.3 - 2.0",
                "0.3 - 2.0",
                "0.3 - 2.0",
                "0.3 - 2.0"
            ],
            "obs_type": [
                "xray",
                "xray",
                "xray",
                "xray",
                "xray",
                "xray"
            ],
            "date": [
                "55327.6",
                "55794.2",
                "55829.9",
                "55979.2",
                "56087.3",
                "56139.4"
            ],
            "date_format": "MJD",
            "upperlimit": [
                false,
                false,
                false,
                false,
                false,
                false
            ],
            "telescope": "Swift",
            "corr_k": null,
            "corr_av": null,
            "corr_host": null,
            "corr_hostav": null,
            "reference": [
                "2017ApJ...838..149A"
            ],
            "xray_model": [
                {
                    "model_name": "Powerlaw",
                    "param_names": [
                        "photonindex"
                    ],
                    "param_values": [
                        "1.56"
                    ],
                    "param_units": [
                        "None"
                    ],
                    "min_energy": 0.3,
                    "max_energy": 2,
                    "energy_units": "keV"
                },
                {
                    "model_name": "Powerlaw",
                    "param_names": [
                        "photonindex"
                    ],
                    "param_values": [
                        "0.63"
                    ],
                    "param_units": [
                        "None"
                    ],
                    "min_energy": 0.3,
                    "max_energy": 2,
                    "energy_units": "keV"
                },
                {
                    "model_name": "Powerlaw",
                    "param_names": [
                        "photonindex"
                    ],
                    "param_values": [
                        "1.79"
                    ],
                    "param_units": [
                        "None"
                    ],
                    "min_energy": 0.3,
                    "max_energy": 2,
                    "energy_units": "keV"
                },
                {
                    "model_name": "Powerlaw",
                    "param_names": [
                        "photonindex"
                    ],
                    "param_values": [
                        "2.26"
                    ],
                    "param_units": [
                        "None"
                    ],
                    "min_energy": 0.3,
                    "max_energy": 2,
                    "energy_units": "keV"
                },
                {
                    "model_name": "Powerlaw",
                    "param_names": [
                        "photonindex"
                    ],
                    "param_values": [
                        "1.56"
                    ],
                    "param_units": [
                        "None"
                    ],
                    "min_energy": 0.3,
                    "max_energy": 2,
                    "energy_units": "keV"
                },
                {
                    "model_name": "Powerlaw",
                    "param_names": [
                        "photonindex"
                    ],
                    "param_values": [
                        "1.56"
                    ],
                    "param_units": [
                        "None"
                    ],
                    "min_energy": 0.3,
                    "max_energy": 2,
                    "energy_units": "keV"
                }
            ],
            "corr_s": null
        },
        {
            "raw": [
                0.171318,
                19.1,
                1.96016
            ],
            "raw_err": [
                0.00304686,
                2.41,
                0.00747089
            ],
            "raw_units": [
                "ct",
                "ct",
                "ct"
            ],
            "value": [
                2.07e-13,
                5.5e-11,
                4.96e-12
            ],
            "value_units": [
                "ergs/cm^2/s",
                "ergs/cm^2/s",
                "ergs/cm^2/s"
            ],
            "filter_key": [
                "0.3 - 2.0",
                "0.3 - 2.0",
                "0.3 - 2.0"
            ],
            "obs_type": [
                "xray",
                "xray",
                "xray"
            ],
            "date": [
                "52720",
                "55805.7",
                "55827.4"
            ],
            "date_format": "MJD",
            "upperlimit": [
                false,
                false,
                false
            ],
            "telescope": "XMM",
            "corr_k": null,
            "corr_av": null,
            "corr_host": null,
            "corr_hostav": null,
            "reference": [
                "2017ApJ...838..149A"
            ],
            "xray_model": [
                {
                    "model_name": "Powerlaw",
                    "param_names": [
                        "photonindex"
                    ],
                    "param_values": [
                        "2.33"
                    ],
                    "param_units": [
                        "None"
                    ],
                    "min_energy": 0.3,
                    "max_energy": 2,
                    "energy_units": "keV"
                },
                {
                    "model_name": "Powerlaw",
                    "param_names": [
                        "photonindex"
                    ],
                    "param_values": [
                        "1.975"
                    ],
                    "param_units": [
                        "None"
                    ],
                    "min_energy": 0.3,
                    "max_energy": 2,
                    "energy_units": "keV"
                },
                {
                    "model_name": "Powerlaw",
                    "param_names": [
                        "photonindex"
                    ],
                    "param_values": [
                        "1.62"
                    ],
                    "param_units": [
                        "None"
                    ],
                    "min_energy": 0.3,
                    "max_energy": 2,
                    "energy_units": "keV"
                }
            ],
            "corr_s": null
        }
    ],
    "host": [
        {
            "host_name": "NGC 6388",
            "host_ra": 264.0708333333333,
            "host_dec": -44.73555555555556,
            "host_ra_units": "deg",
            "host_dec_units": "deg",
            "reference": [
                "2023PASP..135c4101G",
                "2011A&A...535L...1B",
                "2017ApJ...838..149A"
            ]
        }
    ]
}