{
    "_key": "884618",
    "_id": "transients/884618",
    "_rev": "_jt3j67e---",
    "classification": {
        "value": [
            {
                "object_class": "TDE",
                "confidence": 1,
                "reference": [
                    "2017NatAs...1..865K",
                    "2017arXiv171104577K",
                    "2019ApJ...871...15J",
                    "2023PASP..135c4101G"
                ],
                "default": true
            },
            {
                "object_class": "TDE",
                "confidence": 0,
                "reference": [
                    "2017arXiv171104577K"
                ],
                "default": false
            },
            {
                "object_class": "TDE",
                "confidence": 0,
                "reference": [
                    "2017arXiv171104577K"
                ],
                "default": false
            }
        ],
        "spec_classed": 0,
        "unambiguous": true
    },
    "coordinate": [
        {
            "ra": "23:34:54.07",
            "dec": "+14:57:12.8",
            "ra_units": "hour",
            "dec_units": "deg",
            "reference": [
                "2017arXiv171104577K"
            ],
            "coordinate_type": "equatorial"
        }
    ],
    "distance": [
        {
            "value": "0.107",
            "distance_type": "redshift",
            "reference": [
                "2017NatAs...1..865K",
                "2017arXiv171104577K",
                "2019ApJ...871...15J",
                "2023PASP..135c4101G"
            ],
            "default": true
        },
        {
            "value": "462",
            "distance_type": "comoving",
            "unit": "Mpc",
            "reference": [
                "2016A&A...594A..13P",
                "2017ApJ...835...64G",
                "2017arXiv171104577K"
            ],
            "default": true
        },
        {
            "value": "511",
            "distance_type": "luminosity",
            "unit": "Mpc",
            "reference": [
                "2016A&A...594A..13P",
                "2017ApJ...835...64G",
                "2017arXiv171104577K"
            ],
            "default": true
        }
    ],
    "schema_version": {
        "value": 0,
        "comments": "From Goldtooth et al. (2023)",
        "comment": "Copied from tde.space;"
    },
    "name": {
        "default_name": "J233454",
        "alias": [
            {
                "value": "J233454",
                "reference": [
                    "2017arXiv171104577K",
                    "2023PASP..135c4101G"
                ]
            }
        ]
    },
    "reference_alias": [
        {
            "name": "2017arXiv171104577K",
            "human_readable_name": "Kankare et al. (2017)"
        },
        {
            "name": "2016A&A...594A..13P",
            "human_readable_name": "Planck Collaboration et al. (2016)"
        },
        {
            "name": "2011ApJ...737..103S",
            "human_readable_name": "Schlafly & Finkbeiner (2011)"
        },
        {
            "name": "2017ApJ...835...64G",
            "human_readable_name": "Guillochon et al. (2017)"
        },
        {
            "name": "2023PASP..135c4101G",
            "human_readable_name": "Goldtooth, Aaron et al. (2023)"
        },
        {
            "name": "2017NatAs...1..865K",
            "human_readable_name": "Kankare, E. et al. (2017)"
        },
        {
            "name": "2017NatAs...1..865K",
            "human_readable_name": "Kankare, E. et al. (2017)"
        },
        {
            "name": "2019ApJ...871...15J",
            "human_readable_name": "Jiang, Ning et al. (2019)"
        }
    ],
    "host": [
        {
            "host_name": "SDSS J233454.07+145712.8",
            "host_ra": 353.72499999999997,
            "host_dec": 14.953555555555555,
            "host_ra_units": "deg",
            "host_dec_units": "deg",
            "reference": [
                "2023PASP..135c4101G",
                "2017NatAs...1..865K",
                "2017NatAs...1..865K",
                "2019ApJ...871...15J"
            ]
        }
    ]
}