{
    "_key": "884686",
    "_id": "transients/884686",
    "_rev": "_jt3kQMS---",
    "classification": {
        "value": [
            {
                "object_class": "TDE",
                "confidence": 1,
                "reference": [
                    "2016A&A...586A...9H",
                    "2017ApJ...835...64G",
                    "2017ApJ...838..149A",
                    "2023PASP..135c4101G"
                ],
                "default": true
            }
        ],
        "spec_classed": 0,
        "unambiguous": true
    },
    "coordinate": [
        {
            "ra": "21:42:55.92",
            "dec": "-30:07:58.80",
            "ra_units": "hour",
            "dec_units": "deg",
            "reference": [
                "2017ApJ...838..149A"
            ],
            "coordinate_type": "equatorial"
        }
    ],
    "distance": [
        {
            "value": "0.02365",
            "distance_type": "redshift",
            "reference": [
                "2015arXiv150506612H",
                "2016A&A...586A...9H",
                "2017ApJ...838..149A",
                "2023PASP..135c4101G"
            ],
            "default": true
        },
        {
            "value": "104.1",
            "distance_type": "comoving",
            "unit": "Mpc",
            "reference": [
                "2015arXiv150506612H",
                "2016A&A...594A..13P",
                "2017ApJ...835...64G",
                "2017ApJ...838..149A"
            ],
            "default": true
        },
        {
            "value": "106.6",
            "distance_type": "luminosity",
            "unit": "Mpc",
            "reference": [
                "2015arXiv150506612H",
                "2016A&A...594A..13P",
                "2017ApJ...835...64G",
                "2017ApJ...838..149A"
            ],
            "default": true
        }
    ],
    "schema_version": {
        "value": 0,
        "comments": "From Goldtooth et al. (2023)",
        "comment": "Copied from tde.space;"
    },
    "name": {
        "default_name": "PGC 133344",
        "alias": [
            {
                "value": "PGC 133344",
                "reference": [
                    "2017ApJ...838..149A",
                    "2023PASP..135c4101G"
                ]
            }
        ]
    },
    "reference_alias": [
        {
            "name": "2017ApJ...838..149A",
            "human_readable_name": "Auchettl, Guillochon, & Ramirez-Ruiz (2017)"
        },
        {
            "name": "2016A&A...594A..13P",
            "human_readable_name": "Planck Collaboration et al. (2016)"
        },
        {
            "name": "2015arXiv150506612H",
            "human_readable_name": "Hryniewicz & Walter (2015)"
        },
        {
            "name": "2011ApJ...737..103S",
            "human_readable_name": "Schlafly & Finkbeiner (2011)"
        },
        {
            "name": "2017ApJ...835...64G",
            "human_readable_name": "Guillochon et al. (2017)"
        },
        {
            "name": "2023PASP..135c4101G",
            "human_readable_name": "Goldtooth, Aaron et al. (2023)"
        },
        {
            "name": "2016A&A...586A...9H",
            "human_readable_name": "Hryniewicz, K. & Walter, R. (2016)"
        }
    ],
    "date_reference": [
        {
            "value": "2005-03-17 ",
            "date_format": "iso",
            "date_type": "discovery",
            "reference": [
                "2023PASP..135c4101G",
                "2016A&A...586A...9H",
                "2017ApJ...838..149A"
            ],
            "default": true
        }
    ],
    "host": [
        {
            "host_name": "6dFGS gJ214256.0-300758",
            "host_ra": 325.7333333333333,
            "host_dec": -30.13277777777778,
            "host_ra_units": "deg",
            "host_dec_units": "deg",
            "reference": [
                "2023PASP..135c4101G",
                "2016A&A...586A...9H",
                "2017ApJ...838..149A"
            ]
        }
    ]
}