{
    "_key": "884781",
    "_id": "transients/884781",
    "_rev": "_jt3koRa---",
    "name": {
        "default_name": "WTP17aanbso",
        "alias": [
            {
                "value": "WTP17aanbso",
                "reference": [
                    "2021ApJS..252...32J",
                    "2022ApJS..258...21W",
                    "2024ApJ...961..211M"
                ]
            }
        ]
    },
    "coordinate": [
        {
            "ra": 180.909755,
            "dec": 58.986509,
            "ra_units": "deg",
            "dec_units": "deg",
            "reference": [
                "2021ApJS..252...32J",
                "2022ApJS..258...21W",
                "2024ApJ...961..211M"
            ],
            "coordinate_type": "equatorial"
        }
    ],
    "distance": [
        {
            "value": 0.04692,
            "reference": [
                "2021ApJS..252...32J",
                "2022ApJS..258...21W",
                "2024ApJ...961..211M"
            ],
            "distance_type": "redshift"
        },
        {
            "value": 210.4,
            "reference": [
                "2021ApJS..252...32J",
                "2022ApJS..258...21W",
                "2024ApJ...961..211M"
            ],
            "unit": "Mpc",
            "distance_type": "luminosity"
        }
    ],
    "date_reference": [
        {
            "value": 57934,
            "reference": [
                "2021ApJS..252...32J",
                "2022ApJS..258...21W",
                "2024ApJ...961..211M"
            ],
            "date_format": "mjd",
            "date_type": "explosion"
        }
    ],
    "classification": {
        "value": [
            {
                "object_class": "TDE",
                "confidence": 1,
                "reference": [
                    "2021ApJS..252...32J",
                    "2022ApJS..258...21W",
                    "2024ApJ...961..211M"
                ]
            }
        ],
        "spec_classed": 0,
        "unambiguous": true
    },
    "photometry": [
        {
            "date": [
                2017.971505057545,
                2018.1977259169612,
                2018.329914048492,
                2018.484918999729,
                2018.9707612882123,
                2019.08921671036,
                2019.2882477860703,
                2019.423764743456,
                2019.5548504289695,
                2019.9759713681497,
                2020.1672661999903,
                2020.3624390393627,
                2020.5072450851085,
                2020.9470767332489,
                2021.0862559513453,
                2021.2753771409552,
                2021.435915117376,
                2021.5721943679025,
                2021.8914999907956,
                2022.113312603033,
                2022.2707346750308,
                2022.203703613426,
                2022.4648906422528,
                2022.570689496096,
                2022.9511193080384,
                2023.274941668537,
                2013.9435662727924,
                2014.151057737497,
                2014.3737351000968,
                2014.471701978885,
                2014.928126761197,
                2015.0906014692812,
                2015.260736865703,
                2015.4124507270528,
                2015.4737329835305,
                2015.995434425085,
                2016.1455000753008,
                2016.2965724083683,
                2016.44001632962,
                2016.9638000154907,
                2017.1013407452976,
                2017.2595813599296,
                2017.4313060669708,
                2018.0240892186505,
                2018.1738771644225,
                2018.3656686347267,
                2018.4745685670773,
                2018.903642587739
            ],
            "date_format": [
                "decimalyear",
                "decimalyear",
                "decimalyear",
                "decimalyear",
                "decimalyear",
                "decimalyear",
                "decimalyear",
                "decimalyear",
                "decimalyear",
                "decimalyear",
                "decimalyear",
                "decimalyear",
                "decimalyear",
                "decimalyear",
                "decimalyear",
                "decimalyear",
                "decimalyear",
                "decimalyear",
                "decimalyear",
                "decimalyear",
                "decimalyear",
                "decimalyear",
                "decimalyear",
                "decimalyear",
                "decimalyear",
                "decimalyear",
                "decimalyear",
                "decimalyear",
                "decimalyear",
                "decimalyear",
                "decimalyear",
                "decimalyear",
                "decimalyear",
                "decimalyear",
                "decimalyear",
                "decimalyear",
                "decimalyear",
                "decimalyear",
                "decimalyear",
                "decimalyear",
                "decimalyear",
                "decimalyear",
                "decimalyear",
                "decimalyear",
                "decimalyear",
                "decimalyear",
                "decimalyear",
                "decimalyear"
            ],
            "filter_key": [
                "g",
                "g",
                "g",
                "g",
                "g",
                "g",
                "g",
                "g",
                "g",
                "g",
                "g",
                "g",
                "g",
                "g",
                "g",
                "g",
                "g",
                "g",
                "g",
                "g",
                "g",
                "g",
                "g",
                "g",
                "g",
                "g",
                "V",
                "V",
                "V",
                "V",
                "V",
                "V",
                "V",
                "V",
                "V",
                "V",
                "V",
                "V",
                "V",
                "V",
                "V",
                "V",
                "V",
                "V",
                "V",
                "V",
                "V",
                "V"
            ],
            "raw": [
                0.019406456198642008,
                0.02701166632548612,
                0.017935718244117778,
                0.033828810969119785,
                0.03140118505154958,
                0.028443509768454694,
                0.0158230628900208,
                0.01998366948968889,
                0.03782988728899157,
                0.0186813640978683,
                0.029173388168446234,
                0.01960874297354607,
                0.02918084805032652,
                0.025096555428478412,
                0.014996988726442138,
                0.01180655565641967,
                0.021029527243412185,
                0.05763985994187296,
                0.03190993048033587,
                0.01519105739129052,
                0.018308574215041527,
                0.14639999999999997,
                0.04434684288984282,
                0.049212778542161974,
                0.05023982239619253,
                0.03913091097473009,
                0.061644752570702246,
                0.11027363053858252,
                0.044478530072753666,
                0.0551731951619166,
                0.07668760173502157,
                0.028216626717557158,
                0.041452652543059854,
                0.06221157123425464,
                0.09600451000743047,
                0.037479894012583656,
                0.03953905124096736,
                0.043564312664320745,
                0.043145369557507654,
                0.06419400070322105,
                0.056329998530338495,
                0.042242862107735576,
                0.03901642407284088,
                0.040201769990161076,
                0.07100518693159127,
                0.04316302370644318,
                0.10789479763849344,
                0.1434338541836419
            ],
            "raw_err": [
                0,
                0,
                0,
                0,
                0,
                0,
                0,
                0,
                0,
                0,
                0,
                0,
                0,
                0,
                0,
                0,
                0,
                0,
                0,
                0,
                0,
                0,
                0,
                0,
                0,
                0,
                0,
                0,
                0,
                0,
                0,
                0,
                0,
                0,
                0,
                0,
                0,
                0,
                0,
                0,
                0,
                0,
                0,
                0,
                0,
                0,
                0,
                0
            ],
            "raw_units": [
                "mJy",
                "mJy",
                "mJy",
                "mJy",
                "mJy",
                "mJy",
                "mJy",
                "mJy",
                "mJy",
                "mJy",
                "mJy",
                "mJy",
                "mJy",
                "mJy",
                "mJy",
                "mJy",
                "mJy",
                "mJy",
                "mJy",
                "mJy",
                "mJy",
                "mJy",
                "mJy",
                "mJy",
                "mJy",
                "mJy",
                "mJy",
                "mJy",
                "mJy",
                "mJy",
                "mJy",
                "mJy",
                "mJy",
                "mJy",
                "mJy",
                "mJy",
                "mJy",
                "mJy",
                "mJy",
                "mJy",
                "mJy",
                "mJy",
                "mJy",
                "mJy",
                "mJy",
                "mJy",
                "mJy",
                "mJy"
            ],
            "telescope": "ASASSN",
            "upperlimit": [
                true,
                true,
                true,
                true,
                true,
                true,
                true,
                true,
                true,
                true,
                true,
                true,
                true,
                true,
                true,
                true,
                true,
                true,
                true,
                true,
                true,
                true,
                true,
                true,
                true,
                true,
                true,
                true,
                true,
                true,
                true,
                true,
                true,
                true,
                true,
                true,
                true,
                true,
                true,
                true,
                true,
                true,
                true,
                true,
                true,
                true,
                true,
                true
            ],
            "corr_k": false,
            "corr_s": false,
            "corr_host": true,
            "corr_av": false,
            "corr_hostav": false,
            "val_host": [
                0.253,
                0.253,
                0.253,
                0.253,
                0.253,
                0.253,
                0.253,
                0.253,
                0.253,
                0.253,
                0.253,
                0.253,
                0.253,
                0.253,
                0.253,
                0.253,
                0.253,
                0.253,
                0.253,
                0.253,
                0.253,
                0.253,
                0.253,
                0.253,
                0.253,
                0.253,
                0.395,
                0.395,
                0.395,
                0.395,
                0.395,
                0.395,
                0.395,
                0.395,
                0.395,
                0.395,
                0.395,
                0.395,
                0.395,
                0.395,
                0.395,
                0.395,
                0.395,
                0.395,
                0.395,
                0.395,
                0.395,
                0.395
            ],
            "obs_type": "uvoir",
            "reference": [
                "2024ApJ...961..211M"
            ]
        },
        {
            "date": [
                55331.84856329,
                55522.98041118,
                56793.506789405,
                56984.07414056501,
                57152.406573365,
                57346.07385929,
                57511.381737445,
                57711.66643528,
                57873.64364563,
                58077.362362595,
                58233.78043071,
                58441.622252045,
                58599.419860875,
                58807.19048445,
                58966.40692485,
                59172.768770745,
                59329.269539965,
                59540.08374465,
                59694.83775753,
                59902.710880545,
                55331.84856329,
                55522.98041118,
                56793.506789405,
                56984.07414056501,
                57152.406573365,
                57346.07385929,
                57511.381737445,
                57711.66643528,
                57873.64364563,
                58077.362362595,
                58233.78043071,
                58441.622252045,
                58599.419860875,
                58807.19048445,
                58966.40692485,
                59172.768770745,
                59329.33467329,
                59540.08374465,
                59694.83775753,
                59902.710880545
            ],
            "date_format": [
                "mjd",
                "mjd",
                "mjd",
                "mjd",
                "mjd",
                "mjd",
                "mjd",
                "mjd",
                "mjd",
                "mjd",
                "mjd",
                "mjd",
                "mjd",
                "mjd",
                "mjd",
                "mjd",
                "mjd",
                "mjd",
                "mjd",
                "mjd",
                "mjd",
                "mjd",
                "mjd",
                "mjd",
                "mjd",
                "mjd",
                "mjd",
                "mjd",
                "mjd",
                "mjd",
                "mjd",
                "mjd",
                "mjd",
                "mjd",
                "mjd",
                "mjd",
                "mjd",
                "mjd",
                "mjd",
                "mjd"
            ],
            "filter_key": [
                "W1",
                "W1",
                "W1",
                "W1",
                "W1",
                "W1",
                "W1",
                "W1",
                "W1",
                "W1",
                "W1",
                "W1",
                "W1",
                "W1",
                "W1",
                "W1",
                "W1",
                "W1",
                "W1",
                "W1",
                "W2",
                "W2",
                "W2",
                "W2",
                "W2",
                "W2",
                "W2",
                "W2",
                "W2",
                "W2",
                "W2",
                "W2",
                "W2",
                "W2",
                "W2",
                "W2",
                "W2",
                "W2",
                "W2",
                "W2"
            ],
            "raw": [
                0.01415784743680143,
                0.014968175452499611,
                0.01483918507968663,
                0.016386420073457458,
                0.01805832872830293,
                0.021559768275983313,
                0.018970332296522126,
                0.01933202639324568,
                0.019807886275813563,
                0.1595788480224609,
                0.2604622747192383,
                0.184664314453125,
                0.1369511046752929,
                0.0753497509002685,
                0.0957458773498535,
                0.02058269006756616,
                0.01916414447612142,
                0.020546173148307333,
                0.018535026453593013,
                0.018766993025012967,
                0.02756492261558532,
                0.027620343559524536,
                0.031728659306304925,
                0.03336017261425779,
                0.040779883476356485,
                0.03993759681674193,
                0.03510902321627424,
                0.03798757455701064,
                0.04268121956954955,
                0.2600032163085938,
                0.3860064228515625,
                0.370593064453125,
                0.3144770986328125,
                0.2388008989257812,
                0.1883843857421875,
                0.1622585263671875,
                0.03943177939451979,
                0.1466504711914062,
                0.040126551654212944,
                0.04520861959712219
            ],
            "raw_err": [
                0,
                0,
                0,
                0,
                0,
                0,
                0,
                0,
                0,
                0.0003008111253767,
                0.0007104960115436,
                0.0003884181572381,
                0.0002331590014671,
                8.38901357084345e-05,
                0.0001377061806991,
                0,
                0,
                0,
                0,
                0,
                0,
                0,
                0,
                0,
                0,
                0,
                0,
                0,
                0,
                0.0008674208478792,
                0.0016205481554608,
                0.0015909415423704,
                0.0011852334261288,
                0.0006981673477821,
                0.0005019765108305,
                0.0005026430324453,
                0,
                0.0003952546486506,
                0,
                0
            ],
            "raw_units": [
                "mJy",
                "mJy",
                "mJy",
                "mJy",
                "mJy",
                "mJy",
                "mJy",
                "mJy",
                "mJy",
                "mJy",
                "mJy",
                "mJy",
                "mJy",
                "mJy",
                "mJy",
                "mJy",
                "mJy",
                "mJy",
                "mJy",
                "mJy",
                "mJy",
                "mJy",
                "mJy",
                "mJy",
                "mJy",
                "mJy",
                "mJy",
                "mJy",
                "mJy",
                "mJy",
                "mJy",
                "mJy",
                "mJy",
                "mJy",
                "mJy",
                "mJy",
                "mJy",
                "mJy",
                "mJy",
                "mJy"
            ],
            "telescope": "WISE",
            "upperlimit": [
                true,
                true,
                true,
                true,
                true,
                true,
                true,
                true,
                true,
                false,
                false,
                false,
                false,
                false,
                false,
                true,
                true,
                true,
                true,
                true,
                true,
                true,
                true,
                true,
                true,
                true,
                true,
                true,
                true,
                false,
                false,
                false,
                false,
                false,
                false,
                false,
                true,
                false,
                true,
                true
            ],
            "corr_k": false,
            "corr_s": false,
            "corr_host": true,
            "corr_av": false,
            "corr_hostav": false,
            "val_host": [
                0.3745429661865234,
                0.3745429661865234,
                0.3745429661865234,
                0.3745429661865234,
                0.3745429661865234,
                0.3745429661865234,
                0.3745429661865234,
                0.3745429661865234,
                0.3745429661865234,
                0.3745429661865234,
                0.3745429661865234,
                0.3745429661865234,
                0.3745429661865234,
                0.3745429661865234,
                0.3745429661865234,
                0.3745429661865234,
                0.3745429661865234,
                0.3745429661865234,
                0.3745429661865234,
                0.3745429661865234,
                0.2185686010742187,
                0.2185686010742187,
                0.2185686010742187,
                0.2185686010742187,
                0.2185686010742187,
                0.2185686010742187,
                0.2185686010742187,
                0.2185686010742187,
                0.2185686010742187,
                0.2185686010742187,
                0.2185686010742187,
                0.2185686010742187,
                0.2185686010742187,
                0.2185686010742187,
                0.2185686010742187,
                0.2185686010742187,
                0.2185686010742187,
                0.2185686010742187,
                0.2185686010742187,
                0.2185686010742187
            ],
            "obs_type": "uvoir",
            "reference": [
                "2024ApJ...961..211M"
            ]
        },
        {
            "date": [
                60055.5548678819
            ],
            "date_format": [
                "mjd"
            ],
            "filter_key": [
                "0.3-10 "
            ],
            "raw": [
                9.91305e-13
            ],
            "raw_err": [
                0
            ],
            "raw_units": [
                "erg/s/cm^2"
            ],
            "telescope": "Swift",
            "upperlimit": [
                true
            ],
            "corr_k": false,
            "corr_s": false,
            "corr_host": false,
            "corr_av": false,
            "corr_hostav": false,
            "obs_type": "xray",
            "xray_model": [
                {
                    "model_name": "Powerlaw",
                    "param_names": [
                        "Gamma"
                    ],
                    "param_values": [
                        2
                    ],
                    "param_units": [
                        "None"
                    ],
                    "min_energy": 0.3,
                    "max_energy": 10,
                    "energy_units": "keV",
                    "model_reference": "2024ApJ...961..211M"
                }
            ],
            "reference": [
                "2024ApJ...961..211M"
            ],
            "raw_err_detail": {
                "upper": [
                    0
                ],
                "lower": [
                    0
                ]
            }
        }
    ],
    "filter_alias": [
        {
            "filter_key": "g",
            "filter_name": "g",
            "wave_eff": 471.8872246248687,
            "wave_units": "nm"
        },
        {
            "filter_key": "V",
            "filter_name": "V",
            "wave_eff": 553.7155963302753,
            "wave_units": "nm"
        },
        {
            "filter_key": "W1",
            "filter_name": "W1",
            "wave_eff": 261.3713060531025,
            "wave_units": "nm"
        },
        {
            "filter_key": "W2",
            "filter_name": "W2",
            "wave_eff": 207.98754332676123,
            "wave_units": "nm"
        },
        {
            "filter_key": "0.3-10 ",
            "filter_name": "0.3-10 ",
            "wave_eff": 0.12781876127134048,
            "wave_min": 0.12398419843320027,
            "wave_max": 4.132806614440009,
            "wave_units": "nm"
        }
    ],
    "reference_alias": [
        {
            "name": "2021ApJS..252...32J",
            "human_readable_name": "Jiang, Ning et al. (2021)"
        },
        {
            "name": "2022ApJS..258...21W",
            "human_readable_name": "Wang, Yibo et al. (2022)"
        },
        {
            "name": "2024ApJ...961..211M",
            "human_readable_name": "Masterson, Megan et al. (2024)"
        }
    ]
}