{
    "_key": "7536244",
    "_id": "transients/7536244",
    "_rev": "_kk4VfgS---",
    "reference_alias": [
        {
            "name": "2018TNSCR..81....1F",
            "human_readable_name": "Falco, E. et al. (2018)"
        },
        {
            "name": "2024ApJ...961..211M",
            "human_readable_name": "Masterson, Megan et al. (2024)"
        },
        {
            "name": "TNS",
            "human_readable_name": "TNS"
        },
        {
            "name": "2018TNSTR..58....1K",
            "human_readable_name": "Krannich, G. et al. (2018)"
        }
    ],
    "classification": {
        "discovery_method": "optical",
        "spec_classed": 3,
        "unambiguous": false,
        "value": [
            {
                "object_class": "TDE",
                "confidence": 3.3,
                "reference": [
                    "2018TNSCR..81....1F",
                    "2024ApJ...961..211M"
                ],
                "default": true
            },
            {
                "object_class": "SN II",
                "confidence": 2,
                "reference": [
                    "2018TNSCR..81....1F"
                ],
                "default": false
            }
        ]
    },
    "coordinate": [
        {
            "ra": "26.676815",
            "dec": "32.508168",
            "ra_units": "deg",
            "dec_units": "deg",
            "coordinate_type": "equatorial",
            "reference": [
                "2018TNSCR..81....1F",
                "2024ApJ...961..211M"
            ],
            "default": true
        },
        {
            "ra": "26.676875",
            "dec": "32.508139",
            "ra_units": "deg",
            "dec_units": "deg",
            "coordinate_type": "equatorial",
            "epoch": "J2000",
            "frame": "ICRS",
            "reference": [
                "2018TNSTR..58....1K"
            ],
            "default": false
        }
    ],
    "name": {
        "alias": [
            {
                "value": "2018gn",
                "reference": [
                    "TNS"
                ]
            },
            {
                "value": "Gaia18apd",
                "reference": [
                    "TNS"
                ]
            },
            {
                "value": "ASASSN-18ap",
                "reference": [
                    "TNS"
                ]
            },
            {
                "value": "ATLAS18ean",
                "reference": [
                    "TNS"
                ]
            },
            {
                "value": "AT2018gn",
                "reference": [
                    "TNS"
                ]
            },
            {
                "value": "WTP18aampwj",
                "reference": [
                    "2018TNSCR..81....1F",
                    "2024ApJ...961..211M"
                ]
            }
        ],
        "default_name": "2018gn"
    },
    "date_reference": [
        {
            "value": "58132.11",
            "date_format": "mjd",
            "date_type": "discovery",
            "reference": [
                "2018TNSTR..58....1K"
            ],
            "default": true
        },
        {
            "value": "58324.0",
            "date_format": "mjd",
            "date_type": "explosion",
            "reference": [
                "2018TNSCR..81....1F",
                "2024ApJ...961..211M"
            ],
            "default": true
        }
    ],
    "filter_alias": [
        {
            "filter_key": "g",
            "filter_name": "g",
            "wave_eff": 471.8872246248687,
            "wave_units": "nm"
        },
        {
            "filter_key": "V",
            "filter_name": "V",
            "wave_eff": 553.7155963302753,
            "wave_units": "nm"
        },
        {
            "filter_key": "W1",
            "filter_name": "W1",
            "wave_eff": 261.3713060531025,
            "wave_units": "nm"
        },
        {
            "filter_key": "W2",
            "filter_name": "W2",
            "wave_eff": 207.98754332676123,
            "wave_units": "nm"
        },
        {
            "filter_key": "0.3-10 ",
            "filter_name": "0.3-10 ",
            "wave_eff": 0.12781876127134048,
            "wave_min": 0.12398419843320027,
            "wave_max": 4.132806614440009,
            "wave_units": "nm"
        }
    ],
    "photometry": [
        {
            "date": [
                2017.808763779064,
                2017.9419125713373,
                2018.0798145530653,
                2018.581273212736,
                2018.763411193142,
                2018.9681372715736,
                2019.1349658833915,
                2019.5636469461197,
                2019.715787236764,
                2019.851453103646,
                2020.0405169548217,
                2020.146781469338,
                2020.57552629077,
                2020.6774738174247,
                2020.8311059242556,
                2020.996860075552,
                2021.1134241692437,
                2021.5374572027856,
                2021.6828419865212,
                2021.8512675714228,
                2022.066067721929,
                2022.0964180372364,
                2022.1542034083936,
                2022.6199646211717,
                2022.754698099328,
                2022.9130319223611,
                2023.1199562667368,
                2012.1072968188348,
                2012.874303782696,
                2013.0603247445297,
                2013.5490607219765,
                2013.71163888286,
                2013.9810018499527,
                2014.1157717230149,
                2014.5544575342303,
                2014.669141066912,
                2014.7167797116192,
                2014.9138721401064,
                2015.057526852846,
                2015.545467558966,
                2015.729670761188,
                2015.8923469428444,
                2016.044915225931,
                2016.558651683221,
                2016.71618753426,
                2016.857931293344,
                2017.0377680069864,
                2017.571886155736,
                2017.713092496012,
                2017.839771389577,
                2018.0554360134545,
                2018.5400082813517,
                2018.6905820878028,
                2018.8689214628048
            ],
            "date_format": [
                "decimalyear",
                "decimalyear",
                "decimalyear",
                "decimalyear",
                "decimalyear",
                "decimalyear",
                "decimalyear",
                "decimalyear",
                "decimalyear",
                "decimalyear",
                "decimalyear",
                "decimalyear",
                "decimalyear",
                "decimalyear",
                "decimalyear",
                "decimalyear",
                "decimalyear",
                "decimalyear",
                "decimalyear",
                "decimalyear",
                "decimalyear",
                "decimalyear",
                "decimalyear",
                "decimalyear",
                "decimalyear",
                "decimalyear",
                "decimalyear",
                "decimalyear",
                "decimalyear",
                "decimalyear",
                "decimalyear",
                "decimalyear",
                "decimalyear",
                "decimalyear",
                "decimalyear",
                "decimalyear",
                "decimalyear",
                "decimalyear",
                "decimalyear",
                "decimalyear",
                "decimalyear",
                "decimalyear",
                "decimalyear",
                "decimalyear",
                "decimalyear",
                "decimalyear",
                "decimalyear",
                "decimalyear",
                "decimalyear",
                "decimalyear",
                "decimalyear",
                "decimalyear",
                "decimalyear",
                "decimalyear"
            ],
            "filter_key": [
                "g",
                "g",
                "g",
                "g",
                "g",
                "g",
                "g",
                "g",
                "g",
                "g",
                "g",
                "g",
                "g",
                "g",
                "g",
                "g",
                "g",
                "g",
                "g",
                "g",
                "g",
                "g",
                "g",
                "g",
                "g",
                "g",
                "g",
                "V",
                "V",
                "V",
                "V",
                "V",
                "V",
                "V",
                "V",
                "V",
                "V",
                "V",
                "V",
                "V",
                "V",
                "V",
                "V",
                "V",
                "V",
                "V",
                "V",
                "V",
                "V",
                "V",
                "V",
                "V",
                "V",
                "V"
            ],
            "raw": [
                0.00471954178877133,
                0.023387901073893,
                0.4335135710510171,
                0.05074855936690542,
                0.036163174445790806,
                0.02200045196440968,
                0.08220444238901259,
                0.027651644463027567,
                0.024796747120932962,
                0.01466417396234277,
                0.01310231112026739,
                0.08287503151236497,
                0.02408012795061063,
                0.028518509329632874,
                0.019397477902374748,
                0.01804781089381401,
                0.048883639158513154,
                0.013636835126389439,
                0.013167511657925192,
                0.0077187342013017605,
                0.0165873166625175,
                0.11056697055457489,
                0.06795924884212476,
                0.031633353236113854,
                0.0437471037443055,
                0.00754324298511471,
                0.057451033651772315,
                0.09465527257641367,
                0.048148596607755265,
                0.10154650813347879,
                0.04260064238247317,
                0.0657494405456302,
                0.0772447859890123,
                0.24240000000000003,
                0.044109407120207944,
                0.042691618861189135,
                0.7386843227870601,
                0.04637006446645288,
                0.060309712965381276,
                0.052428176545405464,
                0.04721873130798444,
                0.034274215277202175,
                0.037241369195007215,
                0.05390233876544415,
                0.05761570216652307,
                0.04648104333577083,
                0.02451554454342777,
                0.04555590403596445,
                0.05874928662281595,
                0.040722157700203765,
                0.4425796571849708,
                0.09980661729421621,
                0.07139148540383106,
                0.08224640169866132
            ],
            "raw_err": [
                0,
                0,
                0.0355024177726274,
                0,
                0,
                0,
                0,
                0,
                0,
                0,
                0,
                0,
                0,
                0,
                0,
                0,
                0,
                0,
                0,
                0,
                0,
                0,
                0,
                0,
                0,
                0,
                0,
                0,
                0,
                0,
                0,
                0,
                0,
                0,
                0,
                0,
                0.0530188679197543,
                0,
                0,
                0,
                0,
                0,
                0,
                0,
                0,
                0,
                0,
                0,
                0,
                0,
                0.0289698162969178,
                0,
                0,
                0
            ],
            "raw_units": [
                "mJy",
                "mJy",
                "mJy",
                "mJy",
                "mJy",
                "mJy",
                "mJy",
                "mJy",
                "mJy",
                "mJy",
                "mJy",
                "mJy",
                "mJy",
                "mJy",
                "mJy",
                "mJy",
                "mJy",
                "mJy",
                "mJy",
                "mJy",
                "mJy",
                "mJy",
                "mJy",
                "mJy",
                "mJy",
                "mJy",
                "mJy",
                "mJy",
                "mJy",
                "mJy",
                "mJy",
                "mJy",
                "mJy",
                "mJy",
                "mJy",
                "mJy",
                "mJy",
                "mJy",
                "mJy",
                "mJy",
                "mJy",
                "mJy",
                "mJy",
                "mJy",
                "mJy",
                "mJy",
                "mJy",
                "mJy",
                "mJy",
                "mJy",
                "mJy",
                "mJy",
                "mJy",
                "mJy"
            ],
            "telescope": "ASASSN",
            "upperlimit": [
                true,
                true,
                false,
                true,
                true,
                true,
                true,
                true,
                true,
                true,
                true,
                true,
                true,
                true,
                true,
                true,
                true,
                true,
                true,
                true,
                true,
                true,
                true,
                true,
                true,
                true,
                true,
                true,
                true,
                true,
                true,
                true,
                true,
                true,
                true,
                true,
                false,
                true,
                true,
                true,
                true,
                true,
                true,
                true,
                true,
                true,
                true,
                true,
                true,
                true,
                false,
                true,
                true,
                true
            ],
            "corr_k": false,
            "corr_s": false,
            "corr_host": true,
            "corr_av": false,
            "corr_hostav": false,
            "val_host": [
                2.106,
                2.106,
                2.106,
                2.106,
                2.106,
                2.106,
                2.106,
                2.106,
                2.106,
                2.106,
                2.106,
                2.106,
                2.106,
                2.106,
                2.106,
                2.106,
                2.106,
                2.106,
                2.106,
                2.106,
                2.106,
                2.106,
                2.106,
                2.106,
                2.106,
                2.106,
                2.106,
                2.941,
                2.941,
                2.941,
                2.941,
                2.941,
                2.941,
                2.941,
                2.941,
                2.941,
                2.941,
                2.941,
                2.941,
                2.941,
                2.941,
                2.941,
                2.941,
                2.941,
                2.941,
                2.941,
                2.941,
                2.941,
                2.941,
                2.941,
                2.941,
                2.941,
                2.941,
                2.941
            ],
            "obs_type": "uvoir",
            "reference": [
                "2024ApJ...961..211M"
            ]
        },
        {
            "date": [
                55218.442831535,
                55407.74082632,
                55583.239769775,
                56680.97517671,
                56870.504035335,
                57045.56437502999,
                57235.85278274,
                57404.73880568,
                57597.94956817,
                57766.33873341,
                57963.45636125,
                58126.96117814,
                58330.451008775,
                58487.668577455,
                58694.8787703,
                58853.35210124,
                59058.99028726,
                59219.04295967501,
                59424.64704642,
                59586.22550358,
                55218.442831535,
                55407.74082632,
                55583.239769775,
                56681.041074465,
                56870.504035335,
                57045.56437502999,
                57235.85278274,
                57404.73880568,
                57597.94956817,
                57766.33873341,
                57963.45636125,
                58126.96117814,
                58330.450945115,
                58487.668577455,
                58694.8787703,
                58853.35210124,
                59058.99028726,
                59219.04295967501,
                59424.64704642,
                59586.22550358
            ],
            "date_format": [
                "mjd",
                "mjd",
                "mjd",
                "mjd",
                "mjd",
                "mjd",
                "mjd",
                "mjd",
                "mjd",
                "mjd",
                "mjd",
                "mjd",
                "mjd",
                "mjd",
                "mjd",
                "mjd",
                "mjd",
                "mjd",
                "mjd",
                "mjd",
                "mjd",
                "mjd",
                "mjd",
                "mjd",
                "mjd",
                "mjd",
                "mjd",
                "mjd",
                "mjd",
                "mjd",
                "mjd",
                "mjd",
                "mjd",
                "mjd",
                "mjd",
                "mjd",
                "mjd",
                "mjd",
                "mjd",
                "mjd"
            ],
            "filter_key": [
                "W1",
                "W1",
                "W1",
                "W1",
                "W1",
                "W1",
                "W1",
                "W1",
                "W1",
                "W1",
                "W1",
                "W1",
                "W1",
                "W1",
                "W1",
                "W1",
                "W1",
                "W1",
                "W1",
                "W1",
                "W2",
                "W2",
                "W2",
                "W2",
                "W2",
                "W2",
                "W2",
                "W2",
                "W2",
                "W2",
                "W2",
                "W2",
                "W2",
                "W2",
                "W2",
                "W2",
                "W2",
                "W2",
                "W2",
                "W2"
            ],
            "raw": [
                0.01923635407798218,
                0.01866544933321521,
                0.021466249059438933,
                0.1553878280639648,
                0.02240312739987372,
                0.118830755493164,
                0.02570176355283306,
                0.1337626844787597,
                0.02609901614261055,
                0.1247756012878418,
                0.023264399706336,
                0.389124544921875,
                1.79318855859375,
                4.038296557617188,
                5.229476771484376,
                5.561034375000001,
                3.3553887539062504,
                3.818370032226563,
                2.730792026367188,
                3.3004386562500003,
                0.045090134435623166,
                0.041272698062828045,
                0.04468171482868194,
                0.04811134969331357,
                0.04578926981039427,
                0.05348535027564239,
                0.05161336713782502,
                0.050829870031494154,
                0.056356577907897956,
                0.05041649375662992,
                0.055771612602699264,
                0.1813345063476562,
                2.0039568828125,
                4.0303869765625,
                7.221618874999999,
                7.49378871875,
                6.0146599375,
                5.613160874999999,
                4.894884843750001,
                4.890225390625
            ],
            "raw_err": [
                0,
                0,
                0,
                0.000308102445147,
                0,
                0.0002245079167618,
                0,
                0.0002333241345749,
                0,
                0.0002262167128265,
                0,
                0.0015901227763686,
                0.0322346079854039,
                0.1631515395089269,
                0.2735534220477227,
                0.3093059366721998,
                0.1126762376854078,
                0.1458654058260793,
                0.0746947493918103,
                0.108998990584148,
                0,
                0,
                0,
                0,
                0,
                0,
                0,
                0,
                0,
                0,
                0,
                0.0005976236039697,
                0.0405381940170986,
                0.1627107272010909,
                0.5220092148461104,
                0.5618254982812126,
                0.3623057735660572,
                0.3153677333631779,
                0.2403067708309801,
                0.2394604745170264
            ],
            "raw_units": [
                "mJy",
                "mJy",
                "mJy",
                "mJy",
                "mJy",
                "mJy",
                "mJy",
                "mJy",
                "mJy",
                "mJy",
                "mJy",
                "mJy",
                "mJy",
                "mJy",
                "mJy",
                "mJy",
                "mJy",
                "mJy",
                "mJy",
                "mJy",
                "mJy",
                "mJy",
                "mJy",
                "mJy",
                "mJy",
                "mJy",
                "mJy",
                "mJy",
                "mJy",
                "mJy",
                "mJy",
                "mJy",
                "mJy",
                "mJy",
                "mJy",
                "mJy",
                "mJy",
                "mJy",
                "mJy",
                "mJy"
            ],
            "telescope": "WISE",
            "upperlimit": [
                true,
                true,
                true,
                false,
                true,
                false,
                true,
                false,
                true,
                false,
                true,
                false,
                false,
                false,
                false,
                false,
                false,
                false,
                false,
                false,
                true,
                true,
                true,
                true,
                true,
                true,
                true,
                true,
                true,
                true,
                true,
                false,
                false,
                false,
                false,
                false,
                false,
                false,
                false,
                false
            ],
            "corr_k": false,
            "corr_s": false,
            "corr_host": true,
            "corr_av": false,
            "corr_hostav": false,
            "val_host": [
                2.21004162890625,
                2.21004162890625,
                2.21004162890625,
                2.21004162890625,
                2.21004162890625,
                2.21004162890625,
                2.21004162890625,
                2.21004162890625,
                2.21004162890625,
                2.21004162890625,
                2.21004162890625,
                2.21004162890625,
                2.21004162890625,
                2.21004162890625,
                2.21004162890625,
                2.21004162890625,
                2.21004162890625,
                2.21004162890625,
                2.21004162890625,
                2.21004162890625,
                1.6118345078125005,
                1.6118345078125005,
                1.6118345078125005,
                1.6118345078125005,
                1.6118345078125005,
                1.6118345078125005,
                1.6118345078125005,
                1.6118345078125005,
                1.6118345078125005,
                1.6118345078125005,
                1.6118345078125005,
                1.6118345078125005,
                1.6118345078125005,
                1.6118345078125005,
                1.6118345078125005,
                1.6118345078125005,
                1.6118345078125005,
                1.6118345078125005,
                1.6118345078125005,
                1.6118345078125005
            ],
            "obs_type": "uvoir",
            "reference": [
                "2024ApJ...961..211M"
            ]
        },
        {
            "date": [
                57992.5715859583,
                58162.1753434502,
                58164.9301927164,
                58166.7946011019,
                58168.1861397662,
                58170.9037493796,
                58172.1017285694,
                58766.8042927222,
                58831.6653299664,
                58834.0577254387,
                59794.6482459352,
                60160.7626281667,
                60165.6427555278
            ],
            "date_format": [
                "mjd",
                "mjd",
                "mjd",
                "mjd",
                "mjd",
                "mjd",
                "mjd",
                "mjd",
                "mjd",
                "mjd",
                "mjd",
                "mjd",
                "mjd"
            ],
            "filter_key": [
                "0.3-10 ",
                "0.3-10 ",
                "0.3-10 ",
                "0.3-10 ",
                "0.3-10 ",
                "0.3-10 ",
                "0.3-10 ",
                "0.3-10 ",
                "0.3-10 ",
                "0.3-10 ",
                "0.3-10 ",
                "0.3-10 ",
                "0.3-10 "
            ],
            "raw": [
                1.015245e-11,
                5.02915e-13,
                4.74635e-13,
                4.9896e-13,
                5.186650000000001e-13,
                7.421400000000001e-13,
                4.6851e-13,
                1.349355e-12,
                9.616950000000002e-13,
                1.3350050000000001e-12,
                1.5546300000000004e-13,
                4.605300000000002e-13,
                5.271700000000002e-13
            ],
            "raw_err": [
                0,
                0,
                0,
                0,
                0,
                0,
                0,
                0,
                0,
                0,
                0,
                0,
                0
            ],
            "raw_units": [
                "erg/s/cm^2",
                "erg/s/cm^2",
                "erg/s/cm^2",
                "erg/s/cm^2",
                "erg/s/cm^2",
                "erg/s/cm^2",
                "erg/s/cm^2",
                "erg/s/cm^2",
                "erg/s/cm^2",
                "erg/s/cm^2",
                "erg/s/cm^2",
                "erg/s/cm^2",
                "erg/s/cm^2"
            ],
            "telescope": "Swift",
            "upperlimit": [
                true,
                true,
                true,
                true,
                true,
                true,
                true,
                true,
                true,
                true,
                true,
                true,
                true
            ],
            "corr_k": false,
            "corr_s": false,
            "corr_host": false,
            "corr_av": false,
            "corr_hostav": false,
            "obs_type": "xray",
            "xray_model": [
                {
                    "model_name": "Powerlaw",
                    "param_names": [
                        "Gamma"
                    ],
                    "param_values": [
                        2
                    ],
                    "param_units": [
                        "None"
                    ],
                    "min_energy": 0.3,
                    "max_energy": 10,
                    "energy_units": "keV",
                    "model_reference": "2024ApJ...961..211M"
                },
                {
                    "model_name": "Powerlaw",
                    "param_names": [
                        "Gamma"
                    ],
                    "param_values": [
                        2
                    ],
                    "param_units": [
                        "None"
                    ],
                    "min_energy": 0.3,
                    "max_energy": 10,
                    "energy_units": "keV",
                    "model_reference": "2024ApJ...961..211M"
                },
                {
                    "model_name": "Powerlaw",
                    "param_names": [
                        "Gamma"
                    ],
                    "param_values": [
                        2
                    ],
                    "param_units": [
                        "None"
                    ],
                    "min_energy": 0.3,
                    "max_energy": 10,
                    "energy_units": "keV",
                    "model_reference": "2024ApJ...961..211M"
                },
                {
                    "model_name": "Powerlaw",
                    "param_names": [
                        "Gamma"
                    ],
                    "param_values": [
                        2
                    ],
                    "param_units": [
                        "None"
                    ],
                    "min_energy": 0.3,
                    "max_energy": 10,
                    "energy_units": "keV",
                    "model_reference": "2024ApJ...961..211M"
                },
                {
                    "model_name": "Powerlaw",
                    "param_names": [
                        "Gamma"
                    ],
                    "param_values": [
                        2
                    ],
                    "param_units": [
                        "None"
                    ],
                    "min_energy": 0.3,
                    "max_energy": 10,
                    "energy_units": "keV",
                    "model_reference": "2024ApJ...961..211M"
                },
                {
                    "model_name": "Powerlaw",
                    "param_names": [
                        "Gamma"
                    ],
                    "param_values": [
                        2
                    ],
                    "param_units": [
                        "None"
                    ],
                    "min_energy": 0.3,
                    "max_energy": 10,
                    "energy_units": "keV",
                    "model_reference": "2024ApJ...961..211M"
                },
                {
                    "model_name": "Powerlaw",
                    "param_names": [
                        "Gamma"
                    ],
                    "param_values": [
                        2
                    ],
                    "param_units": [
                        "None"
                    ],
                    "min_energy": 0.3,
                    "max_energy": 10,
                    "energy_units": "keV",
                    "model_reference": "2024ApJ...961..211M"
                },
                {
                    "model_name": "Powerlaw",
                    "param_names": [
                        "Gamma"
                    ],
                    "param_values": [
                        2
                    ],
                    "param_units": [
                        "None"
                    ],
                    "min_energy": 0.3,
                    "max_energy": 10,
                    "energy_units": "keV",
                    "model_reference": "2024ApJ...961..211M"
                },
                {
                    "model_name": "Powerlaw",
                    "param_names": [
                        "Gamma"
                    ],
                    "param_values": [
                        2
                    ],
                    "param_units": [
                        "None"
                    ],
                    "min_energy": 0.3,
                    "max_energy": 10,
                    "energy_units": "keV",
                    "model_reference": "2024ApJ...961..211M"
                },
                {
                    "model_name": "Powerlaw",
                    "param_names": [
                        "Gamma"
                    ],
                    "param_values": [
                        2
                    ],
                    "param_units": [
                        "None"
                    ],
                    "min_energy": 0.3,
                    "max_energy": 10,
                    "energy_units": "keV",
                    "model_reference": "2024ApJ...961..211M"
                },
                {
                    "model_name": "Powerlaw",
                    "param_names": [
                        "Gamma"
                    ],
                    "param_values": [
                        2
                    ],
                    "param_units": [
                        "None"
                    ],
                    "min_energy": 0.3,
                    "max_energy": 10,
                    "energy_units": "keV",
                    "model_reference": "2024ApJ...961..211M"
                },
                {
                    "model_name": "Powerlaw",
                    "param_names": [
                        "Gamma"
                    ],
                    "param_values": [
                        2
                    ],
                    "param_units": [
                        "None"
                    ],
                    "min_energy": 0.3,
                    "max_energy": 10,
                    "energy_units": "keV",
                    "model_reference": "2024ApJ...961..211M"
                },
                {
                    "model_name": "Powerlaw",
                    "param_names": [
                        "Gamma"
                    ],
                    "param_values": [
                        2
                    ],
                    "param_units": [
                        "None"
                    ],
                    "min_energy": 0.3,
                    "max_energy": 10,
                    "energy_units": "keV",
                    "model_reference": "2024ApJ...961..211M"
                }
            ],
            "reference": [
                "2024ApJ...961..211M"
            ],
            "raw_err_detail": {
                "upper": [
                    0,
                    0,
                    0,
                    0,
                    0,
                    0,
                    0,
                    0,
                    0,
                    0,
                    0,
                    0,
                    0
                ],
                "lower": [
                    0,
                    0,
                    0,
                    0,
                    0,
                    0,
                    0,
                    0,
                    0,
                    0,
                    0,
                    0,
                    0
                ]
            }
        }
    ],
    "distance": [
        {
            "value": 0.0375,
            "reference": [
                "2018TNSCR..81....1F",
                "2024ApJ...961..211M"
            ],
            "distance_type": "redshift"
        },
        {
            "value": 161.2,
            "reference": [
                "2018TNSCR..81....1F",
                "2024ApJ...961..211M"
            ],
            "unit": "Mpc",
            "distance_type": "luminosity"
        }
    ]
}