{
    "_key": "7536043",
    "_id": "transients/7536043",
    "_rev": "_kk4VL1e---",
    "classification": {
        "discovery_method": "optical",
        "spec_classed": 3,
        "unambiguous": true,
        "value": [
            {
                "object_class": "TDE",
                "confidence": 3.3,
                "reference": [
                    "2012PASP..124..668Y",
                    "2014MNRAS.445.3263H",
                    "2017ApJ...838..149A",
                    "2023PASP..135c4101G",
                    "2023arXiv230813595C",
                    "2024MNRAS.527.2452M"
                ],
                "default": true
            }
        ]
    },
    "name": {
        "alias": [
            {
                "value": "iPTF14aiv",
                "reference": [
                    "2017ApJ...835...64G"
                ]
            },
            {
                "value": "ASASSN-14ae",
                "reference": [
                    "2017ApJ...838..149A",
                    "2014ATel.5831....1P",
                    "ASAS-SN Supernovae",
                    "MAST",
                    "2017ApJ...835...64G",
                    "2012PASP..124..668Y",
                    "2000A&AS..143....9W",
                    "2014MNRAS.445.3263H",
                    "2024MNRAS.527.2452M",
                    "2023PASP..135c4101G",
                    "2014ATel.5831....1P"
                ]
            }
        ],
        "default_name": "ASASSN-14ae"
    },
    "reference_alias": [
        {
            "name": "2017ApJ...838..149A",
            "human_readable_name": "Auchettl, Guillochon, & Ramirez-Ruiz (2017)"
        },
        {
            "name": "2016A&A...594A..13P",
            "human_readable_name": "Planck Collaboration et al. (2016)"
        },
        {
            "name": "2014MNRAS.445.3263H",
            "human_readable_name": "Holoien et al. (2014)"
        },
        {
            "name": "2014ApJ...793...38A",
            "human_readable_name": "Arcavi et al. (2014)"
        },
        {
            "name": "2014ATel.5831....1P",
            "human_readable_name": "Prieto et al. (2014)"
        },
        {
            "name": "2011ApJ...737..103S",
            "human_readable_name": "Schlafly & Finkbeiner (2011)"
        },
        {
            "name": "ASAS-SN Supernovae",
            "human_readable_name": "ASAS-SN Supernovae"
        },
        {
            "name": "MAST",
            "human_readable_name": "MAST"
        },
        {
            "name": "2017ApJ...835...64G",
            "human_readable_name": "Guillochon et al. (2017)"
        },
        {
            "name": "2012PASP..124..668Y",
            "human_readable_name": "Yaron & Gal-Yam (2012)"
        },
        {
            "name": "2000A&AS..143....9W",
            "human_readable_name": "Wenger et al. (2000)"
        },
        {
            "name": "Holoien, T. W. -S. et al. (2014)",
            "human_readable_name": "2014MNRAS.445.3263H"
        },
        {
            "name": "2024MNRAS.527.2452M",
            "human_readable_name": "Mummery et al. (2023)"
        },
        {
            "name": "2017MNRAS.471.1694W",
            "human_readable_name": "Wevers, Thomas et al. (2017)"
        },
        {
            "name": "2023PASP..135c4101G",
            "human_readable_name": "Goldtooth, Aaron et al. (2023)"
        },
        {
            "name": "2023arXiv230813595C",
            "human_readable_name": "Cendes, Y. et al. (2024)"
        }
    ],
    "date_reference": [
        {
            "value": "2013-01-25",
            "date_format": "iso",
            "date_type": "discovery",
            "reference": [
                "2014ATel.5831....1P"
            ],
            "default": false
        },
        {
            "value": "2014-01-25 ",
            "date_format": "iso",
            "date_type": "discovery",
            "reference": [
                "2014MNRAS.445.3263H",
                "2017ApJ...838..149A",
                "2023PASP..135c4101G"
            ],
            "default": true
        },
        {
            "value": "2014-01-25 12:14:24.00000000013506",
            "date_format": "iso",
            "date_type": "discovery",
            "reference": [
                "2014ATel.5831....1P",
                "ASAS-SN Supernovae"
            ],
            "default": false
        },
        {
            "value": "56684.91651619998",
            "date_format": "mjd",
            "date_type": "peak",
            "reference": [
                "2014MNRAS.445.3263H",
                "2024MNRAS.527.2452M"
            ],
            "default": true
        }
    ],
    "photometry": [
        {
            "raw": [
                0.0317
            ],
            "raw_units": [
                "ct"
            ],
            "value": [
                4.5e-14
            ],
            "value_units": [
                "ergs/cm^2/s"
            ],
            "filter_key": [
                "0.3 - 2.0"
            ],
            "obs_type": [
                "xray"
            ],
            "date": [
                "48200"
            ],
            "date_format": "MJD",
            "upperlimit": [
                true
            ],
            "telescope": "ROSAT",
            "corr_k": null,
            "corr_av": null,
            "corr_host": null,
            "corr_hostav": null,
            "reference": [
                "2017ApJ...838..149A"
            ],
            "xray_model": [
                {
                    "model_name": "Absorbed Powerlaw",
                    "param_names": [
                        "photonindex",
                        "nhmw"
                    ],
                    "param_values": [
                        "4.5",
                        "0.0171"
                    ],
                    "param_units": [
                        "None",
                        "10^22 cm^-2"
                    ],
                    "min_energy": 0.3,
                    "max_energy": 2,
                    "energy_units": "keV"
                }
            ],
            "corr_s": null
        },
        {
            "raw": [
                0.00289,
                0.00339,
                0.00288,
                0.00544,
                0.00416
            ],
            "raw_units": [
                "ct",
                "ct",
                "ct",
                "ct",
                "ct"
            ],
            "value": [
                3.74e-14,
                4.39e-14,
                3.73e-14,
                7.05e-14,
                5.39e-14
            ],
            "value_units": [
                "ergs/cm^2/s",
                "ergs/cm^2/s",
                "ergs/cm^2/s",
                "ergs/cm^2/s",
                "ergs/cm^2/s"
            ],
            "filter_key": [
                "0.3 - 2.0",
                "0.3 - 2.0",
                "0.3 - 2.0",
                "0.3 - 2.0",
                "0.3 - 2.0"
            ],
            "obs_type": [
                "xray",
                "xray",
                "xray",
                "xray",
                "xray"
            ],
            "date": [
                "56689.9",
                "56750.5",
                "56816.4",
                "57094.3",
                "57151.1"
            ],
            "date_format": "MJD",
            "upperlimit": [
                true,
                true,
                true,
                true,
                true
            ],
            "telescope": "Swift",
            "corr_k": null,
            "corr_av": null,
            "corr_host": null,
            "corr_hostav": null,
            "reference": [
                "2017ApJ...838..149A"
            ],
            "xray_model": [
                {
                    "model_name": "Absorbed Powerlaw",
                    "param_names": [
                        "photonindex",
                        "nhmw"
                    ],
                    "param_values": [
                        "4.5",
                        "0.0171"
                    ],
                    "param_units": [
                        "None",
                        "10^22 cm^-2"
                    ],
                    "min_energy": 0.3,
                    "max_energy": 2,
                    "energy_units": "keV"
                },
                {
                    "model_name": "Absorbed Powerlaw",
                    "param_names": [
                        "photonindex",
                        "nhmw"
                    ],
                    "param_values": [
                        "4.5",
                        "0.0171"
                    ],
                    "param_units": [
                        "None",
                        "10^22 cm^-2"
                    ],
                    "min_energy": 0.3,
                    "max_energy": 2,
                    "energy_units": "keV"
                },
                {
                    "model_name": "Absorbed Powerlaw",
                    "param_names": [
                        "photonindex",
                        "nhmw"
                    ],
                    "param_values": [
                        "4.5",
                        "0.0171"
                    ],
                    "param_units": [
                        "None",
                        "10^22 cm^-2"
                    ],
                    "min_energy": 0.3,
                    "max_energy": 2,
                    "energy_units": "keV"
                },
                {
                    "model_name": "Absorbed Powerlaw",
                    "param_names": [
                        "photonindex",
                        "nhmw"
                    ],
                    "param_values": [
                        "4.5",
                        "0.0171"
                    ],
                    "param_units": [
                        "None",
                        "10^22 cm^-2"
                    ],
                    "min_energy": 0.3,
                    "max_energy": 2,
                    "energy_units": "keV"
                },
                {
                    "model_name": "Absorbed Powerlaw",
                    "param_names": [
                        "photonindex",
                        "nhmw"
                    ],
                    "param_values": [
                        "4.5",
                        "0.0171"
                    ],
                    "param_units": [
                        "None",
                        "10^22 cm^-2"
                    ],
                    "min_energy": 0.3,
                    "max_energy": 2,
                    "energy_units": "keV"
                }
            ],
            "corr_s": null
        },
        {
            "raw": [
                0.902,
                0.617,
                0.566,
                0.486
            ],
            "raw_units": [
                "ct",
                "ct",
                "ct",
                "ct"
            ],
            "value": [
                3.49e-12,
                2.39e-12,
                2.19e-12,
                1.88e-12
            ],
            "value_units": [
                "ergs/cm^2/s",
                "ergs/cm^2/s",
                "ergs/cm^2/s",
                "ergs/cm^2/s"
            ],
            "filter_key": [
                "0.3 - 2.0",
                "0.3 - 2.0",
                "0.3 - 2.0",
                "0.3 - 2.0"
            ],
            "obs_type": [
                "xray",
                "xray",
                "xray",
                "xray"
            ],
            "date": [
                "54803",
                "56253.1",
                "56792.3",
                "56968.6"
            ],
            "date_format": "MJD",
            "upperlimit": [
                true,
                true,
                true,
                true
            ],
            "telescope": "XMM",
            "corr_k": null,
            "corr_av": null,
            "corr_host": null,
            "corr_hostav": null,
            "reference": [
                "2017ApJ...838..149A"
            ],
            "xray_model": [
                {
                    "model_name": "Absorbed Powerlaw",
                    "param_names": [
                        "photonindex",
                        "nhmw"
                    ],
                    "param_values": [
                        "4.5",
                        "0.0171"
                    ],
                    "param_units": [
                        "None",
                        "10^22 cm^-2"
                    ],
                    "min_energy": 0.3,
                    "max_energy": 2,
                    "energy_units": "keV"
                },
                {
                    "model_name": "Absorbed Powerlaw",
                    "param_names": [
                        "photonindex",
                        "nhmw"
                    ],
                    "param_values": [
                        "4.5",
                        "0.0171"
                    ],
                    "param_units": [
                        "None",
                        "10^22 cm^-2"
                    ],
                    "min_energy": 0.3,
                    "max_energy": 2,
                    "energy_units": "keV"
                },
                {
                    "model_name": "Absorbed Powerlaw",
                    "param_names": [
                        "photonindex",
                        "nhmw"
                    ],
                    "param_values": [
                        "4.5",
                        "0.0171"
                    ],
                    "param_units": [
                        "None",
                        "10^22 cm^-2"
                    ],
                    "min_energy": 0.3,
                    "max_energy": 2,
                    "energy_units": "keV"
                },
                {
                    "model_name": "Absorbed Powerlaw",
                    "param_names": [
                        "photonindex",
                        "nhmw"
                    ],
                    "param_values": [
                        "4.5",
                        "0.0171"
                    ],
                    "param_units": [
                        "None",
                        "10^22 cm^-2"
                    ],
                    "min_energy": 0.3,
                    "max_energy": 2,
                    "energy_units": "keV"
                }
            ],
            "corr_s": null
        },
        {
            "raw": [
                0.00075814,
                0.00069485,
                0.00038026,
                0.00031663,
                0.00030793,
                0.00012567,
                0.00011594,
                0.00010872,
                0.00010476,
                0.00010043,
                9.7135e-05,
                7.5003e-05,
                6.4955e-05,
                6.7468e-05,
                6.4495e-05,
                3.5238e-05,
                3.4775e-05,
                3.2239e-05,
                3.1284e-05,
                1.9096e-05,
                1.4789e-05,
                2.163e-05,
                8.3996e-06,
                7.4473e-06,
                4.768e-06,
                5.5971e-06,
                5.8461e-06,
                2.0654e-06,
                -5.5562e-07,
                8.1241e-06,
                1.387e-05,
                0.00098248,
                0.00098329,
                0.00050987,
                0.00043583,
                0.00035436,
                0.00014406,
                0.00012721,
                0.00010695,
                0.00011134,
                0.0001084,
                9.0435e-05,
                7.5233e-05,
                5.8559e-05,
                5.9543e-05,
                5.4615e-05,
                3.1038e-05,
                3.4254e-05,
                2.9138e-05,
                2.6918e-05,
                2.7531e-05,
                1.349e-05,
                1.7762e-05,
                8.2252e-06,
                4.0212e-06,
                7.4405e-06,
                1.0658e-05,
                1.0245e-05,
                8.1229e-06,
                -1.1557e-07,
                4.7269e-06,
                -2.7876e-07,
                -9.5462e-07,
                -3.3203e-08,
                3.9949e-06,
                -2.6261e-06,
                0.00085588,
                0.00083979,
                0.00053409,
                0.00046112,
                0.00037826,
                0.00014576,
                0.00014267,
                0.0001068,
                0.00010664,
                9.8235e-05,
                8.0653e-05,
                6.7391e-05,
                3.9772e-05,
                6.182e-05,
                3.6967e-05,
                5.0357e-05,
                2.448e-05,
                2.6209e-05,
                3.0223e-05,
                2.2498e-05,
                2.8935e-05,
                1.4174e-05,
                2.0591e-05,
                2.5452e-06,
                2.3097e-06,
                5.9343e-06,
                1.0225e-05,
                9.9616e-07,
                1.6371e-05,
                4.3501e-06,
                5.421e-06,
                -6.0486e-06,
                -7.6965e-06,
                0.0007695,
                0.00080002,
                0.00060926,
                0.00055857,
                0.00044336,
                0.00017786,
                0.00010316,
                0.00012477,
                0.00013061,
                9.2957e-05,
                6.735e-05,
                7.2974e-05,
                7.7579e-05,
                6.9224e-05,
                4.6879e-05,
                -2.1064e-06,
                1.971e-05,
                -4.8422e-06,
                1.1289e-05,
                1.169e-05,
                -1.0753e-05,
                -8.9029e-06,
                -1.3395e-05,
                -5.6052e-06,
                -3.1253e-05,
                -9.6997e-06,
                1.3049e-05,
                0.00066246,
                0.00062655,
                0.00053119,
                0.00048089,
                0.0004182,
                0.00020004,
                5.7852e-05,
                9.7949e-05,
                8.7696e-05,
                8.616e-05,
                0.00014147,
                0.00014093,
                4.274e-05,
                0.00013184,
                7.9949e-05,
                1.1168e-06,
                3.3087e-05,
                -1.6232e-05,
                -5.2062e-06,
                2.7583e-06,
                4.1457e-05,
                3.3907e-05,
                -1.4113e-05,
                3.033e-05,
                -6.4252e-05,
                -6.3534e-05,
                2.4040415797865357e-05,
                1.9822863244881062e-05,
                2.083078951141485e-05,
                -1.421952985611729e-05,
                1.671828657874427e-05,
                -7.385754407858174e-06,
                -6.812025231959615e-06,
                -2.6196905302194156e-05,
                5.472128277582875e-06,
                -1.991154194160038e-06,
                2.115408976466001e-05,
                1.5077240703376008e-05,
                -4.114064232349341e-06,
                -9.347757905187164e-06,
                1.6550541543989234e-07,
                -9.770796514252881e-06,
                -1.1616272123078964e-05,
                -3.075542049125236e-05,
                1.1086463661867234e-05,
                -3.7428098917949727e-05,
                -1.319913092082407e-05,
                1.760566545886375e-05,
                -1.5726325296968885e-05,
                -2.3659042821347066e-05,
                -3.5324208128284974e-05,
                -5.795113651726815e-06,
                3.2562469759513824e-06,
                -3.492722217227388e-05,
                -1.5669778876599127e-05,
                -3.156696272205344e-05,
                -3.64070859818999e-05,
                -9.062355572432188e-06,
                -3.128994021185859e-05,
                -1.914536060862018e-05,
                6.548051058870074e-06,
                -1.2046503355301867e-05,
                -9.51875356555114e-06,
                -1.3088257918582115e-05,
                -3.8438789927414895e-05,
                -6.965746380105534e-06,
                3.061121610750087e-05,
                -2.7634180591342482e-05
            ],
            "raw_err": [
                2.5783e-05,
                2.8021e-05,
                1.3707e-05,
                1.6309e-05,
                1.7194e-05,
                7.296e-06,
                1.0894e-05,
                5.1862e-06,
                5.0221e-06,
                6.305e-06,
                9.6784e-06,
                4.3936e-06,
                6.0224e-06,
                4.7347e-06,
                5.5746e-06,
                3.0605e-06,
                3.3553e-06,
                3.2425e-06,
                3.4017e-06,
                3.2709e-06,
                3.2265e-06,
                2.7023e-06,
                2.6373e-06,
                2.1184e-06,
                2.0558e-06,
                1.2535e-06,
                2.883e-06,
                2.1031e-06,
                5.3798e-06,
                5.1455e-06,
                4.6779e-06,
                3.6229e-05,
                4.0205e-05,
                1.9223e-05,
                2.1333e-05,
                2.3487e-05,
                8.3129e-06,
                1.2569e-05,
                5.4456e-06,
                5.5585e-06,
                6.9916e-06,
                9.3028e-06,
                4.5745e-06,
                5.7683e-06,
                4.426e-06,
                5.1868e-06,
                3.8189e-06,
                2.995e-06,
                3.0258e-06,
                2.8661e-06,
                3.3516e-06,
                3.3562e-06,
                2.581e-06,
                1.8412e-06,
                1.569e-06,
                2.0673e-06,
                2.6853e-06,
                2.8886e-06,
                2.1367e-06,
                1.7082e-06,
                1.6765e-06,
                3.6682e-06,
                3.0536e-06,
                7.7611e-06,
                6.9742e-06,
                6.426e-06,
                3.0788e-05,
                3.8859e-05,
                2.1215e-05,
                1.9106e-05,
                1.7564e-05,
                8.8732e-06,
                1.7865e-05,
                8.0675e-06,
                6.9753e-06,
                9.1933e-06,
                6.6671e-06,
                6.3761e-06,
                9.1288e-06,
                7.786e-06,
                1.1722e-05,
                8.4965e-06,
                6.8712e-06,
                6.3432e-06,
                6.834e-06,
                5.5334e-06,
                8.4754e-06,
                6.8128e-06,
                4.9155e-06,
                3.062e-06,
                5.1428e-06,
                4.1678e-06,
                4.0861e-06,
                2.3718e-06,
                6.6239e-06,
                4.217e-06,
                1.0723e-05,
                1.1163e-05,
                9.937e-06,
                2.5484e-05,
                4.6581e-05,
                2.5646e-05,
                2.5038e-05,
                2.471e-05,
                1.9685e-05,
                3.0885e-05,
                1.286e-05,
                1.2962e-05,
                1.6615e-05,
                2.5731e-05,
                1.2431e-05,
                2.0364e-05,
                1.4866e-05,
                1.7633e-05,
                1.6896e-05,
                1.2995e-05,
                4.4798e-06,
                1.3256e-05,
                1.1358e-05,
                1.035e-05,
                5.6146e-06,
                1.5905e-05,
                9.6255e-06,
                1.9172e-05,
                2.1982e-05,
                2.0587e-05,
                3.2541e-05,
                5.8952e-05,
                3.3509e-05,
                4.0111e-05,
                5.6194e-05,
                3.5331e-05,
                5.7269e-05,
                2.3564e-05,
                2.3082e-05,
                3.176e-05,
                5.2427e-05,
                2.5953e-05,
                3.7528e-05,
                2.9892e-05,
                3.6727e-05,
                3.6641e-05,
                2.7691e-05,
                2.8514e-05,
                2.4452e-05,
                2.3115e-05,
                1.3963e-05,
                3.5467e-05,
                2.233e-05,
                4.4599e-05,
                4.9202e-05,
                4.399e-05,
                1.7318272173178837e-05,
                1.7665501135647537e-05,
                1.695274701110139e-05,
                1.7371521081875576e-05,
                1.7232784357194538e-05,
                1.7817158469658947e-05,
                1.7475134799822923e-05,
                1.7779854316347263e-05,
                1.738661638635373e-05,
                1.7964600588133272e-05,
                1.7757842766301966e-05,
                1.7421346304463805e-05,
                1.6671435176048697e-05,
                1.7487049278840662e-05,
                1.7433779517722023e-05,
                1.7057755683738078e-05,
                1.7330854162555277e-05,
                1.7914704415065952e-05,
                1.77983808802304e-05,
                1.7503404741870724e-05,
                1.7903951130957998e-05,
                2.3004098351356212e-05,
                2.3875865964944498e-05,
                2.1269502037487905e-05,
                2.1746557578838415e-05,
                2.1600153391504647e-05,
                2.411274635953395e-05,
                2.2937999279873178e-05,
                2.5418984057347052e-05,
                2.252913533476423e-05,
                2.531540205833476e-05,
                2.349060097528405e-05,
                2.366357748002581e-05,
                2.1710605390998888e-05,
                2.3112841621109313e-05,
                2.242207879982315e-05,
                2.3518491699511393e-05,
                2.214374522054318e-05,
                2.4661041382294584e-05,
                2.4414192309108562e-05,
                2.441437021468736e-05,
                2.4265671539576553e-05
            ],
            "raw_units": "Jy",
            "date": [
                "56684.904328",
                "56687.036783",
                "56697.737048",
                "56702.769059",
                "56707.924694",
                "56729.155366",
                "56734.382344",
                "56738.724766",
                "56739.5944",
                "56744.218537",
                "56749.782639",
                "56755.51689",
                "56760.188528",
                "56763.518872",
                "56770.185083",
                "56794.686722",
                "56799.510924",
                "56804.443869",
                "56809.475482",
                "56814.673075",
                "56825.918021",
                "56828.748829",
                "57429.814596",
                "57435.334392",
                "57439.324256",
                "59590.743633",
                "59861.53967",
                "59891.567147",
                "60419.681127",
                "60501.968684",
                "60502.7558",
                "56684.916519",
                "56687.040514",
                "56697.74395",
                "56702.772528",
                "56707.926932",
                "56729.158813",
                "56734.384445",
                "56738.732348",
                "56739.602289",
                "56744.222142",
                "56749.785418",
                "56755.520348",
                "56760.19333",
                "56763.522044",
                "56770.188338",
                "56794.693261",
                "56799.512896",
                "56804.444668",
                "56809.481895",
                "56814.676213",
                "56825.921394",
                "56828.754641",
                "57094.628177",
                "57122.475128",
                "57162.598088",
                "57429.817552",
                "57435.336374",
                "57439.329501",
                "59582.621988",
                "59590.750654",
                "59861.544038",
                "59891.572869",
                "60419.683383",
                "60501.971881",
                "60502.759914",
                "56684.929148",
                "56687.033584",
                "56697.731394",
                "56702.836595",
                "56707.880327",
                "56729.12571",
                "56734.380429",
                "56738.718513",
                "56739.588008",
                "56744.215467",
                "56749.889864",
                "56755.514104",
                "56760.248536",
                "56763.51624",
                "56768.73153",
                "56770.182456",
                "56794.7928",
                "56799.551033",
                "56804.34876",
                "56809.485322",
                "56814.679092",
                "56825.915095",
                "56828.744104",
                "57095.530966",
                "57429.812151",
                "57435.330451",
                "57439.320116",
                "59590.73606",
                "59861.533893",
                "59891.560246",
                "60419.678429",
                "60501.965113",
                "60502.750953",
                "56684.931978",
                "56687.034644",
                "56697.733373",
                "56702.837631",
                "56707.881886",
                "56729.15331",
                "56734.381052",
                "56738.720636",
                "56739.590126",
                "56744.216478",
                "56749.781046",
                "56755.515094",
                "56760.18591",
                "56763.517214",
                "56770.183199",
                "56825.916138",
                "56828.745571",
                "57168.744256",
                "57429.813022",
                "57435.331373",
                "57439.321037",
                "59590.738379",
                "59861.535255",
                "59891.562044",
                "60419.679228",
                "60501.966181",
                "60502.752407",
                "56684.933335",
                "56687.035203",
                "56697.734349",
                "56702.838037",
                "56707.882562",
                "56729.153817",
                "56734.381401",
                "56738.721707",
                "56739.591213",
                "56744.217014",
                "56749.781464",
                "56755.515589",
                "56760.186584",
                "56763.517687",
                "56770.183642",
                "56825.916657",
                "56828.746368",
                "57429.813458",
                "57435.332009",
                "57439.321695",
                "59590.739923",
                "59861.536337",
                "59891.563374",
                "60419.67979",
                "60501.966917",
                "60502.753399",
                "56799.884939434996",
                "56990.22508565",
                "57158.702159115",
                "57352.046156865",
                "57517.56902779",
                "57719.138572895",
                "57881.070188525",
                "58083.455169915",
                "58241.53002711",
                "58447.58141168",
                "58605.79338127",
                "58814.587097945",
                "58971.40481216",
                "59178.82171868",
                "59336.91197963",
                "59545.83922913",
                "59701.19650678",
                "59910.078719685",
                "60068.357094295",
                "60274.2106185",
                "60432.49432426",
                "56799.884939434996",
                "56990.22508565",
                "57158.702159115",
                "57352.046156865",
                "57517.56902779",
                "57719.138572895",
                "57881.070188525",
                "58083.455169915",
                "58241.53002711",
                "58447.58141168",
                "58605.79338127",
                "58814.587097945",
                "58971.40481216",
                "59178.82171868",
                "59336.91197963",
                "59545.83922913",
                "59701.19650678",
                "59910.078719685",
                "60068.357094295",
                "60274.2106185",
                "60432.49432426"
            ],
            "date_format": "mjd",
            "filter_key": [
                "UVW2.uvot",
                "UVW2.uvot",
                "UVW2.uvot",
                "UVW2.uvot",
                "UVW2.uvot",
                "UVW2.uvot",
                "UVW2.uvot",
                "UVW2.uvot",
                "UVW2.uvot",
                "UVW2.uvot",
                "UVW2.uvot",
                "UVW2.uvot",
                "UVW2.uvot",
                "UVW2.uvot",
                "UVW2.uvot",
                "UVW2.uvot",
                "UVW2.uvot",
                "UVW2.uvot",
                "UVW2.uvot",
                "UVW2.uvot",
                "UVW2.uvot",
                "UVW2.uvot",
                "UVW2.uvot",
                "UVW2.uvot",
                "UVW2.uvot",
                "UVW2.uvot",
                "UVW2.uvot",
                "UVW2.uvot",
                "UVW2.uvot",
                "UVW2.uvot",
                "UVW2.uvot",
                "UVM2.uvot",
                "UVM2.uvot",
                "UVM2.uvot",
                "UVM2.uvot",
                "UVM2.uvot",
                "UVM2.uvot",
                "UVM2.uvot",
                "UVM2.uvot",
                "UVM2.uvot",
                "UVM2.uvot",
                "UVM2.uvot",
                "UVM2.uvot",
                "UVM2.uvot",
                "UVM2.uvot",
                "UVM2.uvot",
                "UVM2.uvot",
                "UVM2.uvot",
                "UVM2.uvot",
                "UVM2.uvot",
                "UVM2.uvot",
                "UVM2.uvot",
                "UVM2.uvot",
                "UVM2.uvot",
                "UVM2.uvot",
                "UVM2.uvot",
                "UVM2.uvot",
                "UVM2.uvot",
                "UVM2.uvot",
                "UVM2.uvot",
                "UVM2.uvot",
                "UVM2.uvot",
                "UVM2.uvot",
                "UVM2.uvot",
                "UVM2.uvot",
                "UVM2.uvot",
                "UVW1.uvot",
                "UVW1.uvot",
                "UVW1.uvot",
                "UVW1.uvot",
                "UVW1.uvot",
                "UVW1.uvot",
                "UVW1.uvot",
                "UVW1.uvot",
                "UVW1.uvot",
                "UVW1.uvot",
                "UVW1.uvot",
                "UVW1.uvot",
                "UVW1.uvot",
                "UVW1.uvot",
                "UVW1.uvot",
                "UVW1.uvot",
                "UVW1.uvot",
                "UVW1.uvot",
                "UVW1.uvot",
                "UVW1.uvot",
                "UVW1.uvot",
                "UVW1.uvot",
                "UVW1.uvot",
                "UVW1.uvot",
                "UVW1.uvot",
                "UVW1.uvot",
                "UVW1.uvot",
                "UVW1.uvot",
                "UVW1.uvot",
                "UVW1.uvot",
                "UVW1.uvot",
                "UVW1.uvot",
                "UVW1.uvot",
                "U.uvot",
                "U.uvot",
                "U.uvot",
                "U.uvot",
                "U.uvot",
                "U.uvot",
                "U.uvot",
                "U.uvot",
                "U.uvot",
                "U.uvot",
                "U.uvot",
                "U.uvot",
                "U.uvot",
                "U.uvot",
                "U.uvot",
                "U.uvot",
                "U.uvot",
                "U.uvot",
                "U.uvot",
                "U.uvot",
                "U.uvot",
                "U.uvot",
                "U.uvot",
                "U.uvot",
                "U.uvot",
                "U.uvot",
                "U.uvot",
                "B.uvot",
                "B.uvot",
                "B.uvot",
                "B.uvot",
                "B.uvot",
                "B.uvot",
                "B.uvot",
                "B.uvot",
                "B.uvot",
                "B.uvot",
                "B.uvot",
                "B.uvot",
                "B.uvot",
                "B.uvot",
                "B.uvot",
                "B.uvot",
                "B.uvot",
                "B.uvot",
                "B.uvot",
                "B.uvot",
                "B.uvot",
                "B.uvot",
                "B.uvot",
                "B.uvot",
                "B.uvot",
                "B.uvot",
                "W1.wise",
                "W1.wise",
                "W1.wise",
                "W1.wise",
                "W1.wise",
                "W1.wise",
                "W1.wise",
                "W1.wise",
                "W1.wise",
                "W1.wise",
                "W1.wise",
                "W1.wise",
                "W1.wise",
                "W1.wise",
                "W1.wise",
                "W1.wise",
                "W1.wise",
                "W1.wise",
                "W1.wise",
                "W1.wise",
                "W1.wise",
                "W2.wise",
                "W2.wise",
                "W2.wise",
                "W2.wise",
                "W2.wise",
                "W2.wise",
                "W2.wise",
                "W2.wise",
                "W2.wise",
                "W2.wise",
                "W2.wise",
                "W2.wise",
                "W2.wise",
                "W2.wise",
                "W2.wise",
                "W2.wise",
                "W2.wise",
                "W2.wise",
                "W2.wise",
                "W2.wise",
                "W2.wise"
            ],
            "obs_type": "uvoir",
            "reference": [
                "2014MNRAS.445.3263H",
                "2024MNRAS.527.2452M"
            ],
            "upperlimit": [
                false,
                false,
                false,
                false,
                false,
                false,
                false,
                false,
                false,
                false,
                false,
                false,
                false,
                false,
                false,
                false,
                false,
                false,
                false,
                false,
                false,
                false,
                false,
                false,
                true,
                false,
                true,
                true,
                true,
                true,
                true,
                false,
                false,
                false,
                false,
                false,
                false,
                false,
                false,
                false,
                false,
                false,
                false,
                false,
                false,
                false,
                false,
                false,
                false,
                false,
                false,
                false,
                false,
                false,
                true,
                false,
                false,
                false,
                false,
                true,
                true,
                true,
                true,
                true,
                true,
                true,
                false,
                false,
                false,
                false,
                false,
                false,
                false,
                false,
                false,
                false,
                false,
                false,
                false,
                false,
                false,
                false,
                false,
                false,
                false,
                false,
                false,
                true,
                false,
                true,
                true,
                true,
                true,
                true,
                true,
                true,
                true,
                true,
                true,
                false,
                false,
                false,
                false,
                false,
                false,
                false,
                false,
                false,
                false,
                true,
                false,
                false,
                false,
                true,
                true,
                true,
                true,
                true,
                true,
                true,
                true,
                true,
                true,
                true,
                true,
                true,
                false,
                false,
                false,
                false,
                false,
                false,
                true,
                false,
                false,
                true,
                true,
                false,
                true,
                false,
                true,
                true,
                true,
                true,
                true,
                true,
                true,
                true,
                true,
                true,
                true,
                true,
                true,
                true,
                true,
                true,
                true,
                true,
                true,
                true,
                true,
                true,
                true,
                true,
                true,
                true,
                true,
                true,
                true,
                true,
                true,
                true,
                true,
                true,
                true,
                true,
                true,
                true,
                true,
                true,
                true,
                true,
                true,
                true,
                true,
                true,
                true,
                true,
                true,
                true,
                true,
                true,
                true,
                true
            ],
            "corr_k": false,
            "corr_s": false,
            "corr_av": false,
            "corr_host": false,
            "corr_hostav": false,
            "val_av": 0.047735299495371704
        },
        {
            "reference": "2023arXiv230813595C",
            "raw": [
                0.033,
                0.42,
                0.09,
                0.334,
                0.222,
                0.169,
                0.155,
                0.15,
                0.47,
                3.12,
                0.72,
                0.68,
                0.604,
                0.418,
                0.446,
                0.382,
                0.361,
                0.347,
                0.337,
                0.303,
                0.343
            ],
            "raw_err": [
                0,
                0,
                0.015,
                0.038,
                0.018,
                0.007,
                0.01,
                0.001,
                0,
                0,
                0.041,
                0.029,
                0.017,
                0.08,
                0.011,
                0.02,
                0.025,
                0.015,
                0.022,
                0.015,
                0.014
            ],
            "raw_units": "mJy",
            "date": [
                "2016-03-12",
                "2019-11-19",
                "2020-05-25",
                "2021-06-12",
                "2021-06-12",
                "2021-06-12",
                "2021-06-12",
                "2021-06-12",
                "2021-12-4",
                "2022-12-11",
                "2022-12-11",
                "2022-12-11",
                "2022-12-11",
                "2022-12-11",
                "2022-12-11",
                "2022-12-11",
                "2022-12-11",
                "2022-12-11",
                "2022-12-11",
                "2022-12-11",
                "2022-12-11"
            ],
            "date_format": [
                "iso",
                "iso",
                "iso",
                "iso",
                "iso",
                "iso",
                "iso",
                "iso",
                "iso",
                "iso",
                "iso",
                "iso",
                "iso",
                "iso",
                "iso",
                "iso",
                "iso",
                "iso",
                "iso",
                "iso",
                "iso"
            ],
            "upperlimit": [
                true,
                true,
                false,
                false,
                false,
                false,
                false,
                false,
                true,
                true,
                false,
                false,
                false,
                false,
                false,
                false,
                false,
                false,
                false,
                false,
                false
            ],
            "filter_key": [
                "5.0GHz",
                "3.0GHz",
                "6.0GHz",
                "3.0GHz",
                "5.0GHz",
                "7.0GHz",
                "9.0GHz",
                "11.0GHz",
                "3.0GHz",
                "1.25GHz",
                "1.75GHz",
                "2.5GHz",
                "3.5GHz",
                "5.0GHz",
                "7.0GHz",
                "9.0GHz",
                "11.0GHz",
                "13.5GHz",
                "16.5GHz",
                "20.0GHz",
                "24.0GHz"
            ],
            "obs_type": "radio",
            "telescope": "VLA",
            "corr_k": false,
            "corr_s": false,
            "corr_host": false,
            "corr_av": false,
            "corr_hostav": false
        }
    ],
    "coordinate": [
        {
            "ra": "11:08:39.96",
            "dec": "+34:05:52.7",
            "ra_units": "hour",
            "dec_units": "degree",
            "coordinate_type": "equatorial",
            "default": false,
            "reference": [
                "2014ATel.5831....1P"
            ]
        },
        {
            "ra": "11:08:40.11",
            "dec": "+34:05:52.4",
            "ra_units": "hour",
            "dec_units": "deg",
            "coordinate_type": "equatorial",
            "default": true,
            "reference": [
                "2000A&AS..143....9W",
                "2014ATel.5831....1P"
            ]
        },
        {
            "ra": "167.1671635",
            "dec": "34.09784698",
            "ra_units": "deg",
            "dec_units": "deg",
            "coordinate_type": "equatorial",
            "default": false,
            "reference": [
                "2014MNRAS.445.3263H",
                "2024MNRAS.527.2452M"
            ]
        }
    ],
    "filter_alias": [
        {
            "filter_key": "0.3 - 2.0",
            "wave_eff": 0.7293188143129428,
            "wave_min": 0.6199209921660013,
            "wave_max": 4.132806614440009,
            "wave_units": "nm",
            "filter_name": "0.3 - 2.0"
        },
        {
            "filter_key": "B.uvot",
            "filter_name": "B.uvot",
            "freq_eff": 695280559412463.5,
            "freq_units": "Hz"
        },
        {
            "filter_key": "U.uvot",
            "filter_name": "U.uvot",
            "freq_eff": 872815357550259.6,
            "freq_units": "Hz"
        },
        {
            "filter_key": "UVM2.uvot",
            "filter_name": "UVM2.uvot",
            "freq_eff": 1346484181597652,
            "freq_units": "Hz"
        },
        {
            "filter_key": "UVW1.uvot",
            "filter_name": "UVW1.uvot",
            "freq_eff": 1198891057872408,
            "freq_units": "Hz"
        },
        {
            "filter_key": "UVW2.uvot",
            "filter_name": "UVW2.uvot",
            "freq_eff": 1492659946412262.2,
            "freq_units": "Hz"
        },
        {
            "filter_key": "W1.wise",
            "filter_name": "W1.wise",
            "freq_eff": 89917740678395.33,
            "freq_units": "Hz"
        },
        {
            "filter_key": "W2.wise",
            "filter_name": "W2.wise",
            "freq_eff": 65429370473910.305,
            "freq_units": "Hz"
        },
        {
            "filter_key": "5.0GHz",
            "filter_name": "C",
            "freq_eff": 5,
            "freq_units": "GHz"
        },
        {
            "filter_key": "3.0GHz",
            "filter_name": "S",
            "freq_eff": 3,
            "freq_units": "GHz"
        },
        {
            "filter_key": "6.0GHz",
            "filter_name": "C",
            "freq_eff": 6,
            "freq_units": "GHz"
        },
        {
            "filter_key": "7.0GHz",
            "filter_name": "C",
            "freq_eff": 7,
            "freq_units": "GHz"
        },
        {
            "filter_key": "9.0GHz",
            "filter_name": "X",
            "freq_eff": 9,
            "freq_units": "GHz"
        },
        {
            "filter_key": "11.0GHz",
            "filter_name": "X",
            "freq_eff": 11,
            "freq_units": "GHz"
        },
        {
            "filter_key": "1.25GHz",
            "filter_name": "L",
            "freq_eff": 1.25,
            "freq_units": "GHz"
        },
        {
            "filter_key": "1.75GHz",
            "filter_name": "L",
            "freq_eff": 1.75,
            "freq_units": "GHz"
        },
        {
            "filter_key": "2.5GHz",
            "filter_name": "S",
            "freq_eff": 2.5,
            "freq_units": "GHz"
        },
        {
            "filter_key": "3.5GHz",
            "filter_name": "S",
            "freq_eff": 3.5,
            "freq_units": "GHz"
        },
        {
            "filter_key": "13.5GHz",
            "filter_name": "Ku",
            "freq_eff": 13.5,
            "freq_units": "GHz"
        },
        {
            "filter_key": "16.5GHz",
            "filter_name": "Ku",
            "freq_eff": 16.5,
            "freq_units": "GHz"
        },
        {
            "filter_key": "20.0GHz",
            "filter_name": "K",
            "freq_eff": 20,
            "freq_units": "GHz"
        },
        {
            "filter_key": "24.0GHz",
            "filter_name": "K",
            "freq_eff": 24,
            "freq_units": "GHz"
        }
    ],
    "distance": [
        {
            "value": "0.0436029",
            "distance_type": "redshift",
            "reference": [
                "2014MNRAS.445.3263H",
                "2024MNRAS.527.2452M"
            ],
            "default": false
        },
        {
            "value": "0.043671",
            "distance_type": "redshift",
            "reference": [
                "2014ATel.5831....1P",
                "2014MNRAS.445.3263H",
                "2017ApJ...838..149A",
                "2023PASP..135c4101G",
                "ASAS-SN Supernovae"
            ],
            "default": true
        },
        {
            "value": "191.3",
            "distance_type": "comoving",
            "unit": "Mpc",
            "reference": [
                "2014ATel.5831....1P",
                "2016A&A...594A..13P",
                "2017ApJ...835...64G",
                "ASAS-SN Supernovae"
            ],
            "default": true
        },
        {
            "value": "199.65",
            "distance_type": "luminosity",
            "unit": "Mpc",
            "reference": [
                "2014ATel.5831....1P",
                "2016A&A...594A..13P",
                "2017ApJ...835...64G",
                "ASAS-SN Supernovae"
            ],
            "default": true
        },
        {
            "value": "53.0",
            "distance_type": "dispersion_measure",
            "unit": "km/s",
            "reference": [
                "2017MNRAS.471.1694W",
                "2024MNRAS.527.2452M"
            ],
            "default": true
        }
    ],
    "host": [
        {
            "host_name": "SDSS J110840.11+340552.2",
            "host_ra": 167.16666666666663,
            "host_dec": 34.09784166666667,
            "host_ra_units": "deg",
            "host_dec_units": "deg",
            "reference": [
                "2023PASP..135c4101G",
                "2014MNRAS.445.3263H",
                "2017ApJ...838..149A"
            ]
        }
    ],
    "schema_version": {
        "comment": "Copied from tde.space;",
        "comments": "From Goldtooth et al. (2023)",
        "value": 0
    }
}