{
    "_key": "7536093",
    "_id": "transients/7536093",
    "_rev": "_kk4VQam---",
    "classification": {
        "discovery_method": "optical",
        "spec_classed": 3,
        "unambiguous": true,
        "value": [
            {
                "object_class": "TDE",
                "confidence": 3.3,
                "reference": [
                    "2013arXiv1309.3009C",
                    "2014ApJ...780...44C",
                    "2017ApJ...838..149A",
                    "2023PASP..135c4101G",
                    "2024MNRAS.527.2452M",
                    "['2014ApJ...780...44C', '2020SSRv..216...81A']"
                ],
                "default": true
            }
        ]
    },
    "name": {
        "alias": [
            {
                "value": "PS1-11af",
                "reference": [
                    "2017ApJ...838..149A",
                    "2000A&AS..143....9W",
                    "2014ApJ...780...44C",
                    "2024MNRAS.527.2452M",
                    "2023PASP..135c4101G",
                    "2017ApJ...838..149A"
                ]
            }
        ],
        "default_name": "PS1-11af"
    },
    "reference_alias": [
        {
            "name": "2017ApJ...838..149A",
            "human_readable_name": "Auchettl, Guillochon, & Ramirez-Ruiz (2017)"
        },
        {
            "name": "2016A&A...594A..13P",
            "human_readable_name": "Planck Collaboration et al. (2016)"
        },
        {
            "name": "2014ApJ...780...44C",
            "human_readable_name": "Chornock et al. (2014)"
        },
        {
            "name": "2013arXiv1309.3009C",
            "human_readable_name": "Chornock et al. (2013)"
        },
        {
            "name": "2011ApJ...737..103S",
            "human_readable_name": "Schlafly & Finkbeiner (2011)"
        },
        {
            "name": "2017ApJ...835...64G",
            "human_readable_name": "Guillochon et al. (2017)"
        },
        {
            "name": "2000A&AS..143....9W",
            "human_readable_name": "Wenger et al. (2000)"
        },
        {
            "name": "Chornock, R. et al. (2014)",
            "human_readable_name": "2014ApJ...780...44C"
        },
        {
            "name": "2024MNRAS.527.2452M",
            "human_readable_name": "Mummery et al. (2023)"
        },
        {
            "name": "2023PASP..135c4101G",
            "human_readable_name": "Goldtooth, Aaron et al. (2023)"
        },
        {
            "name": "2020SSRv..216...81A",
            "human_readable_name": "Alexander, Kate D. et al. (2020)"
        }
    ],
    "photometry": [
        {
            "raw": [
                0.028
            ],
            "raw_units": [
                "ct"
            ],
            "value": [
                5.09e-14
            ],
            "value_units": [
                "ergs/cm^2/s"
            ],
            "filter_key": [
                "0.3 - 2.0"
            ],
            "obs_type": [
                "xray"
            ],
            "date": [
                "48200"
            ],
            "date_format": "MJD",
            "upperlimit": [
                true
            ],
            "telescope": "ROSAT",
            "corr_k": null,
            "corr_av": null,
            "corr_host": null,
            "corr_hostav": null,
            "reference": [
                "2017ApJ...838..149A"
            ],
            "xray_model": [
                {
                    "model_name": "Absorbed Powerlaw",
                    "param_names": [
                        "photonindex",
                        "nhmw"
                    ],
                    "param_values": [
                        "4.5",
                        "0.0213"
                    ],
                    "param_units": [
                        "None",
                        "10^22 cm^-2"
                    ],
                    "min_energy": 0.3,
                    "max_energy": 2,
                    "energy_units": "keV"
                }
            ],
            "corr_s": null
        },
        {
            "raw": [
                0.358,
                1.19
            ],
            "raw_units": [
                "ct",
                "ct"
            ],
            "value": [
                1.48e-12,
                4.93e-12
            ],
            "value_units": [
                "ergs/cm^2/s",
                "ergs/cm^2/s"
            ],
            "filter_key": [
                "0.3 - 2.0",
                "0.3 - 2.0"
            ],
            "obs_type": [
                "xray",
                "xray"
            ],
            "date": [
                "52611.1",
                "55151.6"
            ],
            "date_format": "MJD",
            "upperlimit": [
                true,
                true
            ],
            "telescope": "XMM",
            "corr_k": null,
            "corr_av": null,
            "corr_host": null,
            "corr_hostav": null,
            "reference": [
                "2017ApJ...838..149A"
            ],
            "xray_model": [
                {
                    "model_name": "Absorbed Powerlaw",
                    "param_names": [
                        "photonindex",
                        "nhmw"
                    ],
                    "param_values": [
                        "4.5",
                        "0.0213"
                    ],
                    "param_units": [
                        "None",
                        "10^22 cm^-2"
                    ],
                    "min_energy": 0.3,
                    "max_energy": 2,
                    "energy_units": "keV"
                },
                {
                    "model_name": "Absorbed Powerlaw",
                    "param_names": [
                        "photonindex",
                        "nhmw"
                    ],
                    "param_values": [
                        "4.5",
                        "0.0213"
                    ],
                    "param_units": [
                        "None",
                        "10^22 cm^-2"
                    ],
                    "min_energy": 0.3,
                    "max_energy": 2,
                    "energy_units": "keV"
                }
            ],
            "corr_s": null
        },
        {
            "raw": [
                6.186e-07,
                4.6785e-06,
                5.1839e-06,
                1.22693e-05,
                7.60009e-06,
                1.18255e-05,
                8.97055e-06,
                9.13732e-06,
                6.9955e-06,
                7.81302e-06,
                9.65648e-06,
                6.68065e-06,
                4.45523e-06,
                6.56228e-06,
                1.11164e-05,
                1.25873e-05,
                1.22679e-05,
                1.46617e-05,
                1.36675e-05,
                1.17052e-05,
                1.37631e-05,
                9.69232e-06,
                7.16436e-06,
                4.7697e-06,
                5.8259e-06,
                4.74773e-06,
                3.44452e-06,
                4.09124e-06,
                4.02144e-06,
                4.17023e-06,
                3.395e-06,
                2.32262e-06,
                2.25583e-06,
                3.3179e-06,
                8.00743e-06,
                9.50491e-06,
                1.2223e-05,
                1.24416e-05,
                1.14493e-05,
                1.00331e-05,
                1.14592e-05,
                8.46969e-06,
                4.64707e-06,
                5.19676e-06,
                4.21399e-06,
                4.20077e-06,
                6.65553e-06,
                4.31246e-06,
                3.39336e-06,
                4.3823e-06,
                3.7654e-06,
                2.76267e-06,
                2.84553e-06,
                2.80013e-06
            ],
            "raw_err": [
                1.0289e-06,
                3.7571e-06,
                6.5199e-06,
                1.4690539280211026e-06,
                1.8199849270518725e-06,
                1.851584989883662e-06,
                1.6524396605531785e-06,
                1.4306839933087926e-06,
                1.288623374253737e-06,
                1.2952894612333844e-06,
                1.3340940009180858e-06,
                1.353683645453775e-06,
                1.0529458802328245e-06,
                1.078815889174475e-06,
                8.083392961444705e-07,
                1.170254464593611e-06,
                1.1774092538780036e-06,
                5.716231700164936e-07,
                4.2593109719557357e-07,
                6.948716167759162e-07,
                1.8627109492225784e-06,
                8.270813110597346e-07,
                5.996195745616268e-07,
                6.483484734500874e-07,
                8.230085372385915e-07,
                5.616324784053156e-07,
                6.19674805909912e-07,
                8.610835649678918e-07,
                3.3869631460429703e-07,
                5.742205012092991e-07,
                5.257134046817954e-07,
                1.2835264237355888e-07,
                6.62739210230956e-07,
                7.646070708970073e-07,
                5.406870411128883e-07,
                9.03775195901924e-07,
                3.3773496929367344e-07,
                1.0197679417570522e-06,
                5.255545727474023e-07,
                5.049164011976049e-07,
                6.045176772617545e-07,
                1.7070760066957934e-06,
                2.9960871135341714e-07,
                4.479750383281458e-07,
                5.404792576101772e-07,
                4.396949197293666e-07,
                1.821567679479422e-06,
                5.357061592914936e-07,
                6.439851122395378e-07,
                6.017447152315886e-07,
                3.55304580601045e-07,
                4.651038064092147e-07,
                7.399040181828941e-07,
                2.579016026680247e-07
            ],
            "raw_units": "Jy",
            "date": [
                "58059.37532",
                "60594.598054",
                "60496.538888",
                "55592.497328",
                "55594.295216",
                "55596.795404",
                "55598.70566",
                "55600.60187",
                "55602.49808",
                "55604.39429",
                "55606.402868",
                "55608.200756",
                "55560.57077",
                "55563.59066",
                "55566.624596",
                "55572.537962",
                "55587.595274",
                "55590.48875",
                "55593.480548",
                "55596.359978",
                "55602.385711999996",
                "55614.338857999996",
                "55629.311894",
                "55632.289646",
                "55635.309536",
                "55650.423032",
                "55653.41483",
                "55662.305948",
                "55674.287186",
                "55677.29303",
                "55680.31292",
                "55716.748244",
                "55560.584816",
                "55563.604706",
                "55566.638642",
                "55572.552008",
                "55574.26562",
                "55587.595274",
                "55590.502796",
                "55593.494593999996",
                "55596.374024",
                "55602.399758",
                "55627.134764",
                "55629.32594",
                "55632.289646",
                "55635.323582",
                "55644.397297999996",
                "55650.437078",
                "55653.41483",
                "55662.319994",
                "55674.301232",
                "55677.29303",
                "55680.341012",
                "55716.748244"
            ],
            "date_format": "mjd",
            "filter_key": [
                "UVW2.uvot",
                "UVM2.uvot",
                "UVW1.uvot",
                "NUV",
                "NUV",
                "NUV",
                "NUV",
                "NUV",
                "NUV",
                "NUV",
                "NUV",
                "NUV",
                "g.ps",
                "g.ps",
                "g.ps",
                "g.ps",
                "g.ps",
                "g.ps",
                "g.ps",
                "g.ps",
                "g.ps",
                "g.ps",
                "g.ps",
                "g.ps",
                "g.ps",
                "g.ps",
                "g.ps",
                "g.ps",
                "g.ps",
                "g.ps",
                "g.ps",
                "g.ps",
                "r.ps",
                "r.ps",
                "r.ps",
                "r.ps",
                "r.ps",
                "r.ps",
                "r.ps",
                "r.ps",
                "r.ps",
                "r.ps",
                "r.ps",
                "r.ps",
                "r.ps",
                "r.ps",
                "r.ps",
                "r.ps",
                "r.ps",
                "r.ps",
                "r.ps",
                "r.ps",
                "r.ps",
                "r.ps"
            ],
            "obs_type": "uvoir",
            "reference": [
                "2014ApJ...780...44C",
                "2024MNRAS.527.2452M"
            ],
            "upperlimit": [
                true,
                true,
                true,
                false,
                false,
                false,
                false,
                false,
                false,
                false,
                false,
                false,
                false,
                false,
                false,
                false,
                false,
                false,
                false,
                false,
                false,
                false,
                false,
                false,
                false,
                false,
                false,
                false,
                false,
                false,
                false,
                false,
                false,
                false,
                false,
                false,
                false,
                false,
                false,
                false,
                false,
                false,
                false,
                false,
                false,
                false,
                false,
                false,
                false,
                false,
                false,
                false,
                false,
                false
            ],
            "corr_k": false,
            "corr_s": false,
            "corr_av": false,
            "corr_host": false,
            "corr_hostav": false,
            "val_av": 0.08347746020059521
        },
        {
            "reference": "['2014ApJ...780...44C', '2020SSRv..216...81A']",
            "raw": [
                51,
                30,
                45
            ],
            "raw_err": [
                0,
                0,
                0
            ],
            "raw_units": "uJy",
            "date": [
                "55649.053",
                "55933.409",
                "56443.992"
            ],
            "date_format": [
                "mjd",
                "mjd",
                "mjd"
            ],
            "upperlimit": [
                true,
                true,
                true
            ],
            "filter_key": [
                "4.9GHz",
                "5.875GHz",
                "5.875GHz"
            ],
            "obs_type": "radio",
            "corr_k": false,
            "corr_s": false,
            "corr_host": false,
            "corr_av": false,
            "corr_hostav": false
        }
    ],
    "distance": [
        {
            "value": "0.4046",
            "distance_type": "redshift",
            "reference": [
                "2013arXiv1309.3009C",
                "2014ApJ...780...44C",
                "2017ApJ...838..149A",
                "2023PASP..135c4101G",
                "2024MNRAS.527.2452M"
            ],
            "default": true
        },
        {
            "value": "1616",
            "distance_type": "comoving",
            "unit": "Mpc",
            "reference": [
                "2013arXiv1309.3009C",
                "2016A&A...594A..13P",
                "2017ApJ...835...64G",
                "2017ApJ...838..149A"
            ],
            "default": true
        },
        {
            "value": "2269",
            "distance_type": "luminosity",
            "unit": "Mpc",
            "reference": [
                "2013arXiv1309.3009C",
                "2016A&A...594A..13P",
                "2017ApJ...835...64G",
                "2017ApJ...838..149A"
            ],
            "default": true
        }
    ],
    "coordinate": [
        {
            "ra": "09:57:26.82",
            "dec": "+03:14:01.00",
            "ra_units": "hour",
            "dec_units": "deg",
            "coordinate_type": "equatorial",
            "default": false,
            "reference": [
                "2017ApJ...838..149A"
            ]
        },
        {
            "ra": "09:57:26.82",
            "dec": "+03:14:01.00",
            "ra_units": "hour",
            "dec_units": "degree",
            "coordinate_type": "equatorial",
            "default": false,
            "reference": [
                "2017ApJ...838..149A"
            ]
        },
        {
            "ra": "149.36175",
            "dec": "3.23359",
            "ra_units": "deg",
            "dec_units": "deg",
            "coordinate_type": "equatorial",
            "default": true,
            "reference": [
                "2014ApJ...780...44C",
                "2024MNRAS.527.2452M"
            ]
        }
    ],
    "filter_alias": [
        {
            "filter_key": "0.3 - 2.0",
            "wave_eff": 0.7293188143129428,
            "wave_min": 0.6199209921660013,
            "wave_max": 4.132806614440009,
            "wave_units": "nm",
            "filter_name": "0.3 - 2.0"
        },
        {
            "filter_key": "NUV",
            "filter_name": "NUV",
            "freq_eff": 1322268446213041.5,
            "freq_units": "Hz"
        },
        {
            "filter_key": "UVM2.uvot",
            "filter_name": "UVM2.uvot",
            "freq_eff": 1346484181597652,
            "freq_units": "Hz"
        },
        {
            "filter_key": "UVW1.uvot",
            "filter_name": "UVW1.uvot",
            "freq_eff": 1198891057872408,
            "freq_units": "Hz"
        },
        {
            "filter_key": "UVW2.uvot",
            "filter_name": "UVW2.uvot",
            "freq_eff": 1492659946412262.2,
            "freq_units": "Hz"
        },
        {
            "filter_key": "g.ps",
            "filter_name": "g.ps",
            "freq_eff": 627363098231187.5,
            "freq_units": "Hz"
        },
        {
            "filter_key": "r.ps",
            "filter_name": "r.ps",
            "freq_eff": 488135386922682.3,
            "freq_units": "Hz"
        },
        {
            "filter_key": "4.9GHz",
            "filter_name": "C",
            "freq_eff": 4.9,
            "freq_units": "GHz"
        },
        {
            "filter_key": "5.875GHz",
            "filter_name": "C",
            "freq_eff": 5.875,
            "freq_units": "GHz"
        }
    ],
    "date_reference": [
        {
            "value": "2010-12-30",
            "date_format": "iso",
            "date_type": "discovery",
            "reference": [
                "2013arXiv1309.3009C",
                "2017ApJ...835...64G"
            ],
            "default": false
        },
        {
            "value": "2010-12-30 ",
            "date_format": "iso",
            "date_type": "discovery",
            "reference": [
                "2014ApJ...780...44C",
                "2017ApJ...838..149A",
                "2023PASP..135c4101G"
            ],
            "default": true
        },
        {
            "value": "55581.710000000036",
            "date_format": "mjd",
            "date_type": "peak",
            "reference": [
                "2014ApJ...780...44C",
                "2024MNRAS.527.2452M"
            ],
            "default": true
        }
    ],
    "host": [
        {
            "host_name": "SDSS J095726.82+031400.9",
            "host_ra": 149.36249999999998,
            "host_dec": 3.2335944444444444,
            "host_ra_units": "deg",
            "host_dec_units": "deg",
            "reference": [
                "2023PASP..135c4101G",
                "2014ApJ...780...44C",
                "2017ApJ...838..149A"
            ]
        }
    ],
    "schema_version": {
        "comment": "Copied from tde.space;",
        "comments": "From Goldtooth et al. (2023)",
        "value": 0
    }
}