{
    "_key": "7553096",
    "_id": "vetting/7553096",
    "_rev": "_kl-43FK---",
    "name": {
        "default_name": "2022upj",
        "alias": [
            {
                "value": "2022upj",
                "reference": [
                    "2022TNSTR2690....1F"
                ]
            }
        ]
    },
    "coordinate": [
        {
            "ra": 5.986858,
            "dec": -14.423117,
            "ra_units": "deg",
            "dec_units": "deg",
            "reference": [
                "2022TNSTR2690....1F"
            ],
            "coordinate_type": "equatorial"
        }
    ],
    "distance": [
        {
            "value": 0.054,
            "reference": [
                "2022TNSCR3231....1N, 2022TNSCR3245....1F"
            ],
            "computed": false,
            "distance_type": "redshift"
        }
    ],
    "classification": {
        "value": [
            {
                "object_class": "TDE",
                "confidence": 3,
                "reference": [
                    "2022TNSCR3231....1N, 2022TNSCR3245....1F, 2024ApJ...977..258N "
                ]
            }
        ]
    },
    "schema_version": {
        "comment": "Uploader:NF | Email:nfranz@arizona.edu"
    },
    "photometry": [
        {
            "reference": "2024ApJ...977..258N",
            "raw": [
                18.032,
                17.998,
                18.007,
                18.059,
                18.1,
                18.136,
                18.2,
                18.163,
                18.308,
                18.224,
                18.303,
                18.286,
                18.357,
                18.369,
                18.547,
                18.557,
                18.656,
                19.122,
                19.087,
                19.147,
                19.146,
                19.32,
                19.204,
                19.193,
                19.267,
                19.229,
                19.253,
                19.273,
                19.291,
                19.319,
                19.444,
                19.463,
                19.263,
                19.353,
                19.391,
                19.525,
                19.444,
                19.45,
                18.203,
                18.145,
                18.157,
                18.169,
                18.211,
                18.272,
                18.199,
                18.151,
                18.189,
                18.275,
                18.211,
                18.279,
                18.288,
                18.376,
                18.435,
                18.648,
                18.683,
                18.758,
                18.673,
                18.635,
                18.73,
                18.731,
                18.622,
                18.935,
                18.823,
                18.824,
                18.753,
                18.689,
                18.662,
                18.635,
                18.783,
                18.974,
                18.744,
                18.933,
                18.91,
                17.95,
                18.093,
                18.109,
                18.163,
                18.238,
                18.226,
                18.261,
                18.28,
                18.18,
                18.238,
                18.197,
                18.451,
                18.604,
                18.489,
                18.598,
                18.605,
                18.485,
                18.615,
                18.52,
                18.626,
                18.698,
                18.454,
                18.712,
                18.509,
                18.691,
                18.554,
                18.692,
                18.816,
                18.787,
                18.847,
                18.776,
                18.893
            ],
            "raw_err": [
                0.027,
                0.023,
                0.029,
                0.023,
                0.017,
                0.023,
                0.017,
                0.031,
                0.035,
                0.017,
                0.024,
                0.02,
                0.016,
                0.071,
                0.034,
                0.091,
                0.028,
                0.034,
                0.028,
                0.032,
                0.032,
                0.05,
                0.04,
                0.047,
                0.071,
                0.042,
                0.13,
                0.106,
                0.041,
                0.049,
                0.092,
                0.079,
                0.08,
                0.081,
                0.103,
                0.089,
                0.089,
                0.063,
                0.042,
                0.04,
                0.04,
                0.029,
                0.029,
                0.062,
                0.031,
                0.067,
                0.031,
                0.031,
                0.034,
                0.044,
                0.029,
                0.125,
                0.048,
                0.043,
                0.085,
                0.062,
                0.036,
                0.046,
                0.045,
                0.025,
                0.074,
                0.056,
                0.077,
                0.027,
                0.042,
                0.045,
                0.061,
                0.024,
                0.065,
                0.076,
                0.078,
                0.075,
                0.051,
                0.051,
                0.049,
                0.046,
                0.04,
                0.077,
                0.045,
                0.047,
                0.04,
                0.044,
                0.055,
                0.049,
                0.143,
                0.057,
                0.066,
                0.06,
                0.064,
                0.053,
                0.054,
                0.116,
                0.094,
                0.127,
                0.052,
                0.094,
                0.045,
                0.134,
                0.09,
                0.095,
                0.076,
                0.067,
                0.086,
                0.092,
                0.114
            ],
            "raw_units": "mag(AB)",
            "date": [
                59892.54,
                59895.18,
                59898.16,
                59901.19,
                59904.82,
                59907.83,
                59910.84,
                59913.83,
                59917.05,
                59925.08,
                59928.1,
                59934.14,
                59939.06,
                59946.82,
                59952.06,
                59955.07,
                59957.83,
                60082.39,
                60089.13,
                60113.82,
                60119.04,
                60124.42,
                60176.71,
                60182.55,
                60223.14,
                60229.17,
                60235.17,
                60251.44,
                60257.15,
                60263.2,
                60280.21,
                60281.81,
                60289.84,
                60295.83,
                60301.83,
                60307.87,
                60319.87,
                60327.05,
                59892.55,
                59895.19,
                59898.16,
                59901.2,
                59904.83,
                59907.83,
                59910.85,
                59917.05,
                59922.06,
                59925.09,
                59928.11,
                59934.14,
                59939.07,
                59946.82,
                60082.4,
                60089.14,
                60094.36,
                60099.39,
                60109.36,
                60113.82,
                60119.04,
                60176.72,
                60182.56,
                60189.68,
                60203.79,
                60210.05,
                60223.15,
                60229.17,
                60251.44,
                60257.16,
                60263.21,
                60274.2,
                60289.85,
                60301.84,
                60319.88,
                59892.55,
                59895.2,
                59898.17,
                59904.83,
                59907.84,
                59910.85,
                59922.06,
                59925.1,
                59928.12,
                59934.15,
                59939.07,
                59946.83,
                59957.85,
                60082.41,
                60109.36,
                60113.83,
                60119.05,
                60176.73,
                60182.56,
                60195.72,
                60203.79,
                60210.05,
                60223.16,
                60229.18,
                60235.21,
                60236.82,
                60257.16,
                60263.21,
                60274.21,
                60289.86,
                60301.85,
                60319.89
            ],
            "date_format": [
                "mjd",
                "mjd",
                "mjd",
                "mjd",
                "mjd",
                "mjd",
                "mjd",
                "mjd",
                "mjd",
                "mjd",
                "mjd",
                "mjd",
                "mjd",
                "mjd",
                "mjd",
                "mjd",
                "mjd",
                "mjd",
                "mjd",
                "mjd",
                "mjd",
                "mjd",
                "mjd",
                "mjd",
                "mjd",
                "mjd",
                "mjd",
                "mjd",
                "mjd",
                "mjd",
                "mjd",
                "mjd",
                "mjd",
                "mjd",
                "mjd",
                "mjd",
                "mjd",
                "mjd",
                "mjd",
                "mjd",
                "mjd",
                "mjd",
                "mjd",
                "mjd",
                "mjd",
                "mjd",
                "mjd",
                "mjd",
                "mjd",
                "mjd",
                "mjd",
                "mjd",
                "mjd",
                "mjd",
                "mjd",
                "mjd",
                "mjd",
                "mjd",
                "mjd",
                "mjd",
                "mjd",
                "mjd",
                "mjd",
                "mjd",
                "mjd",
                "mjd",
                "mjd",
                "mjd",
                "mjd",
                "mjd",
                "mjd",
                "mjd",
                "mjd",
                "mjd",
                "mjd",
                "mjd",
                "mjd",
                "mjd",
                "mjd",
                "mjd",
                "mjd",
                "mjd",
                "mjd",
                "mjd",
                "mjd",
                "mjd",
                "mjd",
                "mjd",
                "mjd",
                "mjd",
                "mjd",
                "mjd",
                "mjd",
                "mjd",
                "mjd",
                "mjd",
                "mjd",
                "mjd",
                "mjd",
                "mjd",
                "mjd",
                "mjd",
                "mjd",
                "mjd",
                "mjd"
            ],
            "upperlimit": [
                false,
                false,
                false,
                false,
                false,
                false,
                false,
                false,
                false,
                false,
                false,
                false,
                false,
                false,
                false,
                false,
                false,
                false,
                false,
                false,
                false,
                false,
                false,
                false,
                false,
                false,
                false,
                false,
                false,
                false,
                false,
                false,
                false,
                false,
                false,
                false,
                false,
                false,
                false,
                false,
                false,
                false,
                false,
                false,
                false,
                false,
                false,
                false,
                false,
                false,
                false,
                false,
                false,
                false,
                false,
                false,
                false,
                false,
                false,
                false,
                false,
                false,
                false,
                false,
                false,
                false,
                false,
                false,
                false,
                false,
                false,
                false,
                false,
                false,
                false,
                false,
                false,
                false,
                false,
                false,
                false,
                false,
                false,
                false,
                false,
                false,
                false,
                false,
                false,
                false,
                false,
                false,
                false,
                false,
                false,
                false,
                false,
                false,
                false,
                false,
                false,
                false,
                false,
                false,
                false
            ],
            "filter_key": [
                "g",
                "g",
                "g",
                "g",
                "g",
                "g",
                "g",
                "g",
                "g",
                "g",
                "g",
                "g",
                "g",
                "g",
                "g",
                "g",
                "g",
                "g",
                "g",
                "g",
                "g",
                "g",
                "g",
                "g",
                "g",
                "g",
                "g",
                "g",
                "g",
                "g",
                "g",
                "g",
                "g",
                "g",
                "g",
                "g",
                "g",
                "g",
                "r",
                "r",
                "r",
                "r",
                "r",
                "r",
                "r",
                "r",
                "r",
                "r",
                "r",
                "r",
                "r",
                "r",
                "r",
                "r",
                "r",
                "r",
                "r",
                "r",
                "r",
                "r",
                "r",
                "r",
                "r",
                "r",
                "r",
                "r",
                "r",
                "r",
                "r",
                "r",
                "r",
                "r",
                "r",
                "i",
                "i",
                "i",
                "i",
                "i",
                "i",
                "i",
                "i",
                "i",
                "i",
                "i",
                "i",
                "i",
                "i",
                "i",
                "i",
                "i",
                "i",
                "i",
                "i",
                "i",
                "i",
                "i",
                "i",
                "i",
                "i",
                "i",
                "i",
                "i",
                "i",
                "i",
                "i"
            ],
            "obs_type": "uvoir",
            "telescope": "LCO",
            "val_k": false,
            "val_s": false,
            "val_host": false,
            "val_av": false,
            "val_hostav": false
        },
        {
            "reference": "2024ApJ...977..258N",
            "raw": [
                15.681,
                15.756,
                15.824,
                15.991,
                16.094,
                16.216,
                17.094,
                17.139,
                17.114,
                17.734,
                17.633,
                17.677,
                17.999,
                17.719,
                17.791,
                17.771,
                18.03,
                15.866,
                15.898,
                15.916,
                16.199,
                16.273,
                16.367,
                17.314,
                17.421,
                17.248,
                17.822,
                17.986,
                18.053,
                18.249,
                17.922,
                18.079,
                17.824,
                17.963,
                16.142,
                16.16,
                16.141,
                16.35,
                16.438,
                16.4,
                17.288,
                17.356,
                17.281,
                17.826,
                17.702,
                17.799,
                18.023,
                17.942,
                17.956,
                17.913,
                18.018
            ],
            "raw_err": [
                0.035,
                0.036,
                0.034,
                0.035,
                0.036,
                0.037,
                0.039,
                0.039,
                0.041,
                0.042,
                0.038,
                0.045,
                0.044,
                0.05,
                0.039,
                0.059,
                0.044,
                0.04,
                0.037,
                0.035,
                0.037,
                0.038,
                0.04,
                0.044,
                0.046,
                0.046,
                0.062,
                0.061,
                0.078,
                0.071,
                0.064,
                0.09,
                0.091,
                0.06,
                0.043,
                0.046,
                0.04,
                0.043,
                0.045,
                0.045,
                0.052,
                0.053,
                0.054,
                0.061,
                0.052,
                0.062,
                0.072,
                0.072,
                0.065,
                0.08,
                0.063
            ],
            "raw_units": "mag(AB)",
            "date": [
                59899.75,
                59908.35,
                59913.51,
                59939.31,
                59947.73,
                59955.63,
                60091.81,
                60097.81,
                60103.9,
                60248.6,
                60255.84,
                60267.94,
                60278.17,
                60286.57,
                60322.5,
                60328.14,
                60337.01,
                59899.98,
                59907.81,
                59913.51,
                59939.32,
                59947.75,
                59955.64,
                60091.81,
                60097.6,
                60103.9,
                60248.88,
                60255.75,
                60268.24,
                60277.78,
                60287.17,
                60322.5,
                60328.14,
                60337.16,
                59899.67,
                59908.19,
                59913.5,
                59939.3,
                59947.63,
                59955.63,
                60091.8,
                60097.54,
                60103.89,
                60248.57,
                60255.85,
                60267.9,
                60278.11,
                60285.59,
                60322.5,
                60328.24,
                60336.78
            ],
            "date_format": [
                "mjd",
                "mjd",
                "mjd",
                "mjd",
                "mjd",
                "mjd",
                "mjd",
                "mjd",
                "mjd",
                "mjd",
                "mjd",
                "mjd",
                "mjd",
                "mjd",
                "mjd",
                "mjd",
                "mjd",
                "mjd",
                "mjd",
                "mjd",
                "mjd",
                "mjd",
                "mjd",
                "mjd",
                "mjd",
                "mjd",
                "mjd",
                "mjd",
                "mjd",
                "mjd",
                "mjd",
                "mjd",
                "mjd",
                "mjd",
                "mjd",
                "mjd",
                "mjd",
                "mjd",
                "mjd",
                "mjd",
                "mjd",
                "mjd",
                "mjd",
                "mjd",
                "mjd",
                "mjd",
                "mjd",
                "mjd",
                "mjd",
                "mjd",
                "mjd"
            ],
            "upperlimit": [
                false,
                false,
                false,
                false,
                false,
                false,
                false,
                false,
                false,
                false,
                false,
                false,
                false,
                false,
                false,
                false,
                false,
                false,
                false,
                false,
                false,
                false,
                false,
                false,
                false,
                false,
                false,
                false,
                false,
                false,
                false,
                false,
                false,
                false,
                false,
                false,
                false,
                false,
                false,
                false,
                false,
                false,
                false,
                false,
                false,
                false,
                false,
                false,
                false,
                false,
                false
            ],
            "filter_key": [
                "UVW2",
                "UVW2",
                "UVW2",
                "UVW2",
                "UVW2",
                "UVW2",
                "UVW2",
                "UVW2",
                "UVW2",
                "UVW2",
                "UVW2",
                "UVW2",
                "UVW2",
                "UVW2",
                "UVW2",
                "UVW2",
                "UVW2",
                "UVM2",
                "UVM2",
                "UVM2",
                "UVM2",
                "UVM2",
                "UVM2",
                "UVM2",
                "UVM2",
                "UVM2",
                "UVM2",
                "UVM2",
                "UVM2",
                "UVM2",
                "UVM2",
                "UVM2",
                "UVM2",
                "UVM2",
                "UVW1",
                "UVW1",
                "UVW1",
                "UVW1",
                "UVW1",
                "UVW1",
                "UVW1",
                "UVW1",
                "UVW1",
                "UVW1",
                "UVW1",
                "UVW1",
                "UVW1",
                "UVW1",
                "UVW1",
                "UVW1",
                "UVW1"
            ],
            "obs_type": "uvoir",
            "telescope": "Swift",
            "val_k": false,
            "val_s": false,
            "val_host": false,
            "val_av": false,
            "val_hostav": false
        },
        {
            "reference": "2024ApJ...977..258N",
            "raw": [
                18.032,
                17.998,
                18.007,
                18.059,
                18.1,
                18.136,
                18.2,
                18.163,
                18.308,
                18.224,
                18.303,
                18.286,
                18.357,
                18.369,
                18.547,
                18.557,
                18.656,
                19.122,
                19.087,
                19.147,
                19.146,
                19.32,
                19.204,
                19.193,
                19.267,
                19.229,
                19.253,
                19.273,
                19.291,
                19.319
            ],
            "raw_err": [
                5.2e-14,
                3.9e-14,
                4e-14,
                2.9e-14,
                2.7e-14,
                3.6e-14,
                4.7e-14,
                3e-14,
                3.7e-14,
                3.8e-14,
                3.2e-14,
                5.2e-14,
                2.7e-14,
                2.9e-14,
                6.9e-14,
                9.5e-14,
                6.9e-14,
                1.1e-13,
                9.1e-14,
                8e-14,
                6.8e-14,
                2.5e-13,
                1.2e-13,
                1e-13,
                8.5e-14,
                7.8e-14,
                8.8e-14,
                9.6e-14,
                1.4e-13,
                7.1e-14
            ],
            "raw_units": "mW/m^2",
            "date": [
                59897.56,
                59901.94,
                59903.83,
                59911.41,
                59913.51,
                59939.31,
                59943.95,
                59947.43,
                59951.22,
                59955.63,
                60091.81,
                60095.08,
                60099.73,
                60103.9,
                60233.63,
                60240.09,
                60245.4,
                60248.48,
                60252.17,
                60254.42,
                60257.81,
                60261.52,
                60262.96,
                60266.59,
                60272.53,
                60275.01,
                60278.59,
                60281.5,
                60284.34,
                60287.17
            ],
            "date_format": [
                "mjd",
                "mjd",
                "mjd",
                "mjd",
                "mjd",
                "mjd",
                "mjd",
                "mjd",
                "mjd",
                "mjd",
                "mjd",
                "mjd",
                "mjd",
                "mjd",
                "mjd",
                "mjd",
                "mjd",
                "mjd",
                "mjd",
                "mjd",
                "mjd",
                "mjd",
                "mjd",
                "mjd",
                "mjd",
                "mjd",
                "mjd",
                "mjd",
                "mjd",
                "mjd"
            ],
            "upperlimit": [
                false,
                false,
                false,
                false,
                false,
                false,
                false,
                false,
                false,
                false,
                false,
                false,
                false,
                false,
                false,
                false,
                false,
                false,
                false,
                false,
                false,
                false,
                false,
                false,
                false,
                false,
                false,
                false,
                false,
                false
            ],
            "filter_key": [
                "0.1-10keV",
                "0.1-10keV",
                "0.1-10keV",
                "0.1-10keV",
                "0.1-10keV",
                "0.1-10keV",
                "0.1-10keV",
                "0.1-10keV",
                "0.1-10keV",
                "0.1-10keV",
                "0.1-10keV",
                "0.1-10keV",
                "0.1-10keV",
                "0.1-10keV",
                "0.1-10keV",
                "0.1-10keV",
                "0.1-10keV",
                "0.1-10keV",
                "0.1-10keV",
                "0.1-10keV",
                "0.1-10keV",
                "0.1-10keV",
                "0.1-10keV",
                "0.1-10keV",
                "0.1-10keV",
                "0.1-10keV",
                "0.1-10keV",
                "0.1-10keV",
                "0.1-10keV",
                "0.1-10keV"
            ],
            "obs_type": "xray",
            "telescope": "Swift",
            "val_k": false,
            "val_s": false,
            "val_host": false,
            "val_av": false,
            "val_hostav": false,
            "xray_model": [
                {
                    "model_name": "powerlaw",
                    "param_names": [
                        "Gamma"
                    ],
                    "param_values": [
                        2.55
                    ],
                    "param_value_upper_err": [
                        "null"
                    ],
                    "param_value_lower_err": [
                        "null"
                    ],
                    "param_upperlimit": [
                        false
                    ],
                    "param_units": [
                        "null"
                    ],
                    "model_reference": "2024ApJ...977..258N",
                    "min_energy": 0.1000000000267778,
                    "max_energy": 10.000000002677782,
                    "energy_units": "keV"
                },
                {
                    "model_name": "powerlaw",
                    "param_names": [
                        "Gamma"
                    ],
                    "param_values": [
                        2.55
                    ],
                    "param_value_upper_err": [
                        "null"
                    ],
                    "param_value_lower_err": [
                        "null"
                    ],
                    "param_upperlimit": [
                        false
                    ],
                    "param_units": [
                        "null"
                    ],
                    "model_reference": "2024ApJ...977..258N",
                    "min_energy": 0.1000000000267778,
                    "max_energy": 10.000000002677782,
                    "energy_units": "keV"
                },
                {
                    "model_name": "powerlaw",
                    "param_names": [
                        "Gamma"
                    ],
                    "param_values": [
                        2.55
                    ],
                    "param_value_upper_err": [
                        "null"
                    ],
                    "param_value_lower_err": [
                        "null"
                    ],
                    "param_upperlimit": [
                        false
                    ],
                    "param_units": [
                        "null"
                    ],
                    "model_reference": "2024ApJ...977..258N",
                    "min_energy": 0.1000000000267778,
                    "max_energy": 10.000000002677782,
                    "energy_units": "keV"
                },
                {
                    "model_name": "powerlaw",
                    "param_names": [
                        "Gamma"
                    ],
                    "param_values": [
                        2.55
                    ],
                    "param_value_upper_err": [
                        "null"
                    ],
                    "param_value_lower_err": [
                        "null"
                    ],
                    "param_upperlimit": [
                        false
                    ],
                    "param_units": [
                        "null"
                    ],
                    "model_reference": "2024ApJ...977..258N",
                    "min_energy": 0.1000000000267778,
                    "max_energy": 10.000000002677782,
                    "energy_units": "keV"
                },
                {
                    "model_name": "powerlaw",
                    "param_names": [
                        "Gamma"
                    ],
                    "param_values": [
                        2.55
                    ],
                    "param_value_upper_err": [
                        "null"
                    ],
                    "param_value_lower_err": [
                        "null"
                    ],
                    "param_upperlimit": [
                        false
                    ],
                    "param_units": [
                        "null"
                    ],
                    "model_reference": "2024ApJ...977..258N",
                    "min_energy": 0.1000000000267778,
                    "max_energy": 10.000000002677782,
                    "energy_units": "keV"
                },
                {
                    "model_name": "powerlaw",
                    "param_names": [
                        "Gamma"
                    ],
                    "param_values": [
                        2.55
                    ],
                    "param_value_upper_err": [
                        "null"
                    ],
                    "param_value_lower_err": [
                        "null"
                    ],
                    "param_upperlimit": [
                        false
                    ],
                    "param_units": [
                        "null"
                    ],
                    "model_reference": "2024ApJ...977..258N",
                    "min_energy": 0.1000000000267778,
                    "max_energy": 10.000000002677782,
                    "energy_units": "keV"
                },
                {
                    "model_name": "powerlaw",
                    "param_names": [
                        "Gamma"
                    ],
                    "param_values": [
                        2.55
                    ],
                    "param_value_upper_err": [
                        "null"
                    ],
                    "param_value_lower_err": [
                        "null"
                    ],
                    "param_upperlimit": [
                        false
                    ],
                    "param_units": [
                        "null"
                    ],
                    "model_reference": "2024ApJ...977..258N",
                    "min_energy": 0.1000000000267778,
                    "max_energy": 10.000000002677782,
                    "energy_units": "keV"
                },
                {
                    "model_name": "powerlaw",
                    "param_names": [
                        "Gamma"
                    ],
                    "param_values": [
                        2.55
                    ],
                    "param_value_upper_err": [
                        "null"
                    ],
                    "param_value_lower_err": [
                        "null"
                    ],
                    "param_upperlimit": [
                        false
                    ],
                    "param_units": [
                        "null"
                    ],
                    "model_reference": "2024ApJ...977..258N",
                    "min_energy": 0.1000000000267778,
                    "max_energy": 10.000000002677782,
                    "energy_units": "keV"
                },
                {
                    "model_name": "powerlaw",
                    "param_names": [
                        "Gamma"
                    ],
                    "param_values": [
                        2.55
                    ],
                    "param_value_upper_err": [
                        "null"
                    ],
                    "param_value_lower_err": [
                        "null"
                    ],
                    "param_upperlimit": [
                        false
                    ],
                    "param_units": [
                        "null"
                    ],
                    "model_reference": "2024ApJ...977..258N",
                    "min_energy": 0.1000000000267778,
                    "max_energy": 10.000000002677782,
                    "energy_units": "keV"
                },
                {
                    "model_name": "powerlaw",
                    "param_names": [
                        "Gamma"
                    ],
                    "param_values": [
                        2.55
                    ],
                    "param_value_upper_err": [
                        "null"
                    ],
                    "param_value_lower_err": [
                        "null"
                    ],
                    "param_upperlimit": [
                        false
                    ],
                    "param_units": [
                        "null"
                    ],
                    "model_reference": "2024ApJ...977..258N",
                    "min_energy": 0.1000000000267778,
                    "max_energy": 10.000000002677782,
                    "energy_units": "keV"
                },
                {
                    "model_name": "powerlaw",
                    "param_names": [
                        "Gamma"
                    ],
                    "param_values": [
                        3.2
                    ],
                    "param_value_upper_err": [
                        "null"
                    ],
                    "param_value_lower_err": [
                        "null"
                    ],
                    "param_upperlimit": [
                        false
                    ],
                    "param_units": [
                        "null"
                    ],
                    "model_reference": "2024ApJ...977..258N",
                    "min_energy": 0.1000000000267778,
                    "max_energy": 10.000000002677782,
                    "energy_units": "keV"
                },
                {
                    "model_name": "powerlaw",
                    "param_names": [
                        "Gamma"
                    ],
                    "param_values": [
                        3.2
                    ],
                    "param_value_upper_err": [
                        "null"
                    ],
                    "param_value_lower_err": [
                        "null"
                    ],
                    "param_upperlimit": [
                        false
                    ],
                    "param_units": [
                        "null"
                    ],
                    "model_reference": "2024ApJ...977..258N",
                    "min_energy": 0.1000000000267778,
                    "max_energy": 10.000000002677782,
                    "energy_units": "keV"
                },
                {
                    "model_name": "powerlaw",
                    "param_names": [
                        "Gamma"
                    ],
                    "param_values": [
                        3.2
                    ],
                    "param_value_upper_err": [
                        "null"
                    ],
                    "param_value_lower_err": [
                        "null"
                    ],
                    "param_upperlimit": [
                        false
                    ],
                    "param_units": [
                        "null"
                    ],
                    "model_reference": "2024ApJ...977..258N",
                    "min_energy": 0.1000000000267778,
                    "max_energy": 10.000000002677782,
                    "energy_units": "keV"
                },
                {
                    "model_name": "powerlaw",
                    "param_names": [
                        "Gamma"
                    ],
                    "param_values": [
                        3.2
                    ],
                    "param_value_upper_err": [
                        "null"
                    ],
                    "param_value_lower_err": [
                        "null"
                    ],
                    "param_upperlimit": [
                        false
                    ],
                    "param_units": [
                        "null"
                    ],
                    "model_reference": "2024ApJ...977..258N",
                    "min_energy": 0.1000000000267778,
                    "max_energy": 10.000000002677782,
                    "energy_units": "keV"
                },
                {
                    "model_name": "powerlaw",
                    "param_names": [
                        "Gamma"
                    ],
                    "param_values": [
                        3.2
                    ],
                    "param_value_upper_err": [
                        "null"
                    ],
                    "param_value_lower_err": [
                        "null"
                    ],
                    "param_upperlimit": [
                        false
                    ],
                    "param_units": [
                        "null"
                    ],
                    "model_reference": "2024ApJ...977..258N",
                    "min_energy": 0.1000000000267778,
                    "max_energy": 10.000000002677782,
                    "energy_units": "keV"
                },
                {
                    "model_name": "powerlaw",
                    "param_names": [
                        "Gamma"
                    ],
                    "param_values": [
                        3.2
                    ],
                    "param_value_upper_err": [
                        "null"
                    ],
                    "param_value_lower_err": [
                        "null"
                    ],
                    "param_upperlimit": [
                        false
                    ],
                    "param_units": [
                        "null"
                    ],
                    "model_reference": "2024ApJ...977..258N",
                    "min_energy": 0.1000000000267778,
                    "max_energy": 10.000000002677782,
                    "energy_units": "keV"
                },
                {
                    "model_name": "powerlaw",
                    "param_names": [
                        "Gamma"
                    ],
                    "param_values": [
                        3.2
                    ],
                    "param_value_upper_err": [
                        "null"
                    ],
                    "param_value_lower_err": [
                        "null"
                    ],
                    "param_upperlimit": [
                        false
                    ],
                    "param_units": [
                        "null"
                    ],
                    "model_reference": "2024ApJ...977..258N",
                    "min_energy": 0.1000000000267778,
                    "max_energy": 10.000000002677782,
                    "energy_units": "keV"
                },
                {
                    "model_name": "powerlaw",
                    "param_names": [
                        "Gamma"
                    ],
                    "param_values": [
                        3.2
                    ],
                    "param_value_upper_err": [
                        "null"
                    ],
                    "param_value_lower_err": [
                        "null"
                    ],
                    "param_upperlimit": [
                        false
                    ],
                    "param_units": [
                        "null"
                    ],
                    "model_reference": "2024ApJ...977..258N",
                    "min_energy": 0.1000000000267778,
                    "max_energy": 10.000000002677782,
                    "energy_units": "keV"
                },
                {
                    "model_name": "powerlaw",
                    "param_names": [
                        "Gamma"
                    ],
                    "param_values": [
                        3.2
                    ],
                    "param_value_upper_err": [
                        "null"
                    ],
                    "param_value_lower_err": [
                        "null"
                    ],
                    "param_upperlimit": [
                        false
                    ],
                    "param_units": [
                        "null"
                    ],
                    "model_reference": "2024ApJ...977..258N",
                    "min_energy": 0.1000000000267778,
                    "max_energy": 10.000000002677782,
                    "energy_units": "keV"
                },
                {
                    "model_name": "powerlaw",
                    "param_names": [
                        "Gamma"
                    ],
                    "param_values": [
                        3.2
                    ],
                    "param_value_upper_err": [
                        "null"
                    ],
                    "param_value_lower_err": [
                        "null"
                    ],
                    "param_upperlimit": [
                        false
                    ],
                    "param_units": [
                        "null"
                    ],
                    "model_reference": "2024ApJ...977..258N",
                    "min_energy": 0.1000000000267778,
                    "max_energy": 10.000000002677782,
                    "energy_units": "keV"
                },
                {
                    "model_name": "powerlaw",
                    "param_names": [
                        "Gamma"
                    ],
                    "param_values": [
                        3.2
                    ],
                    "param_value_upper_err": [
                        "null"
                    ],
                    "param_value_lower_err": [
                        "null"
                    ],
                    "param_upperlimit": [
                        false
                    ],
                    "param_units": [
                        "null"
                    ],
                    "model_reference": "2024ApJ...977..258N",
                    "min_energy": 0.1000000000267778,
                    "max_energy": 10.000000002677782,
                    "energy_units": "keV"
                },
                {
                    "model_name": "powerlaw",
                    "param_names": [
                        "Gamma"
                    ],
                    "param_values": [
                        3.2
                    ],
                    "param_value_upper_err": [
                        "null"
                    ],
                    "param_value_lower_err": [
                        "null"
                    ],
                    "param_upperlimit": [
                        false
                    ],
                    "param_units": [
                        "null"
                    ],
                    "model_reference": "2024ApJ...977..258N",
                    "min_energy": 0.1000000000267778,
                    "max_energy": 10.000000002677782,
                    "energy_units": "keV"
                },
                {
                    "model_name": "powerlaw",
                    "param_names": [
                        "Gamma"
                    ],
                    "param_values": [
                        3.2
                    ],
                    "param_value_upper_err": [
                        "null"
                    ],
                    "param_value_lower_err": [
                        "null"
                    ],
                    "param_upperlimit": [
                        false
                    ],
                    "param_units": [
                        "null"
                    ],
                    "model_reference": "2024ApJ...977..258N",
                    "min_energy": 0.1000000000267778,
                    "max_energy": 10.000000002677782,
                    "energy_units": "keV"
                },
                {
                    "model_name": "powerlaw",
                    "param_names": [
                        "Gamma"
                    ],
                    "param_values": [
                        3.2
                    ],
                    "param_value_upper_err": [
                        "null"
                    ],
                    "param_value_lower_err": [
                        "null"
                    ],
                    "param_upperlimit": [
                        false
                    ],
                    "param_units": [
                        "null"
                    ],
                    "model_reference": "2024ApJ...977..258N",
                    "min_energy": 0.1000000000267778,
                    "max_energy": 10.000000002677782,
                    "energy_units": "keV"
                },
                {
                    "model_name": "powerlaw",
                    "param_names": [
                        "Gamma"
                    ],
                    "param_values": [
                        3.2
                    ],
                    "param_value_upper_err": [
                        "null"
                    ],
                    "param_value_lower_err": [
                        "null"
                    ],
                    "param_upperlimit": [
                        false
                    ],
                    "param_units": [
                        "null"
                    ],
                    "model_reference": "2024ApJ...977..258N",
                    "min_energy": 0.1000000000267778,
                    "max_energy": 10.000000002677782,
                    "energy_units": "keV"
                },
                {
                    "model_name": "powerlaw",
                    "param_names": [
                        "Gamma"
                    ],
                    "param_values": [
                        3.2
                    ],
                    "param_value_upper_err": [
                        "null"
                    ],
                    "param_value_lower_err": [
                        "null"
                    ],
                    "param_upperlimit": [
                        false
                    ],
                    "param_units": [
                        "null"
                    ],
                    "model_reference": "2024ApJ...977..258N",
                    "min_energy": 0.1000000000267778,
                    "max_energy": 10.000000002677782,
                    "energy_units": "keV"
                },
                {
                    "model_name": "powerlaw",
                    "param_names": [
                        "Gamma"
                    ],
                    "param_values": [
                        3.2
                    ],
                    "param_value_upper_err": [
                        "null"
                    ],
                    "param_value_lower_err": [
                        "null"
                    ],
                    "param_upperlimit": [
                        false
                    ],
                    "param_units": [
                        "null"
                    ],
                    "model_reference": "2024ApJ...977..258N",
                    "min_energy": 0.1000000000267778,
                    "max_energy": 10.000000002677782,
                    "energy_units": "keV"
                },
                {
                    "model_name": "powerlaw",
                    "param_names": [
                        "Gamma"
                    ],
                    "param_values": [
                        3.2
                    ],
                    "param_value_upper_err": [
                        "null"
                    ],
                    "param_value_lower_err": [
                        "null"
                    ],
                    "param_upperlimit": [
                        false
                    ],
                    "param_units": [
                        "null"
                    ],
                    "model_reference": "2024ApJ...977..258N",
                    "min_energy": 0.1000000000267778,
                    "max_energy": 10.000000002677782,
                    "energy_units": "keV"
                },
                {
                    "model_name": "powerlaw",
                    "param_names": [
                        "Gamma"
                    ],
                    "param_values": [
                        3.2
                    ],
                    "param_value_upper_err": [
                        "null"
                    ],
                    "param_value_lower_err": [
                        "null"
                    ],
                    "param_upperlimit": [
                        false
                    ],
                    "param_units": [
                        "null"
                    ],
                    "model_reference": "2024ApJ...977..258N",
                    "min_energy": 0.1000000000267778,
                    "max_energy": 10.000000002677782,
                    "energy_units": "keV"
                },
                {
                    "model_name": "powerlaw",
                    "param_names": [
                        "Gamma"
                    ],
                    "param_values": [
                        3.2
                    ],
                    "param_value_upper_err": [
                        "null"
                    ],
                    "param_value_lower_err": [
                        "null"
                    ],
                    "param_upperlimit": [
                        false
                    ],
                    "param_units": [
                        "null"
                    ],
                    "model_reference": "2024ApJ...977..258N",
                    "min_energy": 0.1000000000267778,
                    "max_energy": 10.000000002677782,
                    "energy_units": "keV"
                }
            ]
        },
        {
            "reference": "2024ApJ...977..258N",
            "raw": [
                19.917,
                19.801,
                19.864,
                18.889,
                18.757,
                18.711,
                18.58,
                18.55,
                18.393,
                18.353,
                18.12,
                18.07,
                18.096,
                18.265,
                18.216,
                18.446,
                18.32,
                18.234,
                18.379,
                18.422,
                18.423,
                19.392,
                19.111,
                19.206,
                19.276,
                19.165,
                19.288,
                19.325,
                19.419,
                19.294,
                19.224,
                19.319,
                19.291,
                19.208,
                19.495,
                19.324,
                19.444,
                19.592,
                19.456,
                19.473,
                19.502,
                19.711,
                18.829,
                18.722,
                18.714,
                18.766,
                18.607,
                18.453,
                18.511,
                18.358,
                18.236,
                18.204,
                18.131,
                18.147,
                18.313,
                18.358,
                18.298,
                18.332,
                18.399,
                18.436,
                18.457,
                18.547,
                18.47,
                18.336,
                18.693,
                19.212,
                19.064
            ],
            "raw_err": [
                0.086,
                0.101,
                0.097,
                0.045,
                0.038,
                0.039,
                0.035,
                0.027,
                0.045,
                0.065,
                0.023,
                0.027,
                0.028,
                0.065,
                0.029,
                0.063,
                0.038,
                0.029,
                0.055,
                0.056,
                0.039,
                0.062,
                0.049,
                0.059,
                0.056,
                0.098,
                0.052,
                0.061,
                0.071,
                0.064,
                0.1,
                0.109,
                0.073,
                0.061,
                0.063,
                0.057,
                0.081,
                0.108,
                0.073,
                0.105,
                0.078,
                0.104,
                0.046,
                0.045,
                0.046,
                0.035,
                0.077,
                0.06,
                0.073,
                0.037,
                0.039,
                0.029,
                0.036,
                0.041,
                0.04,
                0.05,
                0.047,
                0.045,
                0.046,
                0.056,
                0.063,
                0.073,
                0.069,
                0.079,
                0.053,
                0.08,
                0.065
            ],
            "raw_units": "mag(AB)",
            "date": [
                59819.38,
                59822.38,
                59825.38,
                59840.39,
                59843.32,
                59846.38,
                59849.42,
                59852.35,
                59856.25,
                59858.39,
                59874.21,
                59879.29,
                59882.36,
                59894.91,
                59897.15,
                59900.19,
                59904.17,
                59906.19,
                59914.17,
                59928.19,
                59932.89,
                60144.44,
                60149.46,
                60152.46,
                60155.44,
                60162.46,
                60168.42,
                60170.48,
                60173.46,
                60182.38,
                60184.4,
                60191.41,
                60194.41,
                60196.38,
                60200.38,
                60203.57,
                60206.41,
                60209.37,
                60212.4,
                60223.29,
                60227.43,
                59826.42,
                59843.3,
                59847.44,
                59850.27,
                59853.53,
                59858.29,
                59865.33,
                59867.32,
                59871.15,
                59877.34,
                59880.39,
                59883.29,
                59894.98,
                59898.25,
                59901.59,
                59904.19,
                59906.23,
                59910.17,
                59914.15,
                59923.19,
                59928.15,
                59932.21,
                59936.13,
                60162.44,
                60182.45,
                60228.28
            ],
            "date_format": [
                "mjd",
                "mjd",
                "mjd",
                "mjd",
                "mjd",
                "mjd",
                "mjd",
                "mjd",
                "mjd",
                "mjd",
                "mjd",
                "mjd",
                "mjd",
                "mjd",
                "mjd",
                "mjd",
                "mjd",
                "mjd",
                "mjd",
                "mjd",
                "mjd",
                "mjd",
                "mjd",
                "mjd",
                "mjd",
                "mjd",
                "mjd",
                "mjd",
                "mjd",
                "mjd",
                "mjd",
                "mjd",
                "mjd",
                "mjd",
                "mjd",
                "mjd",
                "mjd",
                "mjd",
                "mjd",
                "mjd",
                "mjd",
                "mjd",
                "mjd",
                "mjd",
                "mjd",
                "mjd",
                "mjd",
                "mjd",
                "mjd",
                "mjd",
                "mjd",
                "mjd",
                "mjd",
                "mjd",
                "mjd",
                "mjd",
                "mjd",
                "mjd",
                "mjd",
                "mjd",
                "mjd",
                "mjd",
                "mjd",
                "mjd",
                "mjd",
                "mjd",
                "mjd"
            ],
            "upperlimit": [
                false,
                false,
                false,
                false,
                false,
                false,
                false,
                false,
                false,
                false,
                false,
                false,
                false,
                false,
                false,
                false,
                false,
                false,
                false,
                false,
                false,
                false,
                false,
                false,
                false,
                false,
                false,
                false,
                false,
                false,
                false,
                false,
                false,
                false,
                false,
                false,
                false,
                false,
                false,
                false,
                false,
                false,
                false,
                false,
                false,
                false,
                false,
                false,
                false,
                false,
                false,
                false,
                false,
                false,
                false,
                false,
                false,
                false,
                false,
                false,
                false,
                false,
                false,
                false,
                false,
                false,
                false
            ],
            "filter_key": [
                "g",
                "g",
                "g",
                "g",
                "g",
                "g",
                "g",
                "g",
                "g",
                "g",
                "g",
                "g",
                "g",
                "g",
                "g",
                "g",
                "g",
                "g",
                "g",
                "g",
                "g",
                "g",
                "g",
                "g",
                "g",
                "g",
                "g",
                "g",
                "g",
                "g",
                "g",
                "g",
                "g",
                "g",
                "g",
                "g",
                "g",
                "g",
                "g",
                "g",
                "g",
                "r",
                "r",
                "r",
                "r",
                "r",
                "r",
                "r",
                "r",
                "r",
                "r",
                "r",
                "r",
                "r",
                "r",
                "r",
                "r",
                "r",
                "r",
                "r",
                "r",
                "r",
                "r",
                "r",
                "r",
                "r",
                "r"
            ],
            "obs_type": "uvoir",
            "telescope": "ZTF",
            "val_k": false,
            "val_s": false,
            "val_host": false,
            "val_av": false,
            "val_hostav": false
        }
    ],
    "filter_alias": [
        {
            "filter_key": "g",
            "filter_name": "g",
            "wave_eff": 471.8872246,
            "wave_units": "nm"
        },
        {
            "filter_key": "r",
            "filter_name": "r",
            "wave_eff": 618.5194477,
            "wave_units": "nm"
        },
        {
            "filter_key": "i",
            "filter_name": "i",
            "wave_eff": 749.9704174,
            "wave_units": "nm"
        },
        {
            "filter_key": "UVW2",
            "filter_name": "UVW2",
            "wave_eff": 207.9875433,
            "wave_units": "nm"
        },
        {
            "filter_key": "UVM2",
            "filter_name": "UVM2",
            "wave_eff": 225.4780248,
            "wave_units": "nm"
        },
        {
            "filter_key": "UVW1",
            "filter_name": "UVW1",
            "wave_eff": 261.3713061,
            "wave_units": "nm"
        },
        {
            "filter_key": "0.1-10keV",
            "filter_name": "0.1-10keV",
            "wave_eff": 6.261202021,
            "wave_units": "nm",
            "wave_min": 0.1239841984,
            "wave_max": 12.39841984
        }
    ],
    "reference_alias": [
        {
            "name": "2024ApJ...977..258N",
            "human_readable_name": "Newsome, Megan et al. (2024)"
        },
        {
            "name": "2022TNSTR2690....1F",
            "human_readable_name": "Fremling, C. (2022)"
        },
        {
            "name": "2022TNSCR3231....1N",
            "human_readable_name": "Newsome, M. et al. (2022)"
        },
        {
            "name": "2022TNSCR3245....1F",
            "human_readable_name": "Fulton, M. et al. (2022)"
        }
    ]
}