{
    "_key": "885009",
    "_id": "transients/885009",
    "_rev": "_j6ZBNey---",
    "reference_alias": [
        {
            "name": "Yao, Yuhan et al. (2023)",
            "human_readable_name": "2023ApJ...955L...6Y"
        },
        {
            "name": "2024MNRAS.527.2452M",
            "human_readable_name": "Mummery et al. (2023)"
        },
        {
            "name": "2020TNSTR3341....1N",
            "human_readable_name": "Nordin, J. et al. (2020)"
        },
        {
            "name": "2022TNSCR.662....1K",
            "human_readable_name": "Kangas, T. (2022)"
        },
        {
            "name": "2023TNSCR2004....1Y",
            "human_readable_name": "Yao, Y. (2023)"
        }
    ],
    "classification": {
        "spec_classed": 3,
        "unambiguous": true,
        "value": [
            {
                "object_class": "TDE",
                "confidence": 3.3,
                "reference": [
                    "2022TNSCR.662....1K",
                    "2023ApJ...955L...6Y",
                    "2023TNSCR2004....1Y",
                    "2024MNRAS.527.2452M"
                ],
                "default": true
            }
        ],
        "discovery_method": "uvoir"
    },
    "coordinate": [
        {
            "ra": "165.00137016",
            "dec": "21.1127353",
            "ra_units": "deg",
            "dec_units": "deg",
            "coordinate_type": "equatorial",
            "epoch": "J2000",
            "frame": "ICRS",
            "reference": [
                "2020TNSTR3341....1N"
            ],
            "default": false
        },
        {
            "ra": "165.0014032",
            "dec": "21.1127647",
            "ra_units": "deg",
            "dec_units": "deg",
            "coordinate_type": "equatorial",
            "reference": [
                "2023ApJ...955L...6Y",
                "2024MNRAS.527.2452M"
            ],
            "default": true
        }
    ],
    "distance": [
        {
            "value": "0.204",
            "distance_type": "redshift",
            "reference": [
                "2022TNSCR.662....1K",
                "2023TNSCR2004....1Y"
            ],
            "default": true
        },
        {
            "value": "0.2042",
            "distance_type": "redshift",
            "reference": [
                "2023ApJ...955L...6Y",
                "2024MNRAS.527.2452M"
            ],
            "default": false
        }
    ],
    "name": {
        "alias": [
            {
                "value": "ZTF20acnznms",
                "reference": [
                    "TNS"
                ]
            },
            {
                "value": "2020yue",
                "reference": [
                    "TNS"
                ]
            },
            {
                "value": "AT2020yue",
                "reference": [
                    "2023ApJ...955L...6Y",
                    "2024MNRAS.527.2452M"
                ]
            }
        ],
        "default_name": "2020yue"
    },
    "date_reference": [
        {
            "value": "59156.49736",
            "date_format": "mjd",
            "date_type": "discovery",
            "reference": [
                "2020TNSTR3341....1N"
            ],
            "default": true
        },
        {
            "value": "59195.99999999998",
            "date_format": "mjd",
            "date_type": "peak",
            "reference": [
                "2023ApJ...955L...6Y",
                "2024MNRAS.527.2452M"
            ],
            "default": true
        }
    ],
    "filter_alias": [
        {
            "filter_key": "B.uvot",
            "filter_name": "B.uvot",
            "freq_eff": 695280559412463.5,
            "freq_units": "Hz"
        },
        {
            "filter_key": "U.uvot",
            "filter_name": "U.uvot",
            "freq_eff": 872815357550259.6,
            "freq_units": "Hz"
        },
        {
            "filter_key": "UVM2.uvot",
            "filter_name": "UVM2.uvot",
            "freq_eff": 1346484181597652,
            "freq_units": "Hz"
        },
        {
            "filter_key": "UVW1.uvot",
            "filter_name": "UVW1.uvot",
            "freq_eff": 1198891057872408,
            "freq_units": "Hz"
        },
        {
            "filter_key": "UVW2.uvot",
            "filter_name": "UVW2.uvot",
            "freq_eff": 1492659946412262.2,
            "freq_units": "Hz"
        },
        {
            "filter_key": "W1.wise",
            "filter_name": "W1.wise",
            "freq_eff": 89917740678395.33,
            "freq_units": "Hz"
        },
        {
            "filter_key": "W2.wise",
            "filter_name": "W2.wise",
            "freq_eff": 65429370473910.305,
            "freq_units": "Hz"
        },
        {
            "filter_key": "g.ztf",
            "filter_name": "g.ztf",
            "freq_eff": 634121907623677.4,
            "freq_units": "Hz"
        },
        {
            "filter_key": "r.ztf",
            "filter_name": "r.ztf",
            "freq_eff": 471994480402802.25,
            "freq_units": "Hz"
        }
    ],
    "photometry": [
        {
            "raw": [
                -5.028389378026819e-07,
                -7.79555212489734e-07,
                3.400595887114865e-06,
                6.451103711797136e-06,
                -8.069485081683348e-06,
                9.29568952951582e-06,
                4.185320499289321e-06,
                0,
                -9.409309400689814e-07,
                4.092364818944389e-07,
                -6.111159519408159e-06,
                -6.392870593877308e-06,
                2.5436572625112234e-06,
                2.8196543487133304e-06,
                2.50651789839336e-06,
                -2.982807840756598e-07,
                -1.7714518116987377e-05,
                1.0445752482537509e-06,
                5.620304634507874e-06,
                8.581831976348915e-07,
                4.9588609381399527e-08,
                4.221754311163103e-06,
                -5.12622864011126e-06,
                4.838876281150765e-06,
                -2.090156849772205e-06,
                2.0038081270222216e-06,
                3.289336139862491e-06,
                -7.159455816550668e-07,
                1.659894923529875e-06,
                -4.3685462878315984e-07,
                3.3295661889351693e-06,
                -4.1204366682904656e-07,
                -7.830639755708288e-06,
                -3.4681631495737366e-06,
                9.993861180987219e-07,
                2.927535287016684e-06,
                -4.977782909762864e-07,
                2.452829815032022e-06,
                6.889400926203455e-07,
                -9.068722576986938e-07,
                -2.254324892918427e-06,
                1.3367499996536795e-06,
                5.252919080479778e-06,
                -2.335967359035029e-06,
                -2.1652253626213473e-06,
                2.279428505512151e-06,
                2.283993166516035e-06,
                5.842622114484991e-06,
                3.2066579004470423e-06,
                -6.020699794097517e-08,
                -3.2137822092267964e-07,
                4.293578477721837e-06,
                1.4922389295671685e-05,
                5.683329403506446e-06,
                1.0608242705317004e-06,
                -1.5701202966467363e-06,
                -2.737335173027269e-07,
                5.284142485766447e-06,
                -2.7748348729992756e-06,
                -8.63587749932089e-06,
                -9.369587513187136e-06,
                1.07208860863745e-06,
                5.389542288601424e-06,
                -1.3116232024958313e-05,
                4.549474014579141e-06,
                -1.2495534563200816e-05,
                -5.0886498333869345e-06,
                -9.253961592263495e-06,
                2.4852408728165203e-06,
                2.4266694870769664e-07,
                -1.920982819670746e-06,
                1.7002906540508667e-05,
                -2.890214483144529e-06,
                4.527085789148749e-06,
                -5.7553476588171594e-06,
                -1.7941439648392347e-06,
                1.1178301312616632e-05,
                -2.8586687392320058e-06,
                8.599649543349874e-06,
                -3.4731781894624622e-06,
                1.0738837565497436e-06,
                -2.2496986569295484e-06,
                -3.5373555985426727e-06,
                5.088910261071552e-07,
                -2.2568535000027357e-06,
                6.0276663508388676e-06,
                2.1288343079646527e-06,
                -1.4791978187101354e-06,
                1.43872617938894e-06,
                -1.6949752493582138e-06,
                -2.722189173071796e-07,
                3.5898144390383396e-06,
                1.1947167285677582e-06,
                1.8595035798916191e-09,
                -1.0924330306944674e-06,
                5.017127153963159e-07,
                -1.204121563850882e-06,
                6.200650816464152e-06,
                2.9230901357100795e-06,
                -1.5761798779275765e-06,
                -1.6433077362475413e-06,
                -9.641611043179068e-06,
                0,
                1.3784233033410518e-05,
                2.105037139082939e-06,
                9.368498198192783e-07,
                -5.2377445156039435e-06,
                -2.438238167459188e-06,
                1.4960598176461008e-06,
                3.99670593580434e-06,
                -2.681832681419788e-06,
                -4.244375767460952e-06,
                6.475978696471016e-07,
                -3.3565041362717258e-06,
                3.95359275065724e-06,
                -1.2107727281944748e-06,
                -3.6007712191485553e-07,
                -4.783409000806626e-06,
                3.998224249536611e-06,
                2.048060381571277e-06,
                -2.5391788649774982e-06,
                1.0030431537344143e-06,
                -3.5078458953544086e-07,
                1.9839880772651783e-06,
                8.08322628063907e-06,
                2.093498068000596e-06,
                -6.292926314590549e-06,
                -1.5059211278789739e-06,
                9.911722955173814e-07,
                4.325207793006629e-07,
                -1.4521334583720464e-06,
                -3.458084578620389e-06,
                -1.7971956186717102e-06,
                -3.659489482153948e-06,
                9.890472283115957e-07,
                -2.2225949824943127e-06,
                -2.32440980251293e-07,
                -1.5870146213826935e-06,
                -9.892011032205348e-07,
                -3.0470167753308856e-06,
                4.636763464041767e-06,
                9.036446146871716e-07,
                -1.0779068477101167e-06,
                -4.024959574052685e-06,
                2.521214838683936e-07,
                -5.286535918911706e-07,
                5.727753138603145e-06,
                2.5121397628362694e-06,
                -1.3528974539891267e-06,
                -1.7522766652851537e-06,
                -2.9445705065952034e-06,
                1.2603358286821442e-06,
                -1.5056158614451673e-06,
                3.3718254047452724e-06,
                -1.0198845971229718e-05,
                5.818513302633562e-06,
                4.890850394875629e-06,
                4.972443093747994e-06,
                3.4095776135125263e-07,
                2.1988395416486754e-06,
                -7.72573628494945e-06,
                2.362980178716043e-06,
                -8.851926976588054e-07,
                -1.081272022882396e-05,
                -2.4357592877051687e-06,
                1.0002354410390719e-05,
                2.3874721727518924e-05,
                7.437317608164146e-06,
                5.914392949391166e-06,
                1.62420131610516e-05,
                2.452198157128543e-06,
                2.1677072783345132e-05,
                1.3085623025086746e-05,
                2.1874376356109635e-05,
                3.8442850343101816e-05,
                2.3974533222669592e-05,
                2.8367024157500024e-05,
                2.519605312478846e-05,
                3.505109881744659e-05,
                2.703078433532489e-05,
                5.163478960489752e-05,
                5.378407567653481e-05,
                4.299573732463522e-05,
                4.0167761876536045e-05,
                6.635967524065394e-05,
                7.361825350680885e-05,
                7.350382897152751e-05,
                7.127228690011572e-05,
                9.049329714666989e-05,
                7.911574724562144e-05,
                0.00011117028764274897,
                0.00013154277911985016,
                0.0001348186567723511,
                0.00011953748097262699,
                0.00014042668500385624,
                0.00011436637858723973,
                0.00013618350570883116,
                0.00013954283439573286,
                0.0001444436755086527,
                0.0001421543075407184,
                0.00014042798652900707,
                0.00013297015296472777,
                0.00011934669246991314,
                0.0001268523843386099,
                0.0001317818310076596,
                0.00012218765062333372,
                0.00011407570707274756,
                0.00013881549107142767,
                0.0001336806107294241,
                0.0001337205460440397,
                0.00012978802428292475,
                0.0001348050281238804,
                0.0001257893598684085,
                0.00012081106483638113,
                9.47266444553523e-05,
                0.00010866882934256498,
                0.00010867670772913516,
                0.00010693689114839507,
                0.0001062447199778132,
                0.00010156908448492312,
                9.853121623330635e-05,
                9.579365444634023e-05,
                9.913264098351389e-05,
                9.861731050807244e-05,
                8.765307982252697e-05,
                0.00010030803307140517,
                8.246473925452206e-05,
                6.728421056903804e-05,
                6.952668017307539e-05,
                7.370286036988148e-05,
                7.860032794482067e-05,
                7.1462842443943e-05,
                7.726696376904683e-05,
                6.799726490957292e-05,
                7.239027717673637e-05,
                6.113411105328845e-05,
                6.143826803084867e-05,
                6.33839403566691e-05,
                6.178589145788623e-05,
                5.234413625782863e-05,
                5.991789876018817e-05,
                5.3395223993784214e-05,
                6.133034235774083e-05,
                6.421666733319968e-05,
                5.861711061265066e-05,
                5.082598267893766e-05,
                5.915725362338217e-05,
                5.99280504554293e-05,
                6.145343656339143e-05,
                6.286805137241295e-05,
                6.423624195342529e-05,
                7.323067107065505e-05,
                5.569723261685915e-05,
                6.489377180523043e-05,
                6.0407167836709794e-05,
                6.958490981701826e-05,
                6.536705864861536e-05,
                4.5493227399490845e-05,
                4.93073792695369e-05,
                3.2811701144778855e-05,
                5.743094599508959e-05,
                5.790996314259499e-05,
                5.439915201061465e-05,
                6.22492103799401e-05,
                5.9893182870389666e-05,
                5.1334843984591016e-05,
                4.990132878169773e-05,
                5.301341769667977e-05,
                5.323480128355469e-05,
                5.0656606480018926e-05,
                4.9617065986454015e-05,
                5.1073497204123004e-05,
                5.173640820846968e-05,
                5.2580886961036316e-05,
                4.6799496618447995e-05,
                4.213974181740086e-05,
                4.0088098280894734e-05,
                4.992478884419483e-05,
                4.849268851109507e-05,
                5.1374566533524506e-05,
                4.159475141257771e-05,
                5.745803971565529e-05,
                4.3679977447526014e-05,
                4.810010227797268e-05,
                4.591009717863855e-05,
                4.9865121940905125e-05,
                5.116181975776866e-05,
                4.285225609337038e-05,
                5.030997721688821e-05,
                4.0047163516831055e-05,
                4.2940539062622874e-05,
                3.7147586360770934e-05,
                4.813638402711575e-05,
                4.53823858636152e-05,
                3.868140972287288e-05,
                4.0688700485284544e-05,
                4.3585036122319535e-05,
                5.112173256563036e-05,
                4.51030790683041e-05,
                3.6583913163160876e-05,
                4.112655460472145e-05,
                2.8866297947709667e-05,
                3.9141956076779415e-05,
                3.820604580955056e-05,
                4.185661017754654e-05,
                3.4603034478856274e-05,
                2.9769080869268285e-05,
                3.4413387748473606e-05,
                3.541930124027489e-05,
                3.553383562736023e-05,
                3.3134910676896955e-05,
                3.714548208072941e-05,
                2.9065162260886632e-05,
                3.2753249367943256e-05,
                3.153482703061467e-05,
                3.427676822587781e-05,
                3.784197941485928e-05,
                2.890227461362309e-05,
                3.45727805869683e-05,
                2.618912674650035e-05,
                3.516246569263072e-05,
                3.2894694052403244e-05,
                3.361832040108955e-05,
                3.178863214180486e-05,
                3.1390366438402865e-05,
                3.183720348713746e-05,
                2.8170969770319884e-05,
                2.8596254846141567e-05,
                2.2598706564890007e-05,
                2.1105207957977738e-05,
                3.893073165057889e-05,
                1.221721035085021e-05,
                6.971779920798614e-06,
                1.5113942387240313e-05,
                9.473723746784741e-06,
                1.958850711115469e-05,
                2.3456355332226266e-05,
                2.0009720002796056e-05,
                1.6448464342660357e-05,
                1.56881285448429e-05,
                6.908739225108467e-06,
                6.8785048671982144e-06,
                -6.260366936998311e-06,
                1.4159056143259032e-05,
                1.3895720931623517e-05,
                1.009275206967367e-05,
                1.9308507948567843e-05,
                6.024098979391938e-06,
                1.4906879885039789e-05,
                2.5194759246155455e-05,
                8.92049259683555e-06,
                1.8110287740659014e-06,
                1.6798389061201086e-05,
                1.516979674670249e-05,
                1.5643120396670754e-05,
                1.523122285531573e-05,
                1.8999734421311535e-05,
                1.0982038258310085e-05,
                1.316417140582026e-05,
                1.3487752816702519e-05,
                1.7184308224334842e-05,
                1.580376178544067e-05,
                1.2194267586470962e-05,
                -2.4804279037183476e-07,
                1.5811810270357305e-05,
                5.588076402332759e-06,
                1.8036129445242914e-05,
                5.628503258760549e-06,
                1.2611725620414012e-05,
                3.066664876162117e-06,
                1.4389642145722977e-05,
                1.194917909950776e-05,
                9.446253664109162e-06,
                1.1156364569316706e-05,
                8.254622175073862e-06,
                1.2050909128678633e-05,
                1.4904669838505304e-05,
                1.3074744107499962e-05,
                8.352154397259428e-06,
                1.0169889810455287e-05,
                1.2183381558689517e-05,
                1.0941470459790214e-05,
                6.427137113991409e-06,
                -1.4846979538715317e-06,
                1.100496358255327e-05,
                4.859762936389874e-06,
                1.0557487553226025e-05,
                8.442873857118178e-06,
                1.032891302348721e-05,
                8.202125204261096e-06,
                7.643709425960898e-06,
                8.04957641831788e-06,
                5.204831067547474e-06,
                1.2825047816857978e-05,
                7.264859259424495e-06,
                1.1420604073841628e-05,
                9.022639528778926e-06,
                1.4244431963192743e-06,
                -2.1225409588209106e-06,
                9.717882236794572e-06,
                8.835631169761857e-06,
                1.3525332707951304e-05,
                9.74441448214501e-06,
                1.0799290493789852e-05,
                8.457568607985792e-06,
                4.30006251005868e-06,
                8.489503836727277e-06,
                1.1615596985968079e-05,
                6.347595987194978e-06,
                9.26909182893277e-06,
                6.805898633688325e-06,
                6.814506636082411e-06,
                8.180050232164307e-06,
                1.7302419877782446e-05,
                1.4479114348447442e-05,
                7.554633537593233e-06,
                1.4024344231628048e-06,
                6.0712783212241506e-06,
                1.1708751424782102e-05,
                2.2258172444116203e-05,
                1.1288284040562686e-06,
                -1.2532222722227681e-05,
                5.958183887014771e-06,
                8.844516518750995e-06,
                8.686250446971331e-06,
                2.859786289792385e-05,
                1.1680393730080184e-05,
                1.0482008402318047e-05,
                2.2804380119153704e-06,
                6.932694893307359e-06,
                1.4951856776660362e-05,
                -4.7528684924925305e-06,
                1.7164537086039912e-05,
                3.8012930582868777e-06,
                5.775484097627152e-07,
                7.011101986942868e-06,
                7.499772591382596e-06,
                4.145000816334321e-06,
                1.2429570050859051e-05,
                1.0385711772326865e-05,
                6.995740082768293e-06,
                4.230377857348367e-06,
                3.4131219776064243e-06,
                1.0342695590330917e-05,
                -7.643067275765812e-06,
                1.0978417464814158e-05,
                7.015760624394516e-07,
                7.637153719844083e-06,
                4.457100051978941e-06,
                7.088437318824905e-06,
                9.95211204402884e-06,
                9.792679804952184e-06,
                6.13310748297941e-06,
                7.309541232364514e-06,
                2.158283346630176e-06,
                6.384852294592912e-06,
                2.548299142282396e-06,
                3.025977072338549e-06,
                5.9054912645676045e-06,
                7.587011209656777e-06,
                7.011286555294582e-06,
                1.084499828392254e-06,
                -4.739545147986982e-06,
                -1.477963064360262e-06,
                1.5164371981407267e-06,
                4.823053856825896e-07,
                3.90261609095984e-06,
                2.5569571421512767e-06,
                1.1131145812772735e-05,
                4.707958997544585e-06,
                -4.07269181499843e-08,
                5.493319439273012e-07,
                5.242478990268299e-06,
                3.2343704280033087e-06,
                -2.569278206239629e-05,
                2.7081587190835373e-07,
                4.692693560214021e-06,
                -1.5552271985394295e-06,
                1.0452017093127465e-05,
                4.697260257193546e-06,
                8.897113471597136e-06,
                5.508294930098735e-06,
                3.3391413100867168e-06,
                -2.5355453850131454e-06,
                1.395552542405174e-05,
                1.0186501329557105e-05,
                -3.5665874263587945e-06,
                1.2615932676862781e-05,
                -2.3430400566526316e-06,
                -2.2414085428355256e-07,
                -3.5525789697975733e-06,
                3.981024410252832e-06,
                5.362909298029045e-06,
                1.7167935560858635e-06,
                1.6143385146612288e-06,
                -2.9144924860964117e-06,
                -6.312269958637266e-06,
                1.6525895117751159e-06,
                1.1635251497644528e-05,
                1.532651147508862e-06,
                2.5794e-05,
                2.38e-05,
                1.6306e-05,
                9.1335e-06,
                9.4681e-06,
                1.4687e-06,
                2.5588e-05,
                3.0598e-05,
                2.1169e-05,
                6.1664e-06,
                2.0871e-05,
                8.2103e-06,
                -1.5253e-06,
                6.3806e-05,
                4.6891e-05,
                2.4712e-05,
                2.3363e-05,
                1.5617e-05,
                1.1286e-05,
                0.00012618,
                0.00015879,
                0.00010166,
                8.741e-05,
                5.2179e-05,
                0.00016407,
                0.00012682,
                0.0001058,
                8.9e-05,
                8.5168e-05,
                2.4998811757452964e-05,
                -1.099503653464788e-05,
                2.1688198665088794e-05,
                -2.064872749202768e-05,
                4.984047518053608e-06,
                -4.327406746453247e-05,
                8.452178764052819e-06,
                -7.984130828103435e-06,
                6.1961479579361985e-06,
                2.7926711656759733e-05,
                -1.5144123430730808e-05,
                1.9424630007317313e-05,
                2.580317010589656e-06,
                5.098811852636251e-06,
                2.9682688698979562e-06,
                2.2359380494740787e-05,
                -1.1992778198706189e-05,
                5.532082729878416e-05
            ],
            "raw_err": [
                2.200914014222077e-06,
                2.8836088811933418e-06,
                6.026516889727195e-06,
                5.005808151458093e-06,
                5.455573880901146e-06,
                4.009175638566269e-06,
                2.960545751382468e-06,
                2.7253921662439793e-06,
                2.8175302239041545e-06,
                3.1808622343440533e-06,
                4.5549355668573725e-06,
                2.525785587346321e-06,
                1.92134671626972e-06,
                1.7337175324954212e-06,
                5.741262580052317e-06,
                1.0288672158420315e-05,
                1.5705029077188532e-05,
                7.246526899435476e-06,
                2.754858749058103e-06,
                2.9297747127947393e-06,
                2.170355674250495e-06,
                3.7222942360557125e-06,
                2.4429106820421877e-06,
                5.669354695477818e-06,
                5.145484537836372e-06,
                2.3643961865923434e-06,
                2.2148805868230147e-06,
                2.058494579837491e-06,
                2.9313822314323176e-06,
                2.1656476453601207e-06,
                3.6590480082755666e-06,
                3.8010034641381087e-06,
                4.105785764585685e-06,
                8.07746245795756e-06,
                3.372111673986073e-06,
                2.357930758799998e-06,
                4.395197166171774e-06,
                1.909702619468987e-06,
                2.633256199262358e-06,
                2.526346146801499e-06,
                2.0295589743288005e-06,
                3.296681617493708e-06,
                2.0045192426904243e-06,
                2.984415146818721e-06,
                2.872286689100672e-06,
                2.1983807720501415e-06,
                2.8324676862885963e-06,
                2.832108106189633e-06,
                4.5958689876918164e-06,
                4.355389694640332e-06,
                5.972149624022418e-06,
                8.312223598111532e-06,
                9.67186801593225e-06,
                8.96634229605841e-06,
                1.0567696875520405e-05,
                5.673074240582876e-06,
                6.934050402136792e-06,
                3.734671926998378e-06,
                7.4202921484270535e-06,
                8.444048820044869e-06,
                1.1455540206554024e-05,
                1.3403192953905868e-05,
                9.796838136264626e-06,
                1.4117867425131825e-05,
                1.521117820981933e-05,
                1.8889655427639264e-05,
                8.244364128668135e-06,
                9.81627754694207e-06,
                8.13984124556973e-06,
                7.909164159260397e-06,
                7.876240970980754e-06,
                1.1319036881438448e-05,
                4.836704497709002e-06,
                2.8311627266894456e-06,
                4.5808374921316385e-06,
                2.873728540444341e-06,
                7.120380045507481e-06,
                8.150503672598673e-06,
                6.704032588082522e-06,
                4.670416181014432e-06,
                6.685713994203741e-06,
                9.84277531192136e-06,
                4.312613665566676e-06,
                3.1181917815121367e-06,
                2.9006888419540883e-06,
                3.18464699131056e-06,
                1.996867602652526e-06,
                2.565378535515917e-06,
                1.986690380142347e-06,
                2.422872991323657e-06,
                3.248791214237402e-06,
                4.337343134611127e-06,
                3.1337891433108595e-06,
                4.021064297921113e-06,
                2.320444252213512e-06,
                2.434509126416204e-06,
                4.198589803585108e-06,
                4.166089130257949e-06,
                3.623336783886268e-06,
                3.4938197206191572e-06,
                3.4298575983274597e-06,
                6.038453543386321e-06,
                6.4605726750785645e-06,
                6.32748613857394e-06,
                6.265177172292393e-06,
                3.207062242408607e-06,
                2.4257336192001268e-06,
                1.6463548280690413e-06,
                2.9331629819802543e-06,
                2.705767954690007e-06,
                2.0206895930845765e-06,
                3.653075115572667e-06,
                2.486886313352555e-06,
                2.055900946301387e-06,
                3.3780292014505767e-06,
                3.47793380578092e-06,
                2.17204670014813e-06,
                2.0940410794975067e-06,
                4.443772703996295e-06,
                3.2652848980649174e-06,
                4.455081262621572e-06,
                2.6820738537393205e-06,
                3.5639128317436745e-06,
                3.128869453070073e-06,
                7.472104414091164e-06,
                3.6846897920909924e-06,
                3.6175202745894953e-06,
                4.414337086960232e-06,
                5.2368775245573096e-06,
                4.265419960271384e-06,
                7.591723284153587e-06,
                3.4137115736598602e-06,
                5.659883893168323e-06,
                4.425133220606388e-06,
                3.1553377091374798e-06,
                2.220697013547584e-06,
                3.2699359554459433e-06,
                1.99504281794867e-06,
                2.1004834260976196e-06,
                2.715797937951301e-06,
                2.9976136343424952e-06,
                2.2562909707705166e-06,
                2.355256617488761e-06,
                6.2946282439051054e-06,
                5.85716819585619e-06,
                1.8100415994473105e-06,
                2.4210645672612744e-06,
                2.0882809751124323e-06,
                2.0025686720571404e-06,
                2.9391516653082057e-06,
                2.492953095682004e-06,
                3.4991146558603187e-06,
                6.906102452328769e-06,
                5.073856169496153e-06,
                5.4799892357053625e-06,
                4.266093694571661e-06,
                5.550829915320993e-06,
                7.431676933522564e-06,
                6.494940554668631e-06,
                6.893756811605557e-06,
                8.385699468742198e-06,
                7.445747311337876e-06,
                6.5967251339505364e-06,
                8.082565460092566e-06,
                6.003089455625093e-06,
                6.334694673668788e-06,
                6.192867104274937e-06,
                7.865129406592079e-06,
                5.3276990164655095e-06,
                5.117193576585085e-06,
                5.448683906304344e-06,
                4.3655760572148466e-06,
                4.530729882725561e-06,
                5.183124235064044e-06,
                8.186331219183436e-06,
                3.51939156611077e-06,
                3.4127731081349557e-06,
                3.842729218020155e-06,
                4.625184532532753e-06,
                7.2757836880255744e-06,
                3.976597144482515e-06,
                2.9850392264277982e-06,
                9.253114568046164e-06,
                1.1555392402419876e-05,
                5.804329143767757e-06,
                6.309607723034921e-06,
                6.7903620724219705e-06,
                6.002951369434755e-06,
                6.748740520920231e-06,
                8.390003912905467e-06,
                4.214242105974938e-06,
                3.3020462632491896e-06,
                3.403837521863289e-06,
                4.246552873051266e-06,
                3.6099607138975668e-06,
                4.37602275371676e-06,
                3.2422571468565236e-06,
                5.135255773835113e-06,
                5.713399363981576e-06,
                5.560798798056467e-06,
                5.6329332223287575e-06,
                5.6410875623913755e-06,
                8.17206923871433e-06,
                8.185377562810295e-06,
                6.811528874257183e-06,
                6.267003144676274e-06,
                9.6011873536882e-06,
                5.921929935181945e-06,
                4.351549371878561e-06,
                3.1711246122296365e-06,
                5.097111690547573e-06,
                3.149004020385827e-06,
                4.272933522041559e-06,
                3.6746414816533813e-06,
                9.54790126887663e-06,
                7.711774463407043e-06,
                5.322262377093122e-06,
                5.10160492904538e-06,
                3.458809264874085e-06,
                5.052680684607598e-06,
                3.035850177468261e-06,
                4.653535118423206e-06,
                4.081025142328234e-06,
                2.6956370404519698e-06,
                5.059982572566785e-06,
                3.713076249352696e-06,
                3.2690626148292684e-06,
                3.030609543433068e-06,
                3.854826511882746e-06,
                3.460696719876549e-06,
                2.4189069624632735e-06,
                2.419436377165967e-06,
                3.1198809283874628e-06,
                3.519169303526021e-06,
                2.829758008926529e-06,
                3.1870984858935976e-06,
                2.7990370550332537e-06,
                4.2409293188499825e-06,
                2.615294748424415e-06,
                4.579916353738148e-06,
                5.77281286640546e-06,
                4.644659135441614e-06,
                4.921773187878875e-06,
                4.589530255361419e-06,
                4.973065972017629e-06,
                4.193572086495003e-06,
                4.530864990949176e-06,
                3.801016272804111e-06,
                3.6986913714286783e-06,
                5.53361587599539e-06,
                6.125199027411426e-06,
                5.934017625903125e-06,
                5.1534482721625815e-06,
                8.07368785243825e-06,
                7.967116791605531e-06,
                9.660945580861648e-06,
                7.007413579842971e-06,
                1.0524832511485642e-05,
                9.99359920145583e-06,
                1.247801036039171e-05,
                4.861290536132701e-06,
                6.0314302466978054e-06,
                4.203040439658589e-06,
                3.978475310240975e-06,
                5.336729766519455e-06,
                5.769290908401005e-06,
                5.03952876486472e-06,
                2.787506472376368e-06,
                2.7399908741631137e-06,
                3.1015553760879364e-06,
                2.397208295490257e-06,
                2.3454608551131427e-06,
                3.275807788259137e-06,
                5.61812288978358e-06,
                5.243809273757995e-06,
                6.977670961864412e-06,
                6.870479151548327e-06,
                6.082310907253013e-06,
                6.163947791409057e-06,
                7.122139925151381e-06,
                6.516041454615559e-06,
                5.112032603208414e-06,
                7.323039980001081e-06,
                3.492335647505279e-06,
                4.312497473288021e-06,
                3.004314428712844e-06,
                2.28613198917397e-06,
                2.2993520345368815e-06,
                3.130215919067513e-06,
                4.567185650886953e-06,
                2.719102340582588e-06,
                3.1584026013814474e-06,
                2.3607748545451796e-06,
                2.2016162142317317e-06,
                2.4120983360933727e-06,
                1.911498116314544e-06,
                2.237706940106045e-06,
                4.515226692230768e-06,
                3.5959744691830866e-06,
                4.509742219415984e-06,
                7.548885348676308e-06,
                3.9017759754175824e-06,
                3.0754970824853887e-06,
                2.300594746231717e-06,
                3.1036330016393197e-06,
                2.1326961450191296e-06,
                2.9975360427911336e-06,
                2.3074593216635526e-06,
                3.2270705417791316e-06,
                2.932776111459617e-06,
                2.2948071939368775e-06,
                3.2758605339869515e-06,
                3.953866247561261e-06,
                2.338445318986975e-06,
                3.0624344928157303e-06,
                5.247399567491972e-06,
                6.561476824480473e-06,
                9.55770521436481e-06,
                4.104375914351816e-06,
                3.053677307553494e-06,
                2.5451340018936803e-06,
                2.663073048561055e-06,
                4.199114836807446e-06,
                3.327680596563623e-06,
                2.5244530511616717e-06,
                3.691458881550118e-06,
                3.99499527641186e-06,
                4.8704414993157695e-06,
                8.915430622822857e-06,
                8.91095378708244e-06,
                8.094257679694372e-06,
                9.948643043895762e-06,
                1.1054276121850173e-05,
                1.2848127137621919e-05,
                8.292087206296185e-06,
                9.24034177149955e-06,
                1.0340258353832037e-05,
                4.907678980383804e-06,
                5.489684064811272e-06,
                6.241172264263255e-06,
                8.193782698279916e-06,
                1.0464532281976328e-05,
                8.760349264372451e-06,
                8.401105826829179e-06,
                9.42626072385824e-06,
                1.0385059902989407e-05,
                7.41256357580029e-06,
                7.426442788364326e-06,
                7.557424228405253e-06,
                7.058488616447868e-06,
                7.045636450670524e-06,
                6.461078793600041e-06,
                3.1892234840609046e-06,
                2.3114228914813046e-06,
                3.5977184527500336e-06,
                2.3396858336608475e-06,
                2.868761732555977e-06,
                3.2210469286743565e-06,
                2.5375511742042626e-06,
                3.7396976001434774e-06,
                2.457792603638412e-06,
                2.098361906916744e-06,
                5.276513550748846e-06,
                3.163044998471071e-06,
                5.755171845337413e-06,
                5.3472664523552205e-06,
                6.253455893287295e-06,
                7.905396672485786e-06,
                3.252696977559842e-06,
                3.1249801845064192e-06,
                3.979888515497549e-06,
                2.626379112361226e-06,
                2.0714010302748507e-06,
                2.8311435058776096e-06,
                2.495221487281472e-06,
                2.431659667747026e-06,
                2.873718797426855e-06,
                5.506556606306217e-06,
                3.434463596772798e-06,
                3.0218596858013605e-06,
                7.015508405690685e-06,
                8.941072462113346e-06,
                9.570720155642619e-06,
                8.44533704823086e-06,
                4.8043876491232514e-06,
                4.72794569851316e-06,
                3.061105970065197e-06,
                3.1201224860537057e-06,
                3.155827010491611e-06,
                1.9696626814325713e-06,
                2.3542769231747076e-06,
                3.055721505589024e-06,
                3.2829120226597562e-06,
                2.4204974680843887e-06,
                2.8519253802934574e-06,
                5.794103360775728e-06,
                7.532228279398088e-06,
                6.740475736741848e-06,
                9.149497355126364e-06,
                6.0043923950100535e-06,
                7.180663955070789e-06,
                4.479266806258071e-06,
                3.343349077914918e-06,
                3.4703563841477573e-06,
                3.3294354750118694e-06,
                3.030585417333142e-06,
                2.3284402015221904e-06,
                3.3681690321255084e-06,
                5.335026124205507e-06,
                4.024194678241222e-06,
                4.644978519329627e-06,
                6.301907165109953e-06,
                5.785833790124652e-06,
                1.0758788912987244e-05,
                6.462509157769511e-06,
                1.0567651721236757e-05,
                5.801800080361648e-06,
                6.322424074621412e-06,
                8.262417804727797e-06,
                1.0084459147327636e-05,
                1.160625830135227e-05,
                8.359431124428769e-06,
                8.149604670323653e-06,
                9.298394354193794e-06,
                6.482652895275847e-06,
                7.626298168153487e-06,
                7.82651464199203e-06,
                9.014620703088314e-06,
                6.3866569142597125e-06,
                6.6628764971395275e-06,
                6.683817181867719e-06,
                8.389196892321673e-06,
                9.329589803436203e-06,
                4.6912506382116915e-06,
                4.787135551729291e-06,
                4.731794370148646e-06,
                4.394045104661085e-06,
                4.747696336463816e-06,
                5.841664536656244e-06,
                5.917917581968477e-06,
                5.887771396621887e-06,
                5.262342366850206e-06,
                5.802331265209951e-06,
                8.636338866115598e-06,
                6.458238932780085e-06,
                6.101602391259499e-06,
                3.6193970531730656e-06,
                3.471299742443227e-06,
                2.613670160428735e-06,
                4.351945353046023e-06,
                5.609097095956056e-06,
                3.7517442448711467e-06,
                2.600770815058832e-06,
                3.1117591173987143e-06,
                4.418891308960125e-06,
                3.332185501338941e-06,
                3.0040907972415058e-06,
                8.455289950746521e-06,
                6.998792454868345e-06,
                7.303999352544402e-06,
                4.314530836864916e-06,
                2.240161110059744e-06,
                4.076649713030085e-06,
                2.1296248001695913e-06,
                2.284324515616227e-06,
                2.3622913073225054e-06,
                3.18046007361446e-06,
                2.4133803733820965e-06,
                2.370706905160407e-06,
                2.9361651111617444e-06,
                4.6105094740555565e-06,
                1.3166450907661887e-05,
                2.592514614501062e-06,
                2.233064663602886e-06,
                2.2516824331044947e-06,
                2.862259749147942e-06,
                1.1396045137437186e-05,
                3.753402525825253e-06,
                3.909384319858913e-06,
                2.6417962448875455e-06,
                6.810731126457064e-06,
                4.910465470264994e-06,
                1.1486948818135939e-05,
                8.293260321398808e-06,
                6.448931537820181e-06,
                5.608826096192678e-06,
                4.7132657159127115e-06,
                7.134733067414761e-06,
                3.965178901551208e-06,
                2.358471461367567e-06,
                3.5263738902768753e-06,
                2.4942073992602263e-06,
                2.9665796482184057e-06,
                9.08836617358768e-06,
                3.1771430718327936e-06,
                4.699009124812834e-06,
                1.0368579020329416e-05,
                3.9592775141336185e-06,
                8.431220875489507e-06,
                3.7569165542663373e-06,
                3.3632e-06,
                3.2214e-06,
                2.7856e-06,
                2.464e-06,
                2.5065e-06,
                4.2029e-06,
                4.9031e-06,
                4.9952e-06,
                4.2265e-06,
                3.9037e-06,
                4.3815e-06,
                1.552e-06,
                6.7298e-06,
                7.3861e-06,
                6.3245e-06,
                5.3318e-06,
                5.1309e-06,
                4.7586e-06,
                9.4271e-06,
                1.2532e-05,
                1.3188e-05,
                1.1182e-05,
                1.0433e-05,
                9.6003e-06,
                2.206e-05,
                1.9897e-05,
                1.9197e-05,
                1.8283e-05,
                1.9003e-05,
                8.469326845006915e-06,
                9.019874065831272e-06,
                8.33166649961873e-06,
                9.208475794843498e-06,
                8.896394614750818e-06,
                9.220911161163602e-06,
                8.206730039237845e-06,
                8.698612486858483e-06,
                8.27318136319294e-06,
                1.8773534158040023e-05,
                2.1195538117339018e-05,
                1.8731565242920457e-05,
                2.0876108858527567e-05,
                1.785645053043947e-05,
                2.125770626931907e-05,
                1.6447387495273414e-05,
                1.9517566626496343e-05,
                1.8770072402039135e-05
            ],
            "raw_units": "Jy",
            "date": [
                "58472.522962999996",
                "58472.54479169985",
                "58476.4469444002",
                "58476.50318290014",
                "58481.47254629992",
                "58481.502152800094",
                "58482.50486110011",
                "58486.48170140013",
                "58486.54199070018",
                "58491.4765625",
                "58491.527905100025",
                "58493.44238429982",
                "58493.55314810015",
                "58494.481377299875",
                "58502.51996529987",
                "58505.45840279991",
                "58505.505092599895",
                "58508.54017359996",
                "58511.421747699846",
                "58511.46534720017",
                "58513.42343749991",
                "58522.43873840012",
                "58546.27344910009",
                "58559.25325229997",
                "58559.33306710003",
                "58567.23381939996",
                "58567.253564800136",
                "58575.27414349979",
                "58580.22829859983",
                "58580.232199099846",
                "58583.259166699834",
                "58586.171203699894",
                "58586.213935200125",
                "58591.18962959992",
                "58594.157349499874",
                "58597.253645800054",
                "58597.329490699805",
                "58601.22862270009",
                "58601.25664350018",
                "58605.23432870023",
                "58608.20796300005",
                "58608.2150347",
                "58612.173726900015",
                "58612.19298609998",
                "58634.185046299826",
                "58634.19482639991",
                "58637.1785995001",
                "58637.22318289988",
                "58640.171990700066",
                "58640.22059029993",
                "58645.1949306",
                "58648.17131939996",
                "58648.19702549977",
                "58651.173402800225",
                "58651.23699070001",
                "58654.175844899844",
                "58662.17828699993",
                "58662.201527799945",
                "58669.17512729997",
                "58767.524536999874",
                "58767.52953700023",
                "58767.534548600204",
                "58769.526493099984",
                "58771.521643499844",
                "58771.52652780013",
                "58771.536296300124",
                "58773.53156250017",
                "58773.536574100144",
                "58776.51479170006",
                "58777.528750000056",
                "58777.53353009978",
                "58777.538310199976",
                "58785.51616899995",
                "58789.50731479982",
                "58792.5184491002",
                "58792.53736109985",
                "58798.53635419998",
                "58804.50570600014",
                "58804.54958330002",
                "58812.552546299994",
                "58828.543750000186",
                "58831.45638890006",
                "58836.481631900184",
                "58836.54865740007",
                "58846.46238429984",
                "58849.452604200225",
                "58849.50034719985",
                "58852.457592600025",
                "58852.50233800011",
                "58855.52032409981",
                "58855.53771989979",
                "58864.33886570018",
                "58864.41498839995",
                "58867.356331000105",
                "58867.41526619997",
                "58871.43718749983",
                "58871.48636570014",
                "58871.48728010012",
                "58877.32577549992",
                "58880.33827550011",
                "58883.439675900154",
                "58886.296145800035",
                "58886.42089120019",
                "58891.3198032002",
                "58891.42269679997",
                "58894.275011599995",
                "58898.33862269996",
                "58898.37870369991",
                "58899.31930560013",
                "58899.33214120008",
                "58899.38082179986",
                "58900.26973380009",
                "58900.33100689994",
                "58903.2960994998",
                "58903.39612270007",
                "58904.24790510023",
                "58904.28829859989",
                "58904.3119212999",
                "58905.248078700155",
                "58905.31059029978",
                "58906.22946760012",
                "58906.31065970007",
                "58909.277384299785",
                "58909.31800930016",
                "58911.24857639987",
                "58911.380914399866",
                "58912.29099539993",
                "58912.40140049998",
                "58913.23333329987",
                "58913.277407399844",
                "58915.37262730021",
                "58939.205335599836",
                "58939.22211810015",
                "58941.24945600005",
                "58954.23317130003",
                "58954.27622690005",
                "58962.253611099906",
                "58964.20230320003",
                "58965.21158559993",
                "58967.24202550016",
                "58968.20833329996",
                "58968.232499999925",
                "58968.24682869995",
                "58973.243483799975",
                "58976.174942099955",
                "58980.171180599835",
                "58980.23353009997",
                "58985.17083329987",
                "58992.17630789988",
                "58992.222037000116",
                "58995.17105320003",
                "58995.22797450004",
                "59005.171180599835",
                "59011.23922450002",
                "59014.16984950006",
                "59014.22167820018",
                "59018.22777780006",
                "59042.176111099776",
                "59042.18594910018",
                "59042.19086810015",
                "59044.174722199794",
                "59044.17969910009",
                "59044.18468749989",
                "59044.18966440018",
                "59135.51871530013",
                "59135.52347220015",
                "59135.528229199816",
                "59135.53298609983",
                "59137.52201389987",
                "59137.526713000145",
                "59137.531423599925",
                "59141.526180599816",
                "59141.53091439977",
                "59141.53563660011",
                "59141.540358799975",
                "59143.52444439987",
                "59143.52912040008",
                "59143.53378470009",
                "59143.53847219981",
                "59143.54314809991",
                "59149.505381899886",
                "59150.51743059978",
                "59150.54634260014",
                "59152.49215279985",
                "59152.54494210007",
                "59155.4875810002",
                "59156.49736109981",
                "59156.54719909979",
                "59158.49480320001",
                "59158.53076389991",
                "59165.493506900035",
                "59165.51833330002",
                "59168.50637729978",
                "59168.540034700185",
                "59170.475613399874",
                "59170.54157410003",
                "59177.52918979991",
                "59182.56280090008",
                "59185.488611099776",
                "59185.49048609985",
                "59185.52653940022",
                "59185.52747689979",
                "59187.48931710003",
                "59187.49025460007",
                "59187.53209490003",
                "59187.53302079998",
                "59188.38393520005",
                "59188.47388890013",
                "59194.518923600204",
                "59194.530729200225",
                "59198.48331019981",
                "59198.51548610022",
                "59203.483344899956",
                "59205.4313194002",
                "59215.443101900164",
                "59215.483124999795",
                "59219.42041670019",
                "59219.4769444",
                "59221.43103010021",
                "59221.44618060021",
                "59223.37965280004",
                "59223.46282410016",
                "59225.41305560013",
                "59227.44109949982",
                "59229.436701400205",
                "59231.46583329979",
                "59248.4136458002",
                "59250.36954860017",
                "59250.37783560017",
                "59252.311400500126",
                "59252.37853009999",
                "59256.34346059989",
                "59256.39958330011",
                "59258.341539400164",
                "59258.36598380003",
                "59262.34781249985",
                "59262.41116899997",
                "59264.29644680023",
                "59264.33189810021",
                "59266.30523149995",
                "59266.33206020016",
                "59267.25078700017",
                "59267.31887729978",
                "59267.40052080015",
                "59268.26619210001",
                "59268.35393519979",
                "59268.356944399886",
                "59268.4313542",
                "59268.433229200076",
                "59269.2417708002",
                "59269.310914400034",
                "59269.3778241002",
                "59269.44209490018",
                "59270.30913189985",
                "59270.33826390002",
                "59270.356909700204",
                "59270.38200230012",
                "59274.239143500105",
                "59274.35944439983",
                "59274.41405089991",
                "59275.212013899814",
                "59275.33935189992",
                "59276.25748840021",
                "59276.25842589978",
                "59276.33755790023",
                "59276.3384953998",
                "59278.4112383998",
                "59280.286018500105",
                "59280.36030089995",
                "59290.2561805998",
                "59290.29611109989",
                "59292.295231500175",
                "59292.339259299915",
                "59295.26417820016",
                "59295.27429400012",
                "59297.20692129992",
                "59297.25717590004",
                "59303.278182900045",
                "59303.27912040008",
                "59303.316192099825",
                "59303.31714119995",
                "59304.234490700066",
                "59304.27662040014",
                "59305.28968749987",
                "59305.29062499991",
                "59307.24684030004",
                "59307.27962959977",
                "59309.193240699824",
                "59309.2334838002",
                "59311.171400499996",
                "59311.21234950004",
                "59313.205891199876",
                "59313.23423610022",
                "59315.21243060008",
                "59317.193136599846",
                "59317.23423610022",
                "59320.17512729997",
                "59322.23467590008",
                "59324.171875",
                "59324.21255790023",
                "59329.23577550007",
                "59335.19158559991",
                "59335.23491899995",
                "59338.19271990005",
                "59338.23951390013",
                "59340.215428200085",
                "59340.256215299945",
                "59342.2291898001",
                "59342.257928200066",
                "59344.22320599994",
                "59344.268680599984",
                "59346.19332179986",
                "59346.33151620021",
                "59348.246377300005",
                "59350.19358799979",
                "59350.24549769983",
                "59356.18136569997",
                "59356.23628470022",
                "59361.18060189998",
                "59363.203923599795",
                "59363.21446759999",
                "59365.20505789993",
                "59367.20776619995",
                "59367.25422450015",
                "59369.22353010019",
                "59371.22515049996",
                "59373.21770829987",
                "59375.22649310017",
                "59385.20368060004",
                "59385.21611109981",
                "59497.52666669991",
                "59497.529050900135",
                "59497.5314468001",
                "59497.53383099986",
                "59498.5277315001",
                "59498.53012729995",
                "59498.53251159983",
                "59501.528506900184",
                "59501.5308681",
                "59501.53322920017",
                "59501.53560189996",
                "59501.537963000126",
                "59502.528530099895",
                "59502.53090280015",
                "59502.53327549994",
                "59502.53563660011",
                "59509.520717599895",
                "59509.523206000216",
                "59509.52569440007",
                "59509.528182900045",
                "59509.53069439996",
                "59512.510277799796",
                "59522.49915509997",
                "59522.5185647998",
                "59524.47590279998",
                "59524.53935190011",
                "59526.47516199993",
                "59526.522708300035",
                "59528.5239467998",
                "59532.478773099836",
                "59532.52223380003",
                "59550.48468750017",
                "59622.44443289982",
                "59622.504247699864",
                "59624.27710650023",
                "59624.38238430023",
                "59629.33586810017",
                "59629.40303240018",
                "59636.399155099876",
                "59636.44197920011",
                "59639.26921299985",
                "59639.280231500044",
                "59641.22651620023",
                "59641.271365699824",
                "59671.320196799934",
                "59671.40135420021",
                "59674.30489580007",
                "59676.353425899986",
                "59678.23462959984",
                "59678.31223380007",
                "59680.24732640013",
                "59684.27841439983",
                "59684.320787000004",
                "59687.35305560008",
                "59689.25902780006",
                "59689.27689810004",
                "59693.24640050018",
                "59695.212523099966",
                "59697.18468749989",
                "59697.21381939994",
                "59699.23900459986",
                "59699.263148100115",
                "59701.21646990022",
                "59701.26069439994",
                "59703.25931710005",
                "59708.22881940007",
                "59708.268090299796",
                "59711.227592600044",
                "59711.25813659979",
                "59713.19509259984",
                "59713.23578700004",
                "59715.23635420017",
                "59718.20685190009",
                "59718.23851849977",
                "59723.178113400005",
                "59723.234270799905",
                "59726.23703699978",
                "59731.193368100096",
                "59731.23855319992",
                "59733.2237383998",
                "59735.238842600025",
                "59739.23820600007",
                "59741.19405090017",
                "59741.26130789984",
                "59743.18782409979",
                "59743.26004630001",
                "59860.52724540001",
                "59860.52962959977",
                "59860.53440969996",
                "59862.525914399885",
                "59862.5283102002",
                "59863.52582179988",
                "59863.53060190007",
                "59863.53299769992",
                "59865.52849540021",
                "59865.53093749983",
                "59865.53336809995",
                "59865.53581020003",
                "59866.5283102002",
                "59866.5306712999",
                "59866.533044000156",
                "59866.535416699946",
                "59866.53777780011",
                "59874.52012730017",
                "59874.52261570003",
                "59874.52511569997",
                "59874.52761569992",
                "59874.53011569986",
                "59876.52224540012",
                "59876.524733799975",
                "59876.52721060021",
                "59876.52968750009",
                "59876.53216439998",
                "59893.49491900019",
                "59897.47624999983",
                "59902.525509300176",
                "59906.42603009986",
                "59909.45756939985",
                "59909.51663189987",
                "59913.48554399982",
                "59923.45660880022",
                "59930.487430599984",
                "59937.45827550022",
                "59966.41414349992",
                "59968.38253469998",
                "59968.41307870019",
                "59972.421701400075",
                "59979.33670140011",
                "59984.341851899866",
                "59984.40193289984",
                "59987.3384606",
                "60020.20298610022",
                "60031.275891200174",
                "60046.231932899915",
                "60050.18403939996",
                "60052.21563659981",
                "60054.26199069992",
                "60056.1926851999",
                "60058.29887730023",
                "60060.24159719981",
                "60062.23347220011",
                "60067.28931709984",
                "60077.2587036998",
                "60084.185624999925",
                "60086.21380789997",
                "60088.288113399874",
                "60099.2240394",
                "60101.2042129999",
                "60103.23754630005",
                "60105.21607640013",
                "60115.228483799845",
                "60115.2384722",
                "60225.533067100216",
                "60231.53547450015",
                "60241.521261599846",
                "60252.48755790014",
                "60257.48353009997",
                "60257.51686340012",
                "60260.4661226999",
                "60291.48166669998",
                "60314.38743059989",
                "60322.45822919998",
                "60352.44587960001",
                "60395.27631939994",
                "60398.24604169978",
                "60416.2759606",
                "60450.281099500135",
                "60619.516145799775",
                "60687.44618060021",
                "60699.377465299796",
                "59196.587986",
                "59203.490984",
                "59210.393285",
                "59219.384098",
                "59224.068079",
                "60615.946717",
                "59196.594508",
                "59203.497898",
                "59210.400478",
                "59219.388053",
                "59224.074951",
                "59514.172437",
                "60615.948794",
                "59196.580508",
                "59203.482997",
                "59210.385186",
                "59219.379943",
                "59224.06022",
                "60615.944127",
                "59196.582751",
                "59203.485392",
                "59210.387614",
                "59219.381305",
                "59224.062578",
                "59196.584263",
                "59203.487007",
                "59210.389254",
                "59219.382183",
                "59224.064168",
                "58976.4051173",
                "59182.387754945",
                "59340.53721965",
                "59549.500640585",
                "59704.78438187",
                "59913.501500935",
                "60071.861436064995",
                "60277.798749415",
                "60435.98879698",
                "58976.4051173",
                "59182.387754945",
                "59340.53721965",
                "59549.500640585",
                "59704.78438187",
                "59913.501500935",
                "60071.861436064995",
                "60277.798749415",
                "60435.98879698"
            ],
            "date_format": "mjd",
            "filter_key": [
                "g.ztf",
                "r.ztf",
                "r.ztf",
                "r.ztf",
                "r.ztf",
                "r.ztf",
                "g.ztf",
                "r.ztf",
                "g.ztf",
                "g.ztf",
                "r.ztf",
                "r.ztf",
                "g.ztf",
                "g.ztf",
                "r.ztf",
                "g.ztf",
                "r.ztf",
                "g.ztf",
                "g.ztf",
                "g.ztf",
                "r.ztf",
                "g.ztf",
                "g.ztf",
                "r.ztf",
                "g.ztf",
                "r.ztf",
                "g.ztf",
                "g.ztf",
                "r.ztf",
                "g.ztf",
                "r.ztf",
                "g.ztf",
                "r.ztf",
                "g.ztf",
                "r.ztf",
                "g.ztf",
                "r.ztf",
                "g.ztf",
                "r.ztf",
                "g.ztf",
                "g.ztf",
                "r.ztf",
                "g.ztf",
                "r.ztf",
                "r.ztf",
                "g.ztf",
                "r.ztf",
                "g.ztf",
                "g.ztf",
                "r.ztf",
                "g.ztf",
                "g.ztf",
                "r.ztf",
                "g.ztf",
                "r.ztf",
                "r.ztf",
                "r.ztf",
                "g.ztf",
                "r.ztf",
                "r.ztf",
                "r.ztf",
                "r.ztf",
                "r.ztf",
                "r.ztf",
                "r.ztf",
                "r.ztf",
                "r.ztf",
                "r.ztf",
                "r.ztf",
                "r.ztf",
                "r.ztf",
                "r.ztf",
                "r.ztf",
                "g.ztf",
                "r.ztf",
                "g.ztf",
                "r.ztf",
                "g.ztf",
                "r.ztf",
                "r.ztf",
                "g.ztf",
                "r.ztf",
                "r.ztf",
                "g.ztf",
                "r.ztf",
                "r.ztf",
                "g.ztf",
                "r.ztf",
                "g.ztf",
                "g.ztf",
                "r.ztf",
                "r.ztf",
                "g.ztf",
                "r.ztf",
                "g.ztf",
                "g.ztf",
                "r.ztf",
                "r.ztf",
                "r.ztf",
                "r.ztf",
                "g.ztf",
                "r.ztf",
                "g.ztf",
                "r.ztf",
                "g.ztf",
                "r.ztf",
                "r.ztf",
                "g.ztf",
                "r.ztf",
                "r.ztf",
                "g.ztf",
                "r.ztf",
                "g.ztf",
                "g.ztf",
                "r.ztf",
                "r.ztf",
                "g.ztf",
                "g.ztf",
                "r.ztf",
                "g.ztf",
                "r.ztf",
                "g.ztf",
                "g.ztf",
                "r.ztf",
                "r.ztf",
                "g.ztf",
                "g.ztf",
                "r.ztf",
                "r.ztf",
                "g.ztf",
                "r.ztf",
                "r.ztf",
                "r.ztf",
                "g.ztf",
                "r.ztf",
                "g.ztf",
                "r.ztf",
                "g.ztf",
                "g.ztf",
                "g.ztf",
                "r.ztf",
                "g.ztf",
                "g.ztf",
                "g.ztf",
                "g.ztf",
                "g.ztf",
                "r.ztf",
                "g.ztf",
                "g.ztf",
                "r.ztf",
                "g.ztf",
                "r.ztf",
                "g.ztf",
                "r.ztf",
                "g.ztf",
                "r.ztf",
                "r.ztf",
                "r.ztf",
                "r.ztf",
                "r.ztf",
                "r.ztf",
                "r.ztf",
                "r.ztf",
                "r.ztf",
                "r.ztf",
                "r.ztf",
                "r.ztf",
                "r.ztf",
                "r.ztf",
                "r.ztf",
                "r.ztf",
                "r.ztf",
                "r.ztf",
                "r.ztf",
                "r.ztf",
                "r.ztf",
                "r.ztf",
                "r.ztf",
                "r.ztf",
                "r.ztf",
                "g.ztf",
                "g.ztf",
                "r.ztf",
                "r.ztf",
                "g.ztf",
                "r.ztf",
                "g.ztf",
                "r.ztf",
                "g.ztf",
                "r.ztf",
                "r.ztf",
                "g.ztf",
                "g.ztf",
                "r.ztf",
                "g.ztf",
                "r.ztf",
                "g.ztf",
                "g.ztf",
                "g.ztf",
                "g.ztf",
                "r.ztf",
                "r.ztf",
                "r.ztf",
                "r.ztf",
                "g.ztf",
                "g.ztf",
                "r.ztf",
                "g.ztf",
                "r.ztf",
                "g.ztf",
                "r.ztf",
                "g.ztf",
                "r.ztf",
                "g.ztf",
                "r.ztf",
                "g.ztf",
                "g.ztf",
                "r.ztf",
                "g.ztf",
                "r.ztf",
                "g.ztf",
                "r.ztf",
                "r.ztf",
                "g.ztf",
                "r.ztf",
                "r.ztf",
                "g.ztf",
                "g.ztf",
                "r.ztf",
                "r.ztf",
                "g.ztf",
                "g.ztf",
                "r.ztf",
                "r.ztf",
                "g.ztf",
                "r.ztf",
                "g.ztf",
                "r.ztf",
                "g.ztf",
                "g.ztf",
                "r.ztf",
                "g.ztf",
                "r.ztf",
                "r.ztf",
                "r.ztf",
                "r.ztf",
                "r.ztf",
                "g.ztf",
                "g.ztf",
                "g.ztf",
                "r.ztf",
                "r.ztf",
                "g.ztf",
                "r.ztf",
                "r.ztf",
                "r.ztf",
                "g.ztf",
                "g.ztf",
                "r.ztf",
                "r.ztf",
                "g.ztf",
                "r.ztf",
                "g.ztf",
                "g.ztf",
                "r.ztf",
                "r.ztf",
                "r.ztf",
                "r.ztf",
                "g.ztf",
                "r.ztf",
                "g.ztf",
                "g.ztf",
                "r.ztf",
                "r.ztf",
                "g.ztf",
                "g.ztf",
                "r.ztf",
                "g.ztf",
                "g.ztf",
                "r.ztf",
                "r.ztf",
                "g.ztf",
                "r.ztf",
                "g.ztf",
                "g.ztf",
                "r.ztf",
                "g.ztf",
                "g.ztf",
                "r.ztf",
                "r.ztf",
                "g.ztf",
                "r.ztf",
                "g.ztf",
                "g.ztf",
                "r.ztf",
                "g.ztf",
                "g.ztf",
                "r.ztf",
                "g.ztf",
                "r.ztf",
                "r.ztf",
                "r.ztf",
                "g.ztf",
                "g.ztf",
                "r.ztf",
                "g.ztf",
                "r.ztf",
                "g.ztf",
                "r.ztf",
                "r.ztf",
                "g.ztf",
                "r.ztf",
                "g.ztf",
                "g.ztf",
                "g.ztf",
                "r.ztf",
                "g.ztf",
                "r.ztf",
                "r.ztf",
                "r.ztf",
                "g.ztf",
                "g.ztf",
                "r.ztf",
                "g.ztf",
                "g.ztf",
                "r.ztf",
                "r.ztf",
                "r.ztf",
                "g.ztf",
                "r.ztf",
                "r.ztf",
                "r.ztf",
                "r.ztf",
                "r.ztf",
                "r.ztf",
                "r.ztf",
                "r.ztf",
                "r.ztf",
                "r.ztf",
                "r.ztf",
                "r.ztf",
                "r.ztf",
                "r.ztf",
                "r.ztf",
                "r.ztf",
                "r.ztf",
                "r.ztf",
                "r.ztf",
                "r.ztf",
                "r.ztf",
                "r.ztf",
                "r.ztf",
                "r.ztf",
                "g.ztf",
                "r.ztf",
                "g.ztf",
                "g.ztf",
                "r.ztf",
                "g.ztf",
                "r.ztf",
                "g.ztf",
                "g.ztf",
                "r.ztf",
                "g.ztf",
                "g.ztf",
                "r.ztf",
                "r.ztf",
                "g.ztf",
                "r.ztf",
                "g.ztf",
                "r.ztf",
                "g.ztf",
                "g.ztf",
                "r.ztf",
                "r.ztf",
                "g.ztf",
                "r.ztf",
                "r.ztf",
                "r.ztf",
                "g.ztf",
                "r.ztf",
                "g.ztf",
                "r.ztf",
                "r.ztf",
                "r.ztf",
                "g.ztf",
                "g.ztf",
                "r.ztf",
                "r.ztf",
                "g.ztf",
                "g.ztf",
                "r.ztf",
                "r.ztf",
                "g.ztf",
                "g.ztf",
                "r.ztf",
                "r.ztf",
                "g.ztf",
                "r.ztf",
                "g.ztf",
                "r.ztf",
                "g.ztf",
                "r.ztf",
                "r.ztf",
                "r.ztf",
                "g.ztf",
                "g.ztf",
                "g.ztf",
                "r.ztf",
                "r.ztf",
                "r.ztf",
                "r.ztf",
                "g.ztf",
                "r.ztf",
                "r.ztf",
                "g.ztf",
                "r.ztf",
                "r.ztf",
                "r.ztf",
                "r.ztf",
                "r.ztf",
                "r.ztf",
                "r.ztf",
                "r.ztf",
                "r.ztf",
                "r.ztf",
                "r.ztf",
                "r.ztf",
                "r.ztf",
                "r.ztf",
                "r.ztf",
                "r.ztf",
                "r.ztf",
                "r.ztf",
                "r.ztf",
                "r.ztf",
                "r.ztf",
                "r.ztf",
                "r.ztf",
                "r.ztf",
                "r.ztf",
                "r.ztf",
                "r.ztf",
                "r.ztf",
                "g.ztf",
                "r.ztf",
                "g.ztf",
                "r.ztf",
                "g.ztf",
                "r.ztf",
                "r.ztf",
                "g.ztf",
                "g.ztf",
                "g.ztf",
                "r.ztf",
                "g.ztf",
                "g.ztf",
                "g.ztf",
                "r.ztf",
                "g.ztf",
                "g.ztf",
                "g.ztf",
                "g.ztf",
                "g.ztf",
                "g.ztf",
                "g.ztf",
                "g.ztf",
                "g.ztf",
                "g.ztf",
                "g.ztf",
                "g.ztf",
                "g.ztf",
                "g.ztf",
                "g.ztf",
                "g.ztf",
                "g.ztf",
                "g.ztf",
                "g.ztf",
                "g.ztf",
                "g.ztf",
                "r.ztf",
                "g.ztf",
                "r.ztf",
                "r.ztf",
                "r.ztf",
                "g.ztf",
                "g.ztf",
                "r.ztf",
                "g.ztf",
                "g.ztf",
                "g.ztf",
                "g.ztf",
                "g.ztf",
                "g.ztf",
                "g.ztf",
                "g.ztf",
                "g.ztf",
                "g.ztf",
                "g.ztf",
                "g.ztf",
                "UVW2.uvot",
                "UVW2.uvot",
                "UVW2.uvot",
                "UVW2.uvot",
                "UVW2.uvot",
                "UVW2.uvot",
                "UVM2.uvot",
                "UVM2.uvot",
                "UVM2.uvot",
                "UVM2.uvot",
                "UVM2.uvot",
                "UVM2.uvot",
                "UVM2.uvot",
                "UVW1.uvot",
                "UVW1.uvot",
                "UVW1.uvot",
                "UVW1.uvot",
                "UVW1.uvot",
                "UVW1.uvot",
                "U.uvot",
                "U.uvot",
                "U.uvot",
                "U.uvot",
                "U.uvot",
                "B.uvot",
                "B.uvot",
                "B.uvot",
                "B.uvot",
                "B.uvot",
                "W1.wise",
                "W1.wise",
                "W1.wise",
                "W1.wise",
                "W1.wise",
                "W1.wise",
                "W1.wise",
                "W1.wise",
                "W1.wise",
                "W2.wise",
                "W2.wise",
                "W2.wise",
                "W2.wise",
                "W2.wise",
                "W2.wise",
                "W2.wise",
                "W2.wise",
                "W2.wise"
            ],
            "obs_type": "uvoir",
            "reference": [
                "2023ApJ...955L...6Y",
                "2024MNRAS.527.2452M"
            ],
            "upperlimit": [
                true,
                true,
                true,
                true,
                true,
                true,
                true,
                true,
                true,
                true,
                true,
                true,
                true,
                true,
                true,
                true,
                true,
                true,
                true,
                true,
                true,
                true,
                true,
                true,
                true,
                true,
                true,
                true,
                true,
                true,
                true,
                true,
                true,
                true,
                true,
                true,
                true,
                true,
                true,
                true,
                true,
                true,
                true,
                true,
                true,
                true,
                true,
                true,
                true,
                true,
                true,
                true,
                true,
                true,
                true,
                true,
                true,
                true,
                true,
                true,
                true,
                true,
                true,
                true,
                true,
                true,
                true,
                true,
                true,
                true,
                true,
                true,
                true,
                true,
                true,
                true,
                true,
                true,
                true,
                true,
                true,
                true,
                true,
                true,
                true,
                true,
                true,
                true,
                true,
                true,
                true,
                true,
                true,
                true,
                true,
                true,
                true,
                true,
                true,
                true,
                true,
                true,
                true,
                true,
                true,
                true,
                true,
                true,
                true,
                true,
                true,
                true,
                true,
                true,
                true,
                true,
                true,
                true,
                true,
                true,
                true,
                true,
                true,
                true,
                true,
                true,
                true,
                true,
                true,
                true,
                true,
                true,
                true,
                true,
                true,
                true,
                true,
                true,
                true,
                true,
                true,
                true,
                true,
                true,
                true,
                true,
                true,
                true,
                true,
                true,
                true,
                true,
                true,
                true,
                true,
                true,
                true,
                true,
                true,
                true,
                true,
                true,
                true,
                true,
                true,
                true,
                false,
                true,
                true,
                false,
                true,
                false,
                true,
                false,
                false,
                false,
                false,
                false,
                false,
                false,
                false,
                false,
                false,
                false,
                false,
                false,
                false,
                false,
                false,
                false,
                false,
                false,
                false,
                false,
                false,
                false,
                false,
                false,
                false,
                false,
                false,
                false,
                false,
                false,
                false,
                false,
                false,
                false,
                false,
                false,
                false,
                false,
                false,
                false,
                false,
                false,
                false,
                false,
                false,
                false,
                false,
                false,
                false,
                false,
                false,
                false,
                false,
                false,
                false,
                false,
                false,
                false,
                false,
                false,
                false,
                false,
                false,
                false,
                false,
                false,
                false,
                false,
                false,
                false,
                false,
                false,
                false,
                false,
                false,
                false,
                false,
                false,
                false,
                false,
                false,
                false,
                false,
                false,
                false,
                true,
                false,
                false,
                false,
                false,
                false,
                false,
                false,
                false,
                false,
                false,
                false,
                false,
                false,
                false,
                false,
                false,
                false,
                false,
                false,
                false,
                false,
                false,
                false,
                false,
                false,
                false,
                false,
                false,
                false,
                false,
                false,
                false,
                false,
                false,
                false,
                false,
                false,
                false,
                false,
                false,
                false,
                false,
                false,
                false,
                false,
                false,
                false,
                false,
                false,
                false,
                false,
                false,
                false,
                false,
                false,
                false,
                false,
                false,
                false,
                false,
                false,
                false,
                false,
                false,
                false,
                false,
                false,
                false,
                true,
                true,
                false,
                true,
                true,
                true,
                true,
                true,
                true,
                false,
                true,
                true,
                true,
                true,
                true,
                true,
                true,
                true,
                true,
                true,
                true,
                false,
                true,
                true,
                false,
                false,
                false,
                false,
                false,
                false,
                false,
                false,
                false,
                false,
                true,
                true,
                true,
                true,
                true,
                true,
                false,
                true,
                false,
                false,
                false,
                false,
                false,
                false,
                false,
                true,
                true,
                false,
                true,
                true,
                true,
                true,
                true,
                true,
                false,
                true,
                false,
                false,
                false,
                true,
                true,
                false,
                true,
                true,
                true,
                true,
                true,
                true,
                true,
                false,
                true,
                false,
                true,
                true,
                false,
                false,
                true,
                true,
                true,
                true,
                true,
                true,
                true,
                true,
                true,
                true,
                true,
                true,
                true,
                true,
                true,
                true,
                true,
                false,
                true,
                true,
                true,
                true,
                true,
                true,
                true,
                true,
                true,
                true,
                true,
                true,
                true,
                true,
                true,
                true,
                true,
                true,
                true,
                true,
                true,
                true,
                true,
                true,
                true,
                true,
                true,
                true,
                true,
                true,
                true,
                true,
                true,
                true,
                true,
                true,
                true,
                true,
                true,
                true,
                true,
                true,
                false,
                true,
                true,
                true,
                true,
                true,
                true,
                true,
                true,
                true,
                true,
                true,
                true,
                true,
                true,
                true,
                true,
                true,
                true,
                true,
                true,
                true,
                true,
                true,
                true,
                true,
                true,
                true,
                true,
                true,
                true,
                true,
                false,
                false,
                false,
                false,
                false,
                true,
                false,
                false,
                false,
                true,
                false,
                false,
                true,
                false,
                false,
                false,
                false,
                false,
                true,
                false,
                false,
                false,
                false,
                false,
                false,
                false,
                false,
                false,
                false,
                true,
                true,
                true,
                true,
                true,
                true,
                true,
                true,
                true,
                true,
                true,
                true,
                true,
                true,
                true,
                true,
                true,
                true
            ],
            "corr_k": false,
            "corr_s": false,
            "corr_av": false,
            "corr_host": false,
            "corr_hostav": false,
            "val_av": 0.048232058946724034
        }
    ]
}