{
    "_key": "884666",
    "_id": "transients/884666",
    "_rev": "_j6Y85mK---",
    "coordinate": [
        {
            "ra": "13 34 43.207",
            "dec": "+33 13 00.54",
            "epoch": "J2000",
            "system": "ICRS",
            "ra_units": "hourangle",
            "dec_units": "deg",
            "computed": "False",
            "default": true,
            "uuid": "03c57bd7-dcf1-4321-9e7b-231452b42fd3",
            "coordinate_type": "equatorial",
            "reference": [
                "2022Natur.612..430A"
            ]
        },
        {
            "ra": "13:34:43.207",
            "dec": "+33:13:00.54",
            "ra_units": "hour",
            "dec_units": "degree",
            "default": false,
            "coordinate_type": "equatorial",
            "reference": [
                "2022TNSTR.397....1A"
            ]
        },
        {
            "ra": "203.6800286",
            "dec": "33.216817166667",
            "epoch": "J2000",
            "ra_units": "deg",
            "dec_units": "deg",
            "default": false,
            "coordinate_type": "equatorial",
            "frame": "ICRS",
            "reference": [
                "2022TNSTR.397....1A"
            ]
        },
        {
            "computed": "True",
            "default": true,
            "coordinate_type": "galactic",
            "l": "68.62957133676095",
            "b": "78.8489417474028",
            "l_units": "deg",
            "b_units": "deg",
            "reference": [
                "03c57bd7-dcf1-4321-9e7b-231452b42fd3"
            ]
        }
    ],
    "name": {
        "alias": [
            {
                "value": "ZTF22aaajecp",
                "reference": [
                    "TNS"
                ]
            },
            {
                "value": "2022cmc",
                "reference": [
                    "TNS"
                ]
            },
            {
                "value": "AT2022cmc",
                "reference": [
                    "TNS",
                    "2022TNSTR.397....1A",
                    "2022TNSTR.397....1A"
                ]
            }
        ],
        "default_name": "2022cmc"
    },
    "reference_alias": [
        {
            "name": "2022Natur.612..430A",
            "human_readable_name": "Igor et al. (2022)"
        },
        {
            "name": "2022TNSTR.397....1A",
            "human_readable_name": "Andreoni, I. (2022)"
        },
        {
            "name": "2023MNRAS.521..389R",
            "human_readable_name": "Rhodes, L. et al. (2023)"
        }
    ],
    "date_reference": [
        {
            "value": "2459621.946",
            "date_format": "jd",
            "date_type": "discovery",
            "reference": [
                "2022TNSTR.397....1A"
            ],
            "default": true
        },
        {
            "value": "59621.4463",
            "date_format": "mjd",
            "date_type": "discovery",
            "reference": [
                "2022TNSTR.397....1A"
            ],
            "default": false
        },
        {
            "value": "59621.45",
            "date_format": "mjd",
            "date_type": "discovery",
            "reference": [
                "2022Natur.612..430A"
            ],
            "default": false
        }
    ],
    "classification": {
        "spec_classed": 3,
        "unambiguous": true,
        "value": [
            {
                "object_class": "TDE",
                "confidence": 3.3,
                "reference": [
                    "2022Natur.612..430A",
                    "2023MNRAS.521..389R"
                ],
                "default": true
            }
        ],
        "discovery_method": "uvoir"
    },
    "schema_version": {
        "comment": "Original Dataset",
        "value": "0"
    },
    "filter_alias": [
        {
            "filter_key": "8.5GHz",
            "filter_name": "X",
            "freq_eff": 8.5,
            "freq_units": "GHz"
        },
        {
            "filter_key": "15.5GHz",
            "filter_name": "Ku",
            "freq_eff": 15.5,
            "freq_units": "GHz"
        },
        {
            "filter_key": "5.0GHz",
            "filter_name": "C",
            "freq_eff": 5,
            "freq_units": "GHz"
        },
        {
            "filter_key": "1.3GHz",
            "filter_name": "L",
            "freq_eff": 1.3,
            "freq_units": "GHz"
        },
        {
            "filter_key": "9.5GHz",
            "filter_name": "X",
            "freq_eff": 9.5,
            "freq_units": "GHz"
        },
        {
            "filter_key": "10.5GHz",
            "filter_name": "X",
            "freq_eff": 10.5,
            "freq_units": "GHz"
        },
        {
            "filter_key": "11.5GHz",
            "filter_name": "X",
            "freq_eff": 11.5,
            "freq_units": "GHz"
        },
        {
            "filter_key": "12.8GHz",
            "filter_name": "Ku",
            "freq_eff": 12.8,
            "freq_units": "GHz"
        },
        {
            "filter_key": "14.3GHz",
            "filter_name": "Ku",
            "freq_eff": 14.3,
            "freq_units": "GHz"
        },
        {
            "filter_key": "15.9GHz",
            "filter_name": "Ku",
            "freq_eff": 15.9,
            "freq_units": "GHz"
        },
        {
            "filter_key": "17.1GHz",
            "filter_name": "Ku",
            "freq_eff": 17.1,
            "freq_units": "GHz"
        },
        {
            "filter_key": "7.0GHz",
            "filter_name": "C",
            "freq_eff": 7,
            "freq_units": "GHz"
        },
        {
            "filter_key": "41.0GHz",
            "filter_name": "alma.1",
            "freq_eff": 41,
            "freq_units": "GHz"
        },
        {
            "filter_key": "43.0GHz",
            "filter_name": "alma.1",
            "freq_eff": 43,
            "freq_units": "GHz"
        },
        {
            "filter_key": "45.0GHz",
            "filter_name": "alma.1",
            "freq_eff": 45,
            "freq_units": "GHz"
        },
        {
            "filter_key": "47.0GHz",
            "filter_name": "alma.1",
            "freq_eff": 47,
            "freq_units": "GHz"
        },
        {
            "filter_key": "31.5GHz",
            "filter_name": "Ka",
            "freq_eff": 31.5,
            "freq_units": "GHz"
        },
        {
            "filter_key": "33.5GHz",
            "filter_name": "Ka",
            "freq_eff": 33.5,
            "freq_units": "GHz"
        },
        {
            "filter_key": "35.5GHz",
            "filter_name": "Ka",
            "freq_eff": 35.5,
            "freq_units": "GHz"
        },
        {
            "filter_key": "37.5GHz",
            "filter_name": "Ka",
            "freq_eff": 37.5,
            "freq_units": "GHz"
        },
        {
            "filter_key": "19.2GHz",
            "filter_name": "K",
            "freq_eff": 19.2,
            "freq_units": "GHz"
        },
        {
            "filter_key": "21.2GHz",
            "filter_name": "K",
            "freq_eff": 21.2,
            "freq_units": "GHz"
        },
        {
            "filter_key": "23.2GHz",
            "filter_name": "K",
            "freq_eff": 23.2,
            "freq_units": "GHz"
        },
        {
            "filter_key": "25.2GHz",
            "filter_name": "K",
            "freq_eff": 25.2,
            "freq_units": "GHz"
        },
        {
            "filter_key": "17.4GHz",
            "filter_name": "Ku",
            "freq_eff": 17.4,
            "freq_units": "GHz"
        },
        {
            "filter_key": "225.0GHz",
            "filter_name": "alma.6",
            "freq_eff": 225,
            "freq_units": "GHz"
        },
        {
            "filter_key": "86.0GHz",
            "filter_name": "alma.3",
            "freq_eff": 86,
            "freq_units": "GHz"
        },
        {
            "filter_key": "102.0GHz",
            "filter_name": "alma.3",
            "freq_eff": 102,
            "freq_units": "GHz"
        },
        {
            "filter_key": "340.0GHz",
            "filter_name": "alma.7",
            "freq_eff": 340,
            "freq_units": "GHz"
        },
        {
            "filter_key": "350.0GHz",
            "filter_name": "alma.7",
            "freq_eff": 350,
            "freq_units": "GHz"
        },
        {
            "filter_key": "667.0GHz",
            "filter_name": "alma.9",
            "freq_eff": 667,
            "freq_units": "GHz"
        },
        {
            "filter_key": "216.0GHz",
            "filter_name": "alma.6",
            "freq_eff": 216,
            "freq_units": "GHz"
        },
        {
            "filter_key": "232.0GHz",
            "filter_name": "alma.6",
            "freq_eff": 232,
            "freq_units": "GHz"
        },
        {
            "filter_key": "136.0GHz",
            "filter_name": "alma.4",
            "freq_eff": 136,
            "freq_units": "GHz"
        },
        {
            "filter_key": "152.0GHz",
            "filter_name": "alma.4",
            "freq_eff": 152,
            "freq_units": "GHz"
        },
        {
            "filter_key": "347.0GHz",
            "filter_name": "alma.7",
            "freq_eff": 347,
            "freq_units": "GHz"
        },
        {
            "filter_key": "31.4GHz",
            "filter_name": "Ka",
            "freq_eff": 31.4,
            "freq_units": "GHz"
        },
        {
            "filter_key": "35.6GHz",
            "filter_name": "Ka",
            "freq_eff": 35.6,
            "freq_units": "GHz"
        },
        {
            "filter_key": "15.8GHz",
            "filter_name": "Ku",
            "freq_eff": 15.8,
            "freq_units": "GHz"
        },
        {
            "filter_key": "0.402GHz",
            "filter_name": "gmrt.3",
            "freq_eff": 0.402,
            "freq_units": "GHz"
        },
        {
            "filter_key": "1.264GHz",
            "filter_name": "L",
            "freq_eff": 1.264,
            "freq_units": "GHz"
        },
        {
            "filter_key": "0.75GHz",
            "filter_name": "UHF",
            "freq_eff": 0.75,
            "freq_units": "GHz"
        },
        {
            "filter_key": "r'",
            "filter_name": "r'",
            "freq_eff": 489.2629993,
            "freq_units": "THz"
        },
        {
            "filter_key": "g'",
            "filter_name": "g'",
            "freq_eff": 648.9823425,
            "freq_units": "THz"
        },
        {
            "filter_key": "i'",
            "filter_name": "i'",
            "freq_eff": 402.8409599,
            "freq_units": "THz"
        },
        {
            "filter_key": "o",
            "filter_name": "o",
            "freq_eff": 451.711772,
            "freq_units": "THz"
        },
        {
            "filter_key": "z'",
            "filter_name": "z'",
            "freq_eff": 337.7343709,
            "freq_units": "THz"
        },
        {
            "filter_key": "J",
            "filter_name": "J",
            "freq_eff": 239.8624425,
            "freq_units": "THz"
        },
        {
            "filter_key": "H",
            "filter_name": "H",
            "freq_eff": 185.336132,
            "freq_units": "THz"
        },
        {
            "filter_key": "Ks",
            "filter_name": "Ks",
            "freq_eff": 139.7943198,
            "freq_units": "THz"
        },
        {
            "filter_key": "UVW1",
            "filter_name": "UVW1",
            "freq_eff": 1236.852755,
            "freq_units": "THz"
        },
        {
            "filter_key": "U",
            "filter_name": "U",
            "freq_eff": 858.3217219,
            "freq_units": "THz"
        },
        {
            "filter_key": "B",
            "filter_name": "B",
            "freq_eff": 688.8500955,
            "freq_units": "THz"
        },
        {
            "filter_key": "UVW2",
            "filter_name": "UVW2",
            "freq_eff": 1531.497698,
            "freq_units": "THz"
        },
        {
            "filter_key": "V",
            "filter_name": "V",
            "freq_eff": 548.3068934,
            "freq_units": "THz"
        },
        {
            "filter_key": "UVM2",
            "filter_name": "UVM2",
            "freq_eff": 1360.083096,
            "freq_units": "THz"
        },
        {
            "filter_key": "F606W",
            "filter_name": "F606W",
            "freq_eff": 518.9926269,
            "freq_units": "THz"
        },
        {
            "filter_key": "F160W",
            "filter_name": "F160W",
            "freq_eff": 196.2189002,
            "freq_units": "THz"
        }
    ],
    "photometry": [
        {
            "reference": [
                "2022Natur.612..430A"
            ],
            "raw": [
                0.033,
                0.043,
                0.073,
                0.108,
                0.108,
                0.102,
                0.137,
                0.17,
                0.27
            ],
            "raw_units": [
                "mJy",
                "mJy",
                "mJy",
                "mJy",
                "mJy",
                "mJy",
                "mJy",
                "mJy",
                "mJy"
            ],
            "date": [
                59625.52,
                59626.52,
                59627.509999999995,
                59630.25,
                59632.28,
                59633.229999999996,
                59636.579999999994,
                59642.25,
                59669.18
            ],
            "date_format": [
                "mjd",
                "mjd",
                "mjd",
                "mjd",
                "mjd",
                "mjd",
                "mjd",
                "mjd",
                "mjd"
            ],
            "filter_key": [
                "8.5GHz",
                "8.5GHz",
                "8.5GHz",
                "8.5GHz",
                "8.5GHz",
                "8.5GHz",
                "8.5GHz",
                "8.5GHz",
                "8.5GHz"
            ],
            "computed": [
                false,
                false,
                false,
                false,
                false,
                false,
                false,
                false,
                false
            ],
            "obs_type": [
                "radio",
                "radio",
                "radio",
                "radio",
                "radio",
                "radio",
                "radio",
                "radio",
                "radio"
            ],
            "upperlimit": [
                false,
                false,
                false,
                false,
                false,
                false,
                false,
                false,
                false
            ],
            "corr_k": false,
            "corr_s": false,
            "corr_av": false,
            "corr_host": false,
            "corr_hostav": false
        },
        {
            "reference": "2022Natur.612..430A",
            "raw": [
                1560
            ],
            "raw_err": [
                220
            ],
            "raw_units": "uJy",
            "date": [
                "2022-02-26 17:31"
            ],
            "date_format": [
                "iso"
            ],
            "upperlimit": [
                false
            ],
            "filter_key": [
                "33.5GHz"
            ],
            "obs_type": "radio",
            "telescope": "ATCA",
            "corr_k": false,
            "corr_s": false,
            "corr_host": false,
            "corr_av": false,
            "corr_hostav": false
        },
        {
            "reference": "2022Natur.612..430A",
            "raw": [
                5900,
                76200,
                4300,
                34500
            ],
            "raw_err": [
                2000,
                0,
                1700,
                0
            ],
            "raw_units": "uJy",
            "date": [
                "2022-02-20 12:44",
                "2022-02-20 12:44",
                "2022-02-22 11:46",
                "2022-02-22 11:46"
            ],
            "date_format": [
                "iso",
                "iso",
                "iso",
                "iso"
            ],
            "upperlimit": [
                false,
                true,
                false,
                true
            ],
            "filter_key": [
                "350.0GHz",
                "667.0GHz",
                "350.0GHz",
                "667.0GHz"
            ],
            "obs_type": "radio",
            "telescope": "JCMT",
            "corr_k": false,
            "corr_s": false,
            "corr_host": false,
            "corr_av": false,
            "corr_hostav": false
        },
        {
            "reference": "2022Natur.612..430A",
            "raw": [
                4759,
                6034,
                7142,
                6835,
                5464,
                5446,
                4596,
                4953,
                4549,
                4661,
                3914,
                3609,
                3045,
                2750
            ],
            "raw_err": [
                73,
                118,
                47,
                68,
                55,
                70,
                53,
                57,
                74,
                76,
                30,
                34,
                41,
                51
            ],
            "raw_units": "uJy",
            "date": [
                "2022-02-19 06:24",
                "2022-02-19 06:24",
                "2022-02-23 03:13",
                "2022-02-23 03:13",
                "2022-02-23 21:14",
                "2022-02-23 21:14",
                "2022-03-03 22:12",
                "2022-03-03 22:12",
                "2022-03-09 23:25",
                "2022-03-09 23:25",
                "2022-03-24 22:14",
                "2022-03-24 22:14",
                "2022-03-25 00:45",
                "2022-03-25 00:45"
            ],
            "date_format": [
                "iso",
                "iso",
                "iso",
                "iso",
                "iso",
                "iso",
                "iso",
                "iso",
                "iso",
                "iso",
                "iso",
                "iso",
                "iso",
                "iso"
            ],
            "upperlimit": [
                false,
                false,
                false,
                false,
                false,
                false,
                false,
                false,
                false,
                false,
                false,
                false,
                false,
                false
            ],
            "filter_key": [
                "86.0GHz",
                "102.0GHz",
                "216.0GHz",
                "232.0GHz",
                "136.0GHz",
                "152.0GHz",
                "86.0GHz",
                "102.0GHz",
                "86.0GHz",
                "102.0GHz",
                "86.0GHz",
                "102.0GHz",
                "136.0GHz",
                "152.0GHz"
            ],
            "obs_type": "radio",
            "telescope": "NOEMA",
            "corr_k": false,
            "corr_s": false,
            "corr_host": false,
            "corr_av": false,
            "corr_hostav": false
        },
        {
            "reference": "2022Natur.612..430A",
            "raw": [
                9540,
                8172,
                6490,
                7074,
                7056,
                6538,
                4262,
                6227,
                9430,
                4905,
                7246,
                4226,
                3485,
                3243,
                2712
            ],
            "raw_err": [
                820,
                610,
                2600,
                490,
                2140,
                810,
                1890,
                780,
                0,
                730,
                0,
                810,
                510,
                930,
                860
            ],
            "raw_units": "uJy",
            "date": [
                "2022-02-18 13:16",
                "2022-02-20 12:33",
                "2022-02-20 12:33",
                "2022-02-22 14:01",
                "2022-02-22 14:01",
                "2022-02-24 13:29",
                "2022-02-24 13:29",
                "2022-02-25 12:38",
                "2022-02-25 12:38",
                "2022-02-27 12:09",
                "2022-02-27 12:09",
                "2022-02-28 13:05",
                "2022-03-02 13:49",
                "2022-03-06 09:48",
                "2022-03-12 11:13"
            ],
            "date_format": [
                "iso",
                "iso",
                "iso",
                "iso",
                "iso",
                "iso",
                "iso",
                "iso",
                "iso",
                "iso",
                "iso",
                "iso",
                "iso",
                "iso",
                "iso"
            ],
            "upperlimit": [
                false,
                false,
                false,
                false,
                false,
                false,
                false,
                false,
                true,
                false,
                true,
                false,
                false,
                false,
                false
            ],
            "filter_key": [
                "225.0GHz",
                "225.0GHz",
                "340.0GHz",
                "225.0GHz",
                "340.0GHz",
                "225.0GHz",
                "347.0GHz",
                "225.0GHz",
                "347.0GHz",
                "225.0GHz",
                "347.0GHz",
                "225.0GHz",
                "225.0GHz",
                "225.0GHz",
                "225.0GHz"
            ],
            "obs_type": "radio",
            "telescope": "SMA",
            "corr_k": false,
            "corr_s": false,
            "corr_host": false,
            "corr_av": false,
            "corr_hostav": false
        },
        {
            "reference": "2022Natur.612..430A",
            "raw": [
                33,
                46,
                51,
                68,
                43,
                49,
                84,
                97,
                106,
                148,
                176,
                212,
                23,
                19,
                73,
                90,
                137,
                141,
                1540,
                1750,
                1760,
                1900,
                955,
                969,
                1127,
                1226,
                349,
                404,
                506,
                576,
                69,
                78,
                90,
                142,
                156,
                189,
                249,
                290,
                28,
                42,
                109,
                141,
                184,
                230,
                108,
                144,
                196,
                220,
                1350,
                1555,
                1687,
                1692,
                102,
                132,
                155,
                197,
                242,
                268,
                322,
                388,
                137,
                160,
                182,
                228,
                1890,
                2046,
                2278,
                2389,
                170,
                220,
                234,
                299,
                381,
                483,
                587,
                684,
                2130,
                2260,
                2350,
                2360,
                270,
                336,
                385,
                438,
                583,
                724,
                801,
                935
            ],
            "raw_err": [
                7,
                7,
                8,
                9,
                8,
                7,
                8,
                9,
                9,
                8,
                8,
                8,
                0,
                6,
                11,
                10,
                10,
                12,
                50,
                60,
                70,
                90,
                21,
                24,
                24,
                31,
                12,
                13,
                13,
                14,
                9,
                9,
                9,
                10,
                11,
                10,
                9,
                12,
                7,
                5,
                16,
                14,
                17,
                18,
                19,
                18,
                19,
                22,
                44,
                55,
                49,
                68,
                16,
                15,
                15,
                15,
                18,
                18,
                19,
                23,
                15,
                14,
                17,
                19,
                32,
                36,
                40,
                42,
                12,
                11,
                13,
                14,
                13,
                12,
                15,
                16,
                30,
                30,
                40,
                40,
                12,
                11,
                12,
                14,
                12,
                12,
                14,
                15
            ],
            "raw_units": "uJy",
            "date": [
                "2022-02-15 12:30",
                "2022-02-15 12:30",
                "2022-02-15 12:30",
                "2022-02-15 12:30",
                "2022-02-16 12:19",
                "2022-02-16 12:19",
                "2022-02-16 12:19",
                "2022-02-16 12:19",
                "2022-02-16 13:07",
                "2022-02-16 13:07",
                "2022-02-16 13:07",
                "2022-02-16 13:07",
                "2022-02-16 13:33",
                "2022-02-16 13:33",
                "2022-02-17 12:01",
                "2022-02-17 12:01",
                "2022-02-17 12:01",
                "2022-02-17 12:01",
                "2022-02-18 06:58",
                "2022-02-18 06:58",
                "2022-02-18 06:58",
                "2022-02-18 06:58",
                "2022-02-18 07:22",
                "2022-02-18 07:22",
                "2022-02-18 07:22",
                "2022-02-18 07:22",
                "2022-02-18 07:50",
                "2022-02-18 07:50",
                "2022-02-18 07:50",
                "2022-02-18 07:50",
                "2022-02-18 07:55",
                "2022-02-18 07:55",
                "2022-02-18 07:55",
                "2022-02-18 07:55",
                "2022-02-18 08:15",
                "2022-02-18 08:15",
                "2022-02-18 08:15",
                "2022-02-18 08:15",
                "2022-02-18 08:48",
                "2022-02-18 08:48",
                "2022-02-20 05:48",
                "2022-02-20 05:48",
                "2022-02-20 05:48",
                "2022-02-20 05:48",
                "2022-02-22 06:42",
                "2022-02-22 06:42",
                "2022-02-22 06:42",
                "2022-02-22 06:42",
                "2022-02-23 05:16",
                "2022-02-23 05:16",
                "2022-02-23 05:16",
                "2022-02-23 05:16",
                "2022-02-23 05:23",
                "2022-02-23 05:23",
                "2022-02-23 05:23",
                "2022-02-23 05:23",
                "2022-02-23 05:34",
                "2022-02-23 05:34",
                "2022-02-23 05:34",
                "2022-02-23 05:34",
                "2022-02-26 13:54",
                "2022-02-26 13:54",
                "2022-02-26 13:54",
                "2022-02-26 13:54",
                "2022-03-04 05:43",
                "2022-03-04 05:43",
                "2022-03-04 05:43",
                "2022-03-04 05:43",
                "2022-03-04 05:49",
                "2022-03-04 05:49",
                "2022-03-04 05:49",
                "2022-03-04 05:49",
                "2022-03-04 05:59",
                "2022-03-04 05:59",
                "2022-03-04 05:59",
                "2022-03-04 05:59",
                "2022-03-31 04:08",
                "2022-03-31 04:08",
                "2022-03-31 04:08",
                "2022-03-31 04:08",
                "2022-03-31 04:13",
                "2022-03-31 04:13",
                "2022-03-31 04:13",
                "2022-03-31 04:13",
                "2022-03-31 04:23",
                "2022-03-31 04:23",
                "2022-03-31 04:23",
                "2022-03-31 04:23"
            ],
            "date_format": [
                "iso",
                "iso",
                "iso",
                "iso",
                "iso",
                "iso",
                "iso",
                "iso",
                "iso",
                "iso",
                "iso",
                "iso",
                "iso",
                "iso",
                "iso",
                "iso",
                "iso",
                "iso",
                "iso",
                "iso",
                "iso",
                "iso",
                "iso",
                "iso",
                "iso",
                "iso",
                "iso",
                "iso",
                "iso",
                "iso",
                "iso",
                "iso",
                "iso",
                "iso",
                "iso",
                "iso",
                "iso",
                "iso",
                "iso",
                "iso",
                "iso",
                "iso",
                "iso",
                "iso",
                "iso",
                "iso",
                "iso",
                "iso",
                "iso",
                "iso",
                "iso",
                "iso",
                "iso",
                "iso",
                "iso",
                "iso",
                "iso",
                "iso",
                "iso",
                "iso",
                "iso",
                "iso",
                "iso",
                "iso",
                "iso",
                "iso",
                "iso",
                "iso",
                "iso",
                "iso",
                "iso",
                "iso",
                "iso",
                "iso",
                "iso",
                "iso",
                "iso",
                "iso",
                "iso",
                "iso",
                "iso",
                "iso",
                "iso",
                "iso",
                "iso",
                "iso",
                "iso",
                "iso"
            ],
            "upperlimit": [
                false,
                false,
                false,
                false,
                false,
                false,
                false,
                false,
                false,
                false,
                false,
                false,
                true,
                false,
                false,
                false,
                false,
                false,
                false,
                false,
                false,
                false,
                false,
                false,
                false,
                false,
                false,
                false,
                false,
                false,
                false,
                false,
                false,
                false,
                false,
                false,
                false,
                false,
                false,
                false,
                false,
                false,
                false,
                false,
                false,
                false,
                false,
                false,
                false,
                false,
                false,
                false,
                false,
                false,
                false,
                false,
                false,
                false,
                false,
                false,
                false,
                false,
                false,
                false,
                false,
                false,
                false,
                false,
                false,
                false,
                false,
                false,
                false,
                false,
                false,
                false,
                false,
                false,
                false,
                false,
                false,
                false,
                false,
                false,
                false,
                false,
                false,
                false
            ],
            "filter_key": [
                "8.5GHz",
                "9.5GHz",
                "10.5GHz",
                "11.5GHz",
                "8.5GHz",
                "9.5GHz",
                "10.5GHz",
                "11.5GHz",
                "12.8GHz",
                "14.3GHz",
                "15.9GHz",
                "17.1GHz",
                "5.0GHz",
                "7.0GHz",
                "8.5GHz",
                "9.5GHz",
                "10.5GHz",
                "11.5GHz",
                "41.0GHz",
                "43.0GHz",
                "45.0GHz",
                "47.0GHz",
                "31.5GHz",
                "33.5GHz",
                "35.5GHz",
                "37.5GHz",
                "19.2GHz",
                "21.2GHz",
                "23.2GHz",
                "25.2GHz",
                "8.5GHz",
                "9.5GHz",
                "10.5GHz",
                "11.5GHz",
                "12.8GHz",
                "14.3GHz",
                "15.9GHz",
                "17.4GHz",
                "5.0GHz",
                "7.0GHz",
                "8.5GHz",
                "9.5GHz",
                "10.5GHz",
                "11.5GHz",
                "8.5GHz",
                "9.5GHz",
                "10.5GHz",
                "11.5GHz",
                "31.5GHz",
                "33.5GHz",
                "35.5GHz",
                "37.5GHz",
                "8.5GHz",
                "9.5GHz",
                "10.5GHz",
                "11.5GHz",
                "12.8GHz",
                "14.3GHz",
                "15.9GHz",
                "17.4GHz",
                "8.5GHz",
                "9.5GHz",
                "10.5GHz",
                "11.5GHz",
                "31.4GHz",
                "33.5GHz",
                "35.6GHz",
                "37.5GHz",
                "8.5GHz",
                "9.5GHz",
                "10.5GHz",
                "11.5GHz",
                "12.8GHz",
                "14.3GHz",
                "15.8GHz",
                "17.4GHz",
                "31.4GHz",
                "33.5GHz",
                "35.6GHz",
                "37.5GHz",
                "8.5GHz",
                "9.5GHz",
                "10.5GHz",
                "11.5GHz",
                "12.8GHz",
                "14.3GHz",
                "15.9GHz",
                "17.4GHz"
            ],
            "obs_type": "radio",
            "telescope": "VLA",
            "corr_k": false,
            "corr_s": false,
            "corr_host": false,
            "corr_av": false,
            "corr_hostav": false
        },
        {
            "reference": "2022Natur.612..430A",
            "raw": [
                98.7,
                47.7,
                67.8
            ],
            "raw_err": [
                0,
                0,
                0
            ],
            "raw_units": "uJy",
            "date": [
                "2022-03-13 23:35",
                "2022-03-25 00:08",
                "2022-03-25 23:27"
            ],
            "date_format": [
                "iso",
                "iso",
                "iso"
            ],
            "upperlimit": [
                true,
                true,
                true
            ],
            "filter_key": [
                "0.402GHz",
                "1.264GHz",
                "0.75GHz"
            ],
            "obs_type": "radio",
            "telescope": "uGMRT",
            "corr_k": false,
            "corr_s": false,
            "corr_host": false,
            "corr_av": false,
            "corr_hostav": false
        },
        {
            "reference": "2023MNRAS.521..389R",
            "raw": [
                0.45,
                0.48,
                0.45,
                0.58,
                0.53,
                0.62,
                0.6,
                0.7,
                0.67,
                0.72,
                0.81,
                0.83,
                0.7,
                0.71,
                0.64,
                0.83,
                0.67,
                0.8,
                0.66,
                0.84,
                0.76,
                0.62,
                0.67,
                0.76,
                0.89,
                0.82,
                0.91,
                0.78,
                1,
                0.86,
                0.8,
                0.87,
                0.79,
                0.91,
                0.7,
                0.92,
                0.87,
                0.79,
                0.85,
                0.92,
                0.86,
                0.82,
                0.96,
                1.05,
                1,
                0.88,
                0.94,
                0.95,
                0.84
            ],
            "raw_err": [
                0.03,
                0.07,
                0.05,
                0.05,
                0.04,
                0.05,
                0.03,
                0.1,
                0.04,
                0.06,
                0.07,
                0.05,
                0.09,
                0.07,
                0.04,
                0.06,
                0.06,
                0.04,
                0.04,
                0.04,
                0.05,
                0.08,
                0.05,
                0.04,
                0.04,
                0.04,
                0.03,
                0.07,
                0.1,
                0.05,
                0.1,
                0.06,
                0.09,
                0.04,
                0.05,
                0.04,
                0.04,
                0.04,
                0.04,
                0.04,
                0.06,
                0.05,
                0.05,
                0.04,
                0.04,
                0.05,
                0.04,
                0.04,
                0.07
            ],
            "raw_units": "mJy",
            "date": [
                "59636.1458",
                "59641.1458",
                "59645.1458",
                "59646.0458",
                "59647.0458",
                "59648.1458",
                "59649.1458",
                "59650.0458",
                "59651.0458",
                "59652.0458",
                "59653.0458",
                "59654.1458",
                "59655.0458",
                "59657.1458",
                "59657.9458",
                "59660.0458",
                "59661.0458",
                "59663.0458",
                "59663.9458",
                "59666.0458",
                "59666.9458",
                "59668.1458",
                "59669.1458",
                "59670.9458",
                "59672.1458",
                "59679.0458",
                "59680.0458",
                "59682.0458",
                "59682.9458",
                "59683.9458",
                "59685.0458",
                "59686.9458",
                "59688.0458",
                "59689.0458",
                "59690.0458",
                "59690.9458",
                "59692.9458",
                "59693.8458",
                "59696.0458",
                "59698.0458",
                "59703.9458",
                "59705.0458",
                "59706.8458",
                "59708.9458",
                "59709.8458",
                "59710.8458",
                "59711.8458",
                "59712.8458",
                "59717.0458"
            ],
            "date_format": [
                "mjd",
                "mjd",
                "mjd",
                "mjd",
                "mjd",
                "mjd",
                "mjd",
                "mjd",
                "mjd",
                "mjd",
                "mjd",
                "mjd",
                "mjd",
                "mjd",
                "mjd",
                "mjd",
                "mjd",
                "mjd",
                "mjd",
                "mjd",
                "mjd",
                "mjd",
                "mjd",
                "mjd",
                "mjd",
                "mjd",
                "mjd",
                "mjd",
                "mjd",
                "mjd",
                "mjd",
                "mjd",
                "mjd",
                "mjd",
                "mjd",
                "mjd",
                "mjd",
                "mjd",
                "mjd",
                "mjd",
                "mjd",
                "mjd",
                "mjd",
                "mjd",
                "mjd",
                "mjd",
                "mjd",
                "mjd",
                "mjd"
            ],
            "upperlimit": [
                false,
                false,
                false,
                false,
                false,
                false,
                false,
                false,
                false,
                false,
                false,
                false,
                false,
                false,
                false,
                false,
                false,
                false,
                false,
                false,
                false,
                false,
                false,
                false,
                false,
                false,
                false,
                false,
                false,
                false,
                false,
                false,
                false,
                false,
                false,
                false,
                false,
                false,
                false,
                false,
                false,
                false,
                false,
                false,
                false,
                false,
                false,
                false,
                false
            ],
            "filter_key": [
                "15.5GHz",
                "15.5GHz",
                "15.5GHz",
                "15.5GHz",
                "15.5GHz",
                "15.5GHz",
                "15.5GHz",
                "15.5GHz",
                "15.5GHz",
                "15.5GHz",
                "15.5GHz",
                "15.5GHz",
                "15.5GHz",
                "15.5GHz",
                "15.5GHz",
                "15.5GHz",
                "15.5GHz",
                "15.5GHz",
                "15.5GHz",
                "15.5GHz",
                "15.5GHz",
                "15.5GHz",
                "15.5GHz",
                "15.5GHz",
                "15.5GHz",
                "15.5GHz",
                "15.5GHz",
                "15.5GHz",
                "15.5GHz",
                "15.5GHz",
                "15.5GHz",
                "15.5GHz",
                "15.5GHz",
                "15.5GHz",
                "15.5GHz",
                "15.5GHz",
                "15.5GHz",
                "15.5GHz",
                "15.5GHz",
                "15.5GHz",
                "15.5GHz",
                "15.5GHz",
                "15.5GHz",
                "15.5GHz",
                "15.5GHz",
                "15.5GHz",
                "15.5GHz",
                "15.5GHz",
                "15.5GHz"
            ],
            "obs_type": "radio",
            "telescope": "AMI-LA",
            "corr_k": false,
            "corr_s": false,
            "corr_host": false,
            "corr_av": false,
            "corr_hostav": false
        },
        {
            "reference": "2023MNRAS.521..389R",
            "raw": [
                18,
                21,
                18
            ],
            "raw_err": [
                0,
                0,
                0
            ],
            "raw_units": "mJy",
            "date": [
                "59627.9458",
                "59684.8458",
                "59688.8458"
            ],
            "date_format": [
                "mjd",
                "mjd",
                "mjd"
            ],
            "upperlimit": [
                true,
                true,
                true
            ],
            "filter_key": [
                "1.3GHz",
                "1.3GHz",
                "1.3GHz"
            ],
            "obs_type": "radio",
            "telescope": "MeerKAT",
            "corr_k": false,
            "corr_s": false,
            "corr_host": false,
            "corr_av": false,
            "corr_hostav": false
        },
        {
            "reference": "2023MNRAS.521..389R",
            "raw": [
                75,
                84,
                100,
                110,
                100
            ],
            "raw_err": [
                0,
                0,
                20,
                10,
                10
            ],
            "raw_units": "mJy",
            "date": [
                "59637.2458",
                "59645.9458",
                "59661.7458",
                "59682.7458",
                "59704.5458"
            ],
            "date_format": [
                "mjd",
                "mjd",
                "mjd",
                "mjd",
                "mjd"
            ],
            "upperlimit": [
                true,
                true,
                false,
                false,
                false
            ],
            "filter_key": [
                "5.0GHz",
                "5.0GHz",
                "5.0GHz",
                "5.0GHz",
                "5.0GHz"
            ],
            "obs_type": "radio",
            "telescope": "eMERLIN",
            "corr_k": false,
            "corr_s": false,
            "corr_host": false,
            "corr_av": false,
            "corr_hostav": false
        },
        {
            "reference": "2022Natur.612..430A",
            "raw": [
                21.54,
                21.61,
                21.78,
                21.59,
                21.73,
                21.87,
                21.68,
                21.76,
                21.92,
                21.81,
                21.88,
                21.75,
                21.82,
                21.89,
                22.09,
                22.12,
                22.18
            ],
            "raw_err": [
                0.06,
                0.04,
                0.06,
                0.03,
                0.04,
                0.07,
                0.08,
                0.05,
                0.08,
                0.06,
                0.05,
                0.05,
                0.03,
                0.04,
                0.06,
                0.06,
                0.07
            ],
            "raw_units": "mag(AB)",
            "date": [
                59638.09044,
                59638.09855,
                59638.10886,
                59642.25937,
                59642.26748,
                59642.2756,
                59647.09175,
                59647.09987,
                59647.10776,
                59651.16111,
                59651.16922,
                59651.24884,
                59651.25695,
                59651.26507,
                59668.11866,
                59668.13028,
                59668.14213
            ],
            "date_format": [
                "mjd",
                "mjd",
                "mjd",
                "mjd",
                "mjd",
                "mjd",
                "mjd",
                "mjd",
                "mjd",
                "mjd",
                "mjd",
                "mjd",
                "mjd",
                "mjd",
                "mjd",
                "mjd",
                "mjd"
            ],
            "upperlimit": [
                false,
                false,
                false,
                false,
                false,
                false,
                false,
                false,
                false,
                false,
                false,
                false,
                false,
                false,
                false,
                false,
                false
            ],
            "filter_key": [
                "g'",
                "r'",
                "i'",
                "g'",
                "r'",
                "i'",
                "g'",
                "r'",
                "i'",
                "r'",
                "i'",
                "g'",
                "r'",
                "i'",
                "g'",
                "r'",
                "i'"
            ],
            "obs_type": "uvoir",
            "telescope": "ALFOSC",
            "corr_k": false,
            "corr_s": false,
            "corr_host": false,
            "corr_av": false,
            "corr_hostav": false
        },
        {
            "reference": "2022Natur.612..430A",
            "raw": [
                19.12,
                18.97,
                18.89,
                19.29,
                19.35,
                19.32,
                19.3,
                19.55
            ],
            "raw_err": [
                0.19,
                0.18,
                0.17,
                0.28,
                0.26,
                0.26,
                0.28,
                0.3
            ],
            "raw_units": "mag(AB)",
            "date": [
                59622.47844,
                59622.48173,
                59622.48568,
                59622.49073,
                59623.51081,
                59623.51388,
                59623.51519,
                59623.52046
            ],
            "date_format": [
                "mjd",
                "mjd",
                "mjd",
                "mjd",
                "mjd",
                "mjd",
                "mjd",
                "mjd"
            ],
            "upperlimit": [
                false,
                false,
                false,
                false,
                false,
                false,
                false,
                false
            ],
            "filter_key": [
                "o",
                "o",
                "o",
                "o",
                "o",
                "o",
                "o",
                "o"
            ],
            "obs_type": "uvoir",
            "telescope": "ATLAS",
            "corr_k": false,
            "corr_s": false,
            "corr_host": false,
            "corr_av": false,
            "corr_hostav": false
        },
        {
            "reference": "2022Natur.612..430A",
            "raw": [
                21.26,
                21.12
            ],
            "raw_err": [
                0.08,
                0.12
            ],
            "raw_units": "mag(AB)",
            "date": [
                59628.20502,
                59628.23419
            ],
            "date_format": [
                "mjd",
                "mjd"
            ],
            "upperlimit": [
                false,
                false
            ],
            "filter_key": [
                "r'",
                "i'"
            ],
            "obs_type": "uvoir",
            "telescope": "CAFOS",
            "corr_k": false,
            "corr_s": false,
            "corr_host": false,
            "corr_av": false,
            "corr_hostav": false
        },
        {
            "reference": "2022Natur.612..430A",
            "raw": [
                20.43,
                20.53,
                20.34,
                21.16,
                21.06,
                20.93,
                21.04,
                21.09,
                21.15,
                21.28,
                21.15,
                21.38,
                21.19,
                21.11,
                21.14,
                21.34,
                21,
                21.39,
                21.5,
                21.69,
                21.17,
                21.25,
                21.51,
                21.38,
                21.68,
                21.74,
                21.72,
                21.35,
                21.55,
                21.82,
                21.9,
                21.55,
                21.59,
                21.6,
                21.59,
                21.61,
                21.69,
                21.53,
                21.61,
                21.53,
                21.98
            ],
            "raw_err": [
                0.08,
                0.05,
                0.06,
                0.28,
                0.13,
                0.11,
                0.09,
                0.22,
                0.15,
                0.19,
                0.14,
                0.15,
                0.15,
                0.13,
                0.11,
                0.13,
                0.09,
                0.16,
                0.17,
                0.23,
                0.09,
                0.09,
                0.14,
                0.14,
                0.18,
                0.21,
                0.23,
                0.24,
                0.24,
                0.2,
                0.19,
                0.05,
                0.07,
                0.07,
                0.08,
                0.08,
                0.13,
                0.06,
                0.05,
                0.08,
                0.22
            ],
            "raw_units": "mag(AB)",
            "date": [
                59625.3641,
                59625.36476,
                59625.36542,
                59626.37519,
                59626.37585,
                59626.37651,
                59626.37717,
                59627.37071,
                59627.37137,
                59627.37202,
                59627.37268,
                59627.37378,
                59628.37061,
                59628.37171,
                59628.37258,
                59628.37346,
                59628.37456,
                59628.37565,
                59629.376,
                59629.37709,
                59629.37819,
                59629.37929,
                59629.38038,
                59629.38148,
                59630.37853,
                59630.38094,
                59631.37054,
                59631.37163,
                59631.37273,
                59632.37044,
                59632.37176,
                59633.30981,
                59633.31354,
                59633.31617,
                59633.3188,
                59633.32143,
                59633.32407,
                59634.31125,
                59634.31278,
                59634.3141,
                59634.31563
            ],
            "date_format": [
                "mjd",
                "mjd",
                "mjd",
                "mjd",
                "mjd",
                "mjd",
                "mjd",
                "mjd",
                "mjd",
                "mjd",
                "mjd",
                "mjd",
                "mjd",
                "mjd",
                "mjd",
                "mjd",
                "mjd",
                "mjd",
                "mjd",
                "mjd",
                "mjd",
                "mjd",
                "mjd",
                "mjd",
                "mjd",
                "mjd",
                "mjd",
                "mjd",
                "mjd",
                "mjd",
                "mjd",
                "mjd",
                "mjd",
                "mjd",
                "mjd",
                "mjd",
                "mjd",
                "mjd",
                "mjd",
                "mjd",
                "mjd"
            ],
            "upperlimit": [
                false,
                false,
                false,
                false,
                false,
                false,
                false,
                false,
                false,
                false,
                false,
                false,
                false,
                false,
                false,
                false,
                false,
                false,
                false,
                false,
                false,
                false,
                false,
                false,
                false,
                false,
                false,
                false,
                false,
                false,
                false,
                false,
                false,
                false,
                false,
                false,
                false,
                false,
                false,
                false,
                false
            ],
            "filter_key": [
                "g'",
                "r'",
                "i'",
                "g'",
                "r'",
                "i'",
                "z'",
                "g'",
                "r'",
                "i'",
                "z'",
                "z'",
                "g'",
                "g'",
                "i'",
                "i'",
                "z'",
                "z'",
                "g'",
                "g'",
                "i'",
                "i'",
                "z'",
                "z'",
                "i'",
                "z'",
                "i'",
                "i'",
                "z'",
                "i'",
                "i'",
                "g'",
                "r'",
                "r'",
                "i'",
                "i'",
                "z'",
                "g'",
                "r'",
                "i'",
                "z'"
            ],
            "obs_type": "uvoir",
            "telescope": "DECam",
            "corr_k": false,
            "corr_s": false,
            "corr_host": false,
            "corr_av": false,
            "corr_hostav": false
        },
        {
            "reference": "2022Natur.612..430A",
            "raw": [
                21.21,
                21.36,
                20.64,
                22.77,
                23.11
            ],
            "raw_err": [
                0.05,
                0.06,
                0.13,
                0.28,
                0.32
            ],
            "raw_units": "mag(AB)",
            "date": [
                59628.05412,
                59628.06136,
                59628.07167,
                59641.23139,
                59651.20081
            ],
            "date_format": [
                "mjd",
                "mjd",
                "mjd",
                "mjd",
                "mjd"
            ],
            "upperlimit": [
                false,
                false,
                false,
                false,
                false
            ],
            "filter_key": [
                "J",
                "H",
                "Ks",
                "Ks",
                "Ks"
            ],
            "obs_type": "uvoir",
            "telescope": "EMIR",
            "corr_k": false,
            "corr_s": false,
            "corr_host": false,
            "corr_av": false,
            "corr_hostav": false
        },
        {
            "reference": "2022Natur.612..430A",
            "raw": [
                20.67,
                20.68,
                20.86,
                21.16,
                21.46,
                21.47,
                21.71,
                21.63,
                21.59,
                21.74,
                21.8,
                21.49,
                21.75,
                21.9,
                21.6
            ],
            "raw_err": [
                0.09,
                0.08,
                0.07,
                0.1,
                0.14,
                0.11,
                0.12,
                0.09,
                0.09,
                0.1,
                0,
                0.08,
                0.13,
                0,
                0
            ],
            "raw_units": "mag(AB)",
            "date": [
                59625.84223,
                59625.9894,
                59626.87766,
                59627.91441,
                59633.84979,
                59633.93993,
                59635.89412,
                59637.83514,
                59637.92199,
                59646.83909,
                59647.84535,
                59649.79077,
                59649.86336,
                59660.84387,
                59660.918
            ],
            "date_format": [
                "mjd",
                "mjd",
                "mjd",
                "mjd",
                "mjd",
                "mjd",
                "mjd",
                "mjd",
                "mjd",
                "mjd",
                "mjd",
                "mjd",
                "mjd",
                "mjd",
                "mjd"
            ],
            "upperlimit": [
                false,
                false,
                false,
                false,
                false,
                false,
                false,
                false,
                false,
                false,
                true,
                false,
                false,
                true,
                true
            ],
            "filter_key": [
                "r'",
                "r'",
                "r'",
                "r'",
                "r'",
                "g'",
                "r'",
                "r'",
                "g'",
                "r'",
                "g'",
                "r'",
                "g'",
                "r'",
                "g'"
            ],
            "obs_type": "uvoir",
            "telescope": "GITCamera",
            "corr_k": false,
            "corr_s": false,
            "corr_host": false,
            "corr_av": false,
            "corr_hostav": false
        },
        {
            "reference": "2022Natur.612..430A",
            "raw": [
                20.27,
                20.24,
                19.79,
                20.47,
                20.49,
                20.1,
                19.87,
                20.68,
                20.35,
                20.11,
                19.99,
                20.6,
                20.41,
                20.15,
                20.02,
                21,
                20.8,
                20.5,
                19.8,
                21.47,
                21,
                21.73,
                21.71,
                21.75,
                21.7,
                22.03,
                21.92,
                21.64,
                21.5,
                21.8,
                21.72,
                21.74,
                21.95,
                21.93,
                21.73,
                22.2,
                21.91,
                21.98,
                21.66
            ],
            "raw_err": [
                0.13,
                0.17,
                0.1,
                0.15,
                0.09,
                0.08,
                0.09,
                0.14,
                0.1,
                0.08,
                0.11,
                0.14,
                0.1,
                0.07,
                0.12,
                0,
                0,
                0,
                0,
                0.24,
                0.15,
                0.1,
                0.13,
                0.17,
                0,
                0.12,
                0.15,
                0.17,
                0,
                0.07,
                0.08,
                0.13,
                0.14,
                0.16,
                0.16,
                0.2,
                0.15,
                0.18,
                0.3
            ],
            "raw_units": "mag(AB)",
            "date": [
                59625.03775,
                59625.03928,
                59625.04148,
                59625.09236,
                59625.09499,
                59625.09828,
                59625.10157,
                59625.13644,
                59625.13973,
                59625.14368,
                59625.14763,
                59625.2483,
                59625.25225,
                59625.2562,
                59625.26014,
                59626.05739,
                59626.06441,
                59626.07099,
                59626.07735,
                59628.05939,
                59628.18747,
                59640.1295,
                59640.13257,
                59640.13542,
                59640.13827,
                59644.09226,
                59644.09512,
                59644.09797,
                59644.10104,
                59645.10182,
                59645.10598,
                59645.11037,
                59648.05963,
                59648.06402,
                59648.06819,
                59668.09059,
                59668.09497,
                59668.09914,
                59668.10353
            ],
            "date_format": [
                "mjd",
                "mjd",
                "mjd",
                "mjd",
                "mjd",
                "mjd",
                "mjd",
                "mjd",
                "mjd",
                "mjd",
                "mjd",
                "mjd",
                "mjd",
                "mjd",
                "mjd",
                "mjd",
                "mjd",
                "mjd",
                "mjd",
                "mjd",
                "mjd",
                "mjd",
                "mjd",
                "mjd",
                "mjd",
                "mjd",
                "mjd",
                "mjd",
                "mjd",
                "mjd",
                "mjd",
                "mjd",
                "mjd",
                "mjd",
                "mjd",
                "mjd",
                "mjd",
                "mjd",
                "mjd"
            ],
            "upperlimit": [
                false,
                false,
                false,
                false,
                false,
                false,
                false,
                false,
                false,
                false,
                false,
                false,
                false,
                false,
                false,
                true,
                true,
                true,
                true,
                false,
                false,
                false,
                false,
                false,
                true,
                false,
                false,
                false,
                true,
                false,
                false,
                false,
                false,
                false,
                false,
                false,
                false,
                false,
                false
            ],
            "filter_key": [
                "r'",
                "i'",
                "z'",
                "g'",
                "r'",
                "i'",
                "z'",
                "g'",
                "r'",
                "i'",
                "z'",
                "g'",
                "r'",
                "i'",
                "z'",
                "g'",
                "r'",
                "i'",
                "z'",
                "i'",
                "i'",
                "g'",
                "r'",
                "i'",
                "z'",
                "g'",
                "r'",
                "i'",
                "z'",
                "g'",
                "r'",
                "i'",
                "g'",
                "r'",
                "i'",
                "g'",
                "r'",
                "i'",
                "z'"
            ],
            "obs_type": "uvoir",
            "telescope": "IO:O",
            "corr_k": false,
            "corr_s": false,
            "corr_host": false,
            "corr_av": false,
            "corr_hostav": false
        },
        {
            "reference": "2022Natur.612..430A",
            "raw": [
                21.38,
                21.7,
                21.6,
                21.36,
                21.4,
                21.2,
                19.8,
                19.8,
                20.4,
                20.8,
                20.5,
                21.57,
                21.6
            ],
            "raw_err": [
                0.09,
                0.11,
                0.18,
                0.16,
                0,
                0,
                0,
                0,
                0,
                0,
                0,
                0.14,
                0
            ],
            "raw_units": "mag(AB)",
            "date": [
                59636.33562,
                59636.34307,
                59636.35053,
                59637.26665,
                59637.27082,
                59637.27477,
                59638.25361,
                59638.26107,
                59646.21687,
                59646.22432,
                59646.23178,
                59650.25683,
                59650.26451
            ],
            "date_format": [
                "mjd",
                "mjd",
                "mjd",
                "mjd",
                "mjd",
                "mjd",
                "mjd",
                "mjd",
                "mjd",
                "mjd",
                "mjd",
                "mjd",
                "mjd"
            ],
            "upperlimit": [
                false,
                false,
                false,
                false,
                true,
                true,
                true,
                true,
                true,
                true,
                true,
                false,
                true
            ],
            "filter_key": [
                "r'",
                "g'",
                "i'",
                "r'",
                "g'",
                "i'",
                "g'",
                "i'",
                "r'",
                "g'",
                "i'",
                "r'",
                "g'"
            ],
            "obs_type": "uvoir",
            "telescope": "SEDM",
            "corr_k": false,
            "corr_s": false,
            "corr_host": false,
            "corr_av": false,
            "corr_hostav": false
        },
        {
            "reference": "2022Natur.612..430A",
            "raw": [
                21.54,
                20.7,
                19.9,
                22.28,
                19,
                21.42,
                21.5,
                20.6,
                19.8,
                22.17,
                19,
                21.28,
                21.39,
                20.58,
                20,
                22.38,
                19.1,
                21.55,
                21.12,
                20.7,
                19.9,
                22.19,
                19,
                21.65,
                21.2,
                20.7,
                19.9,
                22.17,
                19,
                21.69,
                20.8,
                20.7,
                19.9,
                21.93,
                19,
                21.49,
                21.51,
                20.7,
                19.9,
                22.4,
                19,
                21.42,
                21.2,
                20.9,
                20.2,
                21.4,
                21.99,
                21.9,
                21.1,
                22.08,
                21.72,
                21.4,
                20.7,
                22.1,
                22.2,
                21.8,
                20.98
            ],
            "raw_err": [
                0.33,
                0,
                0,
                0.34,
                0,
                0.19,
                0,
                0,
                0,
                0.32,
                0,
                0.2,
                0.29,
                0.32,
                0,
                0.34,
                0,
                0.2,
                0.25,
                0,
                0,
                0.3,
                0,
                0.23,
                0.25,
                0,
                0,
                0.3,
                0,
                0.25,
                0.19,
                0,
                0,
                0.26,
                0,
                0.21,
                0.31,
                0,
                0,
                0,
                0,
                0.2,
                0,
                0,
                0,
                0,
                0.3,
                0,
                0,
                0.26,
                0.36,
                0,
                0,
                0,
                0,
                0,
                0.31
            ],
            "raw_units": "vega",
            "date": [
                59633.14444,
                59633.14619,
                59633.14707,
                59633.14926,
                59633.15211,
                59633.15497,
                59634.3391,
                59634.34108,
                59634.34173,
                59634.34393,
                59634.34656,
                59634.34875,
                59636.07287,
                59636.0744,
                59636.0755,
                59636.07835,
                59636.08076,
                59636.08515,
                59636.37027,
                59636.37137,
                59636.37181,
                59636.3729,
                59636.37488,
                59636.37619,
                59637.06948,
                59637.07101,
                59637.07189,
                59637.07474,
                59637.07694,
                59637.0811,
                59638.29529,
                59638.29704,
                59638.29792,
                59638.30011,
                59638.30318,
                59638.30603,
                59639.32436,
                59639.32633,
                59639.32721,
                59639.3294,
                59639.33225,
                59639.33511,
                59643.26409,
                59643.26629,
                59643.2676,
                59643.26936,
                59648.61299,
                59648.61497,
                59648.61606,
                59648.6176,
                59651.63068,
                59651.63244,
                59651.63332,
                59651.63485,
                59654.75343,
                59654.75694,
                59654.75892
            ],
            "date_format": [
                "mjd",
                "mjd",
                "mjd",
                "mjd",
                "mjd",
                "mjd",
                "mjd",
                "mjd",
                "mjd",
                "mjd",
                "mjd",
                "mjd",
                "mjd",
                "mjd",
                "mjd",
                "mjd",
                "mjd",
                "mjd",
                "mjd",
                "mjd",
                "mjd",
                "mjd",
                "mjd",
                "mjd",
                "mjd",
                "mjd",
                "mjd",
                "mjd",
                "mjd",
                "mjd",
                "mjd",
                "mjd",
                "mjd",
                "mjd",
                "mjd",
                "mjd",
                "mjd",
                "mjd",
                "mjd",
                "mjd",
                "mjd",
                "mjd",
                "mjd",
                "mjd",
                "mjd",
                "mjd",
                "mjd",
                "mjd",
                "mjd",
                "mjd",
                "mjd",
                "mjd",
                "mjd",
                "mjd",
                "mjd",
                "mjd",
                "mjd"
            ],
            "upperlimit": [
                false,
                true,
                true,
                false,
                true,
                false,
                true,
                true,
                true,
                false,
                true,
                false,
                false,
                false,
                true,
                false,
                true,
                false,
                false,
                true,
                true,
                false,
                true,
                false,
                false,
                true,
                true,
                false,
                true,
                false,
                false,
                true,
                true,
                false,
                true,
                false,
                false,
                true,
                true,
                true,
                true,
                false,
                true,
                true,
                true,
                true,
                false,
                true,
                true,
                false,
                false,
                true,
                true,
                true,
                true,
                true,
                false
            ],
            "filter_key": [
                "UVW1",
                "U",
                "B",
                "UVW2",
                "V",
                "UVM2",
                "UVW1",
                "U",
                "B",
                "UVW2",
                "V",
                "UVM2",
                "UVW1",
                "U",
                "B",
                "UVW2",
                "V",
                "UVM2",
                "UVW1",
                "U",
                "B",
                "UVW2",
                "V",
                "UVM2",
                "UVW1",
                "U",
                "B",
                "UVW2",
                "V",
                "UVM2",
                "UVW1",
                "U",
                "B",
                "UVW2",
                "V",
                "UVM2",
                "UVW1",
                "U",
                "B",
                "UVW2",
                "V",
                "UVM2",
                "UVM2",
                "UVW1",
                "U",
                "UVW2",
                "UVM2",
                "UVW1",
                "U",
                "UVW2",
                "UVM2",
                "UVW1",
                "U",
                "UVW2",
                "UVM2",
                "UVW1",
                "U"
            ],
            "obs_type": "uvoir",
            "telescope": "UVOT",
            "corr_k": false,
            "corr_s": false,
            "corr_host": false,
            "corr_av": false,
            "corr_hostav": false
        },
        {
            "reference": "2022Natur.612..430A",
            "raw": [
                21.82,
                22.64
            ],
            "raw_err": [
                0.03,
                0.05
            ],
            "raw_units": "mag(AB)",
            "date": [
                59646.84479,
                59646.84479
            ],
            "date_format": [
                "mjd",
                "mjd"
            ],
            "upperlimit": [
                false,
                false
            ],
            "filter_key": [
                "F606W",
                "F160W"
            ],
            "obs_type": "uvoir",
            "telescope": "WFC3",
            "corr_k": false,
            "corr_s": false,
            "corr_host": false,
            "corr_av": false,
            "corr_hostav": false
        },
        {
            "reference": "2022Natur.612..430A",
            "raw": [
                22.1
            ],
            "raw_err": [
                0
            ],
            "raw_units": "mag(AB)",
            "date": [
                59650.64043
            ],
            "date_format": [
                "mjd"
            ],
            "upperlimit": [
                true
            ],
            "filter_key": [
                "J"
            ],
            "obs_type": "uvoir",
            "telescope": "Wi'r'C",
            "corr_k": false,
            "corr_s": false,
            "corr_host": false,
            "corr_av": false,
            "corr_hostav": false
        },
        {
            "reference": "2022Natur.612..430A",
            "raw": [
                20.71,
                20.91,
                19.08,
                19.15,
                18.88,
                19.33,
                19.1,
                19.53,
                19.08,
                19.69,
                19.81,
                19.87,
                19.78,
                20.38,
                20.06,
                19.4,
                19.4,
                19.7
            ],
            "raw_err": [
                0.17,
                0.17,
                0.09,
                0.11,
                0.09,
                0.06,
                0.04,
                0.06,
                0.04,
                0.1,
                0.12,
                0.12,
                0.11,
                0.2,
                0.14,
                0,
                0,
                0
            ],
            "raw_units": "mag(AB)",
            "date": [
                59621.4463,
                59621.46407,
                59622.41616,
                59622.41659,
                59622.43173,
                59622.47757,
                59622.4984,
                59622.50279,
                59622.52384,
                59623.40816,
                59623.43075,
                59624.40105,
                59624.4028,
                59624.53549,
                59624.53659,
                59625.32923,
                59625.36432,
                59625.41082
            ],
            "date_format": [
                "mjd",
                "mjd",
                "mjd",
                "mjd",
                "mjd",
                "mjd",
                "mjd",
                "mjd",
                "mjd",
                "mjd",
                "mjd",
                "mjd",
                "mjd",
                "mjd",
                "mjd",
                "mjd",
                "mjd",
                "mjd"
            ],
            "upperlimit": [
                false,
                false,
                false,
                false,
                false,
                false,
                false,
                false,
                false,
                false,
                false,
                false,
                false,
                false,
                false,
                true,
                true,
                true
            ],
            "filter_key": [
                "r'",
                "g'",
                "r'",
                "r'",
                "i'",
                "g'",
                "r'",
                "g'",
                "r'",
                "r'",
                "g'",
                "r'",
                "r'",
                "g'",
                "g'",
                "i'",
                "g'",
                "r'"
            ],
            "obs_type": "uvoir",
            "telescope": "ZTF",
            "corr_k": false,
            "corr_s": false,
            "corr_host": false,
            "corr_av": false,
            "corr_hostav": false
        }
    ],
    "distance": [
        {
            "value": "1.19325",
            "reference": [
                "2022Natur.612..430A"
            ],
            "computed": false,
            "default": true,
            "distance_type": "redshift"
        }
    ]
}