{
    "_key": "884775",
    "_id": "transients/884775",
    "_rev": "_j6Y93Oy---",
    "schema_version": {
        "comments": "From Goldtooth et al. (2023)",
        "value": 0
    },
    "name": {
        "alias": [
            {
                "value": "3XMM J215022.4-055108",
                "reference": [
                    "2023PASP..135c4101G"
                ]
            }
        ],
        "default_name": "3XMM J215022.4-055108"
    },
    "classification": {
        "spec_classed": 0,
        "unambiguous": true,
        "value": [
            {
                "object_class": "TDE",
                "confidence": 1,
                "reference": [
                    "2023PASP..135c4101G",
                    "2018NatAs...2..656L"
                ]
            }
        ],
        "discovery_method": "xray"
    },
    "distance": [
        {
            "value": "0.055",
            "reference": [
                "2023PASP..135c4101G",
                "2018NatAs...2..656L"
            ],
            "computed": false,
            "default": true,
            "distance_type": "redshift"
        }
    ],
    "coordinate": [
        {
            "ra": 327.5916666666666,
            "dec": -5.852222222222222,
            "ra_units": "deg",
            "dec_units": "deg",
            "coordinate_type": "equatorial",
            "reference": [
                "2023PASP..135c4101G",
                "2018NatAs...2..656L"
            ],
            "default": true
        }
    ],
    "date_reference": [
        {
            "value": "2005-05-01 ",
            "date_format": "iso",
            "date_type": "discovery",
            "reference": [
                "2023PASP..135c4101G",
                "2018NatAs...2..656L"
            ],
            "default": true
        }
    ],
    "host": [
        {
            "host_name": "6dFGS gJ215022.2-055059",
            "host_ra": 327.5916666666666,
            "host_dec": -5.852222222222222,
            "host_ra_units": "deg",
            "host_dec_units": "deg",
            "reference": [
                "2023PASP..135c4101G",
                "2018NatAs...2..656L"
            ]
        }
    ],
    "reference_alias": [
        {
            "name": "2023PASP..135c4101G",
            "human_readable_name": "Goldtooth, Aaron et al. (2023)"
        },
        {
            "name": "2018NatAs...2..656L",
            "human_readable_name": "Lin, Dacheng et al. (2018)"
        }
    ]
}