{
    "_key": "884676",
    "_id": "transients/884676",
    "_rev": "_j6Y9A1----",
    "classification": {
        "spec_classed": 1,
        "unambiguous": true,
        "value": [
            {
                "object_class": "TDE",
                "confidence": 3.1,
                "reference": [
                    "2017ATel.9977....1G",
                    "2017ATel11049....1S",
                    "2017ApJ...835...64G",
                    "2019A&A...622L...2G",
                    "2023PASP..135c4101G"
                ],
                "default": true
            }
        ],
        "discovery_method": "uvoir"
    },
    "coordinate": [
        {
            "ra": "01:56:24.93",
            "dec": "-71:04:15.7",
            "ra_units": "hour",
            "dec_units": "deg",
            "reference": [],
            "coordinate_type": "equatorial"
        }
    ],
    "distance": [
        {
            "value": "0.116",
            "distance_type": "redshift",
            "reference": [
                "2017ATel.9977....1G",
                "2017ATel11049....1S",
                "2019A&A...622L...2G",
                "2023PASP..135c4101G"
            ],
            "default": true
        },
        {
            "value": "499",
            "distance_type": "comoving",
            "unit": "Mpc",
            "reference": [
                "2016A&A...594A..13P",
                "2017ApJ...835...64G"
            ],
            "default": true
        },
        {
            "value": "557",
            "distance_type": "luminosity",
            "unit": "Mpc",
            "reference": [
                "2016A&A...594A..13P",
                "2017ApJ...835...64G"
            ],
            "default": true
        }
    ],
    "date_reference": [
        {
            "value": "2016-01-28",
            "date_format": "iso",
            "date_type": "discovery",
            "reference": [
                "2017ApJ...835...64G"
            ],
            "default": false
        },
        {
            "value": "2017-01-01 ",
            "date_format": "iso",
            "date_type": "discovery",
            "reference": [
                "2017ATel.9977....1G",
                "2017ATel11049....1S",
                "2019A&A...622L...2G",
                "2023PASP..135c4101G"
            ],
            "default": true
        }
    ],
    "schema_version": {
        "comment": "Copied from tde.space;",
        "comments": "From Goldtooth et al. (2023)",
        "value": 0
    },
    "name": {
        "alias": [
            {
                "value": "OGLE 17aaj",
                "reference": [
                    "2023PASP..135c4101G"
                ]
            },
            {
                "value": "OGLE17aaj",
                "reference": []
            }
        ],
        "default_name": "OGLE17aaj"
    },
    "reference_alias": [
        {
            "name": "2016A&A...594A..13P",
            "human_readable_name": "Planck Collaboration et al. (2016)"
        },
        {
            "name": "2011ApJ...737..103S",
            "human_readable_name": "Schlafly & Finkbeiner (2011)"
        },
        {
            "name": "2017ApJ...835...64G",
            "human_readable_name": "Guillochon et al. (2017)"
        },
        {
            "name": "2023PASP..135c4101G",
            "human_readable_name": "Goldtooth, Aaron et al. (2023)"
        },
        {
            "name": "2017ATel11049....1S",
            "human_readable_name": "Sokolovsky, K. et al. (2017)"
        },
        {
            "name": "2017ATel.9977....1G",
            "human_readable_name": "Gromadzki, M. et al. (2017)"
        },
        {
            "name": "2019A&A...622L...2G",
            "human_readable_name": "Gromadzki, M. et al. (2019)"
        }
    ],
    "host": [
        {
            "host_name": "GALEXASC J015624.70-710415.8",
            "host_ra": 29.104166666666664,
            "host_dec": -71.07111111111111,
            "host_ra_units": "deg",
            "host_dec_units": "deg",
            "reference": [
                "2023PASP..135c4101G",
                "2017ATel11049....1S",
                "2017ATel.9977....1G",
                "2019A&A...622L...2G"
            ]
        }
    ]
}