{
    "_key": "884849",
    "_id": "transients/884849",
    "_rev": "_j245Sy6---",
    "classification": {
        "value": [
            {
                "object_class": "TDE",
                "confidence": 3.3,
                "reference": [
                    "2017NatAs...1..865K",
                    "2017arXiv171104577K",
                    "2023PASP..135c4101G"
                ],
                "default": true
            },
            {
                "object_class": "TDE",
                "confidence": 0,
                "reference": [
                    "2017arXiv171104577K"
                ],
                "default": false
            },
            {
                "object_class": "TDE",
                "confidence": 0,
                "reference": [
                    "2017arXiv171104577K"
                ],
                "default": false
            }
        ],
        "spec_classed": 3,
        "unambiguous": true
    },
    "coordinate": [
        {
            "ra": "20:42:44.74",
            "dec": "+15:30:32.1",
            "ra_units": "hour",
            "dec_units": "deg",
            "coordinate_type": "equatorial",
            "default": true,
            "reference": [
                "2017arXiv171104577K"
            ]
        },
        {
            "ra": "20:42:44.74",
            "dec": "+15:30:32.1",
            "ra_units": "hourangle",
            "dec_units": "deg",
            "coordinate_type": "equatorial",
            "default": false,
            "reference": [
                "2017NatAs...1..865K"
            ]
        },
        {
            "ra": "310.686417",
            "dec": "15.50895",
            "ra_units": "deg",
            "dec_units": "deg",
            "coordinate_type": "equatorial",
            "default": false,
            "epoch": "J2000",
            "frame": "ICRS",
            "reference": [
                "2021TNSTR3297....1H"
            ]
        }
    ],
    "date_reference": [
        {
            "value": "2010-01-01",
            "date_format": "iso",
            "date_type": "discovery",
            "reference": [
                "2017ApJ...835...64G"
            ],
            "default": false
        },
        {
            "value": "2010-08-15 ",
            "date_format": "iso",
            "date_type": "discovery",
            "reference": [
                "2017NatAs...1..865K",
                "2023PASP..135c4101G"
            ],
            "default": true
        },
        {
            "value": "59471.207",
            "date_format": "mjd",
            "date_type": "discovery",
            "reference": [
                "2021TNSTR3297....1H"
            ],
            "default": false
        }
    ],
    "distance": [
        {
            "value": "0.203",
            "distance_type": "redshift",
            "reference": [
                "2017NatAs...1..865K",
                "2017arXiv171104577K",
                "2023PASP..135c4101G"
            ],
            "default": true
        },
        {
            "value": "1030",
            "distance_type": "luminosity",
            "unit": "Mpc",
            "reference": [
                "2016A&A...594A..13P",
                "2017ApJ...835...64G",
                "2017arXiv171104577K"
            ],
            "default": true
        },
        {
            "value": "855",
            "distance_type": "comoving",
            "unit": "Mpc",
            "reference": [
                "2016A&A...594A..13P",
                "2017ApJ...835...64G",
                "2017arXiv171104577K"
            ],
            "default": true
        }
    ],
    "filter_alias": [
        {
            "filter_key": "U",
            "filter_name": "U",
            "wave_eff": 353.10502283105023,
            "wave_units": "nm"
        },
        {
            "filter_key": "B",
            "filter_name": "B",
            "wave_eff": 443.0539845758355,
            "wave_units": "nm"
        },
        {
            "filter_key": "V",
            "filter_name": "V",
            "wave_eff": 553.7155963302753,
            "wave_units": "nm"
        },
        {
            "filter_key": "R",
            "filter_name": "R",
            "wave_eff": 646.9439215118385,
            "wave_units": "nm"
        },
        {
            "filter_key": "I",
            "filter_name": "I",
            "wave_eff": 788.558706467662,
            "wave_units": "nm"
        },
        {
            "filter_key": "J",
            "filter_name": "J",
            "wave_eff": 1255.0918319447906,
            "wave_units": "nm"
        },
        {
            "filter_key": "H",
            "filter_name": "H",
            "wave_eff": 1630.5155019191195,
            "wave_units": "nm"
        },
        {
            "filter_key": "K",
            "filter_name": "K",
            "wave_eff": 2157.3600605745955,
            "wave_units": "nm"
        },
        {
            "filter_key": "W1",
            "filter_name": "W1",
            "wave_eff": 3352.6,
            "wave_units": "nm"
        },
        {
            "filter_key": "W2",
            "filter_name": "W2",
            "wave_eff": 4602.8,
            "wave_units": "nm"
        },
        {
            "filter_key": "UVW1",
            "filter_name": "UVW1",
            "wave_eff": 261.3713060531025,
            "wave_units": "nm"
        },
        {
            "filter_key": "UVW2",
            "filter_name": "UVW2",
            "wave_eff": 207.98754332676123,
            "wave_units": "nm"
        },
        {
            "filter_key": "UVM2",
            "filter_name": "UVM2",
            "wave_eff": 225.478024787936,
            "wave_units": "nm"
        }
    ],
    "host": [
        {
            "host_name": "SDSS J204244.74+153032.1",
            "host_ra": 310.68749999999994,
            "host_dec": 15.508916666666666,
            "host_ra_units": "deg",
            "host_dec_units": "deg",
            "reference": [
                "2023PASP..135c4101G",
                "2017NatAs...1..865K",
                "2017NatAs...1..865K"
            ]
        }
    ],
    "name": {
        "default_name": "2021zlg",
        "alias": [
            {
                "value": "Gaia21egv",
                "reference": [
                    "TNS"
                ]
            },
            {
                "value": "2021zlg",
                "reference": [
                    "TNS"
                ]
            },
            {
                "value": "PS1-10adi",
                "reference": [
                    "2017NatAs...1..865K",
                    "2017arXiv171104577K",
                    "2023PASP..135c4101G"
                ]
            }
        ]
    },
    "photometry": [
        {
            "reference": "2017NatAs...1..865K",
            "raw": [
                17.08,
                17.17,
                17.29,
                17.27,
                17.45,
                17.98,
                18.28,
                18.39,
                18.54,
                18.6,
                19.65,
                19.48,
                17.65,
                17.67,
                17.75,
                17.82,
                17.88,
                18.02,
                18.64,
                18.7,
                18.87,
                19.09,
                19.2,
                19.3,
                20.41,
                20.2,
                17.39,
                17.44,
                17.5,
                17.52,
                17.64,
                18.13,
                18.23,
                18.44,
                18.6,
                18.77,
                18.83,
                19.77,
                19.78,
                17.14,
                17.15,
                17.22,
                17.24,
                17.33,
                17.87,
                17.92,
                18.15,
                18.27,
                18.44,
                18.52,
                19.36,
                19.39,
                16.71,
                16.73,
                16.75,
                16.76,
                16.83,
                17.25,
                17.3,
                17.42,
                17.57,
                17.74,
                17.84,
                18.59,
                18.79
            ],
            "raw_err": [
                0.02,
                0.02,
                0.02,
                0.02,
                0.02,
                0.03,
                0.02,
                0.04,
                0.05,
                0.03,
                0.05,
                0.03,
                0.01,
                0.01,
                0.01,
                0.01,
                0.01,
                0.01,
                0.02,
                0.02,
                0.01,
                0.02,
                0.02,
                0.02,
                0.04,
                0.02,
                0.01,
                0.01,
                0.01,
                0.01,
                0.01,
                0.01,
                0.01,
                0.01,
                0.01,
                0.02,
                0.01,
                0.03,
                0.02,
                0.01,
                0.01,
                0.01,
                0.01,
                0.01,
                0.02,
                0.01,
                0.01,
                0.01,
                0.02,
                0.02,
                0.03,
                0.03,
                0.01,
                0.01,
                0.01,
                0.01,
                0.01,
                0.01,
                0.01,
                0.02,
                0.03,
                0.01,
                0.02,
                0.04,
                0.03
            ],
            "raw_units": "vega",
            "date": [
                2455442.4,
                2455450.57,
                2455476.32,
                2455491.38,
                2455509.33,
                2455648.75,
                2455718.62,
                2455774.47,
                2455809.37,
                2455863.32,
                2456931.52,
                2457191.69,
                2455438.43,
                2455442.4,
                2455450.57,
                2455476.32,
                2455491.38,
                2455509.33,
                2455648.75,
                2455661.73,
                2455718.62,
                2455774.47,
                2455809.37,
                2455863.32,
                2456931.52,
                2457191.69,
                2455438.43,
                2455450.57,
                2455476.32,
                2455491.38,
                2455509.33,
                2455648.75,
                2455661.73,
                2455718.62,
                2455774.47,
                2455809.37,
                2455863.32,
                2456931.52,
                2457191.69,
                2455438.43,
                2455450.57,
                2455476.32,
                2455491.38,
                2455509.33,
                2455648.75,
                2455661.73,
                2455718.62,
                2455774.47,
                2455809.37,
                2455863.32,
                2456931.52,
                2457191.69,
                2455438.43,
                2455450.57,
                2455476.32,
                2455491.38,
                2455509.33,
                2455648.75,
                2455661.73,
                2455718.62,
                2455774.47,
                2455809.37,
                2455863.32,
                2456931.52,
                2457191.69
            ],
            "date_format": [
                "jd",
                "jd",
                "jd",
                "jd",
                "jd",
                "jd",
                "jd",
                "jd",
                "jd",
                "jd",
                "jd",
                "jd",
                "jd",
                "jd",
                "jd",
                "jd",
                "jd",
                "jd",
                "jd",
                "jd",
                "jd",
                "jd",
                "jd",
                "jd",
                "jd",
                "jd",
                "jd",
                "jd",
                "jd",
                "jd",
                "jd",
                "jd",
                "jd",
                "jd",
                "jd",
                "jd",
                "jd",
                "jd",
                "jd",
                "jd",
                "jd",
                "jd",
                "jd",
                "jd",
                "jd",
                "jd",
                "jd",
                "jd",
                "jd",
                "jd",
                "jd",
                "jd",
                "jd",
                "jd",
                "jd",
                "jd",
                "jd",
                "jd",
                "jd",
                "jd",
                "jd",
                "jd",
                "jd",
                "jd",
                "jd"
            ],
            "upperlimit": [
                false,
                false,
                false,
                false,
                false,
                false,
                false,
                false,
                false,
                false,
                false,
                false,
                false,
                false,
                false,
                false,
                false,
                false,
                false,
                false,
                false,
                false,
                false,
                false,
                false,
                false,
                false,
                false,
                false,
                false,
                false,
                false,
                false,
                false,
                false,
                false,
                false,
                false,
                false,
                false,
                false,
                false,
                false,
                false,
                false,
                false,
                false,
                false,
                false,
                false,
                false,
                false,
                false,
                false,
                false,
                false,
                false,
                false,
                false,
                false,
                false,
                false,
                false,
                false,
                false
            ],
            "filter_key": [
                "U",
                "U",
                "U",
                "U",
                "U",
                "U",
                "U",
                "U",
                "U",
                "U",
                "U",
                "U",
                "B",
                "B",
                "B",
                "B",
                "B",
                "B",
                "B",
                "B",
                "B",
                "B",
                "B",
                "B",
                "B",
                "B",
                "V",
                "V",
                "V",
                "V",
                "V",
                "V",
                "V",
                "V",
                "V",
                "V",
                "V",
                "V",
                "V",
                "R",
                "R",
                "R",
                "R",
                "R",
                "R",
                "R",
                "R",
                "R",
                "R",
                "R",
                "R",
                "R",
                "I",
                "I",
                "I",
                "I",
                "I",
                "I",
                "I",
                "I",
                "I",
                "I",
                "I",
                "I",
                "I"
            ],
            "obs_type": "uvoir",
            "telescope": "ALFOSC",
            "val_k": false,
            "val_s": false,
            "val_host": false,
            "val_av": false,
            "val_hostav": false
        },
        {
            "reference": "2017NatAs...1..865K",
            "raw": [
                18.18,
                17.86,
                17.73,
                17.41,
                17.04,
                16.65
            ],
            "raw_err": [
                0.03,
                0.01,
                0.01,
                0.01,
                0.02,
                0.05
            ],
            "raw_units": "vega",
            "date": [
                2455391.88,
                2455423.89,
                2455391.88,
                2455423.89,
                2455423.89,
                2455427.8
            ],
            "date_format": [
                "jd",
                "jd",
                "jd",
                "jd",
                "jd",
                "jd"
            ],
            "upperlimit": [
                false,
                false,
                false,
                false,
                false,
                false
            ],
            "filter_key": [
                "B",
                "B",
                "V",
                "V",
                "R",
                "I"
            ],
            "obs_type": "uvoir",
            "telescope": "GPC1",
            "val_k": false,
            "val_s": false,
            "val_host": false,
            "val_av": false,
            "val_hostav": false
        },
        {
            "reference": "2017NatAs...1..865K",
            "raw": [
                19.84,
                19.67,
                19.88,
                20.01,
                20.04,
                20,
                20.03,
                20.18,
                20.21,
                20.14,
                20.2,
                20.02,
                20.26,
                20.12,
                20.24,
                20.25,
                20.33,
                20.22,
                20.41,
                20.28,
                19.47,
                19.36,
                19.47,
                19.49,
                19.53,
                19.59,
                19.6,
                19.65,
                19.7,
                19.67,
                19.76,
                19.6,
                19.61,
                19.7,
                19.65,
                19.6,
                19.78,
                19.74,
                19.64,
                19.79,
                19.07,
                18.97,
                19.07,
                19.09,
                19.11,
                19.1,
                19.2,
                19.28,
                19.23,
                19.26,
                19.12,
                19.21,
                19.27,
                19.26,
                19.18,
                19.19,
                19.36,
                19.38,
                19.33,
                18.48,
                18.35,
                18.42,
                18.5,
                18.49,
                18.49,
                18.55,
                18.63,
                18.58,
                18.66,
                18.56,
                18.66,
                18.65,
                18.64,
                18.58,
                18.58,
                18.72,
                18.74,
                18.7
            ],
            "raw_err": [
                0.02,
                0.09,
                0.02,
                0.09,
                0.05,
                0.13,
                0.06,
                0.07,
                0.06,
                0.03,
                0.03,
                0.11,
                0.07,
                0.05,
                0.08,
                0.05,
                0.11,
                0.15,
                0.11,
                0.03,
                0.02,
                0.06,
                0.02,
                0.04,
                0.03,
                0.09,
                0.03,
                0.04,
                0.04,
                0.02,
                0.02,
                0.07,
                0.05,
                0.03,
                0.04,
                0.03,
                0.07,
                0.6,
                0.06,
                0.02,
                0.02,
                0.03,
                0.01,
                0.03,
                0.02,
                0.02,
                0.02,
                0.02,
                0.02,
                0.02,
                0.04,
                0.02,
                0.02,
                0.02,
                0.02,
                0.03,
                0.08,
                0.03,
                0.02,
                0.02,
                0.03,
                0.02,
                0.03,
                0.03,
                0.03,
                0.03,
                0.03,
                0.02,
                0.03,
                0.04,
                0.04,
                0.02,
                0.03,
                0.03,
                0.04,
                0.06,
                0.05,
                0.03
            ],
            "raw_units": "vega",
            "date": [
                2457277.39,
                2457293.4,
                2457306.4,
                2457323.42,
                2457347.36,
                2457477.72,
                2457491.69,
                2457505.72,
                2457533.68,
                2457575.6,
                2457603.52,
                2457827.76,
                2457851.74,
                2457867.71,
                2457886.69,
                2457901.57,
                2457915.59,
                2457929.61,
                2457944.58,
                2457966.56,
                2457277.39,
                2457293.4,
                2457306.4,
                2457323.42,
                2457347.36,
                2457477.72,
                2457491.69,
                2457505.72,
                2457533.68,
                2457575.6,
                2457603.52,
                2457827.76,
                2457851.74,
                2457867.71,
                2457886.69,
                2457901.57,
                2457915.59,
                2457929.61,
                2457944.58,
                2457966.56,
                2457277.39,
                2457293.4,
                2457306.4,
                2457323.42,
                2457347.36,
                2457491.69,
                2457505.72,
                2457533.68,
                2457575.6,
                2457603.52,
                2457827.76,
                2457851.74,
                2457867.71,
                2457886.69,
                2457901.57,
                2457915.59,
                2457929.61,
                2457944.58,
                2457966.56,
                2457277.39,
                2457293.4,
                2457306.4,
                2457323.42,
                2457347.36,
                2457491.69,
                2457505.72,
                2457533.68,
                2457575.6,
                2457603.52,
                2457827.76,
                2457851.74,
                2457867.71,
                2457886.69,
                2457901.57,
                2457915.59,
                2457929.61,
                2457944.58,
                2457966.56
            ],
            "date_format": [
                "jd",
                "jd",
                "jd",
                "jd",
                "jd",
                "jd",
                "jd",
                "jd",
                "jd",
                "jd",
                "jd",
                "jd",
                "jd",
                "jd",
                "jd",
                "jd",
                "jd",
                "jd",
                "jd",
                "jd",
                "jd",
                "jd",
                "jd",
                "jd",
                "jd",
                "jd",
                "jd",
                "jd",
                "jd",
                "jd",
                "jd",
                "jd",
                "jd",
                "jd",
                "jd",
                "jd",
                "jd",
                "jd",
                "jd",
                "jd",
                "jd",
                "jd",
                "jd",
                "jd",
                "jd",
                "jd",
                "jd",
                "jd",
                "jd",
                "jd",
                "jd",
                "jd",
                "jd",
                "jd",
                "jd",
                "jd",
                "jd",
                "jd",
                "jd",
                "jd",
                "jd",
                "jd",
                "jd",
                "jd",
                "jd",
                "jd",
                "jd",
                "jd",
                "jd",
                "jd",
                "jd",
                "jd",
                "jd",
                "jd",
                "jd",
                "jd",
                "jd",
                "jd"
            ],
            "upperlimit": [
                false,
                false,
                false,
                false,
                false,
                false,
                false,
                false,
                false,
                false,
                false,
                false,
                false,
                false,
                false,
                false,
                false,
                false,
                false,
                false,
                false,
                false,
                false,
                false,
                false,
                false,
                false,
                false,
                false,
                false,
                false,
                false,
                false,
                false,
                false,
                false,
                false,
                false,
                false,
                false,
                false,
                false,
                false,
                false,
                false,
                false,
                false,
                false,
                false,
                false,
                false,
                false,
                false,
                false,
                false,
                false,
                false,
                false,
                false,
                false,
                false,
                false,
                false,
                false,
                false,
                false,
                false,
                false,
                false,
                false,
                false,
                false,
                false,
                false,
                false,
                false,
                false,
                false
            ],
            "filter_key": [
                "B",
                "B",
                "B",
                "B",
                "B",
                "B",
                "B",
                "B",
                "B",
                "B",
                "B",
                "B",
                "B",
                "B",
                "B",
                "B",
                "B",
                "B",
                "B",
                "B",
                "V",
                "V",
                "V",
                "V",
                "V",
                "V",
                "V",
                "V",
                "V",
                "V",
                "V",
                "V",
                "V",
                "V",
                "V",
                "V",
                "V",
                "V",
                "V",
                "V",
                "R",
                "R",
                "R",
                "R",
                "R",
                "R",
                "R",
                "R",
                "R",
                "R",
                "R",
                "R",
                "R",
                "R",
                "R",
                "R",
                "R",
                "R",
                "R",
                "I",
                "I",
                "I",
                "I",
                "I",
                "I",
                "I",
                "I",
                "I",
                "I",
                "I",
                "I",
                "I",
                "I",
                "I",
                "I",
                "I",
                "I",
                "I"
            ],
            "obs_type": "uvoir",
            "telescope": "IO:O",
            "val_k": false,
            "val_s": false,
            "val_host": false,
            "val_av": false,
            "val_hostav": false
        },
        {
            "reference": "2017NatAs...1..865K",
            "raw": [
                16.06,
                15.95,
                15.94,
                15.93,
                16.33,
                16.44,
                16.62,
                16.71,
                17.2,
                17.24,
                17.39,
                17.46,
                17.9,
                17.79,
                17.92,
                17.95,
                17.97,
                17.97,
                17.97,
                17.98,
                17.89,
                17.76,
                17.73,
                17.67,
                17.71,
                17.86,
                17.76,
                15.39,
                15.11,
                15.17,
                15.14,
                15.41,
                15.5,
                15.67,
                15.75,
                16.26,
                16.34,
                16.48,
                16.53,
                17.06,
                17.03,
                17.21,
                17.17,
                17.19,
                17.27,
                17.23,
                17.26,
                17.19,
                17.08,
                17,
                17.08,
                17.08,
                17.29,
                17.13,
                14.61,
                14.39,
                14.32,
                14.24,
                14.41,
                14.41,
                14.55,
                14.63,
                15.07,
                15.14,
                15.28,
                15.34,
                15.89,
                15.92,
                16.1,
                16.1,
                16.13,
                16.2,
                16.14,
                16.22,
                16.26,
                16.2,
                16.22,
                16.17,
                16.14,
                16.01,
                16.19
            ],
            "raw_err": [
                0.02,
                0.03,
                0.03,
                0.03,
                0.02,
                0.02,
                0.02,
                0.02,
                0.02,
                0.02,
                0.02,
                0.02,
                0.03,
                0.03,
                0.03,
                0.03,
                0.03,
                0.04,
                0.03,
                0.02,
                0.03,
                0.03,
                0.02,
                0.03,
                0.03,
                0.29,
                0.03,
                0.02,
                0.04,
                0.03,
                0.02,
                0.01,
                0.02,
                0.02,
                0.02,
                0.02,
                0.03,
                0.02,
                0.02,
                0.03,
                0.02,
                0.03,
                0.03,
                0.03,
                0.05,
                0.03,
                0.03,
                0.03,
                0.03,
                0.04,
                0.02,
                0.05,
                0.31,
                0.04,
                0.02,
                0.02,
                0.02,
                0.02,
                0.02,
                0.02,
                0.02,
                0.02,
                0.02,
                0.01,
                0.02,
                0.03,
                0.02,
                0.03,
                0.03,
                0.03,
                0.02,
                0.04,
                0.03,
                0.02,
                0.03,
                0.02,
                0.03,
                0.02,
                0.02,
                0.12,
                0.04
            ],
            "raw_units": "vega",
            "date": [
                2455469.38,
                2455498.37,
                2455519.35,
                2455543.34,
                2455697.7,
                2455723.61,
                2455787.64,
                2455818.53,
                2456054.68,
                2456113.63,
                2456145.65,
                2456178.46,
                2456585.45,
                2456643.32,
                2456797.7,
                2456818.69,
                2456848.64,
                2456876.61,
                2456905.59,
                2456937.47,
                2457206.61,
                2457237.58,
                2457268.51,
                2457323.46,
                2457350.35,
                2457379.32,
                2457472.72,
                2455469.38,
                2455498.37,
                2455519.35,
                2455543.34,
                2455697.7,
                2455723.61,
                2455787.64,
                2455818.53,
                2456054.68,
                2456113.63,
                2456145.65,
                2456178.46,
                2456585.45,
                2456643.32,
                2456797.7,
                2456818.69,
                2456848.64,
                2456876.61,
                2456905.59,
                2456937.47,
                2457206.61,
                2457237.58,
                2457268.51,
                2457323.46,
                2457350.35,
                2457379.32,
                2457472.72,
                2455469.38,
                2455498.37,
                2455519.35,
                2455543.34,
                2455697.7,
                2455723.61,
                2455787.64,
                2455818.53,
                2456054.68,
                2456113.63,
                2456145.65,
                2456178.46,
                2456585.45,
                2456643.32,
                2456797.7,
                2456818.69,
                2456848.64,
                2456876.61,
                2456905.59,
                2456937.47,
                2457206.61,
                2457237.58,
                2457268.51,
                2457323.46,
                2457350.35,
                2457379.32,
                2457472.72
            ],
            "date_format": [
                "jd",
                "jd",
                "jd",
                "jd",
                "jd",
                "jd",
                "jd",
                "jd",
                "jd",
                "jd",
                "jd",
                "jd",
                "jd",
                "jd",
                "jd",
                "jd",
                "jd",
                "jd",
                "jd",
                "jd",
                "jd",
                "jd",
                "jd",
                "jd",
                "jd",
                "jd",
                "jd",
                "jd",
                "jd",
                "jd",
                "jd",
                "jd",
                "jd",
                "jd",
                "jd",
                "jd",
                "jd",
                "jd",
                "jd",
                "jd",
                "jd",
                "jd",
                "jd",
                "jd",
                "jd",
                "jd",
                "jd",
                "jd",
                "jd",
                "jd",
                "jd",
                "jd",
                "jd",
                "jd",
                "jd",
                "jd",
                "jd",
                "jd",
                "jd",
                "jd",
                "jd",
                "jd",
                "jd",
                "jd",
                "jd",
                "jd",
                "jd",
                "jd",
                "jd",
                "jd",
                "jd",
                "jd",
                "jd",
                "jd",
                "jd",
                "jd",
                "jd",
                "jd",
                "jd",
                "jd",
                "jd"
            ],
            "upperlimit": [
                false,
                false,
                false,
                false,
                false,
                false,
                false,
                false,
                false,
                false,
                false,
                false,
                false,
                false,
                false,
                false,
                false,
                false,
                false,
                false,
                false,
                false,
                false,
                false,
                false,
                false,
                false,
                false,
                false,
                false,
                false,
                false,
                false,
                false,
                false,
                false,
                false,
                false,
                false,
                false,
                false,
                false,
                false,
                false,
                false,
                false,
                false,
                false,
                false,
                false,
                false,
                false,
                false,
                false,
                false,
                false,
                false,
                false,
                false,
                false,
                false,
                false,
                false,
                false,
                false,
                false,
                false,
                false,
                false,
                false,
                false,
                false,
                false,
                false,
                false,
                false,
                false,
                false,
                false,
                false,
                false
            ],
            "filter_key": [
                "J",
                "J",
                "J",
                "J",
                "J",
                "J",
                "J",
                "J",
                "J",
                "J",
                "J",
                "J",
                "J",
                "J",
                "J",
                "J",
                "J",
                "J",
                "J",
                "J",
                "J",
                "J",
                "J",
                "J",
                "J",
                "J",
                "J",
                "H",
                "H",
                "H",
                "H",
                "H",
                "H",
                "H",
                "H",
                "H",
                "H",
                "H",
                "H",
                "H",
                "H",
                "H",
                "H",
                "H",
                "H",
                "H",
                "H",
                "H",
                "H",
                "H",
                "H",
                "H",
                "H",
                "H",
                "K",
                "K",
                "K",
                "K",
                "K",
                "K",
                "K",
                "K",
                "K",
                "K",
                "K",
                "K",
                "K",
                "K",
                "K",
                "K",
                "K",
                "K",
                "K",
                "K",
                "K",
                "K",
                "K",
                "K",
                "K",
                "K",
                "K"
            ],
            "obs_type": "uvoir",
            "telescope": "NOTCam",
            "val_k": false,
            "val_s": false,
            "val_host": false,
            "val_av": false,
            "val_hostav": false
        },
        {
            "reference": "2017NatAs...1..865K",
            "raw": [
                17.36,
                17.77,
                17.78,
                17.8,
                17.88,
                17.95,
                18.04,
                17.42,
                17.49,
                17.47,
                17.55,
                17.61,
                17.67,
                17.12,
                17.16,
                17.16,
                17.22,
                17.28,
                16.7,
                16.72,
                16.73,
                16.75,
                16.79,
                16.82
            ],
            "raw_err": [
                0.03,
                0.02,
                0.02,
                0.01,
                0.01,
                0.02,
                0.05,
                0.02,
                0.01,
                0.01,
                0.01,
                0.01,
                0.02,
                0.01,
                0.01,
                0.01,
                0.01,
                0.01,
                0.02,
                0.01,
                0.01,
                0.01,
                0.01,
                0.02
            ],
            "raw_units": "vega",
            "date": [
                2455507.33,
                2455457.36,
                2455470.38,
                2455479.33,
                2455497.31,
                2455507.33,
                2455517.41,
                2455457.36,
                2455470.38,
                2455479.33,
                2455497.31,
                2455507.33,
                2455517.41,
                2455457.36,
                2455470.38,
                2455479.33,
                2455497.31,
                2455507.33,
                2455457.36,
                2455470.38,
                2455479.33,
                2455497.31,
                2455507.33,
                2455517.41
            ],
            "date_format": [
                "jd",
                "jd",
                "jd",
                "jd",
                "jd",
                "jd",
                "jd",
                "jd",
                "jd",
                "jd",
                "jd",
                "jd",
                "jd",
                "jd",
                "jd",
                "jd",
                "jd",
                "jd",
                "jd",
                "jd",
                "jd",
                "jd",
                "jd",
                "jd"
            ],
            "upperlimit": [
                false,
                false,
                false,
                false,
                false,
                false,
                false,
                false,
                false,
                false,
                false,
                false,
                false,
                false,
                false,
                false,
                false,
                false,
                false,
                false,
                false,
                false,
                false,
                false
            ],
            "filter_key": [
                "U",
                "B",
                "B",
                "B",
                "B",
                "B",
                "B",
                "V",
                "V",
                "V",
                "V",
                "V",
                "V",
                "R",
                "R",
                "R",
                "R",
                "R",
                "I",
                "I",
                "I",
                "I",
                "I",
                "I"
            ],
            "obs_type": "uvoir",
            "telescope": "RATCam",
            "val_k": false,
            "val_s": false,
            "val_host": false,
            "val_av": false,
            "val_hostav": false
        },
        {
            "reference": "2017NatAs...1..865K",
            "raw": [
                19.5,
                19.73,
                19.46,
                19.24,
                19.11,
                19.36,
                20.23,
                20.4,
                20.19,
                19.99,
                19.85,
                20.01,
                19.96,
                19.49,
                19.56,
                19.75,
                19.94,
                19.75,
                19.5,
                19.48,
                19.51,
                19.45,
                19.1,
                19.19,
                19.29,
                19.49,
                19.47,
                19.37,
                19.18,
                19.01,
                19.13,
                19.01,
                18.34,
                18.38,
                18.59,
                18.76,
                18.7,
                18.73,
                18.57,
                18.47,
                18.56,
                18.52
            ],
            "raw_err": [
                0.12,
                0.08,
                0.07,
                0.05,
                0.05,
                0.09,
                0.06,
                0.05,
                0.06,
                0.04,
                0.04,
                0.07,
                0.09,
                0.03,
                0.06,
                0.04,
                0.03,
                0.04,
                0.03,
                0.03,
                0.05,
                0.04,
                0.02,
                0.04,
                0.02,
                0.02,
                0.02,
                0.03,
                0.02,
                0.03,
                0.03,
                0.04,
                0.03,
                0.04,
                0.03,
                0.02,
                0.03,
                0.04,
                0.03,
                0.03,
                0.03,
                0.04
            ],
            "raw_units": "vega",
            "date": [
                2456557.5,
                2456937.44,
                2457206.57,
                2457237.6,
                2457268.54,
                2457323.43,
                2456557.5,
                2456937.44,
                2457206.57,
                2457237.6,
                2457268.54,
                2457323.43,
                2457350.38,
                2456280.3,
                2456408.68,
                2456557.5,
                2456937.44,
                2457206.57,
                2457237.6,
                2457268.54,
                2457323.43,
                2457350.38,
                2456280.3,
                2456408.68,
                2456557.5,
                2456905.54,
                2456937.44,
                2457206.57,
                2457237.6,
                2457268.54,
                2457323.43,
                2457350.38,
                2456280.3,
                2456408.68,
                2456557.5,
                2456905.54,
                2456937.44,
                2457206.57,
                2457237.6,
                2457268.54,
                2457323.43,
                2457350.38
            ],
            "date_format": [
                "jd",
                "jd",
                "jd",
                "jd",
                "jd",
                "jd",
                "jd",
                "jd",
                "jd",
                "jd",
                "jd",
                "jd",
                "jd",
                "jd",
                "jd",
                "jd",
                "jd",
                "jd",
                "jd",
                "jd",
                "jd",
                "jd",
                "jd",
                "jd",
                "jd",
                "jd",
                "jd",
                "jd",
                "jd",
                "jd",
                "jd",
                "jd",
                "jd",
                "jd",
                "jd",
                "jd",
                "jd",
                "jd",
                "jd",
                "jd",
                "jd",
                "jd"
            ],
            "upperlimit": [
                false,
                false,
                false,
                false,
                false,
                false,
                false,
                false,
                false,
                false,
                false,
                false,
                false,
                false,
                false,
                false,
                false,
                false,
                false,
                false,
                false,
                false,
                false,
                false,
                false,
                false,
                false,
                false,
                false,
                false,
                false,
                false,
                false,
                false,
                false,
                false,
                false,
                false,
                false,
                false,
                false,
                false
            ],
            "filter_key": [
                "U",
                "U",
                "U",
                "U",
                "U",
                "U",
                "B",
                "B",
                "B",
                "B",
                "B",
                "B",
                "B",
                "V",
                "V",
                "V",
                "V",
                "V",
                "V",
                "V",
                "V",
                "V",
                "R",
                "R",
                "R",
                "R",
                "R",
                "R",
                "R",
                "R",
                "R",
                "R",
                "I",
                "I",
                "I",
                "I",
                "I",
                "I",
                "I",
                "I",
                "I",
                "I"
            ],
            "obs_type": "uvoir",
            "telescope": "StanCam",
            "val_k": false,
            "val_s": false,
            "val_host": false,
            "val_av": false,
            "val_hostav": false
        },
        {
            "reference": "2017NatAs...1..865K",
            "raw": [
                17.25,
                17.56,
                19.22,
                17.75,
                17.98,
                19.54,
                17.57,
                17.47,
                17.86,
                19.37
            ],
            "raw_err": [
                0.05,
                0.06,
                0.1,
                0.05,
                0.06,
                0.09,
                0.05,
                0.07,
                0.07,
                0.09
            ],
            "raw_units": "vega",
            "date": [
                2455476.3,
                2455539.4,
                2457224,
                2455476.3,
                2455539.4,
                2457222.4,
                2455476.3,
                2455479.4,
                2455539.4,
                2457223.4
            ],
            "date_format": [
                "jd",
                "jd",
                "jd",
                "jd",
                "jd",
                "jd",
                "jd",
                "jd",
                "jd",
                "jd"
            ],
            "upperlimit": [
                false,
                false,
                false,
                false,
                false,
                false,
                false,
                false,
                false,
                false
            ],
            "filter_key": [
                "UVW1",
                "UVW1",
                "UVW1",
                "UVW2",
                "UVW2",
                "UVW2",
                "UVM2",
                "UVM2",
                "UVM2",
                "UVM2"
            ],
            "obs_type": "uvoir",
            "telescope": "Swift",
            "val_k": false,
            "val_s": false,
            "val_host": false,
            "val_av": false,
            "val_hostav": false
        },
        {
            "reference": "2017NatAs...1..865K",
            "raw": [
                14.48,
                13.29,
                14.32,
                14.46,
                13.67,
                12.68,
                13.27,
                13.45
            ],
            "raw_err": [
                0.02,
                0.01,
                0.02,
                0.02,
                0.03,
                0.01,
                0.02,
                0.03
            ],
            "raw_units": "vega",
            "date": [
                2455326.4,
                2455505.7,
                2456788.68,
                2456970.32,
                2455326.4,
                2455505.7,
                2456788.68,
                2456970.32
            ],
            "date_format": [
                "jd",
                "jd",
                "jd",
                "jd",
                "jd",
                "jd",
                "jd",
                "jd"
            ],
            "upperlimit": [
                false,
                false,
                false,
                false,
                false,
                false,
                false,
                false
            ],
            "filter_key": [
                "W1",
                "W1",
                "W1",
                "W1",
                "W2",
                "W2",
                "W2",
                "W2"
            ],
            "obs_type": "uvoir",
            "telescope": "WISE",
            "val_k": false,
            "val_s": false,
            "val_host": false,
            "val_av": false,
            "val_hostav": false
        }
    ],
    "reference_alias": [
        {
            "name": "2017NatAs...1..865K",
            "human_readable_name": "Kankare, E. et al. (2017)"
        },
        {
            "name": "2017arXiv171104577K",
            "human_readable_name": "Kankare et al. (2017)"
        },
        {
            "name": "2016A&A...594A..13P",
            "human_readable_name": "Planck Collaboration et al. (2016)"
        },
        {
            "name": "2011ApJ...737..103S",
            "human_readable_name": "Schlafly & Finkbeiner (2011)"
        },
        {
            "name": "2017ApJ...835...64G",
            "human_readable_name": "Guillochon et al. (2017)"
        },
        {
            "name": "2023PASP..135c4101G",
            "human_readable_name": "Goldtooth, Aaron et al. (2023)"
        },
        {
            "name": "2021TNSTR3297....1H",
            "human_readable_name": "Hodgkin, S. T. et al. (2021)"
        }
    ],
    "schema_version": {
        "value": 0,
        "comments": "From Goldtooth et al. (2023)",
        "comment": "Uploader:Noah Franz | Email:nfranz@arizona.edu;Copied from tde.space;"
    }
}