{
    "_key": "885047",
    "_id": "transients/885047",
    "_rev": "_jt3l61W---",
    "classification": {
        "value": [
            {
                "object_class": "TDE",
                "confidence": 3.3,
                "reference": [
                    "2006ApJ...653L..25G",
                    "2008ApJ...676..944G",
                    "2017ApJ...835...64G",
                    "2017ApJ...838..149A",
                    "2023PASP..135c4101G",
                    "2024MNRAS.527.2452M",
                    "['2013A&A...552A...5V', '2020SSRv..216...81A']"
                ],
                "default": true
            }
        ],
        "spec_classed": 3,
        "unambiguous": true
    },
    "name": {
        "default_name": "D1-9",
        "alias": [
            {
                "value": "D1-9",
                "reference": [
                    "2017ApJ...838..149A",
                    "2023PASP..135c4101G"
                ]
            },
            {
                "value": "GALEX-D1-9",
                "reference": [
                    "2006ApJ...653L..25G",
                    "2024MNRAS.527.2452M",
                    "2008ApJ...676..944G"
                ]
            }
        ]
    },
    "reference_alias": [
        {
            "name": "2017ApJ...838..149A",
            "human_readable_name": "Auchettl, Guillochon, & Ramirez-Ruiz (2017)"
        },
        {
            "name": "2016A&A...594A..13P",
            "human_readable_name": "Planck Collaboration et al. (2016)"
        },
        {
            "name": "2011ApJ...737..103S",
            "human_readable_name": "Schlafly & Finkbeiner (2011)"
        },
        {
            "name": "2008ApJ...676..944G",
            "human_readable_name": "Gezari et al. (2008)"
        },
        {
            "name": "2017ApJ...835...64G",
            "human_readable_name": "Guillochon et al. (2017)"
        },
        {
            "name": "Gezari, S. et al. (2006)",
            "human_readable_name": "2006ApJ...653L..25G"
        },
        {
            "name": "2024MNRAS.527.2452M",
            "human_readable_name": "Mummery et al. (2023)"
        },
        {
            "name": "2023PASP..135c4101G",
            "human_readable_name": "Goldtooth, Aaron et al. (2023)"
        },
        {
            "name": "2013A&A...552A...5V",
            "human_readable_name": "van Velzen, S. et al. (2013)"
        },
        {
            "name": "2020SSRv..216...81A",
            "human_readable_name": "Alexander, Kate D. et al. (2020)"
        },
        {
            "name": "2013A&A...552A...5V",
            "human_readable_name": "van Velzen, S. et al. (2013)"
        }
    ],
    "photometry": [
        {
            "raw": [
                0.000308
            ],
            "raw_units": [
                "ct"
            ],
            "value": [
                2.46e-15
            ],
            "value_units": [
                "ergs/cm^2/s"
            ],
            "filter_key": [
                "0.3 - 2.0"
            ],
            "obs_type": [
                "xray"
            ],
            "date": [
                "54051.2"
            ],
            "date_format": "MJD",
            "upperlimit": [
                true
            ],
            "telescope": "Chandra",
            "corr_k": null,
            "corr_av": null,
            "corr_host": null,
            "corr_hostav": null,
            "reference": [
                "2017ApJ...838..149A"
            ],
            "xray_model": [
                {
                    "model_name": "Absorbed Powerlaw",
                    "param_names": [
                        "photonindex",
                        "nhmw"
                    ],
                    "param_values": [
                        "4.5",
                        "0.0249"
                    ],
                    "param_units": [
                        "None",
                        "10^22 cm^-2"
                    ],
                    "min_energy": 0.3,
                    "max_energy": 2,
                    "energy_units": "keV"
                }
            ],
            "corr_s": null
        },
        {
            "raw": [
                0.0308981
            ],
            "raw_units": [
                "ct"
            ],
            "value": [
                1.15e-13
            ],
            "value_units": [
                "ergs/cm^2/s"
            ],
            "filter_key": [
                "0.3 - 2.0"
            ],
            "obs_type": [
                "xray"
            ],
            "date": [
                "48262.3"
            ],
            "date_format": "MJD",
            "upperlimit": [
                true
            ],
            "telescope": "ROSAT",
            "corr_k": null,
            "corr_av": null,
            "corr_host": null,
            "corr_hostav": null,
            "reference": [
                "2017ApJ...838..149A"
            ],
            "xray_model": [
                {
                    "model_name": "Absorbed Powerlaw",
                    "param_names": [
                        "photonindex",
                        "nhmw"
                    ],
                    "param_values": [
                        "4.5",
                        "0.0249"
                    ],
                    "param_units": [
                        "None",
                        "10^22 cm^-2"
                    ],
                    "min_energy": 0.3,
                    "max_energy": 2,
                    "energy_units": "keV"
                }
            ],
            "corr_s": null
        },
        {
            "raw": [
                0.0276843
            ],
            "raw_units": [
                "ct"
            ],
            "value": [
                1.7e-14
            ],
            "value_units": [
                "ergs/cm^2/s"
            ],
            "filter_key": [
                "0.3 - 2.0"
            ],
            "obs_type": [
                "xray"
            ],
            "date": [
                "52304.7"
            ],
            "date_format": "MJD",
            "upperlimit": [
                true
            ],
            "telescope": "XMM",
            "corr_k": null,
            "corr_av": null,
            "corr_host": null,
            "corr_hostav": null,
            "reference": [
                "2017ApJ...838..149A"
            ],
            "xray_model": [
                {
                    "model_name": "Absorbed Powerlaw",
                    "param_names": [
                        "photonindex",
                        "nhmw"
                    ],
                    "param_values": [
                        "4.5",
                        "0.0249"
                    ],
                    "param_units": [
                        "None",
                        "10^22 cm^-2"
                    ],
                    "min_energy": 0.3,
                    "max_energy": 2,
                    "energy_units": "keV"
                }
            ],
            "corr_s": null
        },
        {
            "raw": [
                2.3702547745938102e-05,
                3.521581525820846e-05,
                5.636981650224893e-05,
                2.4067701282309985e-05,
                -8.110840073592231e-06,
                8.48925598793107e-05,
                0.0001227485454122519,
                3.87286e-07,
                4.72575e-07,
                3.15188e-06,
                2.06334e-06,
                8.681e-07,
                3.96798e-06,
                2.28334e-06,
                1.24328e-06,
                1.96684e-06,
                2.35163e-06,
                2.04819e-06,
                1.67406e-06,
                1.71147e-06,
                1.72731e-06,
                1.5652e-06,
                1.64957e-06,
                1.5072e-06,
                1.53663e-06,
                1.45134e-06,
                9.50101e-07,
                1.06016e-06,
                9.04003e-07,
                6.48888e-07,
                1.03507e-06,
                9.88484e-07,
                1.14755e-06,
                1.2852e-06,
                1.02653e-06,
                1.17536e-06,
                1.367e-06,
                1.63444e-06,
                1.32486e-06,
                1.37965e-06,
                1.28757e-06,
                1.11524e-06,
                1.11217e-06,
                9.43126e-07,
                9.9947e-07,
                1.17536e-06,
                9.77619e-07,
                1.05237e-06,
                1.03793e-06,
                9.83943e-07,
                1.04754e-06,
                8.3516e-07,
                8.98193e-07,
                1.05044e-06,
                7.17414e-07,
                7.23385e-07,
                6.50084e-07,
                6.54289e-07
            ],
            "raw_err": [
                4.0001542876882376e-05,
                3.538157151603142e-05,
                3.5653111581268767e-05,
                4.3277656327473265e-05,
                5.715576184083611e-05,
                5.740430731722455e-05,
                3.332380416142896e-05,
                3.375398308817821e-08,
                4.118746735452609e-08,
                9.289565381149557e-07,
                1.9004029574384298e-07,
                1.679058386014429e-07,
                9.502074415363128e-07,
                1.6824209956555156e-07,
                1.9466717144852387e-07,
                5.615737727118835e-08,
                5.631439160924724e-08,
                5.2820582515192146e-08,
                6.321650757614821e-08,
                6.147681364517361e-08,
                9.068192527961545e-08,
                5.0456245305712985e-08,
                6.381089720089608e-08,
                4.442172868866095e-08,
                5.236590647135612e-08,
                3.208162524278994e-08,
                4.812922674428163e-08,
                6.151612157493748e-08,
                6.494405299418897e-08,
                6.215533330123778e-08,
                5.1480152601941136e-08,
                5.553586644655042e-08,
                5.07326644935972e-08,
                5.326709511518791e-08,
                8.792838995090777e-08,
                5.196245345718173e-08,
                9.442868938012483e-08,
                6.92470963661438e-08,
                7.931527474479962e-08,
                7.370069702822882e-08,
                9.842955718831657e-08,
                8.525565905843817e-08,
                6.965545832022962e-08,
                1.20742579547555e-07,
                7.27231484896626e-08,
                7.253069406302106e-08,
                9.634507696178092e-08,
                6.978714027063386e-08,
                9.177336709564919e-08,
                7.159345793577799e-08,
                9.455252690212205e-08,
                9.538245605264908e-08,
                6.866304187126045e-08,
                7.643207657262454e-08,
                8.854168559687977e-08,
                7.995170560335234e-08,
                9.75964323774062e-08,
                7.713539446254625e-08
            ],
            "raw_units": "Jy",
            "date": [
                "57228.905679845004",
                "58848.5705579",
                "59215.93018093",
                "59786.797581555",
                "59945.713963865",
                "60150.99102749",
                "60310.98674893",
                "57610.79702",
                "57610.79702",
                "53359.76036",
                "53672.04662",
                "54062.1293",
                "53359.76036",
                "53672.04662",
                "54062.1293",
                "53234.47988",
                "53236.296500000004",
                "53241.414860000004",
                "53262.60434",
                "53266.25084",
                "53271.3692",
                "53272.45652",
                "53292.1874",
                "53298.39308",
                "53302.41086",
                "53321.39918",
                "53355.3713",
                "53358.30176",
                "53361.21896",
                "53381.30786",
                "53592.420320000005",
                "53597.53868",
                "53618.35688",
                "53622.37466",
                "53627.47976",
                "53629.30964",
                "53232.65",
                "53236.296500000004",
                "53241.414860000004",
                "53244.33206",
                "53258.58656",
                "53262.23306",
                "53266.25084",
                "53270.26862",
                "53271.3692",
                "53275.38698",
                "53287.44032",
                "53292.1874",
                "53298.39308",
                "53302.052840000004",
                "53305.34132",
                "53316.29408",
                "53321.39918",
                "53327.24684",
                "53333.0945",
                "53355.01328",
                "53614.339100000005",
                "53629.30964"
            ],
            "date_format": "mjd",
            "filter_key": [
                "W2.wise",
                "W2.wise",
                "W2.wise",
                "W2.wise",
                "W2.wise",
                "W2.wise",
                "W2.wise",
                "F125LP",
                "F150LP",
                "FUV",
                "FUV",
                "FUV",
                "NUV",
                "NUV",
                "NUV",
                "g.sdss",
                "g.sdss",
                "g.sdss",
                "g.sdss",
                "g.sdss",
                "g.sdss",
                "g.sdss",
                "g.sdss",
                "g.sdss",
                "g.sdss",
                "g.sdss",
                "g.sdss",
                "g.sdss",
                "g.sdss",
                "g.sdss",
                "g.sdss",
                "g.sdss",
                "g.sdss",
                "g.sdss",
                "g.sdss",
                "g.sdss",
                "r.sdss",
                "r.sdss",
                "r.sdss",
                "r.sdss",
                "r.sdss",
                "r.sdss",
                "r.sdss",
                "r.sdss",
                "r.sdss",
                "r.sdss",
                "r.sdss",
                "r.sdss",
                "r.sdss",
                "r.sdss",
                "r.sdss",
                "r.sdss",
                "r.sdss",
                "r.sdss",
                "r.sdss",
                "r.sdss",
                "r.sdss",
                "r.sdss"
            ],
            "obs_type": "uvoir",
            "reference": [
                "2006ApJ...653L..25G",
                "2024MNRAS.527.2452M"
            ],
            "upperlimit": [
                true,
                true,
                true,
                true,
                true,
                true,
                false,
                false,
                false,
                false,
                false,
                false,
                false,
                false,
                false,
                false,
                false,
                false,
                false,
                false,
                false,
                false,
                false,
                false,
                false,
                false,
                false,
                false,
                false,
                false,
                false,
                false,
                false,
                false,
                false,
                false,
                false,
                false,
                false,
                false,
                false,
                false,
                false,
                false,
                false,
                false,
                false,
                false,
                false,
                false,
                false,
                false,
                false,
                false,
                false,
                false,
                false,
                false
            ],
            "corr_k": false,
            "corr_s": false,
            "corr_av": false,
            "corr_host": false,
            "corr_hostav": false,
            "val_av": 0.06597208773339042
        },
        {
            "reference": "['2013A&A...552A...5V', '2020SSRv..216...81A']",
            "raw": [
                27
            ],
            "raw_err": [
                0
            ],
            "raw_units": "uJy",
            "date": [
                "55955.988"
            ],
            "date_format": [
                "mjd"
            ],
            "upperlimit": [
                true
            ],
            "filter_key": [
                "5.0GHz"
            ],
            "obs_type": "radio",
            "corr_k": false,
            "corr_s": false,
            "corr_host": false,
            "corr_av": false,
            "corr_hostav": false
        }
    ],
    "distance": [
        {
            "value": "0.326",
            "distance_type": "redshift",
            "reference": [
                "2006ApJ...653L..25G",
                "2008ApJ...676..944G",
                "2013A&A...552A...5V",
                "2017ApJ...838..149A",
                "2023PASP..135c4101G",
                "2024MNRAS.527.2452M"
            ],
            "default": true
        },
        {
            "value": "1330",
            "distance_type": "comoving",
            "unit": "Mpc",
            "reference": [
                "2008ApJ...676..944G",
                "2016A&A...594A..13P",
                "2017ApJ...835...64G",
                "2017ApJ...838..149A"
            ],
            "default": true
        },
        {
            "value": "1760",
            "distance_type": "luminosity",
            "unit": "Mpc",
            "reference": [
                "2008ApJ...676..944G",
                "2016A&A...594A..13P",
                "2017ApJ...835...64G",
                "2017ApJ...838..149A"
            ],
            "default": true
        }
    ],
    "coordinate": [
        {
            "ra": "02:25:16.968",
            "dec": "-04:32:58.92",
            "ra_units": "hour",
            "dec_units": "deg",
            "coordinate_type": "equatorial",
            "default": false,
            "reference": [
                "2008ApJ...676..944G"
            ]
        },
        {
            "ra": "02:25:16.968",
            "dec": "-04:32:58.92",
            "ra_units": "hour",
            "dec_units": "degree",
            "coordinate_type": "equatorial",
            "default": false,
            "reference": [
                "2008ApJ...676..944G"
            ]
        },
        {
            "ra": "36.3207079589067",
            "dec": "-4.54975942524",
            "ra_units": "deg",
            "dec_units": "deg",
            "coordinate_type": "equatorial",
            "default": true,
            "reference": [
                "2006ApJ...653L..25G",
                "2024MNRAS.527.2452M"
            ]
        }
    ],
    "filter_alias": [
        {
            "filter_key": "0.3 - 2.0",
            "wave_eff": 0.7293188143129428,
            "wave_min": 0.6199209921660013,
            "wave_max": 4.132806614440009,
            "wave_units": "nm",
            "filter_name": "0.3 - 2.0"
        },
        {
            "filter_key": "F125LP",
            "filter_name": "F125LP",
            "freq_eff": 2105859020713276.5,
            "freq_units": "Hz"
        },
        {
            "filter_key": "F150LP",
            "filter_name": "F150LP",
            "freq_eff": 1872747059283952.8,
            "freq_units": "Hz"
        },
        {
            "filter_key": "FUV",
            "filter_name": "FUV",
            "freq_eff": 1956520502303101,
            "freq_units": "Hz"
        },
        {
            "filter_key": "NUV",
            "filter_name": "NUV",
            "freq_eff": 1322268446213041.5,
            "freq_units": "Hz"
        },
        {
            "filter_key": "W1.wise",
            "filter_name": "W1.wise",
            "freq_eff": 89917740678395.33,
            "freq_units": "Hz"
        },
        {
            "filter_key": "W2.wise",
            "filter_name": "W2.wise",
            "freq_eff": 65429370473910.305,
            "freq_units": "Hz"
        },
        {
            "filter_key": "g.sdss",
            "filter_name": "g.sdss",
            "freq_eff": 646569472243250,
            "freq_units": "Hz"
        },
        {
            "filter_key": "r.sdss",
            "filter_name": "r.sdss",
            "freq_eff": 488925642232043.75,
            "freq_units": "Hz"
        },
        {
            "filter_key": "5.0GHz",
            "filter_name": "C",
            "freq_eff": 5,
            "freq_units": "GHz"
        }
    ],
    "date_reference": [
        {
            "value": "2004-06-22 ",
            "date_format": "iso",
            "date_type": "discovery",
            "reference": [
                "2008ApJ...676..944G",
                "2017ApJ...838..149A",
                "2023PASP..135c4101G"
            ],
            "default": true
        },
        {
            "value": "2004-08-12",
            "date_format": "iso",
            "date_type": "discovery",
            "reference": [
                "2008ApJ...676..944G",
                "2017ApJ...835...64G"
            ],
            "default": false
        },
        {
            "value": "53232.652000000024",
            "date_format": "mjd",
            "date_type": "peak",
            "reference": [
                "2006ApJ...653L..25G",
                "2024MNRAS.527.2452M"
            ],
            "default": true
        }
    ],
    "host": [
        {
            "host_name": "WISEA J022517.01-043259.1",
            "host_ra": 36.320833333333326,
            "host_dec": -4.549722222222222,
            "host_ra_units": "deg",
            "host_dec_units": "deg",
            "reference": [
                "2023PASP..135c4101G",
                "2008ApJ...676..944G",
                "2017ApJ...838..149A"
            ]
        }
    ],
    "schema_version": {
        "value": 0,
        "comments": "From Goldtooth et al. (2023)",
        "comment": "Copied from tde.space;"
    }
}