{
    "_key": "884835",
    "_id": "transients/884835",
    "_rev": "_jt3k5pq---",
    "classification": {
        "value": [
            {
                "object_class": "TDE",
                "confidence": 3.3,
                "reference": [
                    "2012PASP..124..668Y",
                    "2014ApJ...793...38A",
                    "2017MNRAS.472L..99L",
                    "2023PASP..135c4101G",
                    "2024MNRAS.527.2452M"
                ],
                "default": true
            }
        ],
        "spec_classed": 3,
        "unambiguous": true
    },
    "coordinate": [
        {
            "ra": "16:33:55.94",
            "dec": "+30:14:16.30",
            "ra_units": "hour",
            "dec_units": "deg",
            "coordinate_type": "equatorial",
            "default": true,
            "reference": [
                "2000A&AS..143....9W",
                "2010ApJ...721..777A",
                "2017ApJ...838..149A"
            ]
        },
        {
            "ra": "248.48322",
            "dec": "30.23796",
            "ra_units": "deg",
            "dec_units": "deg",
            "coordinate_type": "equatorial",
            "default": false,
            "reference": [
                "2014ApJ...793...38A",
                "2024MNRAS.527.2452M"
            ]
        }
    ],
    "distance": [
        {
            "value": "0.184",
            "distance_type": "redshift",
            "reference": [
                "2012PASP..124..668Y",
                "2014ApJ...793...38A",
                "2017ApJ...838..149A",
                "2017MNRAS.472L..99L",
                "2023PASP..135c4101G",
                "2024MNRAS.527.2452M"
            ],
            "default": true
        },
        {
            "value": "64.0",
            "distance_type": "dispersion_measure",
            "unit": "km/s",
            "reference": [
                "2017MNRAS.471.1694W",
                "2024MNRAS.527.2452M"
            ],
            "default": true
        },
        {
            "value": "779",
            "distance_type": "comoving",
            "unit": "Mpc",
            "reference": [
                "2012PASP..124..668Y",
                "2014ApJ...793...38A",
                "2016A&A...594A..13P",
                "2017ApJ...835...64G",
                "2017ApJ...838..149A"
            ],
            "default": true
        },
        {
            "value": "922",
            "distance_type": "luminosity",
            "unit": "Mpc",
            "reference": [
                "2012PASP..124..668Y",
                "2014ApJ...793...38A",
                "2016A&A...594A..13P",
                "2017ApJ...835...64G",
                "2017ApJ...838..149A"
            ],
            "default": true
        }
    ],
    "date_reference": [
        {
            "value": "2009-07-24",
            "date_format": "iso",
            "date_type": "discovery",
            "reference": [
                "2014ApJ...793...38A",
                "2017ApJ...835...64G"
            ],
            "default": false
        },
        {
            "value": "2009-07-24 ",
            "date_format": "iso",
            "date_type": "discovery",
            "reference": [
                "2014ApJ...793...38A",
                "2017MNRAS.472L..99L",
                "2023PASP..135c4101G"
            ],
            "default": true
        },
        {
            "value": "55049.17500000001",
            "date_format": "mjd",
            "date_type": "peak",
            "reference": [
                "2014ApJ...793...38A",
                "2024MNRAS.527.2452M"
            ],
            "default": true
        }
    ],
    "schema_version": {
        "value": 0,
        "comments": "From Goldtooth et al. (2023)",
        "comment": "Copied from tde.space;"
    },
    "name": {
        "default_name": "PTF09djl",
        "alias": [
            {
                "value": "PTF 09djl",
                "reference": [
                    "2023PASP..135c4101G"
                ]
            },
            {
                "value": "PTF-09djl",
                "reference": [
                    "2014ApJ...793...38A",
                    "2024MNRAS.527.2452M"
                ]
            },
            {
                "value": "PTF09djl",
                "reference": [
                    "2017ApJ...838..149A",
                    "2012PASP..124..668Y",
                    "2000A&AS..143....9W"
                ]
            }
        ]
    },
    "reference_alias": [
        {
            "name": "2017ApJ...838..149A",
            "human_readable_name": "Auchettl, Guillochon, & Ramirez-Ruiz (2017)"
        },
        {
            "name": "2016A&A...594A..13P",
            "human_readable_name": "Planck Collaboration et al. (2016)"
        },
        {
            "name": "2014ApJ...793...38A",
            "human_readable_name": "Arcavi et al. (2014)"
        },
        {
            "name": "2011ApJ...737..103S",
            "human_readable_name": "Schlafly & Finkbeiner (2011)"
        },
        {
            "name": "2010ApJ...721..777A",
            "human_readable_name": "Arcavi et al. (2010)"
        },
        {
            "name": "2017ApJ...835...64G",
            "human_readable_name": "Guillochon et al. (2017)"
        },
        {
            "name": "2012PASP..124..668Y",
            "human_readable_name": "Yaron & Gal-Yam (2012)"
        },
        {
            "name": "2000A&AS..143....9W",
            "human_readable_name": "Wenger et al. (2000)"
        },
        {
            "name": "Arcavi, Iair et al. (2014)",
            "human_readable_name": "2014ApJ...793...38A"
        },
        {
            "name": "2024MNRAS.527.2452M",
            "human_readable_name": "Mummery et al. (2023)"
        },
        {
            "name": "2017MNRAS.471.1694W",
            "human_readable_name": "Wevers, Thomas et al. (2017)"
        },
        {
            "name": "2023PASP..135c4101G",
            "human_readable_name": "Goldtooth, Aaron et al. (2023)"
        },
        {
            "name": "2017MNRAS.472L..99L",
            "human_readable_name": "Liu, F. K. et al. (2017)"
        }
    ],
    "filter_alias": [
        {
            "filter_key": "0.3 - 2.0",
            "wave_eff": 0.7293188143129428,
            "wave_min": 0.6199209921660013,
            "wave_max": 4.132806614440009,
            "wave_units": "nm",
            "filter_name": "0.3 - 2.0"
        },
        {
            "filter_key": "B.uvot",
            "filter_name": "B.uvot",
            "freq_eff": 695280559412463.5,
            "freq_units": "Hz"
        },
        {
            "filter_key": "F125LP",
            "filter_name": "F125LP",
            "freq_eff": 2105859020713276.5,
            "freq_units": "Hz"
        },
        {
            "filter_key": "F150LP",
            "filter_name": "F150LP",
            "freq_eff": 1872747059283952.8,
            "freq_units": "Hz"
        },
        {
            "filter_key": "U.uvot",
            "filter_name": "U.uvot",
            "freq_eff": 872815357550259.6,
            "freq_units": "Hz"
        },
        {
            "filter_key": "UVM2.uvot",
            "filter_name": "UVM2.uvot",
            "freq_eff": 1346484181597652,
            "freq_units": "Hz"
        },
        {
            "filter_key": "UVW1.uvot",
            "filter_name": "UVW1.uvot",
            "freq_eff": 1198891057872408,
            "freq_units": "Hz"
        },
        {
            "filter_key": "UVW2.uvot",
            "filter_name": "UVW2.uvot",
            "freq_eff": 1492659946412262.2,
            "freq_units": "Hz"
        },
        {
            "filter_key": "W1.wise",
            "filter_name": "W1.wise",
            "freq_eff": 89917740678395.33,
            "freq_units": "Hz"
        },
        {
            "filter_key": "W2.wise",
            "filter_name": "W2.wise",
            "freq_eff": 65429370473910.305,
            "freq_units": "Hz"
        },
        {
            "filter_key": "g.ztf",
            "filter_name": "g.ztf",
            "freq_eff": 634121907623677.4,
            "freq_units": "Hz"
        },
        {
            "filter_key": "r.ztf",
            "filter_name": "r.ztf",
            "freq_eff": 471994480402802.25,
            "freq_units": "Hz"
        }
    ],
    "photometry": [
        {
            "raw": [
                0.028
            ],
            "raw_units": [
                "ct"
            ],
            "value": [
                4.28e-14
            ],
            "value_units": [
                "ergs/cm^2/s"
            ],
            "filter_key": [
                "0.3 - 2.0"
            ],
            "obs_type": [
                "xray"
            ],
            "date": [
                "48102.8"
            ],
            "date_format": "MJD",
            "upperlimit": [
                true
            ],
            "telescope": "ROSAT",
            "corr_k": null,
            "corr_av": null,
            "corr_host": null,
            "corr_hostav": null,
            "reference": [
                "2017ApJ...838..149A"
            ],
            "xray_model": [
                {
                    "model_name": "Absorbed Powerlaw",
                    "param_names": [
                        "photonindex",
                        "nhmw"
                    ],
                    "param_values": [
                        "4.5",
                        "0.0183"
                    ],
                    "param_units": [
                        "None",
                        "10^22 cm^-2"
                    ],
                    "min_energy": 0.3,
                    "max_energy": 2,
                    "energy_units": "keV"
                }
            ],
            "corr_s": null
        },
        {
            "raw": [
                0.0039
            ],
            "raw_units": [
                "ct"
            ],
            "value": [
                5.2e-14
            ],
            "value_units": [
                "ergs/cm^2/s"
            ],
            "filter_key": [
                "0.3 - 2.0"
            ],
            "obs_type": [
                "xray"
            ],
            "date": [
                "56721.7"
            ],
            "date_format": "MJD",
            "upperlimit": [
                true
            ],
            "telescope": "Swift",
            "corr_k": null,
            "corr_av": null,
            "corr_host": null,
            "corr_hostav": null,
            "reference": [
                "2017ApJ...838..149A"
            ],
            "xray_model": [
                {
                    "model_name": "Absorbed Powerlaw",
                    "param_names": [
                        "photonindex",
                        "nhmw"
                    ],
                    "param_values": [
                        "4.5",
                        "0.0183"
                    ],
                    "param_units": [
                        "None",
                        "10^22 cm^-2"
                    ],
                    "min_energy": 0.3,
                    "max_energy": 2,
                    "energy_units": "keV"
                }
            ],
            "corr_s": null
        },
        {
            "raw": [
                4.1938e-06,
                8.7569e-07,
                3.1848e-06,
                2.0159e-06,
                9.9709e-06,
                5.9146e-06,
                2.8717e-06,
                6.0261e-06,
                1.5483e-06,
                3.7386e-06,
                1.0433e-05,
                4.5063e-07,
                6.2162e-08,
                5.8722e-06,
                7.7845e-06,
                4.0292e-05,
                -6.1828e-08,
                6.4133e-06,
                4.8058e-06,
                1.8559e-05,
                1.2654e-07,
                2.0547100726818916e-05,
                1.465356569518519e-05,
                3.0571544393910515e-05,
                8.711232786509556e-06,
                1.8783908909568543e-05,
                3.0064522085354524e-05,
                -2.9140378556610908e-06,
                2.176212632139676e-05,
                7.553404141853375e-06,
                2.0225574811895033e-05,
                4.776296571388716e-05,
                2.374469869012498e-05,
                3.787642329343013e-05,
                3.016053002678343e-05,
                2.9601252363904744e-05,
                7.943211920200992e-05,
                3.464476441221513e-05,
                -8.729641288053902e-06,
                1.3257307902156034e-05,
                1.9522452885911038e-05,
                8.504015882816836e-05,
                1.939837814263701e-05,
                -4.506789354174895e-05,
                -6.547033104411245e-05,
                -9.907582615285621e-06,
                2.735779090130712e-05,
                1.102453499733636e-05,
                -3.7063037332825476e-06,
                -2.385669407444851e-05,
                5.197691743496582e-06,
                2.913687987666904e-05,
                1.5129308812309404e-05,
                3.0580694840046064e-05,
                5.518452744903572e-05,
                -3.5731656151014294e-05,
                -5.898090726619704e-06,
                -4.434020394225954e-05,
                1.1718397517029669e-06,
                3.902616373589755e-05,
                2.655227517831867e-05,
                7.0301814045708264e-06,
                -6.992168567968374e-05,
                2.17305e-06,
                2.101e-06,
                1.3872e-05,
                9.53889e-06,
                7.99941e-06,
                2.13274e-05,
                2.25184e-05,
                6.23359e-05,
                5.31347e-05,
                5.15915e-05,
                6.02418e-05,
                4.79621e-05,
                5.41076e-05
            ],
            "raw_err": [
                1.8682e-06,
                1.3515e-06,
                2.8516e-06,
                1.8145e-06,
                5.0922e-06,
                2.9344e-06,
                2.2722e-06,
                3.874e-06,
                1.0979e-06,
                3.141e-06,
                7.0044e-06,
                3.2805e-06,
                2.1718e-06,
                7.2774e-06,
                9.322e-06,
                2.1739e-05,
                5.9092e-06,
                1.4022e-05,
                1.8916e-05,
                1.8579e-05,
                1.4147e-05,
                3.630421781366586e-05,
                3.770892797735566e-05,
                3.8328285774675364e-05,
                3.655917524590005e-05,
                3.655758299983501e-05,
                3.657411561009337e-05,
                3.6504688562098115e-05,
                3.668975969321123e-05,
                3.617623156898319e-05,
                3.7071726780730485e-05,
                3.708434628709487e-05,
                3.794162444781363e-05,
                4.088605903006495e-05,
                3.766838753936342e-05,
                3.6393869004689214e-05,
                3.976581977377678e-05,
                3.7044633997182064e-05,
                3.7205252201478865e-05,
                3.7815967302453485e-05,
                3.838125033205041e-05,
                4.0847605388060744e-05,
                2.234302005409071e-05,
                3.0547595796684724e-05,
                2.8315520438468e-05,
                2.3155087194655645e-05,
                2.5485435051099615e-05,
                1.8609050107727433e-05,
                2.6761965885070845e-05,
                3.1359882420513717e-05,
                1.9592698312763027e-05,
                2.9375780723567717e-05,
                2.4481589797641107e-05,
                3.3650200081674276e-05,
                4.9700016200356095e-05,
                3.4053617384933244e-05,
                2.056711412488846e-05,
                3.541654703187455e-05,
                2.7257936311974896e-05,
                3.6911235866521816e-05,
                3.793642603949237e-05,
                4.404985617932461e-05,
                4.886589026775529e-05,
                7.44650159019876e-08,
                7.199591050045321e-08,
                1.4580635473504246e-06,
                1.0151796776213689e-06,
                1.0561629690497653e-06,
                1.982789125099047e-06,
                2.1121935639042694e-06,
                5.5324917115472986e-06,
                3.6317975404831998e-06,
                4.0403706966664674e-06,
                2.1054788146065108e-06,
                2.010082782102404e-06,
                2.36437246850992e-06
            ],
            "raw_units": "Jy",
            "date": [
                "56725.650718",
                "58054.749315",
                "60428.72361",
                "58054.753173",
                "60589.696698",
                "60688.711192",
                "56715.679866",
                "56719.199245",
                "56727.401754",
                "58054.745171",
                "60589.688525",
                "60688.705311",
                "56720.004892",
                "58054.746522",
                "60589.689837",
                "60609.214698",
                "60688.706167",
                "58054.747402",
                "60428.72249",
                "60589.690721",
                "60688.706801",
                "56707.805476605005",
                "56889.1990258",
                "57072.484161500004",
                "57247.903335675",
                "57436.45441602",
                "57606.90510824",
                "57803.689360899996",
                "57970.34355512",
                "58167.85741498",
                "58330.496276985",
                "58531.88534654",
                "58694.69553088",
                "58899.124654885",
                "59061.9130702",
                "59263.161768485",
                "59425.37872562",
                "59790.32598385",
                "59994.79277737",
                "60157.35046852",
                "60359.30710469",
                "60521.890808965",
                "56707.805476605005",
                "56889.1990258",
                "57072.484161500004",
                "57247.903335675",
                "57436.45441602",
                "57606.90510824",
                "57803.689360899996",
                "57970.34355512",
                "58167.85741498",
                "58330.496276985",
                "58531.88534654",
                "58694.69553088",
                "58899.124654885",
                "59061.9130702",
                "59263.161768485",
                "59425.37872562",
                "59790.32598385",
                "59994.79277737",
                "60157.35046852",
                "60359.30710469",
                "60521.890808965",
                "57588.54032",
                "57588.54032",
                "55192.5624",
                "55207.54",
                "55213.5192",
                "55036.2152",
                "55036.28624",
                "55050.2456",
                "55055.20656",
                "55060.32144",
                "55061.18576",
                "55067.22416",
                "55067.25968"
            ],
            "date_format": "mjd",
            "filter_key": [
                "UVW2.uvot",
                "UVW2.uvot",
                "UVW2.uvot",
                "UVM2.uvot",
                "UVM2.uvot",
                "UVM2.uvot",
                "UVW1.uvot",
                "UVW1.uvot",
                "UVW1.uvot",
                "UVW1.uvot",
                "UVW1.uvot",
                "UVW1.uvot",
                "U.uvot",
                "U.uvot",
                "U.uvot",
                "U.uvot",
                "U.uvot",
                "B.uvot",
                "B.uvot",
                "B.uvot",
                "B.uvot",
                "W1.wise",
                "W1.wise",
                "W1.wise",
                "W1.wise",
                "W1.wise",
                "W1.wise",
                "W1.wise",
                "W1.wise",
                "W1.wise",
                "W1.wise",
                "W1.wise",
                "W1.wise",
                "W1.wise",
                "W1.wise",
                "W1.wise",
                "W1.wise",
                "W1.wise",
                "W1.wise",
                "W1.wise",
                "W1.wise",
                "W1.wise",
                "W2.wise",
                "W2.wise",
                "W2.wise",
                "W2.wise",
                "W2.wise",
                "W2.wise",
                "W2.wise",
                "W2.wise",
                "W2.wise",
                "W2.wise",
                "W2.wise",
                "W2.wise",
                "W2.wise",
                "W2.wise",
                "W2.wise",
                "W2.wise",
                "W2.wise",
                "W2.wise",
                "W2.wise",
                "W2.wise",
                "W2.wise",
                "F125LP",
                "F150LP",
                "g.ztf",
                "g.ztf",
                "g.ztf",
                "r.ztf",
                "r.ztf",
                "r.ztf",
                "r.ztf",
                "r.ztf",
                "r.ztf",
                "r.ztf",
                "r.ztf"
            ],
            "obs_type": "uvoir",
            "reference": [
                "2014ApJ...793...38A",
                "2024MNRAS.527.2452M"
            ],
            "upperlimit": [
                true,
                true,
                true,
                true,
                true,
                true,
                true,
                true,
                true,
                true,
                true,
                true,
                true,
                true,
                true,
                true,
                true,
                true,
                true,
                true,
                true,
                true,
                true,
                true,
                true,
                true,
                true,
                true,
                true,
                true,
                true,
                true,
                true,
                true,
                true,
                true,
                true,
                true,
                true,
                true,
                true,
                true,
                true,
                true,
                true,
                true,
                true,
                true,
                true,
                true,
                true,
                true,
                true,
                true,
                true,
                true,
                true,
                true,
                true,
                true,
                true,
                true,
                true,
                false,
                false,
                false,
                false,
                false,
                false,
                false,
                false,
                false,
                false,
                false,
                false,
                false
            ],
            "corr_k": false,
            "corr_s": false,
            "corr_av": false,
            "corr_host": false,
            "corr_hostav": false,
            "val_av": 0.04919145238839768
        }
    ],
    "host": [
        {
            "host_name": "SDSS J163355.97+301416.6",
            "host_ra": 248.4833333333333,
            "host_dec": 30.237958333333335,
            "host_ra_units": "deg",
            "host_dec_units": "deg",
            "reference": [
                "2023PASP..135c4101G",
                "2014ApJ...793...38A",
                "2017MNRAS.472L..99L"
            ]
        }
    ]
}