{
    "_key": "884886",
    "_id": "transients/884886",
    "_rev": "_jt3lHnW---",
    "schema_version": {
        "value": 0,
        "comments": "From Goldtooth et al. (2023)"
    },
    "name": {
        "default_name": "SRGE J013204.6+122236",
        "alias": [
            {
                "value": "SRGE J013204.6+122236",
                "reference": [
                    "2023PASP..135c4101G"
                ]
            }
        ]
    },
    "classification": {
        "value": [
            {
                "object_class": "TDE",
                "confidence": 0,
                "reference": [
                    "2023PASP..135c4101G",
                    "2021MNRAS.508.3820S"
                ]
            }
        ],
        "spec_classed": 0,
        "unambiguous": false
    },
    "distance": [
        {
            "value": "0.132",
            "reference": [
                "2023PASP..135c4101G",
                "2021MNRAS.508.3820S"
            ],
            "computed": false,
            "default": true,
            "distance_type": "redshift"
        }
    ],
    "coordinate": [
        {
            "ra": 23.018674999999995,
            "dec": 12.376562,
            "ra_units": "deg",
            "dec_units": "deg",
            "coordinate_type": "equatorial",
            "reference": [
                "2023PASP..135c4101G",
                "2021MNRAS.508.3820S"
            ],
            "default": true
        }
    ],
    "date_reference": [
        {
            "value": "2020-07-08 ",
            "date_format": "iso",
            "date_type": "discovery",
            "reference": [
                "2023PASP..135c4101G",
                "2021MNRAS.508.3820S"
            ],
            "default": true
        }
    ],
    "host": [
        {
            "host_name": null,
            "host_ra": 23.018674999999995,
            "host_dec": 12.376562,
            "host_ra_units": "deg",
            "host_dec_units": "deg",
            "reference": [
                "2023PASP..135c4101G",
                "2021MNRAS.508.3820S"
            ]
        }
    ],
    "reference_alias": [
        {
            "name": "2023PASP..135c4101G",
            "human_readable_name": "Goldtooth, Aaron et al. (2023)"
        },
        {
            "name": "2021MNRAS.508.3820S",
            "human_readable_name": "Sazonov, S. et al. (2021)"
        }
    ]
}