{
    "_key": "885123",
    "_id": "transients/885123",
    "_rev": "_jt3mRnC---",
    "reference_alias": [
        {
            "name": "2018ATel11953....1A",
            "human_readable_name": "Arcavi, I. et al. (2018)"
        },
        {
            "name": "2019ApJ...883...31F",
            "human_readable_name": "Frederick, Sara et al. (2019)"
        },
        {
            "name": "2024ApJ...961..211M",
            "human_readable_name": "Masterson, Megan et al. (2024)"
        },
        {
            "name": "TNS",
            "human_readable_name": "TNS"
        },
        {
            "name": "2018TNSTR.987....1F",
            "human_readable_name": "Fremling, C. (2018)"
        },
        {
            "name": "2018TNSCR1182....1H",
            "human_readable_name": "Hosseinzadeh, I. A. J. B. D. H. C. M. A. H. G. et al. (2018)"
        },
        {
            "name": "2020TNSCR1834....1F",
            "human_readable_name": "Frederick, S. (2020)"
        }
    ],
    "classification": {
        "value": [
            {
                "object_class": "TDE",
                "confidence": 1,
                "reference": [
                    "2018ATel11953....1A",
                    "2019ApJ...883...31F",
                    "2024ApJ...961..211M"
                ],
                "default": false
            },
            {
                "object_class": "AGN",
                "confidence": 2,
                "reference": [
                    "2018TNSCR1182....1H",
                    "2020TNSCR1834....1F"
                ],
                "default": true
            }
        ],
        "spec_classed": 1,
        "unambiguous": false
    },
    "coordinate": [
        {
            "ra": "233.2833955",
            "dec": "44.5356122",
            "ra_units": "deg",
            "dec_units": "deg",
            "coordinate_type": "equatorial",
            "epoch": "J2000",
            "frame": "ICRS",
            "reference": [
                "2018TNSTR.987....1F"
            ],
            "default": false
        },
        {
            "ra": "233.283417",
            "dec": "44.535533",
            "ra_units": "deg",
            "dec_units": "deg",
            "coordinate_type": "equatorial",
            "reference": [
                "2018ATel11953....1A",
                "2019ApJ...883...31F",
                "2024ApJ...961..211M"
            ],
            "default": true
        }
    ],
    "distance": [
        {
            "value": "0.0367",
            "distance_type": "redshift",
            "reference": [
                "2018TNSCR1182....1H",
                "2020TNSCR1834....1F"
            ],
            "default": false
        },
        {
            "value": "0.03672",
            "distance_type": "redshift",
            "reference": [
                "2018ATel11953....1A",
                "2019ApJ...883...31F",
                "2024ApJ...961..211M"
            ],
            "default": true
        },
        {
            "value": "162.9",
            "distance_type": "luminosity",
            "unit": "Mpc",
            "reference": [
                "2018ATel11953....1A",
                "2019ApJ...883...31F",
                "2024ApJ...961..211M"
            ],
            "default": true
        }
    ],
    "name": {
        "default_name": "2018dyk",
        "alias": [
            {
                "value": "2018dyk",
                "reference": [
                    "TNS"
                ]
            },
            {
                "value": "ZTF18aajupnt",
                "reference": [
                    "TNS"
                ]
            },
            {
                "value": "AT2018dyk",
                "reference": [
                    "TNS"
                ]
            },
            {
                "value": "WTP18aamced",
                "reference": [
                    "2018ATel11953....1A",
                    "2019ApJ...883...31F",
                    "2024ApJ...961..211M"
                ]
            }
        ]
    },
    "date_reference": [
        {
            "value": "58269.31",
            "date_format": "mjd",
            "date_type": "discovery",
            "reference": [
                "2018TNSTR.987....1F"
            ],
            "default": true
        },
        {
            "value": "58275.0",
            "date_format": "mjd",
            "date_type": "explosion",
            "reference": [
                "2018ATel11953....1A",
                "2019ApJ...883...31F",
                "2024ApJ...961..211M"
            ],
            "default": true
        }
    ],
    "filter_alias": [
        {
            "filter_key": "g",
            "filter_name": "g",
            "wave_eff": 471.8872246248687,
            "wave_units": "nm"
        },
        {
            "filter_key": "V",
            "filter_name": "V",
            "wave_eff": 553.7155963302753,
            "wave_units": "nm"
        },
        {
            "filter_key": "W1",
            "filter_name": "W1",
            "wave_eff": 261.3713060531025,
            "wave_units": "nm"
        },
        {
            "filter_key": "W2",
            "filter_name": "W2",
            "wave_eff": 207.98754332676123,
            "wave_units": "nm"
        },
        {
            "filter_key": "0.3-10 ",
            "filter_name": "0.3-10 ",
            "wave_eff": 0.12781876127134048,
            "wave_min": 0.12398419843320027,
            "wave_max": 4.132806614440009,
            "wave_units": "nm"
        }
    ],
    "photometry": [
        {
            "date": [
                2018.0459199206907,
                2018.2053645132312,
                2018.2769844518136,
                2018.3856703931635,
                2018.659885767307,
                2018.5596730128736,
                2018.746617507548,
                2019.028570933344,
                2019.2612643223783,
                2019.3824896736865,
                2019.5421795660743,
                2019.6699272579333,
                2020.0273161326436,
                2020.2740175466167,
                2020.4120676314317,
                2020.5967565370356,
                2020.7635872189164,
                2021.056739094964,
                2021.2170264262109,
                2021.389466312924,
                2021.539776416364,
                2021.704924043132,
                2022.0556985539731,
                2022.205444178201,
                2022.3240700612496,
                2022.455853597844,
                2022.6146737747288,
                2022.7501828776035,
                2023.0222301487845,
                2023.232006442332,
                2023.2878386549407,
                2013.2098654468612,
                2013.3474610896776,
                2013.5301279771236,
                2013.6638124274784,
                2014.0122481490464,
                2014.3368012772917,
                2014.469752754552,
                2014.6303819606512,
                2014.6472518276576,
                2015.039600498704,
                2015.194316793607,
                2015.3689746189373,
                2015.5400319728012,
                2015.630240802058,
                2016.057424679916,
                2016.2121986002776,
                2016.3227613836464,
                2016.412710871102,
                2016.5742188277773,
                2017.0839781929276,
                2017.255528529725,
                2017.4258683859584,
                2017.583019862051,
                2018.0110440975864,
                2018.3452172837208,
                2018.4915661122884,
                2018.6000897297224
            ],
            "date_format": [
                "decimalyear",
                "decimalyear",
                "decimalyear",
                "decimalyear",
                "decimalyear",
                "decimalyear",
                "decimalyear",
                "decimalyear",
                "decimalyear",
                "decimalyear",
                "decimalyear",
                "decimalyear",
                "decimalyear",
                "decimalyear",
                "decimalyear",
                "decimalyear",
                "decimalyear",
                "decimalyear",
                "decimalyear",
                "decimalyear",
                "decimalyear",
                "decimalyear",
                "decimalyear",
                "decimalyear",
                "decimalyear",
                "decimalyear",
                "decimalyear",
                "decimalyear",
                "decimalyear",
                "decimalyear",
                "decimalyear",
                "decimalyear",
                "decimalyear",
                "decimalyear",
                "decimalyear",
                "decimalyear",
                "decimalyear",
                "decimalyear",
                "decimalyear",
                "decimalyear",
                "decimalyear",
                "decimalyear",
                "decimalyear",
                "decimalyear",
                "decimalyear",
                "decimalyear",
                "decimalyear",
                "decimalyear",
                "decimalyear",
                "decimalyear",
                "decimalyear",
                "decimalyear",
                "decimalyear",
                "decimalyear",
                "decimalyear",
                "decimalyear",
                "decimalyear",
                "decimalyear"
            ],
            "filter_key": [
                "g",
                "g",
                "g",
                "g",
                "g",
                "g",
                "g",
                "g",
                "g",
                "g",
                "g",
                "g",
                "g",
                "g",
                "g",
                "g",
                "g",
                "g",
                "g",
                "g",
                "g",
                "g",
                "g",
                "g",
                "g",
                "g",
                "g",
                "g",
                "g",
                "g",
                "g",
                "V",
                "V",
                "V",
                "V",
                "V",
                "V",
                "V",
                "V",
                "V",
                "V",
                "V",
                "V",
                "V",
                "V",
                "V",
                "V",
                "V",
                "V",
                "V",
                "V",
                "V",
                "V",
                "V",
                "V",
                "V",
                "V",
                "V"
            ],
            "raw": [
                0.04072038954110292,
                0.019884284519693762,
                0.15101983427695925,
                0.04771297992856166,
                0.07395129391604006,
                0.4035,
                0.104203617901373,
                0.06149513743490438,
                0.02649752585098023,
                0.02886602628078498,
                0.04540874728258486,
                0.04710371391143166,
                0.048203689172291314,
                0.029585261205692666,
                0.03198933532157976,
                0.026050782778319907,
                0.12317306877147788,
                0.015158579840205898,
                0.04781742983995459,
                0.02219320638561975,
                0.020916386375794953,
                0.034494351882065705,
                0.03826680361616544,
                0.02929404315657894,
                0.04238718467508426,
                0.03249509875971189,
                0.02505239766783234,
                0.07154247855289136,
                0.052034021947924475,
                0.02692261563888921,
                0.041935644752665924,
                0.061726250119624654,
                0.09300395924282095,
                0.0569395567743699,
                0.12895905224580523,
                0.09562983635597212,
                0.07515461876486432,
                0.06687546369240549,
                0.07644595429905801,
                -1.0035,
                0.07413565042861942,
                0.067103076582508,
                0.06227068023685191,
                0.058826259594078535,
                0.19835628447065612,
                0.057625160317501256,
                0.047299225051604186,
                0.1673303401015283,
                0.06514648265474268,
                0.070943428661559,
                0.07206217045341363,
                0.05576992776549883,
                0.05929294716876621,
                0.08139843967408303,
                0.13969434806555442,
                0.09068360775346296,
                0.07660321707254891,
                0.14142580375930908
            ],
            "raw_err": [
                0,
                0,
                0,
                0,
                0,
                0,
                0,
                0,
                0,
                0,
                0,
                0,
                0,
                0,
                0,
                0,
                0,
                0,
                0,
                0,
                0,
                0,
                0,
                0,
                0,
                0,
                0,
                0,
                0,
                0,
                0,
                0,
                0,
                0,
                0,
                0,
                0,
                0,
                0,
                0,
                0,
                0,
                0,
                0,
                0,
                0,
                0,
                0,
                0,
                0,
                0,
                0,
                0,
                0,
                0,
                0,
                0,
                0
            ],
            "raw_units": [
                "mJy",
                "mJy",
                "mJy",
                "mJy",
                "mJy",
                "mJy",
                "mJy",
                "mJy",
                "mJy",
                "mJy",
                "mJy",
                "mJy",
                "mJy",
                "mJy",
                "mJy",
                "mJy",
                "mJy",
                "mJy",
                "mJy",
                "mJy",
                "mJy",
                "mJy",
                "mJy",
                "mJy",
                "mJy",
                "mJy",
                "mJy",
                "mJy",
                "mJy",
                "mJy",
                "mJy",
                "mJy",
                "mJy",
                "mJy",
                "mJy",
                "mJy",
                "mJy",
                "mJy",
                "mJy",
                "mJy",
                "mJy",
                "mJy",
                "mJy",
                "mJy",
                "mJy",
                "mJy",
                "mJy",
                "mJy",
                "mJy",
                "mJy",
                "mJy",
                "mJy",
                "mJy",
                "mJy",
                "mJy",
                "mJy",
                "mJy",
                "mJy"
            ],
            "telescope": "ASASSN",
            "upperlimit": [
                true,
                true,
                true,
                true,
                true,
                true,
                true,
                true,
                true,
                true,
                true,
                true,
                true,
                true,
                true,
                true,
                true,
                true,
                true,
                true,
                true,
                true,
                true,
                true,
                true,
                true,
                true,
                true,
                true,
                true,
                true,
                true,
                true,
                true,
                true,
                true,
                true,
                true,
                true,
                true,
                true,
                true,
                true,
                true,
                true,
                true,
                true,
                true,
                true,
                true,
                true,
                true,
                true,
                true,
                true,
                true,
                true,
                true
            ],
            "corr_k": false,
            "corr_s": false,
            "corr_host": true,
            "corr_av": false,
            "corr_hostav": false,
            "val_host": [
                3.409,
                3.409,
                3.409,
                3.409,
                3.409,
                3.409,
                3.409,
                3.409,
                3.409,
                3.409,
                3.409,
                3.409,
                3.409,
                3.409,
                3.409,
                3.409,
                3.409,
                3.409,
                3.409,
                3.409,
                3.409,
                3.409,
                3.409,
                3.409,
                3.409,
                3.409,
                3.409,
                3.409,
                3.409,
                3.409,
                3.409,
                4.907,
                4.907,
                4.907,
                4.907,
                4.907,
                4.907,
                4.907,
                4.907,
                4.907,
                4.907,
                4.907,
                4.907,
                4.907,
                4.907,
                4.907,
                4.907,
                4.907,
                4.907,
                4.907,
                4.907,
                4.907,
                4.907,
                4.907,
                4.907,
                4.907,
                4.907,
                4.907
            ],
            "obs_type": "uvoir",
            "reference": [
                "2024ApJ...961..211M"
            ]
        },
        {
            "date": [
                55217.60118858,
                55395.08811441,
                55583.1260583,
                56680.20312592,
                56858.44700516,
                57044.531471,
                57221.10656303,
                57407.51058079,
                57577.949770775,
                57773.36489682,
                57938.166958875,
                58139.02341698,
                58300.06986548,
                58505.810883604994,
                58668.20418934,
                58868.741476745,
                59029.74164192499,
                59234.360574575,
                59395.479972805,
                59600.35468159,
                55217.60118858,
                55395.08811441,
                55582.99381757,
                56680.20312592,
                56858.51277503,
                57044.531471,
                57221.10656303,
                57407.576096355,
                57577.949770775,
                57773.36489682,
                57938.166958875,
                58139.02341698,
                58300.06986548,
                58505.810883604994,
                58668.20418934,
                58868.741476745,
                59029.74164192499,
                59234.360574575,
                59395.479972805,
                59600.35468159
            ],
            "date_format": [
                "mjd",
                "mjd",
                "mjd",
                "mjd",
                "mjd",
                "mjd",
                "mjd",
                "mjd",
                "mjd",
                "mjd",
                "mjd",
                "mjd",
                "mjd",
                "mjd",
                "mjd",
                "mjd",
                "mjd",
                "mjd",
                "mjd",
                "mjd",
                "mjd",
                "mjd",
                "mjd",
                "mjd",
                "mjd",
                "mjd",
                "mjd",
                "mjd",
                "mjd",
                "mjd",
                "mjd",
                "mjd",
                "mjd",
                "mjd",
                "mjd",
                "mjd",
                "mjd",
                "mjd",
                "mjd",
                "mjd"
            ],
            "filter_key": [
                "W1",
                "W1",
                "W1",
                "W1",
                "W1",
                "W1",
                "W1",
                "W1",
                "W1",
                "W1",
                "W1",
                "W1",
                "W1",
                "W1",
                "W1",
                "W1",
                "W1",
                "W1",
                "W1",
                "W1",
                "W2",
                "W2",
                "W2",
                "W2",
                "W2",
                "W2",
                "W2",
                "W2",
                "W2",
                "W2",
                "W2",
                "W2",
                "W2",
                "W2",
                "W2",
                "W2",
                "W2",
                "W2",
                "W2",
                "W2"
            ],
            "raw": [
                0.01473973758698988,
                0.107870675994873,
                0.01469328940615152,
                0.011625900468502141,
                0.0550027496795654,
                0.0170116472258892,
                0.0555173929138183,
                0.01740048608101272,
                0.0892123586425781,
                0.01450922992051503,
                0.0704000127868652,
                0.01829392301019072,
                0.6515247648925783,
                1.291057976074219,
                0.9679239418945312,
                0.3029009276733398,
                0.2454172902832031,
                0.01818760508331585,
                0.1214312288818359,
                0.01795264254570078,
                0.030335804934814442,
                0.0774737802734375,
                0.028588650838989236,
                0.025216890402889228,
                0.02955823461681747,
                0.03804346349206923,
                0.03372174717210387,
                0.03582346947489165,
                0.037488795094470964,
                0.027975540996780388,
                0.035573508657417305,
                0.040646312096431714,
                0.412188173828125,
                2.07011423046875,
                1.436516453125,
                0.7607148476562501,
                0.3636634716796875,
                0.17259125,
                0.049335360472206116,
                0.03788572564137267
            ],
            "raw_err": [
                0,
                0.0001312111093117,
                0,
                0,
                4.983852980345935e-05,
                0,
                6.103789862709903e-05,
                0,
                0.0001094680295609,
                0,
                7.679136664113807e-05,
                0,
                0.0042764624518847,
                0.0167021898986086,
                0.0094067956136831,
                0.0009552819061817,
                0.0006316229116141,
                0,
                0.0001982222261287,
                0,
                0,
                0.0001089575753087,
                0,
                0,
                0,
                0,
                0,
                0,
                0,
                0,
                0,
                0,
                0.0018428401466132,
                0.0430156593224277,
                0.0208576857468845,
                0.0059720359683433,
                0.0014617767423624,
                0.0004541662560918,
                0,
                0
            ],
            "raw_units": [
                "mJy",
                "mJy",
                "mJy",
                "mJy",
                "mJy",
                "mJy",
                "mJy",
                "mJy",
                "mJy",
                "mJy",
                "mJy",
                "mJy",
                "mJy",
                "mJy",
                "mJy",
                "mJy",
                "mJy",
                "mJy",
                "mJy",
                "mJy",
                "mJy",
                "mJy",
                "mJy",
                "mJy",
                "mJy",
                "mJy",
                "mJy",
                "mJy",
                "mJy",
                "mJy",
                "mJy",
                "mJy",
                "mJy",
                "mJy",
                "mJy",
                "mJy",
                "mJy",
                "mJy",
                "mJy",
                "mJy"
            ],
            "telescope": "WISE",
            "upperlimit": [
                true,
                false,
                true,
                true,
                false,
                true,
                false,
                true,
                false,
                true,
                false,
                true,
                false,
                false,
                false,
                false,
                false,
                true,
                false,
                true,
                true,
                false,
                true,
                true,
                true,
                true,
                true,
                true,
                true,
                true,
                true,
                true,
                false,
                false,
                false,
                false,
                false,
                false,
                true,
                true
            ],
            "corr_k": false,
            "corr_s": false,
            "corr_host": true,
            "corr_av": false,
            "corr_hostav": false,
            "val_host": [
                3.2339870595703126,
                3.2339870595703126,
                3.2339870595703126,
                3.2339870595703126,
                3.2339870595703126,
                3.2339870595703126,
                3.2339870595703126,
                3.2339870595703126,
                3.2339870595703126,
                3.2339870595703126,
                3.2339870595703126,
                3.2339870595703126,
                3.2339870595703126,
                3.2339870595703126,
                3.2339870595703126,
                3.2339870595703126,
                3.2339870595703126,
                3.2339870595703126,
                3.2339870595703126,
                3.2339870595703126,
                2.20568012890625,
                2.20568012890625,
                2.20568012890625,
                2.20568012890625,
                2.20568012890625,
                2.20568012890625,
                2.20568012890625,
                2.20568012890625,
                2.20568012890625,
                2.20568012890625,
                2.20568012890625,
                2.20568012890625,
                2.20568012890625,
                2.20568012890625,
                2.20568012890625,
                2.20568012890625,
                2.20568012890625,
                2.20568012890625,
                2.20568012890625,
                2.20568012890625
            ],
            "obs_type": "uvoir",
            "reference": [
                "2024ApJ...961..211M"
            ]
        },
        {
            "date": [
                58329.9414620521,
                59019.59492564,
                59078.4309033472,
                59138.2865876898,
                59143.1025000104,
                59198.3248096921,
                59202.1117014873,
                59258.359803191,
                59917.6221137535,
                58342.1565682037,
                58350.5991081875,
                58352.6926551701,
                58357.1044581146,
                58362.1897767072,
                58379.2539972766,
                58384.1752015625,
                58389.8087518657,
                58394.5965940093,
                58399.5344837338,
                58404.0627633194,
                58445.6630791956,
                58450.7766599711,
                58455.8885453495,
                58460.6807362106,
                58559.8958110775,
                58752.7823555359,
                58832.0711424537,
                58958.5177645938
            ],
            "date_format": [
                "mjd",
                "mjd",
                "mjd",
                "mjd",
                "mjd",
                "mjd",
                "mjd",
                "mjd",
                "mjd",
                "mjd",
                "mjd",
                "mjd",
                "mjd",
                "mjd",
                "mjd",
                "mjd",
                "mjd",
                "mjd",
                "mjd",
                "mjd",
                "mjd",
                "mjd",
                "mjd",
                "mjd",
                "mjd",
                "mjd",
                "mjd",
                "mjd"
            ],
            "filter_key": [
                "0.3-10 ",
                "0.3-10 ",
                "0.3-10 ",
                "0.3-10 ",
                "0.3-10 ",
                "0.3-10 ",
                "0.3-10 ",
                "0.3-10 ",
                "0.3-10 ",
                "0.3-10 ",
                "0.3-10 ",
                "0.3-10 ",
                "0.3-10 ",
                "0.3-10 ",
                "0.3-10 ",
                "0.3-10 ",
                "0.3-10 ",
                "0.3-10 ",
                "0.3-10 ",
                "0.3-10 ",
                "0.3-10 ",
                "0.3-10 ",
                "0.3-10 ",
                "0.3-10 ",
                "0.3-10 ",
                "0.3-10 ",
                "0.3-10 ",
                "0.3-10 "
            ],
            "raw": [
                1.216355e-12,
                3.354505000000001e-13,
                2.99705e-13,
                4.12195e-13,
                4.166400000000001e-12,
                4.59725e-13,
                6.14985e-13,
                3.6757e-13,
                3.6771e-13,
                3.01863555e-13,
                6.2439335e-13,
                4.249763000000001e-13,
                5.7179885e-13,
                8.617815500000002e-13,
                6.964870500000001e-13,
                9.756467000000001e-13,
                7.9915815e-13,
                1.38006575e-12,
                1.2563901000000001e-12,
                1.3097504000000002e-12,
                1.0745360500000001e-12,
                8.942633000000002e-13,
                1.4335979e-12,
                1.5523977e-12,
                1.4033390000000002e-12,
                1.3904660000000001e-12,
                3.925642e-13,
                1.1332279e-13
            ],
            "raw_err": [
                0,
                0,
                0,
                0,
                0,
                0,
                0,
                0,
                0,
                8.735438249999999e-14,
                1.0055629500000001e-13,
                9.536065e-14,
                9.5291805e-14,
                1.2483443e-13,
                1.09106935e-13,
                1.2394161500000002e-13,
                1.43051615e-13,
                1.4806365e-13,
                1.5695617e-13,
                1.8782305500000001e-13,
                1.31675145e-13,
                1.2112719500000004e-13,
                1.6340250500000001e-13,
                1.7528542500000001e-13,
                1.52463745e-13,
                1.8800565e-13,
                8.4855575e-14,
                4.3539002499999996e-14
            ],
            "raw_units": [
                "erg/s/cm^2",
                "erg/s/cm^2",
                "erg/s/cm^2",
                "erg/s/cm^2",
                "erg/s/cm^2",
                "erg/s/cm^2",
                "erg/s/cm^2",
                "erg/s/cm^2",
                "erg/s/cm^2",
                "erg/s/cm^2",
                "erg/s/cm^2",
                "erg/s/cm^2",
                "erg/s/cm^2",
                "erg/s/cm^2",
                "erg/s/cm^2",
                "erg/s/cm^2",
                "erg/s/cm^2",
                "erg/s/cm^2",
                "erg/s/cm^2",
                "erg/s/cm^2",
                "erg/s/cm^2",
                "erg/s/cm^2",
                "erg/s/cm^2",
                "erg/s/cm^2",
                "erg/s/cm^2",
                "erg/s/cm^2",
                "erg/s/cm^2",
                "erg/s/cm^2"
            ],
            "telescope": "Swift",
            "upperlimit": [
                true,
                true,
                true,
                true,
                true,
                true,
                true,
                true,
                true,
                false,
                false,
                false,
                false,
                false,
                false,
                false,
                false,
                false,
                false,
                false,
                false,
                false,
                false,
                false,
                false,
                false,
                false,
                false
            ],
            "corr_k": false,
            "corr_s": false,
            "corr_host": false,
            "corr_av": false,
            "corr_hostav": false,
            "obs_type": "xray",
            "xray_model": [
                {
                    "model_name": "Powerlaw",
                    "param_names": [
                        "Gamma"
                    ],
                    "param_values": [
                        2
                    ],
                    "param_units": [
                        "None"
                    ],
                    "min_energy": 0.3,
                    "max_energy": 10,
                    "energy_units": "keV",
                    "model_reference": "2024ApJ...961..211M"
                },
                {
                    "model_name": "Powerlaw",
                    "param_names": [
                        "Gamma"
                    ],
                    "param_values": [
                        2
                    ],
                    "param_units": [
                        "None"
                    ],
                    "min_energy": 0.3,
                    "max_energy": 10,
                    "energy_units": "keV",
                    "model_reference": "2024ApJ...961..211M"
                },
                {
                    "model_name": "Powerlaw",
                    "param_names": [
                        "Gamma"
                    ],
                    "param_values": [
                        2
                    ],
                    "param_units": [
                        "None"
                    ],
                    "min_energy": 0.3,
                    "max_energy": 10,
                    "energy_units": "keV",
                    "model_reference": "2024ApJ...961..211M"
                },
                {
                    "model_name": "Powerlaw",
                    "param_names": [
                        "Gamma"
                    ],
                    "param_values": [
                        2
                    ],
                    "param_units": [
                        "None"
                    ],
                    "min_energy": 0.3,
                    "max_energy": 10,
                    "energy_units": "keV",
                    "model_reference": "2024ApJ...961..211M"
                },
                {
                    "model_name": "Powerlaw",
                    "param_names": [
                        "Gamma"
                    ],
                    "param_values": [
                        2
                    ],
                    "param_units": [
                        "None"
                    ],
                    "min_energy": 0.3,
                    "max_energy": 10,
                    "energy_units": "keV",
                    "model_reference": "2024ApJ...961..211M"
                },
                {
                    "model_name": "Powerlaw",
                    "param_names": [
                        "Gamma"
                    ],
                    "param_values": [
                        2
                    ],
                    "param_units": [
                        "None"
                    ],
                    "min_energy": 0.3,
                    "max_energy": 10,
                    "energy_units": "keV",
                    "model_reference": "2024ApJ...961..211M"
                },
                {
                    "model_name": "Powerlaw",
                    "param_names": [
                        "Gamma"
                    ],
                    "param_values": [
                        2
                    ],
                    "param_units": [
                        "None"
                    ],
                    "min_energy": 0.3,
                    "max_energy": 10,
                    "energy_units": "keV",
                    "model_reference": "2024ApJ...961..211M"
                },
                {
                    "model_name": "Powerlaw",
                    "param_names": [
                        "Gamma"
                    ],
                    "param_values": [
                        2
                    ],
                    "param_units": [
                        "None"
                    ],
                    "min_energy": 0.3,
                    "max_energy": 10,
                    "energy_units": "keV",
                    "model_reference": "2024ApJ...961..211M"
                },
                {
                    "model_name": "Powerlaw",
                    "param_names": [
                        "Gamma"
                    ],
                    "param_values": [
                        2
                    ],
                    "param_units": [
                        "None"
                    ],
                    "min_energy": 0.3,
                    "max_energy": 10,
                    "energy_units": "keV",
                    "model_reference": "2024ApJ...961..211M"
                },
                {
                    "model_name": "Powerlaw",
                    "param_names": [
                        "Gamma"
                    ],
                    "param_values": [
                        2
                    ],
                    "param_units": [
                        "None"
                    ],
                    "min_energy": 0.3,
                    "max_energy": 10,
                    "energy_units": "keV",
                    "model_reference": "2024ApJ...961..211M"
                },
                {
                    "model_name": "Powerlaw",
                    "param_names": [
                        "Gamma"
                    ],
                    "param_values": [
                        2
                    ],
                    "param_units": [
                        "None"
                    ],
                    "min_energy": 0.3,
                    "max_energy": 10,
                    "energy_units": "keV",
                    "model_reference": "2024ApJ...961..211M"
                },
                {
                    "model_name": "Powerlaw",
                    "param_names": [
                        "Gamma"
                    ],
                    "param_values": [
                        2
                    ],
                    "param_units": [
                        "None"
                    ],
                    "min_energy": 0.3,
                    "max_energy": 10,
                    "energy_units": "keV",
                    "model_reference": "2024ApJ...961..211M"
                },
                {
                    "model_name": "Powerlaw",
                    "param_names": [
                        "Gamma"
                    ],
                    "param_values": [
                        2
                    ],
                    "param_units": [
                        "None"
                    ],
                    "min_energy": 0.3,
                    "max_energy": 10,
                    "energy_units": "keV",
                    "model_reference": "2024ApJ...961..211M"
                },
                {
                    "model_name": "Powerlaw",
                    "param_names": [
                        "Gamma"
                    ],
                    "param_values": [
                        2
                    ],
                    "param_units": [
                        "None"
                    ],
                    "min_energy": 0.3,
                    "max_energy": 10,
                    "energy_units": "keV",
                    "model_reference": "2024ApJ...961..211M"
                },
                {
                    "model_name": "Powerlaw",
                    "param_names": [
                        "Gamma"
                    ],
                    "param_values": [
                        2
                    ],
                    "param_units": [
                        "None"
                    ],
                    "min_energy": 0.3,
                    "max_energy": 10,
                    "energy_units": "keV",
                    "model_reference": "2024ApJ...961..211M"
                },
                {
                    "model_name": "Powerlaw",
                    "param_names": [
                        "Gamma"
                    ],
                    "param_values": [
                        2
                    ],
                    "param_units": [
                        "None"
                    ],
                    "min_energy": 0.3,
                    "max_energy": 10,
                    "energy_units": "keV",
                    "model_reference": "2024ApJ...961..211M"
                },
                {
                    "model_name": "Powerlaw",
                    "param_names": [
                        "Gamma"
                    ],
                    "param_values": [
                        2
                    ],
                    "param_units": [
                        "None"
                    ],
                    "min_energy": 0.3,
                    "max_energy": 10,
                    "energy_units": "keV",
                    "model_reference": "2024ApJ...961..211M"
                },
                {
                    "model_name": "Powerlaw",
                    "param_names": [
                        "Gamma"
                    ],
                    "param_values": [
                        2
                    ],
                    "param_units": [
                        "None"
                    ],
                    "min_energy": 0.3,
                    "max_energy": 10,
                    "energy_units": "keV",
                    "model_reference": "2024ApJ...961..211M"
                },
                {
                    "model_name": "Powerlaw",
                    "param_names": [
                        "Gamma"
                    ],
                    "param_values": [
                        2
                    ],
                    "param_units": [
                        "None"
                    ],
                    "min_energy": 0.3,
                    "max_energy": 10,
                    "energy_units": "keV",
                    "model_reference": "2024ApJ...961..211M"
                },
                {
                    "model_name": "Powerlaw",
                    "param_names": [
                        "Gamma"
                    ],
                    "param_values": [
                        2
                    ],
                    "param_units": [
                        "None"
                    ],
                    "min_energy": 0.3,
                    "max_energy": 10,
                    "energy_units": "keV",
                    "model_reference": "2024ApJ...961..211M"
                },
                {
                    "model_name": "Powerlaw",
                    "param_names": [
                        "Gamma"
                    ],
                    "param_values": [
                        2
                    ],
                    "param_units": [
                        "None"
                    ],
                    "min_energy": 0.3,
                    "max_energy": 10,
                    "energy_units": "keV",
                    "model_reference": "2024ApJ...961..211M"
                },
                {
                    "model_name": "Powerlaw",
                    "param_names": [
                        "Gamma"
                    ],
                    "param_values": [
                        2
                    ],
                    "param_units": [
                        "None"
                    ],
                    "min_energy": 0.3,
                    "max_energy": 10,
                    "energy_units": "keV",
                    "model_reference": "2024ApJ...961..211M"
                },
                {
                    "model_name": "Powerlaw",
                    "param_names": [
                        "Gamma"
                    ],
                    "param_values": [
                        2
                    ],
                    "param_units": [
                        "None"
                    ],
                    "min_energy": 0.3,
                    "max_energy": 10,
                    "energy_units": "keV",
                    "model_reference": "2024ApJ...961..211M"
                },
                {
                    "model_name": "Powerlaw",
                    "param_names": [
                        "Gamma"
                    ],
                    "param_values": [
                        2
                    ],
                    "param_units": [
                        "None"
                    ],
                    "min_energy": 0.3,
                    "max_energy": 10,
                    "energy_units": "keV",
                    "model_reference": "2024ApJ...961..211M"
                },
                {
                    "model_name": "Powerlaw",
                    "param_names": [
                        "Gamma"
                    ],
                    "param_values": [
                        2
                    ],
                    "param_units": [
                        "None"
                    ],
                    "min_energy": 0.3,
                    "max_energy": 10,
                    "energy_units": "keV",
                    "model_reference": "2024ApJ...961..211M"
                },
                {
                    "model_name": "Powerlaw",
                    "param_names": [
                        "Gamma"
                    ],
                    "param_values": [
                        2
                    ],
                    "param_units": [
                        "None"
                    ],
                    "min_energy": 0.3,
                    "max_energy": 10,
                    "energy_units": "keV",
                    "model_reference": "2024ApJ...961..211M"
                },
                {
                    "model_name": "Powerlaw",
                    "param_names": [
                        "Gamma"
                    ],
                    "param_values": [
                        2
                    ],
                    "param_units": [
                        "None"
                    ],
                    "min_energy": 0.3,
                    "max_energy": 10,
                    "energy_units": "keV",
                    "model_reference": "2024ApJ...961..211M"
                },
                {
                    "model_name": "Powerlaw",
                    "param_names": [
                        "Gamma"
                    ],
                    "param_values": [
                        2
                    ],
                    "param_units": [
                        "None"
                    ],
                    "min_energy": 0.3,
                    "max_energy": 10,
                    "energy_units": "keV",
                    "model_reference": "2024ApJ...961..211M"
                }
            ],
            "reference": [
                "2024ApJ...961..211M"
            ],
            "raw_err_detail": {
                "upper": [
                    0,
                    0,
                    0,
                    0,
                    0,
                    0,
                    0,
                    0,
                    0,
                    9.54681e-14,
                    1.0055629500000001e-13,
                    9.536065e-14,
                    9.5291805e-14,
                    1.2483443e-13,
                    1.09106935e-13,
                    1.2394161500000002e-13,
                    1.43051615e-13,
                    1.4806365e-13,
                    1.5695617e-13,
                    1.8782305500000001e-13,
                    1.31675145e-13,
                    1.2112719500000004e-13,
                    1.6340250500000001e-13,
                    1.7528542500000001e-13,
                    1.52463745e-13,
                    1.8800565e-13,
                    8.4855575e-14,
                    4.8696935e-14
                ],
                "lower": [
                    0,
                    0,
                    0,
                    0,
                    0,
                    0,
                    0,
                    0,
                    0,
                    7.9240665e-14,
                    1.0055629500000001e-13,
                    9.536065e-14,
                    9.5291805e-14,
                    1.2483443e-13,
                    1.09106935e-13,
                    1.2394161500000002e-13,
                    1.43051615e-13,
                    1.4806365e-13,
                    1.5695617e-13,
                    1.8782305500000001e-13,
                    1.31675145e-13,
                    1.2112719500000004e-13,
                    1.6340250500000001e-13,
                    1.7528542500000001e-13,
                    1.52463745e-13,
                    1.8800565e-13,
                    8.4855575e-14,
                    3.838107e-14
                ]
            }
        }
    ]
}