{
    "_key": "884849",
    "_id": "transients/884849",
    "_rev": "_jt3k91K---",
    "coordinate": [
        {
            "ra": "20:42:44.74",
            "dec": "+15:30:32.1",
            "ra_units": "hour",
            "dec_units": "deg",
            "coordinate_type": "equatorial",
            "reference": [
                "2017arXiv171104577K"
            ],
            "default": true
        },
        {
            "ra": "310.686417",
            "dec": "15.50895",
            "ra_units": "deg",
            "dec_units": "deg",
            "coordinate_type": "equatorial",
            "epoch": "J2000",
            "frame": "ICRS",
            "reference": [
                "2021TNSTR3297....1H"
            ],
            "default": false
        }
    ],
    "name": {
        "default_name": "2021zlg",
        "alias": [
            {
                "value": "Gaia21egv",
                "reference": [
                    "TNS"
                ]
            },
            {
                "value": "2021zlg",
                "reference": [
                    "TNS"
                ]
            },
            {
                "value": "PS1-10adi",
                "reference": [
                    "2017arXiv171104577K",
                    "2023PASP..135c4101G"
                ]
            }
        ]
    },
    "reference_alias": [
        {
            "name": "2017arXiv171104577K",
            "human_readable_name": "Kankare et al. (2017)"
        },
        {
            "name": "2016A&A...594A..13P",
            "human_readable_name": "Planck Collaboration et al. (2016)"
        },
        {
            "name": "2011ApJ...737..103S",
            "human_readable_name": "Schlafly & Finkbeiner (2011)"
        },
        {
            "name": "2017ApJ...835...64G",
            "human_readable_name": "Guillochon et al. (2017)"
        },
        {
            "name": "2023PASP..135c4101G",
            "human_readable_name": "Goldtooth, Aaron et al. (2023)"
        },
        {
            "name": "2017NatAs...1..865K",
            "human_readable_name": "Kankare, E. et al. (2017)"
        },
        {
            "name": "2017NatAs...1..865K",
            "human_readable_name": "Kankare, E. et al. (2017)"
        },
        {
            "name": "2021TNSTR3297....1H",
            "human_readable_name": "Hodgkin, S. T. et al. (2021)"
        }
    ],
    "date_reference": [
        {
            "value": "2010-01-01",
            "date_format": "iso",
            "date_type": "discovery",
            "reference": [
                "2017ApJ...835...64G"
            ],
            "default": false
        },
        {
            "value": "2010-08-15 ",
            "date_format": "iso",
            "date_type": "discovery",
            "reference": [
                "2017NatAs...1..865K",
                "2023PASP..135c4101G"
            ],
            "default": true
        },
        {
            "value": "59471.207",
            "date_format": "mjd",
            "date_type": "discovery",
            "reference": [
                "2021TNSTR3297....1H"
            ],
            "default": false
        }
    ],
    "classification": {
        "value": [
            {
                "object_class": "TDE",
                "confidence": 3.3,
                "reference": [
                    "2017NatAs...1..865K",
                    "2017arXiv171104577K",
                    "2023PASP..135c4101G"
                ],
                "default": true
            },
            {
                "object_class": "TDE",
                "confidence": 0,
                "reference": [
                    "2017arXiv171104577K"
                ],
                "default": false
            },
            {
                "object_class": "TDE",
                "confidence": 0,
                "reference": [
                    "2017arXiv171104577K"
                ],
                "default": false
            }
        ],
        "spec_classed": 3,
        "unambiguous": true
    },
    "host": [
        {
            "host_name": "SDSS J204244.74+153032.1",
            "host_ra": 310.68749999999994,
            "host_dec": 15.508916666666666,
            "host_ra_units": "deg",
            "host_dec_units": "deg",
            "reference": [
                "2023PASP..135c4101G",
                "2017NatAs...1..865K",
                "2017NatAs...1..865K"
            ]
        }
    ],
    "schema_version": {
        "value": 0,
        "comments": "From Goldtooth et al. (2023)",
        "comment": "Copied from tde.space;"
    },
    "distance": [
        {
            "value": "0.203",
            "distance_type": "redshift",
            "reference": [
                "2017NatAs...1..865K",
                "2017arXiv171104577K",
                "2023PASP..135c4101G"
            ],
            "default": true
        },
        {
            "value": "1030",
            "distance_type": "luminosity",
            "unit": "Mpc",
            "reference": [
                "2016A&A...594A..13P",
                "2017ApJ...835...64G",
                "2017arXiv171104577K"
            ],
            "default": true
        },
        {
            "value": "855",
            "distance_type": "comoving",
            "unit": "Mpc",
            "reference": [
                "2016A&A...594A..13P",
                "2017ApJ...835...64G",
                "2017arXiv171104577K"
            ],
            "default": true
        }
    ]
}