{
    "_key": "885051",
    "_id": "transients/885051",
    "_rev": "_jt3l7mi---",
    "coordinate": [
        {
            "ra": "156.043047049",
            "dec": "-0.822997785982",
            "ra_units": "deg",
            "dec_units": "deg",
            "coordinate_type": "equatorial",
            "epoch": "J2000",
            "frame": "ICRS",
            "reference": [
                "2022TNSTR.228....1T"
            ],
            "default": true
        },
        {
            "ra": "156.043047049",
            "dec": "-0.822997785982",
            "ra_units": "deg",
            "dec_units": "deg",
            "coordinate_type": "equatorial",
            "reference": [
                "2022TNSTR.228....1T"
            ],
            "default": false
        }
    ],
    "classification": {
        "value": [
            {
                "object_class": "TDE",
                "confidence": 3.3,
                "reference": [
                    "2022TNSCR.700....1M",
                    "2024ApJ...974..241A"
                ],
                "default": true
            }
        ],
        "spec_classed": 3,
        "unambiguous": true
    },
    "name": {
        "default_name": "2022arb",
        "alias": [
            {
                "value": "ZTF22aaaihgr",
                "reference": [
                    "TNS"
                ]
            },
            {
                "value": "PS22aqk",
                "reference": [
                    "TNS"
                ]
            },
            {
                "value": "ATLAS22dls",
                "reference": [
                    "TNS"
                ]
            },
            {
                "value": "2022arb",
                "reference": [
                    "TNS"
                ]
            },
            {
                "value": "AT2022arb",
                "reference": [
                    "2022TNSTR.228....1T"
                ]
            }
        ]
    },
    "reference_alias": [
        {
            "name": "2022TNSTR.228....1T",
            "human_readable_name": "Tonry, J. et al. (2022)"
        },
        {
            "name": "2024ApJ...974..241A",
            "human_readable_name": "Anumarlapudi, Akash et al. (2024)"
        },
        {
            "name": "2022TNSCR.700....1M",
            "human_readable_name": "Moore, T. et al. (2022)"
        }
    ],
    "photometry": [
        {
            "reference": "2024ApJ...974..241A",
            "raw": [
                1,
                0.6
            ],
            "raw_err": [
                0,
                0
            ],
            "raw_units": "mJy",
            "date": [
                "58774.48",
                "59673.48"
            ],
            "date_format": [
                "mjd",
                "mjd"
            ],
            "upperlimit": [
                true,
                true
            ],
            "filter_key": [
                "887.5MHz",
                "887.5MHz"
            ],
            "obs_type": "radio",
            "telescope": "RACS",
            "corr_k": false,
            "corr_s": false,
            "corr_host": false,
            "corr_av": false,
            "corr_hostav": false
        },
        {
            "reference": "2024ApJ...974..241A",
            "raw": [
                1,
                1.1,
                1.2,
                0.9,
                1.3,
                4,
                0.8,
                1.2,
                3.9,
                3.8,
                0.9,
                0.7,
                0.9,
                0.7,
                0.8
            ],
            "raw_err": [
                0,
                0,
                0,
                0,
                0,
                0,
                0,
                0,
                0,
                0,
                0,
                0,
                0,
                0,
                0
            ],
            "raw_units": "mJy",
            "date": [
                "58882.48",
                "58886.48",
                "58886.48",
                "58887.48",
                "58887.48",
                "58888.48",
                "58889.48",
                "58889.48",
                "58904.48",
                "59095.48",
                "59394.48",
                "59417.48",
                "59447.48",
                "60111.48",
                "60131.48"
            ],
            "date_format": [
                "mjd",
                "mjd",
                "mjd",
                "mjd",
                "mjd",
                "mjd",
                "mjd",
                "mjd",
                "mjd",
                "mjd",
                "mjd",
                "mjd",
                "mjd",
                "mjd",
                "mjd"
            ],
            "upperlimit": [
                true,
                true,
                true,
                true,
                true,
                true,
                true,
                true,
                true,
                true,
                true,
                true,
                true,
                true,
                true
            ],
            "filter_key": [
                "3000.0MHz",
                "3000.0MHz",
                "3000.0MHz",
                "3000.0MHz",
                "3000.0MHz",
                "3000.0MHz",
                "3000.0MHz",
                "3000.0MHz",
                "3000.0MHz",
                "3000.0MHz",
                "3000.0MHz",
                "3000.0MHz",
                "3000.0MHz",
                "3000.0MHz",
                "3000.0MHz"
            ],
            "obs_type": "radio",
            "telescope": "VLASS",
            "corr_k": false,
            "corr_s": false,
            "corr_host": false,
            "corr_av": false,
            "corr_hostav": false
        }
    ],
    "filter_alias": [
        {
            "filter_key": "887.5MHz",
            "filter_name": "UHF",
            "freq_eff": 887.5,
            "freq_units": "MHz"
        },
        {
            "filter_key": "3000.0MHz",
            "filter_name": "S",
            "freq_eff": 3000,
            "freq_units": "MHz"
        }
    ],
    "distance": [
        {
            "value": 0.062,
            "computed": false,
            "distance_type": "redshift",
            "reference": [
                "2022TNSCR.700....1M"
            ]
        }
    ],
    "date_reference": [
        {
            "value": 59607.48,
            "date_format": "mjd",
            "date_type": "discovery",
            "reference": [
                "2022TNSTR.228....1T"
            ],
            "computed": false
        }
    ]
}