{
    "_key": "884773",
    "_id": "transients/884773",
    "_rev": "_jt3klMO---",
    "reference_alias": [
        {
            "name": "Yao, Yuhan et al. (2024)",
            "human_readable_name": "2024ApJ...976...34Y"
        },
        {
            "name": "2024MNRAS.527.2452M",
            "human_readable_name": "Mummery et al. (2023)"
        },
        {
            "name": "2024ApJ...976...34Y",
            "human_readable_name": "Yao, Yuhan et al. (2024)"
        },
        {
            "name": "2022TNSTR1521....1T",
            "human_readable_name": "Tonry, J. et al. (2022)"
        },
        {
            "name": "2022TNSCR3103....1Y",
            "human_readable_name": "Yao, Y. (2022)"
        },
        {
            "name": "2024TNSCR3591....1Y",
            "human_readable_name": "Yao, Y. (2024)"
        }
    ],
    "classification": {
        "value": [
            {
                "object_class": "TDE",
                "confidence": 3.3,
                "reference": [
                    "2022TNSCR3103....1Y",
                    "2024MNRAS.527.2452M",
                    "2024TNSCR3591....1Y",
                    "arXiv:2405.11343"
                ],
                "default": true
            }
        ],
        "spec_classed": 3,
        "unambiguous": true
    },
    "coordinate": [
        {
            "ra": "35.0333706249",
            "dec": "-22.7209499013",
            "ra_units": "deg",
            "dec_units": "deg",
            "coordinate_type": "equatorial",
            "epoch": "J2000",
            "frame": "ICRS",
            "reference": [
                "2022TNSTR1521....1T"
            ],
            "default": false
        },
        {
            "ra": "35.033383",
            "dec": "-22.720902",
            "ra_units": "deg",
            "dec_units": "deg",
            "coordinate_type": "equatorial",
            "reference": [
                "2024MNRAS.527.2452M",
                "arXiv:2405.11343"
            ],
            "default": true
        }
    ],
    "distance": [
        {
            "value": "0.03275",
            "distance_type": "redshift",
            "reference": [
                "2022TNSCR3103....1Y",
                "2024TNSCR3591....1Y"
            ],
            "default": true
        },
        {
            "value": "0.0328",
            "distance_type": "redshift",
            "reference": [
                "2024MNRAS.527.2452M",
                "arXiv:2405.11343"
            ],
            "default": false
        },
        {
            "value": "33.0",
            "distance_type": "dispersion_measure",
            "unit": "km/s",
            "reference": [
                "2024ApJ...976...34Y",
                "2024MNRAS.527.2452M"
            ],
            "default": true
        }
    ],
    "name": {
        "default_name": "2022lri",
        "alias": [
            {
                "value": "2022lri",
                "reference": [
                    "TNS"
                ]
            },
            {
                "value": "ZTF22abajudi",
                "reference": [
                    "TNS"
                ]
            },
            {
                "value": "ATLAS22pnz",
                "reference": [
                    "TNS"
                ]
            },
            {
                "value": "PS22hiq",
                "reference": [
                    "TNS"
                ]
            },
            {
                "value": "AT2022lri",
                "reference": [
                    "arXiv:2405.11343",
                    "2024MNRAS.527.2452M"
                ]
            }
        ]
    },
    "date_reference": [
        {
            "value": "59731.15674",
            "date_format": "mjd",
            "date_type": "discovery",
            "reference": [
                "2022TNSTR1521....1T"
            ],
            "default": true
        },
        {
            "value": "59822.958333333365",
            "date_format": "mjd",
            "date_type": "peak",
            "reference": [
                "2024MNRAS.527.2452M",
                "arXiv:2405.11343"
            ],
            "default": true
        }
    ],
    "filter_alias": [
        {
            "filter_key": "B.uvot",
            "filter_name": "B.uvot",
            "freq_eff": 695280559412463.5,
            "freq_units": "Hz"
        },
        {
            "filter_key": "U.uvot",
            "filter_name": "U.uvot",
            "freq_eff": 872815357550259.6,
            "freq_units": "Hz"
        },
        {
            "filter_key": "UVM2.uvot",
            "filter_name": "UVM2.uvot",
            "freq_eff": 1346484181597652,
            "freq_units": "Hz"
        },
        {
            "filter_key": "UVW1.uvot",
            "filter_name": "UVW1.uvot",
            "freq_eff": 1198891057872408,
            "freq_units": "Hz"
        },
        {
            "filter_key": "UVW2.uvot",
            "filter_name": "UVW2.uvot",
            "freq_eff": 1492659946412262.2,
            "freq_units": "Hz"
        },
        {
            "filter_key": "W1.wise",
            "filter_name": "W1.wise",
            "freq_eff": 89917740678395.33,
            "freq_units": "Hz"
        },
        {
            "filter_key": "W2.wise",
            "filter_name": "W2.wise",
            "freq_eff": 65429370473910.305,
            "freq_units": "Hz"
        },
        {
            "filter_key": "g.ztf",
            "filter_name": "g.ztf",
            "freq_eff": 634121907623677.4,
            "freq_units": "Hz"
        },
        {
            "filter_key": "r.ztf",
            "filter_name": "r.ztf",
            "freq_eff": 471994480402802.25,
            "freq_units": "Hz"
        }
    ],
    "photometry": [
        {
            "raw": [
                4.81300426440093e-07,
                -8.126008392831961e-06,
                3.837293246792709e-06,
                5.2032494702596254e-06,
                3.830475100899907e-06,
                2.935300316229507e-06,
                5.488933321141764e-06,
                -5.390915894034286e-06,
                -1.0307329548706589e-06,
                -7.656703643448136e-07,
                2.072525825183147e-06,
                6.660366872469041e-06,
                2.862892634746137e-06,
                1.3906079486524998e-05,
                1.8949623382505507e-06,
                4.478993009426983e-06,
                -1.3475131932710367e-06,
                -2.3109779034088357e-06,
                8.048263454842399e-07,
                6.20081883359537e-06,
                6.927674217931607e-06,
                4.945373656075108e-06,
                -1.2510855192769036e-05,
                -8.044008663109604e-06,
                -7.141346323880099e-06,
                1.167716367040657e-06,
                5.690277623546608e-06,
                1.2371417677303622e-06,
                1.2742804452134463e-05,
                -4.813004264400931e-07,
                5.404760906690992e-06,
                -5.771612988928969e-06,
                -7.765760606923587e-07,
                2.117163885378761e-06,
                6.061559990484027e-06,
                0,
                1.5656900321849418e-06,
                -1.0374369727522765e-05,
                -9.991075082827705e-08,
                6.664063554184086e-06,
                -1.152159143382814e-06,
                -4.412177095862164e-06,
                6.908063890944962e-06,
                2.8829974371783844e-05,
                9.40376955675879e-06,
                -4.051630149924878e-06,
                1.3535035386793447e-05,
                1.023690475607649e-05,
                1.9629906972140767e-06,
                3.4178115519512788e-06,
                -7.08845771408987e-06,
                4.4101574156803e-06,
                1.5442943963862675e-05,
                9.267418612458768e-06,
                -3.4003223288172624e-09,
                -3.4039421789599594e-06,
                1.7881079310002926e-06,
                -5.602531967544103e-06,
                -3.842753204546778e-06,
                3.6956310032860864e-06,
                -4.4771885359232e-06,
                -1.7521763978111494e-06,
                3.5184155680274792e-06,
                -3.532250506997008e-06,
                2.927391858969411e-06,
                -4.385157918757597e-06,
                -4.6126994605625155e-06,
                -4.4752643350981864e-06,
                -4.243275694783758e-06,
                -4.606961845652067e-06,
                9.223965035819951e-07,
                -6.405758059257341e-06,
                1.8232761758752907e-06,
                3.7235196824471055e-06,
                -1.4729104271936623e-05,
                -4.240459620523784e-06,
                -1.0193582486286334e-05,
                3.814182194163213e-06,
                -2.6039657612541643e-06,
                3.1571363901675405e-06,
                -3.6857166797909617e-06,
                -2.4919849028483324e-06,
                1.1315807407850707e-06,
                -8.329812654417808e-06,
                9.390706896879308e-08,
                -2.0636756798923215e-06,
                -1.766361927355125e-06,
                -5.666882424462476e-06,
                -3.093362479234982e-06,
                6.289594002910607e-06,
                -3.165566448110002e-07,
                -5.427318349842766e-06,
                1.293269529735668e-05,
                1.9725346026892247e-05,
                -7.821485246882934e-07,
                -7.4927312978502675e-06,
                -3.3497911107436503e-06,
                -2.4825507693366403e-06,
                -3.8526385653263925e-06,
                0.00014541991354285428,
                0.0001364980801041416,
                0.0001476780535524206,
                0.00011454876074858681,
                0.00012830495883251272,
                0.000117636789730704,
                0.00011985908578395865,
                0.00010957661685599483,
                0.00010827819870234343,
                0.00011245871798237558,
                0.00010182498040511121,
                0.00011114084216747546,
                0.00010273982533546408,
                9.88947943431809e-05,
                9.210861024856611e-05,
                0.00010374168152858283,
                9.867122382665485e-05,
                9.064353062832204e-05,
                8.811488549253786e-05,
                6.352795487458418e-05,
                8.237418944992051e-05,
                8.381586602735567e-05,
                6.762246545720494e-05,
                7.333891520536305e-05,
                8.670978759751742e-05,
                5.488539596209833e-05,
                6.429956342447103e-05,
                7.260457997097414e-05,
                6.419712380216177e-05,
                7.595135860049488e-05,
                7.17198169006367e-05,
                5.2979513871929264e-05,
                5.496262654401012e-05,
                5.324893638884453e-05,
                3.952358098264239e-05,
                5.875785850347958e-05,
                4.944908341598021e-05,
                4.7931511742289724e-05,
                4.11872107978521e-05,
                5.543358614685452e-05,
                6.577875843298252e-05,
                4.458355894569144e-05,
                6.246668292433874e-05,
                6.0710136896013114e-05,
                4.6763167128180516e-05,
                4.670803913860963e-05,
                5.39219774256469e-05,
                4.306799281633563e-05,
                3.5975471739297535e-05,
                4.878985265387088e-05,
                3.711740510601835e-05,
                3.888376549978416e-05,
                3.947446461008643e-05,
                2.8990036598860324e-05,
                3.1423156831040505e-05,
                2.9047212768779746e-05,
                4.0645876357949826e-05,
                1.017581435175681e-06,
                8.937171285210368e-06,
                6.612794482961551e-06,
                1.1482627009838164e-06,
                1.6093078581166422e-05,
                8.792393778658247e-06,
                6.474878044166584e-06,
                9.115825165449e-06,
                1.2789409238393282e-05,
                1.5801427086743602e-05,
                4.984044349942569e-06,
                1.2725114094394312e-05,
                8.241810792005996e-06,
                6.880914311779505e-06,
                8.84765022262382e-06,
                6.805065535122871e-06,
                7.635953967117692e-06,
                1.3230545109641391e-05,
                8.910749519586488e-06,
                5.575634070682103e-06,
                2.043776816937241e-06,
                9.0232341321216e-07,
                2.558713367462713e-05,
                3.2079061827608033e-06,
                1.0907553142657438e-05,
                1.0968942392923466e-05,
                1.2403000545753304e-05,
                1.9106497607603715e-05,
                6.553906660353608e-06,
                1.216873399274637e-06,
                6.314671419851376e-06,
                -6.442530588410033e-06,
                4.294880605362687e-06,
                7.2276499462921e-06,
                2.400664095759984e-06,
                5.6830285652984536e-06,
                1.4640624250044655e-05,
                -1.1841090119130793e-06,
                1.838447775590014e-05,
                6.670209823672775e-06,
                -3.4211481968852304e-06,
                1.627060260896361e-05,
                1.8138387432490916e-06,
                1.3596551484323843e-05,
                -3.834193607597658e-06,
                1.7860751539313878e-06,
                -1.8254960813791669e-06,
                9.480030363750718e-06,
                2.393481676325373e-06,
                -7.953820587553023e-06,
                4.2155060131885735e-06,
                4.270167339686302e-06,
                1.9293804981089124e-08,
                9.02812034415174e-06,
                4.32958341046828e-06,
                -2.743518928247747e-06,
                -2.873666313033744e-06,
                7.692502472471063e-06,
                1.0818695818215946e-05,
                8.49428018556884e-06,
                1.7409474208596074e-06,
                5.580362579066181e-06,
                1.8445615015438603e-06,
                9.513327155256604e-06,
                1.29400847708057e-05,
                -1.6062734091026422e-06,
                -3.474917323689539e-07,
                -1.0871521262131896e-05,
                1.649820684306617e-05,
                -3.5460844274961912e-06,
                7.858927877652786e-06,
                -1.0960060540054132e-05,
                1.5867307169199855e-05,
                3.2462331657999755e-06,
                8.776616971681949e-06,
                7.0173378588130615e-06,
                8.529269775386137e-06,
                7.367008167907763e-06,
                1.5949956833959415e-05,
                3.1788949639017036e-06,
                1.496460938706298e-05,
                -3.980444216749057e-06,
                -1.1993992838630376e-05,
                -9.500178942612642e-06,
                -4.023750451097229e-06,
                6.981898783051696e-07,
                -2.213257193834777e-06,
                1.0655767756041465e-05,
                6.511387084776573e-06,
                1.8285855573584713e-06,
                1.1619726545847538e-05,
                -1.8053516160892177e-05,
                1.0070308553382385e-05,
                3.6081541519259927e-07,
                1.8781199861867015e-05,
                6.460107782543146e-06,
                -2.362033164702045e-06,
                -1.5202391675019424e-06,
                1.967804317375875e-06,
                0.00013766,
                0.00014085,
                0.00012068,
                0.00011486,
                9.5839e-05,
                9.7941e-05,
                0.00010253,
                8.3048e-05,
                0.00010114,
                8.558e-05,
                7.1722e-05,
                6.7986e-05,
                6.6438e-05,
                5.0316e-05,
                5.8888e-05,
                5.4018e-05,
                4.8309e-05,
                5.9754e-05,
                4.8048e-05,
                2.7828e-05,
                2.6637e-05,
                2.458e-05,
                2.9157e-05,
                2.6721e-05,
                2.3741e-05,
                2.3209e-05,
                2.1186e-05,
                2.4022e-05,
                1.8942e-05,
                1.691e-05,
                2.3413e-05,
                2.2088e-05,
                8.3494e-06,
                1.7725e-05,
                2.054e-05,
                2.501e-05,
                2.4801e-05,
                2.8663e-05,
                2.7253e-05,
                1.8406e-05,
                9.6806e-06,
                1.6551e-05,
                1.7666e-05,
                1.9751e-05,
                1.2133e-05,
                1.3778e-05,
                1.1796e-05,
                1.4369e-05,
                1.0122e-05,
                1.8426e-05,
                1.3816e-05,
                1.9862e-05,
                1.2495e-05,
                1.4877e-05,
                1.0087e-05,
                1.0398e-05,
                1.0938e-05,
                8.5918e-06,
                8.9484e-06,
                1.2515e-05,
                1.011e-05,
                1.0565e-05,
                3.1059e-06,
                1.0334e-05,
                1.1531e-05,
                1.4602e-05,
                1.1565e-05,
                1.188e-05,
                1.3282e-05,
                0.00010465,
                0.00010599,
                0.00010793,
                8.9997e-05,
                8.7648e-05,
                8.0174e-05,
                9.7964e-05,
                7.9598e-05,
                8.2301e-05,
                7.2774e-05,
                5.9604e-05,
                5.2918e-05,
                5.1283e-05,
                4.5869e-05,
                4.3853e-05,
                4.3622e-05,
                4.1038e-05,
                4.4818e-05,
                4.6054e-05,
                2.4858e-05,
                3.0878e-05,
                2.4499e-05,
                2.2262e-05,
                2.7058e-05,
                2.2196e-05,
                2.0998e-05,
                1.5725e-05,
                2.5978e-05,
                1.9609e-05,
                1.6721e-05,
                8.2512e-06,
                2.1043e-05,
                2.6062e-05,
                1.6732e-05,
                1.5133e-05,
                6.8856e-06,
                1.0792e-05,
                1.8864e-05,
                1.6028e-05,
                1.7891e-05,
                1.7737e-05,
                7.6215e-06,
                1.479e-05,
                1.4444e-05,
                1.4642e-05,
                8.4528e-06,
                9.5918e-06,
                1.4055e-05,
                1.0597e-05,
                2.4326e-05,
                8.4699e-06,
                1.4291e-05,
                1.0429e-05,
                1.1708e-05,
                5.4486e-06,
                6.793e-06,
                8.5965e-06,
                1.1721e-05,
                1.4339e-05,
                8.5055e-06,
                1.041e-05,
                1.2775e-05,
                7.4163e-06,
                7.6061e-06,
                9.1362e-06,
                1.0205e-05,
                6.7896e-06,
                2.0951e-05,
                1.4156e-05,
                9.9233e-05,
                9.7868e-05,
                9.3274e-05,
                9.5335e-05,
                7.2396e-05,
                7.9095e-05,
                7.5766e-05,
                6.7618e-05,
                7.4481e-05,
                6.3911e-05,
                5.5483e-05,
                5.9065e-05,
                4.6195e-05,
                4.0348e-05,
                4.8431e-05,
                4.9588e-05,
                3.6372e-05,
                3.3328e-05,
                3.4907e-05,
                2.0058e-05,
                2.368e-05,
                2.0641e-05,
                1.5936e-05,
                2.5205e-05,
                1.9406e-05,
                1.4264e-05,
                2.0865e-05,
                2.2787e-05,
                1.1807e-05,
                1.4723e-05,
                1.6892e-05,
                2.2222e-05,
                3.2796e-06,
                3.939e-06,
                8.8224e-06,
                2.5316e-05,
                1.7946e-05,
                1.1897e-05,
                9.6294e-06,
                8.2609e-06,
                7.7704e-06,
                1.0911e-05,
                5.1531e-06,
                5.2184e-06,
                9.5094e-06,
                4.1274e-06,
                3.2539e-06,
                1.817e-06,
                2.1982e-05,
                1.6666e-05,
                7.6214e-06,
                4.8606e-06,
                7.9842e-06,
                4.6874e-06,
                1.2682e-07,
                2.6748e-06,
                1.9005e-07,
                1.138e-05,
                2.2673e-06,
                1.5898e-06,
                7.9072e-06,
                3.0248e-06,
                4.6392e-06,
                3.5881e-06,
                -8.3103e-06,
                1.3699e-05,
                1.1804e-05,
                5.6215e-06,
                7.5452e-05,
                9.2528e-05,
                6.4652e-05,
                7.4992e-05,
                6.0627e-05,
                5.6535e-05,
                1.8737e-05,
                3.7738e-05,
                5.1768e-05,
                3.7618e-05,
                4.1373e-05,
                4.765e-05,
                3.4033e-05,
                1.5903e-05,
                2.3475e-05,
                3.0376e-05,
                1.2165e-05,
                2.0554e-05,
                3.1742e-05,
                1.4315e-05,
                -3.8557e-06,
                4.1975e-06,
                -1.6759e-06,
                -1.6226e-06,
                3.4786e-06,
                -1.4627e-05,
                1.7673e-07,
                -2.4078e-06,
                -1.3635e-05,
                1.0314e-05,
                -9.6911e-06,
                -1.6355e-05,
                -1.8536e-05,
                -3.4855e-05,
                -5.2261e-06,
                -1.6839e-05,
                -8.2159e-06,
                -1.7753e-05,
                -9.5877e-06,
                -1.4356e-05,
                -1.4708e-05,
                -8.7885e-06,
                -1.2276e-05,
                -4.3895e-05,
                -7.4474e-05,
                1.0255963086526028e-06,
                5.400716864195209e-05,
                2.4019220810927453e-05,
                -4.789171628410847e-06,
                1.4472711496808401e-05,
                -5.3989737148165495e-06,
                2.280297975554436e-05,
                -3.7511324624906373e-06,
                4.64269260157397e-05,
                5.060333987244825e-05,
                7.193827395493587e-07,
                3.3696059195302953e-05
            ],
            "raw_err": [
                1.184269075848555e-05,
                5.493937635123853e-06,
                5.269817454215857e-06,
                6.7829780155551645e-06,
                5.732977359236042e-06,
                5.23136598060385e-06,
                7.725518866822967e-06,
                7.878713333449368e-06,
                6.5574913990819396e-06,
                6.359390176241687e-06,
                4.209057516161316e-06,
                3.850730765666947e-06,
                5.8195311558769065e-06,
                5.196546026597203e-06,
                3.1805689331776918e-06,
                4.195896418828451e-06,
                3.0277945127949265e-06,
                3.723902424266519e-06,
                1.2960025426450568e-05,
                1.0818455358853921e-05,
                1.152400688470762e-05,
                1.3992867499513087e-05,
                1.0515618894867826e-05,
                9.839495210802353e-06,
                9.444003812814063e-06,
                7.401977538912425e-06,
                8.306773983572654e-06,
                9.640944117633144e-06,
                1.1566746716319814e-05,
                1.122477103354864e-05,
                5.097426550007633e-06,
                8.626952877640421e-06,
                3.167869273313044e-06,
                5.471606403111826e-06,
                6.59373164554411e-06,
                4.898717319514833e-06,
                4.429941885885131e-06,
                6.264153753340905e-06,
                3.974523897630032e-06,
                7.252755315904166e-06,
                7.500721530422126e-06,
                8.288551875905246e-06,
                1.2797850240719291e-05,
                1.0002419574200072e-05,
                1.1174944815226688e-05,
                6.036351051454418e-06,
                9.11653842174918e-06,
                6.335666258592814e-06,
                1.2658308108180941e-05,
                9.551153496502291e-06,
                4.358578021466059e-06,
                4.196974330859237e-06,
                1.0740976506590574e-05,
                6.4047988485769295e-06,
                4.342259287035675e-06,
                5.085647475115648e-06,
                5.642907655824658e-06,
                5.546364304105713e-06,
                2.853238683837199e-06,
                3.257429481751111e-06,
                4.3112661257163395e-06,
                4.2323352685306235e-06,
                5.5846921442084205e-06,
                4.249709905192095e-06,
                3.6530188908434277e-06,
                4.97554987735255e-06,
                5.117695724156221e-06,
                5.0413153791554605e-06,
                5.543789852162964e-06,
                7.083208238674504e-06,
                7.414109776853457e-06,
                5.802102050537418e-06,
                3.5983166256332846e-06,
                5.827837051858555e-06,
                4.965162287313612e-06,
                4.359330965999767e-06,
                1.0885518242487425e-05,
                8.833445175315158e-06,
                8.252328743315202e-06,
                6.596129872716463e-06,
                6.020883734814016e-06,
                3.7698938645859887e-06,
                2.8341893072825547e-06,
                4.028229299054509e-06,
                2.9666709396991237e-06,
                4.6526016153361964e-06,
                2.828994095968111e-06,
                4.036128630630505e-06,
                3.1674518085541974e-06,
                4.044601278323329e-06,
                2.7895600452212985e-06,
                7.974671164245995e-06,
                6.318726077576919e-06,
                8.202774439479254e-06,
                7.832725943012543e-06,
                1.1264250416764228e-05,
                9.761027642661276e-06,
                7.254303396317294e-06,
                6.647136182341788e-06,
                4.894450835509206e-06,
                6.5126040885526286e-06,
                4.938154084452622e-06,
                6.449001333866205e-06,
                5.266072790757099e-06,
                4.612289492398267e-06,
                4.3588235214002355e-06,
                5.747837676105814e-06,
                4.51757364240609e-06,
                5.990115514004416e-06,
                4.211456221445574e-06,
                4.2284704805695355e-06,
                5.923414927158248e-06,
                3.817700978486856e-06,
                5.123490757702986e-06,
                3.8067445120024132e-06,
                4.410621449934094e-06,
                8.415282568480992e-06,
                4.466151030472935e-06,
                1.2274504397073349e-05,
                1.310077415772331e-05,
                7.850725022663665e-06,
                5.965455035772927e-06,
                7.22338475853795e-06,
                4.059375887211795e-06,
                7.053615030289603e-06,
                5.110546099965847e-06,
                6.712927420907957e-06,
                5.132742946861346e-06,
                1.0138379314298203e-05,
                1.0414097747707546e-05,
                1.1229773159951074e-05,
                5.666856113163693e-06,
                7.030954163208338e-06,
                7.986281540684183e-06,
                6.62798445815915e-06,
                5.292248264887398e-06,
                4.962543624572743e-06,
                8.647539980392316e-06,
                8.329100228395112e-06,
                6.57700900159945e-06,
                8.075409437520417e-06,
                6.373452864983469e-06,
                7.973372719854839e-06,
                8.757700528281396e-06,
                7.836825822314177e-06,
                9.811544878580831e-06,
                4.216000914232932e-06,
                7.498477609800681e-06,
                4.659897987227415e-06,
                7.108916452704541e-06,
                6.537538419039579e-06,
                6.964818602489162e-06,
                1.1694590133566461e-05,
                7.563390870203451e-06,
                8.891320934489972e-06,
                1.2619626704566356e-05,
                8.046814572163477e-06,
                4.18702266941198e-06,
                5.998739456108462e-06,
                5.276638779577403e-06,
                3.989158176755412e-06,
                4.850974882477263e-06,
                3.181627335995872e-06,
                2.676589896280401e-06,
                2.4325842955236126e-06,
                3.11263266763157e-06,
                3.0156893562122175e-06,
                7.124830559906039e-06,
                6.151599814925019e-06,
                7.865416877434081e-06,
                7.2946998683488265e-06,
                5.81381673104795e-06,
                4.062677194464557e-06,
                6.690962011468714e-06,
                3.8770011356088785e-06,
                5.197606722495046e-06,
                3.870516525676831e-06,
                3.7903653073326923e-06,
                5.676935206019692e-06,
                5.89579772657445e-06,
                4.160966253612014e-06,
                5.191507901549641e-06,
                3.880319979490335e-06,
                7.620471020743176e-06,
                7.305425166940739e-06,
                6.4931825615828515e-06,
                1.0323627873272491e-05,
                9.12163268087811e-06,
                5.958775095236406e-06,
                5.360356435649719e-06,
                4.289617607789823e-06,
                4.961470216658305e-06,
                8.519876016745391e-06,
                6.529175315875424e-06,
                7.326766913528795e-06,
                4.076367676567381e-06,
                6.472217258902591e-06,
                7.622652027158801e-06,
                7.448093380129198e-06,
                1.212311838410848e-05,
                1.6417458227132585e-05,
                3.85829913310549e-06,
                3.714853855677553e-06,
                5.125356584936237e-06,
                3.493363315368744e-06,
                1.3185509050750539e-05,
                9.465443996577204e-06,
                7.156344932157975e-06,
                5.284198357771093e-06,
                4.166497278448632e-06,
                4.081308693199937e-06,
                4.159410350259841e-06,
                7.5275486791832865e-06,
                1.1926949126296072e-05,
                1.3234921414929355e-05,
                1.0998777355151524e-05,
                6.167947140276323e-06,
                5.593940687343141e-06,
                3.387217136753341e-06,
                5.656898806161954e-06,
                5.011971390311637e-06,
                7.6070787273856185e-06,
                9.863227222639811e-06,
                1.2400343643051335e-05,
                1.4061844138881225e-05,
                8.564979532622424e-06,
                1.0801340809442137e-05,
                1.030475931005751e-05,
                5.977023070152065e-06,
                3.816037430316922e-06,
                7.067478992427539e-06,
                5.148782556318408e-06,
                4.172959355786626e-06,
                4.501355952997686e-06,
                5.7295237526428545e-06,
                5.762268836647852e-06,
                9.889442144628794e-06,
                1.1920640435187471e-05,
                1.3890217387381797e-05,
                1.176242799781829e-05,
                7.650450989717105e-06,
                4.901973472012627e-06,
                6.285731415417451e-06,
                8.262358435455482e-06,
                7.4167803738690225e-06,
                4.39166189889341e-06,
                6.441072530986328e-06,
                1.6613062440966116e-05,
                1.4960936763561594e-05,
                1.3711076809803795e-05,
                1.8263603097999002e-05,
                9.603074383041584e-06,
                1.2987760979340612e-05,
                4.33469178058083e-06,
                5.4391375244776295e-06,
                6.9802e-06,
                7.1521e-06,
                6.1191e-06,
                6.3932e-06,
                5.4105e-06,
                5.9316e-06,
                1.0148e-05,
                5.5804e-06,
                5.7109e-06,
                7.0101e-06,
                4.7782e-06,
                4.6479e-06,
                4.6516e-06,
                4.4851e-06,
                4.1136e-06,
                6.3664e-06,
                4.9636e-06,
                6.4733e-06,
                4.3062e-06,
                3.1045e-06,
                3.2613e-06,
                2.8878e-06,
                3.4639e-06,
                3.0299e-06,
                3.2742e-06,
                3.3026e-06,
                2.5928e-06,
                2.7139e-06,
                3.5305e-06,
                3.1745e-06,
                2.6831e-06,
                3.2577e-06,
                2.2388e-06,
                3.2635e-06,
                3.2036e-06,
                4.4528e-06,
                2.8086e-06,
                3.384e-06,
                5.6741e-06,
                2.667e-06,
                2.0754e-06,
                3.0472e-06,
                2.6648e-06,
                2.5861e-06,
                2.4174e-06,
                3.0008e-06,
                2.3994e-06,
                2.7044e-06,
                2.3471e-06,
                5.2344e-06,
                2.8305e-06,
                2.5291e-06,
                1.8845e-06,
                2.3398e-06,
                4.8921e-06,
                2.358e-06,
                2.3532e-06,
                2.1039e-06,
                2.8482e-06,
                2.6451e-06,
                2.0704e-06,
                2.2641e-06,
                1.8933e-06,
                2.9726e-06,
                2.6579e-06,
                3.978e-06,
                2.1731e-06,
                2.1712e-06,
                2.1718e-06,
                6.8834e-06,
                7.1536e-06,
                6.8663e-06,
                7.0592e-06,
                6.1172e-06,
                6.125e-06,
                1.3351e-05,
                7.1287e-06,
                6.4549e-06,
                6.1954e-06,
                5.421e-06,
                5.5189e-06,
                5.7528e-06,
                5.5803e-06,
                5.1152e-06,
                5.2882e-06,
                6.7937e-06,
                7.5842e-06,
                6.4966e-06,
                3.8188e-06,
                4.3181e-06,
                3.6094e-06,
                4.1961e-06,
                4.1569e-06,
                3.4857e-06,
                3.9172e-06,
                3.4539e-06,
                3.2876e-06,
                3.2338e-06,
                4.9417e-06,
                3.771e-06,
                2.964e-06,
                3.9602e-06,
                4.2556e-06,
                3.772e-06,
                2.9466e-06,
                6.5613e-06,
                2.9968e-06,
                3.3068e-06,
                6.2179e-06,
                3.2686e-06,
                2.2753e-06,
                4.5911e-06,
                2.8168e-06,
                3.4662e-06,
                2.6405e-06,
                2.9822e-06,
                3.1137e-06,
                2.8296e-06,
                9.184e-06,
                3.5655e-06,
                2.6935e-06,
                2.2881e-06,
                2.6485e-06,
                3.5787e-06,
                2.7814e-06,
                2.5734e-06,
                2.5663e-06,
                3.9182e-06,
                2.8709e-06,
                2.4217e-06,
                2.7642e-06,
                2.3339e-06,
                3.4071e-06,
                3.376e-06,
                5.4482e-06,
                2.9718e-06,
                4.8339e-06,
                4.1671e-06,
                7.3491e-06,
                7.6138e-06,
                6.9635e-06,
                8.0833e-06,
                6.2648e-06,
                6.7947e-06,
                1.3233e-05,
                7.3973e-06,
                6.7867e-06,
                6.4515e-06,
                6.0802e-06,
                6.5044e-06,
                6.1533e-06,
                6.0181e-06,
                5.9595e-06,
                6.3332e-06,
                7.8212e-06,
                8.543e-06,
                6.9473e-06,
                4.902e-06,
                5.1821e-06,
                4.7463e-06,
                5.2811e-06,
                4.721e-06,
                5.2032e-06,
                4.864e-06,
                3.6653e-06,
                4.4537e-06,
                4.9684e-06,
                4.959e-06,
                3.4759e-06,
                4.6441e-06,
                2.8707e-06,
                3.8254e-06,
                3.8849e-06,
                9.0902e-06,
                3.5949e-06,
                4.3845e-06,
                5.9569e-06,
                3.0536e-06,
                2.9331e-06,
                3.2723e-06,
                2.8294e-06,
                2.7801e-06,
                3.2504e-06,
                2.8349e-06,
                3.1182e-06,
                3.041e-06,
                9.799e-06,
                5.467e-06,
                3.4106e-06,
                3.0821e-06,
                3.6764e-06,
                5.793e-06,
                3.6768e-06,
                3.601e-06,
                3.6412e-06,
                4.6444e-06,
                3.8842e-06,
                3.2153e-06,
                3.4583e-06,
                3.2055e-06,
                4.7295e-06,
                4.4242e-06,
                5.9279e-06,
                3.931e-06,
                4.5092e-06,
                3.8084e-06,
                1.2597e-05,
                1.344e-05,
                1.2185e-05,
                1.3616e-05,
                1.2149e-05,
                1.2422e-05,
                1.9221e-05,
                1.3012e-05,
                1.2365e-05,
                1.2349e-05,
                1.2265e-05,
                1.2714e-05,
                1.2434e-05,
                1.2266e-05,
                1.1899e-05,
                1.2599e-05,
                1.5019e-05,
                1.6927e-05,
                1.4577e-05,
                1.2591e-05,
                1.242e-05,
                1.2226e-05,
                1.4224e-05,
                1.1142e-05,
                1.268e-05,
                1.2438e-05,
                1.0879e-05,
                1.2455e-05,
                1.1783e-05,
                2.1232e-05,
                1.3092e-05,
                9.8583e-06,
                1.0541e-05,
                1.6089e-05,
                1.1186e-05,
                1.0933e-05,
                1.0404e-05,
                1.2288e-05,
                1.2116e-05,
                1.5486e-05,
                1.0401e-05,
                1.0304e-05,
                1.0311e-05,
                4.9267e-05,
                3.2927e-05,
                1.1814892613227999e-05,
                1.2660847056782357e-05,
                1.2864498592869554e-05,
                1.2846818682767976e-05,
                1.4149907729577176e-05,
                1.6718560322848007e-05,
                1.9867593847905225e-05,
                2.4933990892682004e-05,
                2.0271841121795704e-05,
                2.3745997034355556e-05,
                2.3340929685228327e-05,
                3.218163294887749e-05
            ],
            "raw_units": "Jy",
            "date": [
                "59096.45318289986",
                "59129.35473380005",
                "59130.37331019994",
                "59130.418807900045",
                "59134.397338000126",
                "59134.39827550016",
                "59134.41981479991",
                "59134.42075229995",
                "59137.358425899874",
                "59137.35936339991",
                "59137.4036921002",
                "59137.4046180998",
                "59139.35523150023",
                "59142.37269680016",
                "59142.37723380001",
                "59143.32342590019",
                "59143.36624999996",
                "59145.33597220015",
                "59149.35422449978",
                "59150.292963000014",
                "59151.292384299915",
                "59151.350868099835",
                "59155.27311340021",
                "59155.35571759986",
                "59156.312048600055",
                "59156.33590279985",
                "59156.342719899956",
                "59158.29107639985",
                "59158.334294000175",
                "59158.33523150021",
                "59164.37175930012",
                "59167.32061340008",
                "59168.2512730998",
                "59168.27689810004",
                "59169.293310199864",
                "59169.31525459979",
                "59170.230208300054",
                "59170.290057899896",
                "59171.30765049998",
                "59171.32291670004",
                "59176.2510879999",
                "59178.271643499844",
                "59184.272060200106",
                "59185.18915509991",
                "59185.230428200215",
                "59193.2370023001",
                "59199.2308565001",
                "59204.232453700155",
                "59210.20951389987",
                "59218.170624999795",
                "59219.18990739994",
                "59220.147419000044",
                "59221.18932869984",
                "59223.10563659994",
                "59223.14730319986",
                "59231.10900459997",
                "59233.10964119993",
                "59233.15271990001",
                "59459.43866899982",
                "59461.43868059991",
                "59461.48172450019",
                "59463.43892360013",
                "59463.460821799934",
                "59465.41765049985",
                "59467.458437500056",
                "59467.48146989988",
                "59469.4607406999",
                "59474.39752310002",
                "59484.39841439994",
                "59484.462511599995",
                "59487.376851900015",
                "59487.398553200066",
                "59489.355138900224",
                "59489.4175809999",
                "59498.35626159981",
                "59498.405567099806",
                "59503.35706020007",
                "59504.337731500156",
                "59504.39849539986",
                "59512.329652800225",
                "59512.37819440011",
                "59518.31430559978",
                "59518.33589120023",
                "59521.27204860002",
                "59521.29486110015",
                "59523.27222219994",
                "59523.313865699805",
                "59524.27373840008",
                "59524.31483800011",
                "59525.2943519",
                "59525.31576390006",
                "59530.25748840021",
                "59530.289513899945",
                "59532.2532060002",
                "59532.33658559993",
                "59537.31371530006",
                "59538.25111109996",
                "59542.20925930003",
                "59542.274467600044",
                "59823.43915509991",
                "59825.440219900105",
                "59827.438819400035",
                "59827.46115740016",
                "59839.4641435002",
                "59841.3976619998",
                "59841.44074069988",
                "59843.423252299894",
                "59843.46096060006",
                "59846.42972220015",
                "59848.3982406999",
                "59850.39678240009",
                "59850.48184029991",
                "59852.377419000026",
                "59852.48291670019",
                "59854.37585650012",
                "59856.419398100115",
                "59858.35597220017",
                "59858.41832179995",
                "59864.35333329998",
                "59864.39678240009",
                "59866.35593750002",
                "59869.37767359987",
                "59871.31363430014",
                "59873.3879976999",
                "59878.31423609983",
                "59878.35664349981",
                "59880.33586810017",
                "59880.35668980004",
                "59887.27232640004",
                "59887.30879630009",
                "59896.32856479986",
                "59897.25128469989",
                "59897.29039350012",
                "59898.31452549994",
                "59901.2728587999",
                "59901.29421300022",
                "59903.23697920004",
                "59903.2998147998",
                "59908.225879599806",
                "59910.230810199864",
                "59913.24005790008",
                "59914.22380790021",
                "59914.247824099846",
                "59923.207013899926",
                "59923.2105556",
                "59928.23375000013",
                "59932.19081019983",
                "59932.231527800206",
                "59934.19180560019",
                "59934.23141200002",
                "59936.209687499795",
                "59942.20236109989",
                "59965.17033560015",
                "59968.12699070014",
                "59969.170925899874",
                "59972.16891200002",
                "60191.43915509991",
                "60194.43890050007",
                "60194.47457179986",
                "60196.41824069992",
                "60196.460462999996",
                "60199.489120400045",
                "60201.46060189977",
                "60203.39787039999",
                "60205.43980319984",
                "60207.41837960016",
                "60211.378946799785",
                "60214.48309030011",
                "60223.37146990001",
                "60223.43917819997",
                "60225.364467599895",
                "60228.358078700025",
                "60228.40190970013",
                "60231.33481479995",
                "60231.41850689985",
                "60232.35664349981",
                "60232.39887729986",
                "60234.33473380003",
                "60234.378020800184",
                "60236.32844909979",
                "60236.377199099865",
                "60238.35615740018",
                "60238.39967590012",
                "60242.35706020007",
                "60242.42390049994",
                "60251.27249999996",
                "60251.379247699864",
                "60259.29109949991",
                "60259.36280089989",
                "60261.27321759984",
                "60261.296979200095",
                "60284.21085650008",
                "60288.274791699834",
                "60289.188877299894",
                "60290.171354200225",
                "60290.23055560002",
                "60307.1593865999",
                "60314.21359949978",
                "60325.19596059993",
                "60327.14851849992",
                "60334.16901620012",
                "60553.460219900124",
                "60556.4380092998",
                "60558.46077550016",
                "60564.418032399844",
                "60574.442835600115",
                "60575.43481480004",
                "60576.481250000186",
                "60577.433252300136",
                "60579.376076399814",
                "60593.33425930003",
                "60596.423240699805",
                "60597.405231500044",
                "60598.36945600016",
                "60598.44504630007",
                "60603.35670140013",
                "60604.31480319984",
                "60606.35928239999",
                "60608.33653939981",
                "60615.399120400194",
                "60623.27826389996",
                "60623.314699099865",
                "60625.31538189994",
                "60631.24906249996",
                "60631.29504630016",
                "60632.29392360011",
                "60634.29313659994",
                "60634.352928199805",
                "60636.294027800206",
                "60637.251018499956",
                "60637.299930599984",
                "60640.23170140013",
                "60646.225243099965",
                "60649.25212959992",
                "60651.228090300225",
                "60652.21616900014",
                "60653.2311689998",
                "60660.23038189998",
                "60660.27751159994",
                "60661.248749999795",
                "60664.25606480008",
                "60666.156481499784",
                "60672.14246529993",
                "60672.18968749978",
                "60674.16891200002",
                "60678.10776619986",
                "60681.16868059989",
                "60687.14675930003",
                "60688.15626160009",
                "60688.16850689985",
                "60689.147210599855",
                "60691.14697920019",
                "60691.189641200006",
                "60695.170289400034",
                "60706.12835650006",
                "59875.612783",
                "59882.17183",
                "59889.291814",
                "59896.019886",
                "59903.707569",
                "59910.557828",
                "59917.691473",
                "59920.198315",
                "59924.735144",
                "59931.327444",
                "59938.455016",
                "59945.711472",
                "59952.863027",
                "59978.561706",
                "59985.112838",
                "59992.991721",
                "59999.153319",
                "60001.411796",
                "60006.899543",
                "60085.733457",
                "60092.908633",
                "60099.3871",
                "60109.739051",
                "60125.832015",
                "60135.850679",
                "60145.265034",
                "60164.591417",
                "60174.832171",
                "60184.784437",
                "60188.286824",
                "60211.633482",
                "60221.434318",
                "60236.389764",
                "60243.461134",
                "60244.747424",
                "60252.101507",
                "60256.687431",
                "60259.929104",
                "60267.382882",
                "60271.471121",
                "60275.572023",
                "60289.754982",
                "60292.558102",
                "60303.276074",
                "60317.284392",
                "60331.527466",
                "60345.214513",
                "60359.479698",
                "60373.361197",
                "60449.87012",
                "60451.478106",
                "60456.565935",
                "60471.047682",
                "60484.534108",
                "60498.93308",
                "60501.743628",
                "60512.468899",
                "60526.629991",
                "60546.294352",
                "60550.296714",
                "60564.30767",
                "60582.708231",
                "60600.467428",
                "60615.708764",
                "60619.017258",
                "60633.277967",
                "60634.591325",
                "60651.292571",
                "60669.307418",
                "59875.605501",
                "59882.164184",
                "59889.282944",
                "59896.007454",
                "59903.698937",
                "59910.550479",
                "59917.688247",
                "59920.187521",
                "59924.727821",
                "59931.322499",
                "59938.447964",
                "59945.698695",
                "59952.850361",
                "59978.54999",
                "59985.105267",
                "59992.985132",
                "59999.14547",
                "60001.40674",
                "60006.888886",
                "60085.725515",
                "60092.895695",
                "60099.378493",
                "60106.861877",
                "60109.732817",
                "60125.824282",
                "60135.844495",
                "60145.261716",
                "60164.59313",
                "60174.82891",
                "60184.615869",
                "60188.052683",
                "60211.636596",
                "60221.436036",
                "60236.294674",
                "60243.463662",
                "60244.752716",
                "60251.873193",
                "60256.690796",
                "60259.935404",
                "60267.384809",
                "60271.575265",
                "60275.574955",
                "60289.759136",
                "60292.559716",
                "60303.148271",
                "60317.388686",
                "60331.532814",
                "60359.483498",
                "60373.365753",
                "60449.872349",
                "60451.480211",
                "60456.571487",
                "60471.041188",
                "60484.523737",
                "60498.92651",
                "60501.736539",
                "60512.459276",
                "60526.619787",
                "60546.296581",
                "60550.299477",
                "60564.3131",
                "60582.772813",
                "60600.468683",
                "60616.159714",
                "60619.007551",
                "60633.273824",
                "60634.583094",
                "60651.282535",
                "60669.297269",
                "59875.608022",
                "59882.166782",
                "59889.286718",
                "59896.012242",
                "59903.702131",
                "59910.553147",
                "59917.689497",
                "59920.191758",
                "59924.731043",
                "59931.325002",
                "59938.450659",
                "59945.703629",
                "59952.85533",
                "59978.554847",
                "59985.108778",
                "59992.988006",
                "59999.148542",
                "60001.408721",
                "60006.892957",
                "60085.728111",
                "60092.900686",
                "60099.381356",
                "60109.735516",
                "60125.827054",
                "60135.847097",
                "60145.263088",
                "60164.594694",
                "60174.830114",
                "60184.616929",
                "60188.284851",
                "60211.639532",
                "60221.437531",
                "60236.400109",
                "60243.466079",
                "60244.757909",
                "60251.87449",
                "60256.693938",
                "60259.940479",
                "60267.386655",
                "60271.478009",
                "60275.577793",
                "60292.561166",
                "60303.28649",
                "60317.291384",
                "60331.537816",
                "60345.225303",
                "60359.487015",
                "60373.370156",
                "60449.867371",
                "60451.475737",
                "60456.576645",
                "60471.043988",
                "60484.52805",
                "60498.929589",
                "60501.739884",
                "60512.462834",
                "60526.623612",
                "60546.298693",
                "60550.301963",
                "60564.318334",
                "60582.774943",
                "60600.469745",
                "60616.160839",
                "60619.011295",
                "60633.27541",
                "60634.586779",
                "60651.28664",
                "60669.301092",
                "59875.609443",
                "59882.168209",
                "59889.2891",
                "59896.01513",
                "59903.703985",
                "59910.554619",
                "59917.69026",
                "59920.194317",
                "59924.733105",
                "59931.32642",
                "59938.452258",
                "59945.706605",
                "59952.858321",
                "59978.557778",
                "59985.111043",
                "59992.989837",
                "59999.150396",
                "60001.409925",
                "60006.895417",
                "60085.729529",
                "60092.903695",
                "60099.38296",
                "60109.737227",
                "60125.828595",
                "60135.848714",
                "60145.263938",
                "60174.830829",
                "60184.617518",
                "60188.285673",
                "60449.868193",
                "60451.476443",
                "60471.045766",
                "60484.530721",
                "60498.931444",
                "60501.742063",
                "60512.464932",
                "60526.625851",
                "60615.707257",
                "60619.013555",
                "60633.276375",
                "60634.589143",
                "60651.289179",
                "60669.303348",
                "60449.868763",
                "60451.476932",
                "59572.33215741",
                "59775.67870722",
                "59936.429737754996",
                "60142.824153919995",
                "60303.335575164994",
                "60506.906472555",
                "59572.33215741",
                "59775.67870722",
                "59936.429737754996",
                "60142.824153919995",
                "60303.335575164994",
                "60506.906472555"
            ],
            "date_format": "mjd",
            "filter_key": [
                "r.ztf",
                "g.ztf",
                "g.ztf",
                "r.ztf",
                "g.ztf",
                "g.ztf",
                "r.ztf",
                "r.ztf",
                "r.ztf",
                "r.ztf",
                "g.ztf",
                "g.ztf",
                "r.ztf",
                "r.ztf",
                "g.ztf",
                "r.ztf",
                "g.ztf",
                "r.ztf",
                "r.ztf",
                "r.ztf",
                "g.ztf",
                "r.ztf",
                "r.ztf",
                "g.ztf",
                "r.ztf",
                "g.ztf",
                "g.ztf",
                "g.ztf",
                "r.ztf",
                "r.ztf",
                "g.ztf",
                "r.ztf",
                "g.ztf",
                "r.ztf",
                "r.ztf",
                "g.ztf",
                "g.ztf",
                "r.ztf",
                "g.ztf",
                "r.ztf",
                "g.ztf",
                "r.ztf",
                "r.ztf",
                "g.ztf",
                "r.ztf",
                "r.ztf",
                "r.ztf",
                "g.ztf",
                "g.ztf",
                "r.ztf",
                "g.ztf",
                "g.ztf",
                "r.ztf",
                "r.ztf",
                "g.ztf",
                "g.ztf",
                "r.ztf",
                "g.ztf",
                "g.ztf",
                "g.ztf",
                "r.ztf",
                "g.ztf",
                "r.ztf",
                "g.ztf",
                "g.ztf",
                "r.ztf",
                "r.ztf",
                "g.ztf",
                "g.ztf",
                "r.ztf",
                "r.ztf",
                "g.ztf",
                "g.ztf",
                "r.ztf",
                "r.ztf",
                "g.ztf",
                "r.ztf",
                "r.ztf",
                "g.ztf",
                "r.ztf",
                "g.ztf",
                "r.ztf",
                "g.ztf",
                "r.ztf",
                "g.ztf",
                "r.ztf",
                "g.ztf",
                "r.ztf",
                "g.ztf",
                "r.ztf",
                "g.ztf",
                "r.ztf",
                "g.ztf",
                "g.ztf",
                "r.ztf",
                "r.ztf",
                "r.ztf",
                "r.ztf",
                "g.ztf",
                "g.ztf",
                "r.ztf",
                "g.ztf",
                "r.ztf",
                "g.ztf",
                "g.ztf",
                "g.ztf",
                "r.ztf",
                "g.ztf",
                "r.ztf",
                "g.ztf",
                "g.ztf",
                "r.ztf",
                "g.ztf",
                "r.ztf",
                "g.ztf",
                "g.ztf",
                "r.ztf",
                "g.ztf",
                "r.ztf",
                "g.ztf",
                "r.ztf",
                "g.ztf",
                "r.ztf",
                "g.ztf",
                "r.ztf",
                "g.ztf",
                "r.ztf",
                "g.ztf",
                "g.ztf",
                "r.ztf",
                "r.ztf",
                "g.ztf",
                "r.ztf",
                "r.ztf",
                "r.ztf",
                "g.ztf",
                "g.ztf",
                "r.ztf",
                "r.ztf",
                "r.ztf",
                "r.ztf",
                "g.ztf",
                "r.ztf",
                "r.ztf",
                "g.ztf",
                "r.ztf",
                "g.ztf",
                "r.ztf",
                "g.ztf",
                "r.ztf",
                "r.ztf",
                "r.ztf",
                "r.ztf",
                "g.ztf",
                "g.ztf",
                "r.ztf",
                "g.ztf",
                "g.ztf",
                "r.ztf",
                "r.ztf",
                "g.ztf",
                "g.ztf",
                "g.ztf",
                "g.ztf",
                "g.ztf",
                "g.ztf",
                "g.ztf",
                "r.ztf",
                "g.ztf",
                "r.ztf",
                "g.ztf",
                "r.ztf",
                "g.ztf",
                "r.ztf",
                "g.ztf",
                "r.ztf",
                "g.ztf",
                "g.ztf",
                "r.ztf",
                "r.ztf",
                "g.ztf",
                "r.ztf",
                "g.ztf",
                "g.ztf",
                "r.ztf",
                "g.ztf",
                "r.ztf",
                "r.ztf",
                "g.ztf",
                "r.ztf",
                "g.ztf",
                "g.ztf",
                "g.ztf",
                "g.ztf",
                "r.ztf",
                "g.ztf",
                "g.ztf",
                "g.ztf",
                "g.ztf",
                "r.ztf",
                "r.ztf",
                "g.ztf",
                "g.ztf",
                "g.ztf",
                "g.ztf",
                "r.ztf",
                "g.ztf",
                "g.ztf",
                "g.ztf",
                "g.ztf",
                "g.ztf",
                "g.ztf",
                "g.ztf",
                "r.ztf",
                "g.ztf",
                "r.ztf",
                "g.ztf",
                "g.ztf",
                "g.ztf",
                "g.ztf",
                "g.ztf",
                "r.ztf",
                "r.ztf",
                "g.ztf",
                "r.ztf",
                "g.ztf",
                "r.ztf",
                "g.ztf",
                "g.ztf",
                "g.ztf",
                "r.ztf",
                "g.ztf",
                "g.ztf",
                "g.ztf",
                "g.ztf",
                "g.ztf",
                "r.ztf",
                "g.ztf",
                "r.ztf",
                "r.ztf",
                "g.ztf",
                "g.ztf",
                "g.ztf",
                "r.ztf",
                "r.ztf",
                "g.ztf",
                "g.ztf",
                "g.ztf",
                "r.ztf",
                "g.ztf",
                "r.ztf",
                "g.ztf",
                "r.ztf",
                "g.ztf",
                "g.ztf",
                "UVW2.uvot",
                "UVW2.uvot",
                "UVW2.uvot",
                "UVW2.uvot",
                "UVW2.uvot",
                "UVW2.uvot",
                "UVW2.uvot",
                "UVW2.uvot",
                "UVW2.uvot",
                "UVW2.uvot",
                "UVW2.uvot",
                "UVW2.uvot",
                "UVW2.uvot",
                "UVW2.uvot",
                "UVW2.uvot",
                "UVW2.uvot",
                "UVW2.uvot",
                "UVW2.uvot",
                "UVW2.uvot",
                "UVW2.uvot",
                "UVW2.uvot",
                "UVW2.uvot",
                "UVW2.uvot",
                "UVW2.uvot",
                "UVW2.uvot",
                "UVW2.uvot",
                "UVW2.uvot",
                "UVW2.uvot",
                "UVW2.uvot",
                "UVW2.uvot",
                "UVW2.uvot",
                "UVW2.uvot",
                "UVW2.uvot",
                "UVW2.uvot",
                "UVW2.uvot",
                "UVW2.uvot",
                "UVW2.uvot",
                "UVW2.uvot",
                "UVW2.uvot",
                "UVW2.uvot",
                "UVW2.uvot",
                "UVW2.uvot",
                "UVW2.uvot",
                "UVW2.uvot",
                "UVW2.uvot",
                "UVW2.uvot",
                "UVW2.uvot",
                "UVW2.uvot",
                "UVW2.uvot",
                "UVW2.uvot",
                "UVW2.uvot",
                "UVW2.uvot",
                "UVW2.uvot",
                "UVW2.uvot",
                "UVW2.uvot",
                "UVW2.uvot",
                "UVW2.uvot",
                "UVW2.uvot",
                "UVW2.uvot",
                "UVW2.uvot",
                "UVW2.uvot",
                "UVW2.uvot",
                "UVW2.uvot",
                "UVW2.uvot",
                "UVW2.uvot",
                "UVW2.uvot",
                "UVW2.uvot",
                "UVW2.uvot",
                "UVW2.uvot",
                "UVM2.uvot",
                "UVM2.uvot",
                "UVM2.uvot",
                "UVM2.uvot",
                "UVM2.uvot",
                "UVM2.uvot",
                "UVM2.uvot",
                "UVM2.uvot",
                "UVM2.uvot",
                "UVM2.uvot",
                "UVM2.uvot",
                "UVM2.uvot",
                "UVM2.uvot",
                "UVM2.uvot",
                "UVM2.uvot",
                "UVM2.uvot",
                "UVM2.uvot",
                "UVM2.uvot",
                "UVM2.uvot",
                "UVM2.uvot",
                "UVM2.uvot",
                "UVM2.uvot",
                "UVM2.uvot",
                "UVM2.uvot",
                "UVM2.uvot",
                "UVM2.uvot",
                "UVM2.uvot",
                "UVM2.uvot",
                "UVM2.uvot",
                "UVM2.uvot",
                "UVM2.uvot",
                "UVM2.uvot",
                "UVM2.uvot",
                "UVM2.uvot",
                "UVM2.uvot",
                "UVM2.uvot",
                "UVM2.uvot",
                "UVM2.uvot",
                "UVM2.uvot",
                "UVM2.uvot",
                "UVM2.uvot",
                "UVM2.uvot",
                "UVM2.uvot",
                "UVM2.uvot",
                "UVM2.uvot",
                "UVM2.uvot",
                "UVM2.uvot",
                "UVM2.uvot",
                "UVM2.uvot",
                "UVM2.uvot",
                "UVM2.uvot",
                "UVM2.uvot",
                "UVM2.uvot",
                "UVM2.uvot",
                "UVM2.uvot",
                "UVM2.uvot",
                "UVM2.uvot",
                "UVM2.uvot",
                "UVM2.uvot",
                "UVM2.uvot",
                "UVM2.uvot",
                "UVM2.uvot",
                "UVM2.uvot",
                "UVM2.uvot",
                "UVM2.uvot",
                "UVM2.uvot",
                "UVM2.uvot",
                "UVM2.uvot",
                "UVM2.uvot",
                "UVW1.uvot",
                "UVW1.uvot",
                "UVW1.uvot",
                "UVW1.uvot",
                "UVW1.uvot",
                "UVW1.uvot",
                "UVW1.uvot",
                "UVW1.uvot",
                "UVW1.uvot",
                "UVW1.uvot",
                "UVW1.uvot",
                "UVW1.uvot",
                "UVW1.uvot",
                "UVW1.uvot",
                "UVW1.uvot",
                "UVW1.uvot",
                "UVW1.uvot",
                "UVW1.uvot",
                "UVW1.uvot",
                "UVW1.uvot",
                "UVW1.uvot",
                "UVW1.uvot",
                "UVW1.uvot",
                "UVW1.uvot",
                "UVW1.uvot",
                "UVW1.uvot",
                "UVW1.uvot",
                "UVW1.uvot",
                "UVW1.uvot",
                "UVW1.uvot",
                "UVW1.uvot",
                "UVW1.uvot",
                "UVW1.uvot",
                "UVW1.uvot",
                "UVW1.uvot",
                "UVW1.uvot",
                "UVW1.uvot",
                "UVW1.uvot",
                "UVW1.uvot",
                "UVW1.uvot",
                "UVW1.uvot",
                "UVW1.uvot",
                "UVW1.uvot",
                "UVW1.uvot",
                "UVW1.uvot",
                "UVW1.uvot",
                "UVW1.uvot",
                "UVW1.uvot",
                "UVW1.uvot",
                "UVW1.uvot",
                "UVW1.uvot",
                "UVW1.uvot",
                "UVW1.uvot",
                "UVW1.uvot",
                "UVW1.uvot",
                "UVW1.uvot",
                "UVW1.uvot",
                "UVW1.uvot",
                "UVW1.uvot",
                "UVW1.uvot",
                "UVW1.uvot",
                "UVW1.uvot",
                "UVW1.uvot",
                "UVW1.uvot",
                "UVW1.uvot",
                "UVW1.uvot",
                "UVW1.uvot",
                "UVW1.uvot",
                "U.uvot",
                "U.uvot",
                "U.uvot",
                "U.uvot",
                "U.uvot",
                "U.uvot",
                "U.uvot",
                "U.uvot",
                "U.uvot",
                "U.uvot",
                "U.uvot",
                "U.uvot",
                "U.uvot",
                "U.uvot",
                "U.uvot",
                "U.uvot",
                "U.uvot",
                "U.uvot",
                "U.uvot",
                "U.uvot",
                "U.uvot",
                "U.uvot",
                "U.uvot",
                "U.uvot",
                "U.uvot",
                "U.uvot",
                "U.uvot",
                "U.uvot",
                "U.uvot",
                "U.uvot",
                "U.uvot",
                "U.uvot",
                "U.uvot",
                "U.uvot",
                "U.uvot",
                "U.uvot",
                "U.uvot",
                "U.uvot",
                "U.uvot",
                "U.uvot",
                "U.uvot",
                "U.uvot",
                "U.uvot",
                "B.uvot",
                "B.uvot",
                "W1.wise",
                "W1.wise",
                "W1.wise",
                "W1.wise",
                "W1.wise",
                "W1.wise",
                "W2.wise",
                "W2.wise",
                "W2.wise",
                "W2.wise",
                "W2.wise",
                "W2.wise"
            ],
            "obs_type": "uvoir",
            "reference": [
                "arXiv:2405.11343",
                "2024MNRAS.527.2452M"
            ],
            "upperlimit": [
                true,
                true,
                true,
                true,
                true,
                true,
                true,
                true,
                true,
                true,
                true,
                true,
                true,
                true,
                true,
                true,
                true,
                true,
                true,
                true,
                true,
                true,
                true,
                true,
                true,
                true,
                true,
                true,
                true,
                true,
                true,
                true,
                true,
                true,
                true,
                true,
                true,
                true,
                true,
                true,
                true,
                true,
                true,
                true,
                true,
                true,
                true,
                true,
                true,
                true,
                true,
                true,
                true,
                true,
                true,
                true,
                true,
                true,
                true,
                true,
                true,
                true,
                true,
                true,
                true,
                true,
                true,
                true,
                true,
                true,
                true,
                true,
                true,
                true,
                true,
                true,
                true,
                true,
                true,
                true,
                true,
                true,
                true,
                true,
                true,
                true,
                true,
                true,
                true,
                true,
                true,
                true,
                true,
                true,
                true,
                true,
                true,
                true,
                true,
                false,
                false,
                false,
                false,
                false,
                false,
                false,
                false,
                false,
                false,
                false,
                false,
                false,
                false,
                false,
                false,
                false,
                false,
                false,
                false,
                false,
                false,
                false,
                false,
                false,
                false,
                false,
                false,
                false,
                false,
                false,
                false,
                false,
                false,
                false,
                false,
                false,
                false,
                false,
                false,
                false,
                false,
                false,
                false,
                false,
                false,
                false,
                false,
                false,
                false,
                false,
                false,
                false,
                true,
                false,
                false,
                false,
                true,
                true,
                true,
                true,
                false,
                true,
                true,
                false,
                false,
                false,
                true,
                true,
                true,
                true,
                true,
                true,
                true,
                true,
                true,
                true,
                true,
                true,
                false,
                true,
                true,
                true,
                false,
                true,
                true,
                true,
                true,
                true,
                true,
                true,
                true,
                true,
                true,
                true,
                true,
                true,
                true,
                true,
                true,
                true,
                true,
                true,
                true,
                true,
                true,
                true,
                true,
                true,
                true,
                true,
                true,
                true,
                true,
                true,
                true,
                true,
                true,
                true,
                true,
                true,
                true,
                true,
                true,
                true,
                true,
                true,
                true,
                true,
                true,
                true,
                true,
                true,
                true,
                true,
                true,
                true,
                true,
                true,
                true,
                true,
                true,
                true,
                true,
                true,
                true,
                true,
                true,
                true,
                true,
                true,
                true,
                true,
                true,
                true,
                true,
                false,
                false,
                false,
                false,
                false,
                false,
                false,
                false,
                false,
                false,
                false,
                false,
                false,
                false,
                false,
                false,
                false,
                false,
                false,
                false,
                false,
                false,
                false,
                false,
                false,
                false,
                false,
                false,
                false,
                false,
                false,
                false,
                false,
                false,
                false,
                false,
                false,
                false,
                false,
                false,
                false,
                false,
                false,
                false,
                false,
                false,
                false,
                false,
                false,
                false,
                false,
                false,
                false,
                false,
                true,
                false,
                false,
                false,
                false,
                false,
                false,
                false,
                true,
                false,
                false,
                false,
                false,
                false,
                false,
                false,
                false,
                false,
                false,
                false,
                false,
                false,
                false,
                false,
                false,
                false,
                false,
                false,
                false,
                false,
                false,
                false,
                false,
                false,
                false,
                false,
                false,
                false,
                false,
                false,
                false,
                false,
                false,
                false,
                false,
                true,
                false,
                false,
                false,
                false,
                true,
                true,
                false,
                false,
                true,
                false,
                false,
                false,
                false,
                false,
                false,
                false,
                false,
                false,
                true,
                true,
                false,
                false,
                false,
                true,
                true,
                false,
                false,
                false,
                true,
                false,
                false,
                false,
                true,
                true,
                true,
                true,
                false,
                false,
                false,
                false,
                false,
                false,
                false,
                false,
                false,
                false,
                false,
                false,
                false,
                false,
                false,
                false,
                false,
                false,
                false,
                false,
                false,
                false,
                false,
                false,
                false,
                false,
                false,
                true,
                false,
                false,
                true,
                true,
                false,
                false,
                true,
                true,
                true,
                true,
                false,
                true,
                true,
                true,
                true,
                false,
                true,
                true,
                true,
                true,
                true,
                true,
                true,
                false,
                true,
                true,
                true,
                true,
                true,
                true,
                true,
                true,
                true,
                true,
                true,
                true,
                true,
                true,
                true,
                false,
                true,
                true,
                false,
                false,
                false,
                false,
                false,
                false,
                true,
                true,
                false,
                false,
                false,
                false,
                true,
                true,
                true,
                true,
                true,
                true,
                true,
                true,
                true,
                true,
                true,
                true,
                true,
                true,
                true,
                true,
                true,
                true,
                true,
                true,
                true,
                true,
                true,
                true,
                true,
                true,
                true,
                true,
                true,
                true,
                true,
                true,
                true,
                true,
                false,
                true,
                true,
                true,
                true,
                true,
                true,
                true,
                true,
                true,
                true
            ],
            "corr_k": false,
            "corr_s": false,
            "corr_av": false,
            "corr_host": false,
            "corr_hostav": false,
            "val_av": 0.050901265628654505
        }
    ]
}