{
    "_key": "885077",
    "_id": "transients/885077",
    "_rev": "_jt3mETS---",
    "schema_version": {
        "value": "0",
        "comment": "Copied from tde.space"
    },
    "name": {
        "default_name": "ASASSN-20jr",
        "alias": [
            {
                "value": "ASASSN-20jr",
                "reference": [
                    "ASAS-SN Supernovae"
                ]
            },
            {
                "value": "AT 2020ral",
                "reference": [
                    "ASAS-SN Supernovae"
                ]
            }
        ]
    },
    "coordinate": [
        {
            "ra": "15:17:17.68",
            "dec": "54:45:45.6",
            "ra_units": "hour",
            "dec_units": "deg",
            "reference": [
                "ASAS-SN Supernovae"
            ],
            "coordinate_type": "equatorial"
        }
    ],
    "classification": {
        "value": [
            {
                "object_class": "TDE",
                "confidence": 0,
                "reference": [
                    "ASAS-SN Supernovae"
                ]
            }
        ],
        "spec_classed": 0,
        "unambiguous": false
    },
    "reference_alias": [
        {
            "name": "ASAS-SN Supernovae",
            "human_readable_name": "ASAS-SN Supernovae"
        }
    ],
    "date_reference": [
        {
            "value": "2020-08-10 5:45:36.00000000001842",
            "date_format": "iso",
            "date_type": "discovery",
            "reference": [
                "ASAS-SN Supernovae"
            ],
            "computed": false,
            "default": true
        }
    ]
}