{
    "_key": "884680",
    "_id": "transients/884680",
    "_rev": "_jt3kNom---",
    "schema_version": {
        "value": 0,
        "comments": "From Goldtooth et al. (2023)"
    },
    "name": {
        "default_name": "Gaia 16aax",
        "alias": [
            {
                "value": "Gaia 16aax",
                "reference": [
                    "2023PASP..135c4101G"
                ]
            }
        ]
    },
    "classification": {
        "value": [
            {
                "object_class": "TDE",
                "confidence": 3.3,
                "reference": [
                    "2023PASP..135c4101G",
                    "2017IAUS..324..127W",
                    "2020MNRAS.493..477C"
                ]
            }
        ],
        "spec_classed": 3,
        "unambiguous": true
    },
    "distance": [
        {
            "value": "0.248",
            "reference": [
                "2023PASP..135c4101G",
                "2017IAUS..324..127W",
                "2020MNRAS.493..477C"
            ],
            "computed": false,
            "default": true,
            "distance_type": "redshift"
        }
    ],
    "coordinate": [
        {
            "ra": 218.575,
            "dec": 12.826944444444445,
            "ra_units": "deg",
            "dec_units": "deg",
            "coordinate_type": "equatorial",
            "reference": [
                "2023PASP..135c4101G",
                "2017IAUS..324..127W",
                "2020MNRAS.493..477C"
            ],
            "default": true
        }
    ],
    "date_reference": [
        {
            "value": "2016-01-26 ",
            "date_format": "iso",
            "date_type": "discovery",
            "reference": [
                "2023PASP..135c4101G",
                "2017IAUS..324..127W",
                "2020MNRAS.493..477C"
            ],
            "default": true
        }
    ],
    "host": [
        {
            "host_name": "SDSS J143418.47+491236.5",
            "host_ra": 218.575,
            "host_dec": 12.826944444444445,
            "host_ra_units": "deg",
            "host_dec_units": "deg",
            "reference": [
                "2023PASP..135c4101G",
                "2017IAUS..324..127W",
                "2020MNRAS.493..477C"
            ]
        }
    ],
    "reference_alias": [
        {
            "name": "2023PASP..135c4101G",
            "human_readable_name": "Goldtooth, Aaron et al. (2023)"
        },
        {
            "name": "2017IAUS..324..127W",
            "human_readable_name": "Wyrzykowski, \u0141ukasz et al. (2017)"
        },
        {
            "name": "2020MNRAS.493..477C",
            "human_readable_name": "Cannizzaro, G. et al. (2020)"
        }
    ]
}