{
    "_key": "884898",
    "_id": "transients/884898",
    "_rev": "_jt3lKKG---",
    "classification": {
        "value": [
            {
                "object_class": "TDE",
                "confidence": 1,
                "reference": [
                    "2017ApJ...835...64G",
                    "2018MNRAS.477.2943W",
                    "2023PASP..135c4101G"
                ],
                "default": true
            }
        ],
        "spec_classed": 0,
        "unambiguous": true
    },
    "coordinate": [
        {
            "ra": "13:38:37.60",
            "dec": "+57:31:13.2",
            "ra_units": "hour",
            "dec_units": "deg",
            "reference": [
                "2018arXiv180205105W"
            ],
            "coordinate_type": "equatorial"
        }
    ],
    "distance": [
        {
            "value": "0.1269",
            "distance_type": "redshift",
            "reference": [
                "2018MNRAS.477.2943W",
                "2018arXiv180205105W",
                "2023PASP..135c4101G"
            ],
            "default": true
        },
        {
            "value": "544.7",
            "distance_type": "comoving",
            "unit": "Mpc",
            "reference": [
                "2016A&A...594A..13P",
                "2017ApJ...835...64G",
                "2018arXiv180205105W"
            ],
            "default": true
        },
        {
            "value": "613.9",
            "distance_type": "luminosity",
            "unit": "Mpc",
            "reference": [
                "2016A&A...594A..13P",
                "2017ApJ...835...64G",
                "2018arXiv180205105W"
            ],
            "default": true
        }
    ],
    "date_reference": [
        {
            "value": "2009-11-02",
            "date_format": "iso",
            "date_type": "discovery",
            "reference": [
                "2017ApJ...835...64G",
                "2018arXiv180205105W"
            ],
            "default": true
        },
        {
            "value": "2009-11-02 ",
            "date_format": "iso",
            "date_type": "discovery",
            "reference": [
                "2018MNRAS.477.2943W",
                "2023PASP..135c4101G"
            ],
            "default": false
        }
    ],
    "schema_version": {
        "value": 0,
        "comments": "From Goldtooth et al. (2023)",
        "comment": "Copied from tde.space;"
    },
    "name": {
        "default_name": "J133837",
        "alias": [
            {
                "value": "J133837",
                "reference": [
                    "2018arXiv180205105W",
                    "2023PASP..135c4101G"
                ]
            }
        ]
    },
    "reference_alias": [
        {
            "name": "2018arXiv180205105W",
            "human_readable_name": "Wang et al. (2018)"
        },
        {
            "name": "2016A&A...594A..13P",
            "human_readable_name": "Planck Collaboration et al. (2016)"
        },
        {
            "name": "2011ApJ...737..103S",
            "human_readable_name": "Schlafly & Finkbeiner (2011)"
        },
        {
            "name": "2017ApJ...835...64G",
            "human_readable_name": "Guillochon et al. (2017)"
        },
        {
            "name": "2023PASP..135c4101G",
            "human_readable_name": "Goldtooth, Aaron et al. (2023)"
        },
        {
            "name": "2018MNRAS.477.2943W",
            "human_readable_name": "Wang, Tinggui et al. (2018)"
        }
    ],
    "filter_alias": [
        {
            "filter_key": "V",
            "wave_eff": 551,
            "wave_units": "nm",
            "filter_name": "V"
        },
        {
            "filter_key": "W1",
            "wave_eff": 3352.6,
            "wave_units": "nm",
            "filter_name": "W1"
        },
        {
            "filter_key": "W2",
            "wave_eff": 4602.8,
            "wave_units": "nm",
            "filter_name": "W2"
        }
    ],
    "photometry": [
        {
            "raw": [
                17.575
            ],
            "raw_err": [
                0.04
            ],
            "raw_units": "vega",
            "filter_key": [
                "V"
            ],
            "obs_type": [
                "uvoir"
            ],
            "date": [
                "55137.3"
            ],
            "date_format": "MJD",
            "upperlimit": [
                false
            ],
            "telescope": "CRTS",
            "corr_k": null,
            "corr_av": null,
            "corr_host": null,
            "corr_hostav": null,
            "reference": [
                "2018arXiv180205105W"
            ],
            "corr_s": null
        },
        {
            "raw": [
                13.739,
                13.176,
                14.054,
                13.58,
                14.089,
                13.695,
                14.099,
                13.714,
                14.091,
                13.693,
                14.086,
                13.715
            ],
            "raw_err": [
                0.026,
                0.029,
                0.021,
                0.036,
                0.015,
                0.037,
                0.018,
                0.038,
                0.023,
                0.039,
                0.023,
                0.046
            ],
            "raw_units": "vega",
            "filter_key": [
                "W1",
                "W2",
                "W1",
                "W2",
                "W1",
                "W2",
                "W1",
                "W2",
                "W1",
                "W2",
                "W1",
                "W2"
            ],
            "obs_type": [
                "uvoir",
                "uvoir",
                "uvoir",
                "uvoir",
                "uvoir",
                "uvoir",
                "uvoir",
                "uvoir",
                "uvoir",
                "uvoir",
                "uvoir",
                "uvoir"
            ],
            "date": [
                "55348.1",
                "55348.1",
                "55537.9",
                "55537.9",
                "56810.5",
                "56810.5",
                "57000.6",
                "57000.6",
                "57171.8",
                "57171.8",
                "57364.8",
                "57364.8"
            ],
            "date_format": "MJD",
            "upperlimit": [
                false,
                false,
                false,
                false,
                false,
                false,
                false,
                false,
                false,
                false,
                false,
                false
            ],
            "telescope": "WISE",
            "corr_k": null,
            "corr_av": null,
            "corr_host": null,
            "corr_hostav": null,
            "reference": [
                "2018arXiv180205105W"
            ],
            "corr_s": null
        }
    ],
    "host": [
        {
            "host_name": "SDSS J133837.60+573113.2",
            "host_ra": 204.6583333333333,
            "host_dec": 57.52033333333333,
            "host_ra_units": "deg",
            "host_dec_units": "deg",
            "reference": [
                "2023PASP..135c4101G",
                "2018MNRAS.477.2943W"
            ]
        }
    ]
}