{
    "_key": "885003",
    "_id": "transients/885003",
    "_rev": "_jt3lsJG---",
    "classification": {
        "value": [
            {
                "object_class": "TDE",
                "confidence": 1,
                "reference": [
                    "2009A&A...495L...9C",
                    "2017ApJ...838..149A",
                    "2023PASP..135c4101G"
                ],
                "default": true
            }
        ],
        "spec_classed": 0,
        "unambiguous": true
    },
    "coordinate": [
        {
            "ra": "13:47:30.33",
            "dec": "-32:54:50.63",
            "ra_units": "hour",
            "dec_units": "deg",
            "reference": [
                "2017ApJ...838..149A"
            ],
            "coordinate_type": "equatorial"
        }
    ],
    "distance": [
        {
            "value": "0.0366",
            "distance_type": "redshift",
            "reference": [
                "2009A&A...495L...9C",
                "2017ApJ...838..149A",
                "2023PASP..135c4101G"
            ],
            "default": true
        },
        {
            "value": "161",
            "distance_type": "comoving",
            "unit": "Mpc",
            "reference": [
                "2009A&A...495L...9C",
                "2016A&A...594A..13P",
                "2017ApJ...835...64G",
                "2017ApJ...838..149A"
            ],
            "default": true
        },
        {
            "value": "166",
            "distance_type": "luminosity",
            "unit": "Mpc",
            "reference": [
                "2009A&A...495L...9C",
                "2016A&A...594A..13P",
                "2017ApJ...835...64G",
                "2017ApJ...838..149A"
            ],
            "default": true
        }
    ],
    "schema_version": {
        "value": 0,
        "comments": "From Goldtooth et al. (2023)",
        "comment": "Copied from tde.space;"
    },
    "name": {
        "default_name": "LEDA 095953",
        "alias": [
            {
                "value": "LEDA 095953",
                "reference": [
                    "2017ApJ...838..149A",
                    "2023PASP..135c4101G"
                ]
            }
        ]
    },
    "reference_alias": [
        {
            "name": "2017ApJ...838..149A",
            "human_readable_name": "Auchettl, Guillochon, & Ramirez-Ruiz (2017)"
        },
        {
            "name": "2016A&A...594A..13P",
            "human_readable_name": "Planck Collaboration et al. (2016)"
        },
        {
            "name": "2011ApJ...737..103S",
            "human_readable_name": "Schlafly & Finkbeiner (2011)"
        },
        {
            "name": "2009A&A...495L...9C",
            "human_readable_name": "Cappelluti et al. (2009)"
        },
        {
            "name": "2017ApJ...835...64G",
            "human_readable_name": "Guillochon et al. (2017)"
        },
        {
            "name": "2023PASP..135c4101G",
            "human_readable_name": "Goldtooth, Aaron et al. (2023)"
        }
    ],
    "filter_alias": [
        {
            "filter_key": "0.3 - 2.0",
            "wave_eff": 0.7293188143129428,
            "wave_min": 0.6199209921660013,
            "wave_max": 4.132806614440009,
            "wave_units": "nm",
            "filter_name": "0.3 - 2.0"
        }
    ],
    "photometry": [
        {
            "raw": [
                0.00082076
            ],
            "raw_units": [
                "ct"
            ],
            "value": [
                8.58e-15
            ],
            "value_units": [
                "ergs/cm^2/s"
            ],
            "filter_key": [
                "0.3 - 2.0"
            ],
            "obs_type": [
                "xray"
            ],
            "date": [
                "52851.3"
            ],
            "date_format": "MJD",
            "upperlimit": [
                true
            ],
            "telescope": "Chandra",
            "corr_k": null,
            "corr_av": null,
            "corr_host": null,
            "corr_hostav": null,
            "reference": [
                "2017ApJ...838..149A"
            ],
            "xray_model": [
                {
                    "model_name": "Absorbed Powerlaw",
                    "param_names": [
                        "photonindex",
                        "nhmw"
                    ],
                    "param_values": [
                        "4.5",
                        "0.0414"
                    ],
                    "param_units": [
                        "None",
                        "10^22 cm^-2"
                    ],
                    "min_energy": 0.3,
                    "max_energy": 2,
                    "energy_units": "keV"
                }
            ],
            "corr_s": null
        },
        {
            "raw": [
                0.288631
            ],
            "raw_units": [
                "ct"
            ],
            "value": [
                1.76e-12
            ],
            "value_units": [
                "ergs/cm^2/s"
            ],
            "filter_key": [
                "0.3 - 2.0"
            ],
            "obs_type": [
                "xray"
            ],
            "date": [
                "48846.7"
            ],
            "date_format": "MJD",
            "upperlimit": [
                true
            ],
            "telescope": "ROSAT",
            "corr_k": null,
            "corr_av": null,
            "corr_host": null,
            "corr_hostav": null,
            "reference": [
                "2017ApJ...838..149A"
            ],
            "xray_model": [
                {
                    "model_name": "Powerlaw",
                    "param_names": [
                        "photonindex"
                    ],
                    "param_values": [
                        "2.5"
                    ],
                    "param_units": [
                        "None"
                    ],
                    "min_energy": 0.3,
                    "max_energy": 2,
                    "energy_units": "keV"
                }
            ],
            "corr_s": null
        },
        {
            "raw": [
                0.27794,
                3.01
            ],
            "raw_units": [
                "ct",
                "ct"
            ],
            "value": [
                2.18e-13,
                1.5e-11
            ],
            "value_units": [
                "ergs/cm^2/s",
                "ergs/cm^2/s"
            ],
            "filter_key": [
                "0.3 - 2.0",
                "0.3 - 2.0"
            ],
            "obs_type": [
                "xray",
                "xray"
            ],
            "date": [
                "52484.5",
                "54664.9"
            ],
            "date_format": "MJD",
            "upperlimit": [
                true,
                true
            ],
            "telescope": "XMM",
            "corr_k": null,
            "corr_av": null,
            "corr_host": null,
            "corr_hostav": null,
            "reference": [
                "2017ApJ...838..149A"
            ],
            "xray_model": [
                {
                    "model_name": "Absorbed Powerlaw",
                    "param_names": [
                        "photonindex",
                        "nhmw"
                    ],
                    "param_values": [
                        "4.5",
                        "0.0414"
                    ],
                    "param_units": [
                        "None",
                        "10^22 cm^-2"
                    ],
                    "min_energy": 0.3,
                    "max_energy": 2,
                    "energy_units": "keV"
                },
                {
                    "model_name": "Absorbed Powerlaw",
                    "param_names": [
                        "photonindex",
                        "nhmw"
                    ],
                    "param_values": [
                        "4.5",
                        "0.0414"
                    ],
                    "param_units": [
                        "None",
                        "10^22 cm^-2"
                    ],
                    "min_energy": 0.3,
                    "max_energy": 2,
                    "energy_units": "keV"
                }
            ],
            "corr_s": null
        }
    ],
    "date_reference": [
        {
            "value": "1991-07-06 ",
            "date_format": "iso",
            "date_type": "discovery",
            "reference": [
                "2023PASP..135c4101G",
                "2009A&A...495L...9C",
                "2017ApJ...838..149A"
            ],
            "default": true
        }
    ],
    "host": [
        {
            "host_name": "LEDA 095953",
            "host_ra": 206.87499999999997,
            "host_dec": -32.91444444444444,
            "host_ra_units": "deg",
            "host_dec_units": "deg",
            "reference": [
                "2023PASP..135c4101G",
                "2009A&A...495L...9C",
                "2017ApJ...838..149A"
            ]
        }
    ]
}