{
    "_key": "885115",
    "_id": "transients/885115",
    "_rev": "_jt3mQWW---",
    "classification": {
        "value": [
            {
                "object_class": "TDE",
                "confidence": 3.3,
                "reference": [
                    "2016MNRAS.463..296L",
                    "2017ApJ...835...64G",
                    "2017ApJ...838..149A",
                    "2023PASP..135c4101G"
                ],
                "default": true
            }
        ],
        "spec_classed": 3,
        "unambiguous": true
    },
    "coordinate": [
        {
            "ra": "13:31:55.91",
            "dec": "+23:54:05.7",
            "ra_units": "hour",
            "dec_units": "deg",
            "reference": [
                "2016MNRAS.463..296L"
            ],
            "coordinate_type": "equatorial"
        }
    ],
    "date_reference": [
        {
            "value": "2012-03-01",
            "date_format": "iso",
            "date_type": "discovery",
            "reference": [
                "2017ApJ...835...64G"
            ],
            "default": false
        },
        {
            "value": "2012-04-09 ",
            "date_format": "iso",
            "date_type": "discovery",
            "reference": [
                "2016MNRAS.463..296L",
                "2017ApJ...838..149A",
                "2023PASP..135c4101G"
            ],
            "default": true
        }
    ],
    "schema_version": {
        "value": 0,
        "comments": "From Goldtooth et al. (2023)",
        "comment": "Copied from tde.space;"
    },
    "name": {
        "default_name": "PS1-12yp",
        "alias": [
            {
                "value": "CSS120301:133156+235405",
                "reference": [
                    "2016MNRAS.463..296L"
                ]
            },
            {
                "value": "SDSSJ133155",
                "reference": [
                    "2016MNRAS.463..296L"
                ]
            },
            {
                "value": "PS1-12yp",
                "reference": [
                    "2017ApJ...838..149A",
                    "2016MNRAS.463..296L",
                    "2023PASP..135c4101G"
                ]
            }
        ]
    },
    "reference_alias": [
        {
            "name": "2017ApJ...838..149A",
            "human_readable_name": "Auchettl, Guillochon, & Ramirez-Ruiz (2017)"
        },
        {
            "name": "2016MNRAS.463..296L",
            "human_readable_name": "Lawrence et al. (2016)"
        },
        {
            "name": "2011ApJ...737..103S",
            "human_readable_name": "Schlafly & Finkbeiner (2011)"
        },
        {
            "name": "2017ApJ...835...64G",
            "human_readable_name": "Guillochon et al. (2017)"
        },
        {
            "name": "2023PASP..135c4101G",
            "human_readable_name": "Goldtooth, Aaron et al. (2023)"
        }
    ],
    "filter_alias": [
        {
            "filter_key": "0.3 - 2.0",
            "wave_eff": 0.7293188143129428,
            "wave_min": 0.6199209921660013,
            "wave_max": 4.132806614440009,
            "wave_units": "nm",
            "filter_name": "0.3 - 2.0"
        }
    ],
    "photometry": [
        {
            "raw": [
                3.36,
                2.36,
                0.683
            ],
            "raw_units": [
                "ct",
                "ct",
                "ct"
            ],
            "value": [
                2.17e-12,
                1.52e-12,
                4.41e-13
            ],
            "value_units": [
                "ergs/cm^2/s",
                "ergs/cm^2/s",
                "ergs/cm^2/s"
            ],
            "filter_key": [
                "0.3 - 2.0",
                "0.3 - 2.0",
                "0.3 - 2.0"
            ],
            "obs_type": [
                "xray",
                "xray",
                "xray"
            ],
            "date": [
                "52459.6",
                "55379.5",
                "55909"
            ],
            "date_format": "MJD",
            "upperlimit": [
                true,
                true,
                true
            ],
            "telescope": "XMM",
            "corr_k": null,
            "corr_av": null,
            "corr_host": null,
            "corr_hostav": null,
            "reference": [
                "2017ApJ...838..149A"
            ],
            "xray_model": [
                {
                    "model_name": "Absorbed Powerlaw",
                    "param_names": [
                        "photonindex",
                        "nhmw"
                    ],
                    "param_values": [
                        "4.5",
                        "0.012"
                    ],
                    "param_units": [
                        "None",
                        "10^22 cm^-2"
                    ],
                    "min_energy": 0.3,
                    "max_energy": 2,
                    "energy_units": "keV"
                },
                {
                    "model_name": "Absorbed Powerlaw",
                    "param_names": [
                        "photonindex",
                        "nhmw"
                    ],
                    "param_values": [
                        "4.5",
                        "0.012"
                    ],
                    "param_units": [
                        "None",
                        "10^22 cm^-2"
                    ],
                    "min_energy": 0.3,
                    "max_energy": 2,
                    "energy_units": "keV"
                },
                {
                    "model_name": "Absorbed Powerlaw",
                    "param_names": [
                        "photonindex",
                        "nhmw"
                    ],
                    "param_values": [
                        "4.5",
                        "0.012"
                    ],
                    "param_units": [
                        "None",
                        "10^22 cm^-2"
                    ],
                    "min_energy": 0.3,
                    "max_energy": 2,
                    "energy_units": "keV"
                }
            ],
            "corr_s": null
        }
    ],
    "distance": [
        {
            "value": "0.581",
            "reference": [
                "2023PASP..135c4101G",
                "2016MNRAS.463..296L",
                "2017ApJ...838..149A"
            ],
            "computed": false,
            "default": true,
            "distance_type": "redshift"
        }
    ],
    "host": [
        {
            "host_name": "SDSS J133155.90+235405.8",
            "host_ra": 202.98333333333332,
            "host_dec": 23.90161111111111,
            "host_ra_units": "deg",
            "host_dec_units": "deg",
            "reference": [
                "2023PASP..135c4101G",
                "2016MNRAS.463..296L",
                "2017ApJ...838..149A"
            ]
        }
    ]
}