{
    "_key": "884957",
    "_id": "transients/884957",
    "_rev": "_jt3ldH2---",
    "classification": {
        "value": [
            {
                "object_class": "TDE",
                "confidence": 3.3,
                "reference": [
                    "2014ApJ...793...38A",
                    "2017ApJ...835...64G",
                    "2017ApJ...838..149A",
                    "2023PASP..135c4101G"
                ],
                "default": true
            }
        ],
        "spec_classed": 3,
        "unambiguous": true
    },
    "coordinate": [
        {
            "ra": "16:26:24.70",
            "dec": "+54:42:21.60",
            "ra_units": "hour",
            "dec_units": "deg",
            "reference": [
                "2017ApJ...838..149A",
                "2000A&AS..143....9W",
                "2014ApJ...793...38A"
            ],
            "coordinate_type": "equatorial"
        }
    ],
    "distance": [
        {
            "value": "0.132",
            "distance_type": "redshift",
            "reference": [
                "2014ApJ...793...38A",
                "2017ApJ...838..149A",
                "2023PASP..135c4101G"
            ],
            "default": true
        },
        {
            "value": "566",
            "distance_type": "comoving",
            "unit": "Mpc",
            "reference": [
                "2014ApJ...793...38A",
                "2016A&A...594A..13P",
                "2017ApJ...835...64G",
                "2017ApJ...838..149A"
            ],
            "default": true
        },
        {
            "value": "641",
            "distance_type": "luminosity",
            "unit": "Mpc",
            "reference": [
                "2014ApJ...793...38A",
                "2016A&A...594A..13P",
                "2017ApJ...835...64G",
                "2017ApJ...838..149A"
            ],
            "default": true
        }
    ],
    "date_reference": [
        {
            "value": "2010-01-01",
            "date_format": "iso",
            "date_type": "discovery",
            "reference": [
                "2017ApJ...835...64G"
            ],
            "default": false
        },
        {
            "value": "2010-06-13 ",
            "date_format": "iso",
            "date_type": "discovery",
            "reference": [
                "2014ApJ...793...38A",
                "2017ApJ...838..149A",
                "2023PASP..135c4101G"
            ],
            "default": true
        }
    ],
    "schema_version": {
        "value": 0,
        "comments": "From Goldtooth et al. (2023)",
        "comment": "Copied from tde.space;"
    },
    "name": {
        "default_name": "PTF10nuj",
        "alias": [
            {
                "value": "PTF 10nuj",
                "reference": [
                    "2023PASP..135c4101G"
                ]
            },
            {
                "value": "PTF10nuj",
                "reference": [
                    "2017ApJ...838..149A",
                    "2000A&AS..143....9W"
                ]
            }
        ]
    },
    "reference_alias": [
        {
            "name": "2017ApJ...838..149A",
            "human_readable_name": "Auchettl, Guillochon, & Ramirez-Ruiz (2017)"
        },
        {
            "name": "2016A&A...594A..13P",
            "human_readable_name": "Planck Collaboration et al. (2016)"
        },
        {
            "name": "2014ApJ...793...38A",
            "human_readable_name": "Arcavi et al. (2014)"
        },
        {
            "name": "2011ApJ...737..103S",
            "human_readable_name": "Schlafly & Finkbeiner (2011)"
        },
        {
            "name": "2017ApJ...835...64G",
            "human_readable_name": "Guillochon et al. (2017)"
        },
        {
            "name": "2000A&AS..143....9W",
            "human_readable_name": "Wenger et al. (2000)"
        },
        {
            "name": "2023PASP..135c4101G",
            "human_readable_name": "Goldtooth, Aaron et al. (2023)"
        }
    ],
    "filter_alias": [
        {
            "filter_key": "0.3 - 2.0",
            "wave_eff": 0.7293188143129428,
            "wave_min": 0.6199209921660013,
            "wave_max": 4.132806614440009,
            "wave_units": "nm",
            "filter_name": "0.3 - 2.0"
        }
    ],
    "photometry": [
        {
            "raw": [
                0.037,
                0.0822,
                0.0266
            ],
            "raw_units": [
                "ct",
                "ct",
                "ct"
            ],
            "value": [
                4.21e-14,
                9.35e-14,
                3.03e-14
            ],
            "value_units": [
                "ergs/cm^2/s",
                "ergs/cm^2/s",
                "ergs/cm^2/s"
            ],
            "filter_key": [
                "0.3 - 2.0",
                "0.3 - 2.0",
                "0.3 - 2.0"
            ],
            "obs_type": [
                "xray",
                "xray",
                "xray"
            ],
            "date": [
                "48083.6",
                "49054.9",
                "49227.5"
            ],
            "date_format": "MJD",
            "upperlimit": [
                true,
                true,
                true
            ],
            "telescope": "ROSAT",
            "corr_k": null,
            "corr_av": null,
            "corr_host": null,
            "corr_hostav": null,
            "reference": [
                "2017ApJ...838..149A"
            ],
            "xray_model": [
                {
                    "model_name": "Absorbed Powerlaw",
                    "param_names": [
                        "photonindex",
                        "nhmw"
                    ],
                    "param_values": [
                        "4.5",
                        "0.0138"
                    ],
                    "param_units": [
                        "None",
                        "10^22 cm^-2"
                    ],
                    "min_energy": 0.3,
                    "max_energy": 2,
                    "energy_units": "keV"
                },
                {
                    "model_name": "Absorbed Powerlaw",
                    "param_names": [
                        "photonindex",
                        "nhmw"
                    ],
                    "param_values": [
                        "4.5",
                        "0.0138"
                    ],
                    "param_units": [
                        "None",
                        "10^22 cm^-2"
                    ],
                    "min_energy": 0.3,
                    "max_energy": 2,
                    "energy_units": "keV"
                },
                {
                    "model_name": "Absorbed Powerlaw",
                    "param_names": [
                        "photonindex",
                        "nhmw"
                    ],
                    "param_values": [
                        "4.5",
                        "0.0138"
                    ],
                    "param_units": [
                        "None",
                        "10^22 cm^-2"
                    ],
                    "min_energy": 0.3,
                    "max_energy": 2,
                    "energy_units": "keV"
                }
            ],
            "corr_s": null
        },
        {
            "raw": [
                0.63,
                0.449
            ],
            "raw_units": [
                "ct",
                "ct"
            ],
            "value": [
                2.28e-12,
                1.63e-12
            ],
            "value_units": [
                "ergs/cm^2/s",
                "ergs/cm^2/s"
            ],
            "filter_key": [
                "0.3 - 2.0",
                "0.3 - 2.0"
            ],
            "obs_type": [
                "xray",
                "xray"
            ],
            "date": [
                "54148.6",
                "56296.3"
            ],
            "date_format": "MJD",
            "upperlimit": [
                true,
                true
            ],
            "telescope": "XMM",
            "corr_k": null,
            "corr_av": null,
            "corr_host": null,
            "corr_hostav": null,
            "reference": [
                "2017ApJ...838..149A"
            ],
            "xray_model": [
                {
                    "model_name": "Absorbed Powerlaw",
                    "param_names": [
                        "photonindex",
                        "nhmw"
                    ],
                    "param_values": [
                        "4.5",
                        "0.0138"
                    ],
                    "param_units": [
                        "None",
                        "10^22 cm^-2"
                    ],
                    "min_energy": 0.3,
                    "max_energy": 2,
                    "energy_units": "keV"
                },
                {
                    "model_name": "Absorbed Powerlaw",
                    "param_names": [
                        "photonindex",
                        "nhmw"
                    ],
                    "param_values": [
                        "4.5",
                        "0.0138"
                    ],
                    "param_units": [
                        "None",
                        "10^22 cm^-2"
                    ],
                    "min_energy": 0.3,
                    "max_energy": 2,
                    "energy_units": "keV"
                }
            ],
            "corr_s": null
        }
    ],
    "host": [
        {
            "host_name": "SDSS J162624.66+544221.4",
            "host_ra": 246.60416666666663,
            "host_dec": 54.70595555555556,
            "host_ra_units": "deg",
            "host_dec_units": "deg",
            "reference": [
                "2023PASP..135c4101G",
                "2014ApJ...793...38A",
                "2017ApJ...838..149A"
            ]
        }
    ]
}