{
    "_key": "884638",
    "_id": "transients/884638",
    "_rev": "_jt3kB7e---",
    "classification": {
        "value": [
            {
                "object_class": "TDE",
                "confidence": 3.3,
                "reference": [
                    "2012MNRAS.420.2684C",
                    "2017ApJ...835...64G",
                    "2017ApJ...838..149A",
                    "2023PASP..135c4101G",
                    "['2013A&A...552A...5V', '2020SSRv..216...81A']"
                ],
                "default": true
            }
        ],
        "spec_classed": 3,
        "unambiguous": true
    },
    "name": {
        "default_name": "PTF10iya",
        "alias": [
            {
                "value": "PTF 10iya",
                "reference": [
                    "2023PASP..135c4101G"
                ]
            },
            {
                "value": "PTF10iya",
                "reference": [
                    "2017ApJ...838..149A",
                    "2000A&AS..143....9W",
                    "2017ApJ...838..149A"
                ]
            }
        ]
    },
    "reference_alias": [
        {
            "name": "2017ApJ...838..149A",
            "human_readable_name": "Auchettl, Guillochon, & Ramirez-Ruiz (2017)"
        },
        {
            "name": "2016A&A...594A..13P",
            "human_readable_name": "Planck Collaboration et al. (2016)"
        },
        {
            "name": "2012MNRAS.420.2684C",
            "human_readable_name": "Cenko et al. (2012)"
        },
        {
            "name": "2011ApJ...737..103S",
            "human_readable_name": "Schlafly & Finkbeiner (2011)"
        },
        {
            "name": "2017ApJ...835...64G",
            "human_readable_name": "Guillochon et al. (2017)"
        },
        {
            "name": "2000A&AS..143....9W",
            "human_readable_name": "Wenger et al. (2000)"
        },
        {
            "name": "2023PASP..135c4101G",
            "human_readable_name": "Goldtooth, Aaron et al. (2023)"
        },
        {
            "name": "2013A&A...552A...5V",
            "human_readable_name": "van Velzen, S. et al. (2013)"
        },
        {
            "name": "2020SSRv..216...81A",
            "human_readable_name": "Alexander, Kate D. et al. (2020)"
        },
        {
            "name": "2013A&A...552A...5V",
            "human_readable_name": "van Velzen, S. et al. (2013)"
        }
    ],
    "photometry": [
        {
            "raw": [
                0.0368
            ],
            "raw_units": [
                "ct"
            ],
            "value": [
                3.3e-14
            ],
            "value_units": [
                "ergs/cm^2/s"
            ],
            "filter_key": [
                "0.3 - 2.0"
            ],
            "obs_type": [
                "xray"
            ],
            "date": [
                "48100"
            ],
            "date_format": "MJD",
            "upperlimit": [
                true
            ],
            "telescope": "ROSAT",
            "corr_k": null,
            "corr_av": null,
            "corr_host": null,
            "corr_hostav": null,
            "reference": [
                "2017ApJ...838..149A"
            ],
            "xray_model": [
                {
                    "model_name": "Absorbed Powerlaw",
                    "param_names": [
                        "photonindex",
                        "nhmw"
                    ],
                    "param_values": [
                        "4.5",
                        "0.0107"
                    ],
                    "param_units": [
                        "None",
                        "10^22 cm^-2"
                    ],
                    "min_energy": 0.3,
                    "max_energy": 2,
                    "energy_units": "keV"
                }
            ],
            "corr_s": null
        },
        {
            "raw": [
                0.0166,
                0.00251,
                0.00346,
                0.00209
            ],
            "raw_units": [
                "ct",
                "ct",
                "ct",
                "ct"
            ],
            "value": [
                1.77e-13,
                2.68e-14,
                3.69e-14,
                2.23e-14
            ],
            "value_units": [
                "ergs/cm^2/s",
                "ergs/cm^2/s",
                "ergs/cm^2/s",
                "ergs/cm^2/s"
            ],
            "filter_key": [
                "0.3 - 2.0",
                "0.3 - 2.0",
                "0.3 - 2.0",
                "0.3 - 2.0"
            ],
            "obs_type": [
                "xray",
                "xray",
                "xray",
                "xray"
            ],
            "date": [
                "55358.8",
                "55418.5",
                "55794.7",
                "55807.2"
            ],
            "date_format": "MJD",
            "upperlimit": [
                false,
                false,
                false,
                false
            ],
            "telescope": "Swift",
            "corr_k": null,
            "corr_av": null,
            "corr_host": null,
            "corr_hostav": null,
            "reference": [
                "2017ApJ...838..149A"
            ],
            "xray_model": [
                {
                    "model_name": "Absorbed Powerlaw",
                    "param_names": [
                        "photonindex",
                        "nhmw"
                    ],
                    "param_values": [
                        "4.5",
                        "0.0107"
                    ],
                    "param_units": [
                        "None",
                        "10^22 cm^-2"
                    ],
                    "min_energy": 0.3,
                    "max_energy": 2,
                    "energy_units": "keV"
                },
                {
                    "model_name": "Absorbed Powerlaw",
                    "param_names": [
                        "photonindex",
                        "nhmw"
                    ],
                    "param_values": [
                        "4.5",
                        "0.0107"
                    ],
                    "param_units": [
                        "None",
                        "10^22 cm^-2"
                    ],
                    "min_energy": 0.3,
                    "max_energy": 2,
                    "energy_units": "keV"
                },
                {
                    "model_name": "Absorbed Powerlaw",
                    "param_names": [
                        "photonindex",
                        "nhmw"
                    ],
                    "param_values": [
                        "4.5",
                        "0.0107"
                    ],
                    "param_units": [
                        "None",
                        "10^22 cm^-2"
                    ],
                    "min_energy": 0.3,
                    "max_energy": 2,
                    "energy_units": "keV"
                },
                {
                    "model_name": "Absorbed Powerlaw",
                    "param_names": [
                        "photonindex",
                        "nhmw"
                    ],
                    "param_values": [
                        "4.5",
                        "0.0107"
                    ],
                    "param_units": [
                        "None",
                        "10^22 cm^-2"
                    ],
                    "min_energy": 0.3,
                    "max_energy": 2,
                    "energy_units": "keV"
                }
            ],
            "corr_s": null
        },
        {
            "reference": "['2013A&A...552A...5V', '2020SSRv..216...81A']",
            "raw": [
                24
            ],
            "raw_err": [
                0
            ],
            "raw_units": "uJy",
            "date": [
                "55955.479"
            ],
            "date_format": [
                "mjd"
            ],
            "upperlimit": [
                true
            ],
            "filter_key": [
                "5.0GHz"
            ],
            "obs_type": "radio",
            "corr_k": false,
            "corr_s": false,
            "corr_host": false,
            "corr_av": false,
            "corr_hostav": false
        }
    ],
    "distance": [
        {
            "value": "0.224",
            "distance_type": "redshift",
            "reference": [
                "2013A&A...552A...5V"
            ],
            "default": false
        },
        {
            "value": "0.22405",
            "distance_type": "redshift",
            "reference": [
                "2012MNRAS.420.2684C",
                "2017ApJ...838..149A",
                "2023PASP..135c4101G"
            ],
            "default": true
        },
        {
            "value": "1148.6",
            "distance_type": "luminosity",
            "unit": "Mpc",
            "reference": [
                "2012MNRAS.420.2684C",
                "2016A&A...594A..13P",
                "2017ApJ...835...64G",
                "2017ApJ...838..149A"
            ],
            "default": true
        },
        {
            "value": "938.39",
            "distance_type": "comoving",
            "unit": "Mpc",
            "reference": [
                "2012MNRAS.420.2684C",
                "2016A&A...594A..13P",
                "2017ApJ...835...64G",
                "2017ApJ...838..149A"
            ],
            "default": true
        }
    ],
    "coordinate": [
        {
            "ra": "14:38:41.00",
            "dec": "+37:39:33.60",
            "ra_units": "hour",
            "dec_units": "deg",
            "coordinate_type": "equatorial",
            "reference": [
                "2000A&AS..143....9W",
                "2012MNRAS.420.2684C",
                "2017ApJ...838..149A"
            ],
            "default": true
        },
        {
            "ra": "14:38:41.00",
            "dec": "+37:39:33.60",
            "ra_units": "hour",
            "dec_units": "degree",
            "coordinate_type": "equatorial",
            "reference": [
                "2017ApJ...838..149A"
            ],
            "default": false
        }
    ],
    "filter_alias": [
        {
            "filter_key": "0.3 - 2.0",
            "wave_eff": 0.7293188143129428,
            "wave_min": 0.6199209921660013,
            "wave_max": 4.132806614440009,
            "wave_units": "nm",
            "filter_name": "0.3 - 2.0"
        },
        {
            "filter_key": "5.0GHz",
            "filter_name": "C",
            "freq_eff": 5,
            "freq_units": "GHz"
        }
    ],
    "date_reference": [
        {
            "value": "2010-06-11",
            "date_format": "iso",
            "date_type": "discovery",
            "reference": [
                "2017ApJ...835...64G",
                "2017ApJ...838..149A"
            ],
            "default": false
        },
        {
            "value": "2010-06-11 ",
            "date_format": "iso",
            "date_type": "discovery",
            "reference": [
                "2012MNRAS.420.2684C",
                "2017ApJ...838..149A",
                "2023PASP..135c4101G"
            ],
            "default": true
        }
    ],
    "host": [
        {
            "host_name": "SDSS J143840.98+373933.4",
            "host_ra": 219.6708333333333,
            "host_dec": 37.65929166666667,
            "host_ra_units": "deg",
            "host_dec_units": "deg",
            "reference": [
                "2023PASP..135c4101G",
                "2012MNRAS.420.2684C",
                "2017ApJ...838..149A"
            ]
        }
    ],
    "schema_version": {
        "value": 0,
        "comments": "From Goldtooth et al. (2023)",
        "comment": "Copied from tde.space;"
    }
}