{
    "_key": "885007",
    "_id": "transients/885007",
    "_rev": "_jt3luHO---",
    "classification": {
        "value": [
            {
                "object_class": "TDE",
                "confidence": 3.1,
                "reference": [
                    "2011ATel.3384....1K",
                    "2012ApJ...753...77C",
                    "2012MNRAS.420.2684C",
                    "2015ApJ...805...68P",
                    "2017ApJ...835...64G",
                    "2017ApJ...838..149A",
                    "2017MNRAS.472.4469B",
                    "2023PASP..135c4101G"
                ],
                "default": true
            }
        ],
        "spec_classed": 1,
        "unambiguous": true
    },
    "name": {
        "default_name": "Sw J2058+05",
        "alias": [
            {
                "value": "Swift J2058+05",
                "reference": [
                    "2017ApJ...838..149A",
                    "2023PASP..135c4101G"
                ]
            },
            {
                "value": "Sw J2058+05",
                "reference": [
                    "Swift",
                    "2012ApJ...753...77C"
                ]
            }
        ]
    },
    "reference_alias": [
        {
            "name": "2012ApJ...753...77C",
            "human_readable_name": "Cenko et al. (2012)"
        },
        {
            "name": "2015ApJ...805...68P",
            "human_readable_name": "Pasham et al. (2015)"
        },
        {
            "name": "2017MNRAS.472.4469B",
            "human_readable_name": "Brown et al. (2017)"
        },
        {
            "name": "2017ApJ...838..149A",
            "human_readable_name": "Auchettl, Guillochon, & Ramirez-Ruiz (2017)"
        },
        {
            "name": "2016A&A...594A..13P",
            "human_readable_name": "Planck Collaboration et al. (2016)"
        },
        {
            "name": "2017ApJ...835...64G",
            "human_readable_name": "Guillochon et al. (2017)"
        },
        {
            "name": "2023PASP..135c4101G",
            "human_readable_name": "Goldtooth, Aaron et al. (2023)"
        },
        {
            "name": "2011ATel.3384....1K",
            "human_readable_name": "Krimm, H. A. et al. (2011)"
        },
        {
            "name": "2012MNRAS.420.2684C",
            "human_readable_name": "Cenko, S. Bradley et al. (2012)"
        }
    ],
    "date_reference": [
        {
            "value": "2011-05-20",
            "date_format": "iso",
            "date_type": "discovery",
            "reference": [
                "2012ApJ...753...77C"
            ],
            "default": false
        },
        {
            "value": "2011-05-27",
            "date_format": "iso",
            "date_type": "discovery",
            "reference": [
                "2017ApJ...835...64G",
                "2017ApJ...838..149A"
            ],
            "default": false
        },
        {
            "value": "2011-05-27 ",
            "date_format": "iso",
            "date_type": "discovery",
            "reference": [
                "2011ATel.3384....1K",
                "2012MNRAS.420.2684C",
                "2017ApJ...838..149A",
                "2023PASP..135c4101G"
            ],
            "default": true
        },
        {
            "value": "55698.0",
            "date_format": "mjd",
            "date_type": "discovery",
            "reference": [
                "2012ApJ...753...77C",
                "2015ApJ...805...68P",
                "2017MNRAS.472.4469B"
            ],
            "default": false
        }
    ],
    "photometry": [
        {
            "reference": [
                "2012ApJ...753...77C",
                "2015ApJ...805...68P",
                "2017MNRAS.472.4469B"
            ],
            "raw": [
                0.88,
                0.225
            ],
            "raw_units": [
                "mJy",
                "mJy"
            ],
            "date": [
                55741,
                57522
            ],
            "date_format": [
                "mjd",
                "mjd"
            ],
            "filter_key": [
                "4.5GHz",
                "5.5GHz"
            ],
            "computed": [
                false,
                false
            ],
            "obs_type": [
                "radio",
                "radio"
            ],
            "upperlimit": [
                false,
                false
            ],
            "corr_k": false,
            "corr_s": false,
            "corr_av": false,
            "corr_host": false,
            "corr_hostav": false
        },
        {
            "raw": [
                0.000431662,
                0.000353764
            ],
            "raw_units": [
                "ct",
                "ct"
            ],
            "value": [
                5.48e-15,
                4.49e-15
            ],
            "value_units": [
                "ergs/cm^2/s",
                "ergs/cm^2/s"
            ],
            "filter_key": [
                "0.3 - 2.0",
                "0.3 - 2.0"
            ],
            "obs_type": [
                "xray",
                "xray"
            ],
            "date": [
                "56383.8",
                "56596.3"
            ],
            "date_format": "MJD",
            "upperlimit": [
                true,
                true
            ],
            "telescope": "Chandra",
            "corr_k": null,
            "corr_av": null,
            "corr_host": null,
            "corr_hostav": null,
            "reference": [
                "2017ApJ...838..149A"
            ],
            "xray_model": [
                {
                    "model_name": "Absorbed Powerlaw",
                    "param_names": [
                        "photonindex",
                        "nhmw"
                    ],
                    "param_values": [
                        "4.5",
                        "0.0697"
                    ],
                    "param_units": [
                        "None",
                        "10^22 cm^-2"
                    ],
                    "min_energy": 0.3,
                    "max_energy": 2,
                    "energy_units": "keV"
                },
                {
                    "model_name": "Absorbed Powerlaw",
                    "param_names": [
                        "photonindex",
                        "nhmw"
                    ],
                    "param_values": [
                        "4.5",
                        "0.0697"
                    ],
                    "param_units": [
                        "None",
                        "10^22 cm^-2"
                    ],
                    "min_energy": 0.3,
                    "max_energy": 2,
                    "energy_units": "keV"
                }
            ],
            "corr_s": null
        },
        {
            "raw": [
                0.0282693
            ],
            "raw_units": [
                "ct"
            ],
            "value": [
                4.22e-13
            ],
            "value_units": [
                "ergs/cm^2/s"
            ],
            "filter_key": [
                "0.3 - 2.0"
            ],
            "obs_type": [
                "xray"
            ],
            "date": [
                "48188.9"
            ],
            "date_format": "MJD",
            "upperlimit": [
                true
            ],
            "telescope": "ROSAT",
            "corr_k": null,
            "corr_av": null,
            "corr_host": null,
            "corr_hostav": null,
            "reference": [
                "2017ApJ...838..149A"
            ],
            "xray_model": [
                {
                    "model_name": "Absorbed Powerlaw",
                    "param_names": [
                        "photonindex",
                        "nhmw"
                    ],
                    "param_values": [
                        "4.5",
                        "0.0697"
                    ],
                    "param_units": [
                        "None",
                        "10^22 cm^-2"
                    ],
                    "min_energy": 0.3,
                    "max_energy": 2,
                    "energy_units": "keV"
                }
            ],
            "corr_s": null
        },
        {
            "raw": [
                0.999299,
                0.02422,
                0.00725647,
                0.0026471,
                0.00225235
            ],
            "raw_err": [
                0.0195121,
                0.00118726,
                0.000643452,
                0.00134011,
                0.000627106
            ],
            "raw_units": [
                "ct",
                "ct",
                "ct",
                "ct",
                "ct"
            ],
            "value": [
                1.1e-11,
                2.96e-13,
                8.33e-14,
                3.09e-14,
                2.63e-14
            ],
            "value_units": [
                "ergs/cm^2/s",
                "ergs/cm^2/s",
                "ergs/cm^2/s",
                "ergs/cm^2/s",
                "ergs/cm^2/s"
            ],
            "filter_key": [
                "0.3 - 2.0",
                "0.3 - 2.0",
                "0.3 - 2.0",
                "0.3 - 2.0",
                "0.3 - 2.0"
            ],
            "obs_type": [
                "xray",
                "xray",
                "xray",
                "xray",
                "xray"
            ],
            "date": [
                "55708.9",
                "55773.5",
                "55867.5",
                "55902.3",
                "56126.6"
            ],
            "date_format": "MJD",
            "upperlimit": [
                false,
                false,
                false,
                false,
                false
            ],
            "telescope": "Swift",
            "corr_k": null,
            "corr_av": null,
            "corr_host": null,
            "corr_hostav": null,
            "reference": [
                "2017ApJ...838..149A"
            ],
            "xray_model": [
                {
                    "model_name": "Powerlaw",
                    "param_names": [
                        "photonindex"
                    ],
                    "param_values": [
                        "1.3698"
                    ],
                    "param_units": [
                        "None"
                    ],
                    "min_energy": 0.3,
                    "max_energy": 2,
                    "energy_units": "keV"
                },
                {
                    "model_name": "Powerlaw",
                    "param_names": [
                        "photonindex"
                    ],
                    "param_values": [
                        "1.59"
                    ],
                    "param_units": [
                        "None"
                    ],
                    "min_energy": 0.3,
                    "max_energy": 2,
                    "energy_units": "keV"
                },
                {
                    "model_name": "Powerlaw",
                    "param_names": [
                        "photonindex"
                    ],
                    "param_values": [
                        "1.5"
                    ],
                    "param_units": [
                        "None"
                    ],
                    "min_energy": 0.3,
                    "max_energy": 2,
                    "energy_units": "keV"
                },
                {
                    "model_name": "Powerlaw",
                    "param_names": [
                        "photonindex"
                    ],
                    "param_values": [
                        "1.59745"
                    ],
                    "param_units": [
                        "None"
                    ],
                    "min_energy": 0.3,
                    "max_energy": 2,
                    "energy_units": "keV"
                },
                {
                    "model_name": "Powerlaw",
                    "param_names": [
                        "photonindex"
                    ],
                    "param_values": [
                        "1.6"
                    ],
                    "param_units": [
                        "None"
                    ],
                    "min_energy": 0.3,
                    "max_energy": 2,
                    "energy_units": "keV"
                }
            ],
            "corr_s": null
        },
        {
            "raw": [
                1.29,
                0.0417,
                0.546,
                0.0359805,
                1.67,
                0.893
            ],
            "raw_units": [
                "ct",
                "ct",
                "ct",
                "ct",
                "ct",
                "ct"
            ],
            "value": [
                4.42e-12,
                4.15e-14,
                1.87e-12,
                4.16e-14,
                5.72e-12,
                3.06e-12
            ],
            "value_units": [
                "ergs/cm^2/s",
                "ergs/cm^2/s",
                "ergs/cm^2/s",
                "ergs/cm^2/s",
                "ergs/cm^2/s",
                "ergs/cm^2/s"
            ],
            "filter_key": [
                "0.3 - 2.0",
                "0.3 - 2.0",
                "0.3 - 2.0",
                "0.3 - 2.0",
                "0.3 - 2.0",
                "0.3 - 2.0"
            ],
            "obs_type": [
                "xray",
                "xray",
                "xray",
                "xray",
                "xray",
                "xray"
            ],
            "date": [
                "54598.6",
                "55886.6",
                "55888",
                "56048.7",
                "56052.7",
                "56976.1"
            ],
            "date_format": "MJD",
            "upperlimit": [
                false,
                false,
                false,
                false,
                false,
                false
            ],
            "telescope": "XMM",
            "corr_k": null,
            "corr_av": null,
            "corr_host": null,
            "corr_hostav": null,
            "reference": [
                "2017ApJ...838..149A"
            ],
            "xray_model": [
                {
                    "model_name": "Powerlaw",
                    "param_names": [
                        "photonindex"
                    ],
                    "param_values": [
                        "1.885"
                    ],
                    "param_units": [
                        "None"
                    ],
                    "min_energy": 0.3,
                    "max_energy": 2,
                    "energy_units": "keV"
                },
                {
                    "model_name": "Powerlaw",
                    "param_names": [
                        "photonindex"
                    ],
                    "param_values": [
                        "1.98"
                    ],
                    "param_units": [
                        "None"
                    ],
                    "min_energy": 0.3,
                    "max_energy": 2,
                    "energy_units": "keV"
                },
                {
                    "model_name": "Powerlaw",
                    "param_names": [
                        "photonindex"
                    ],
                    "param_values": [
                        "1.885"
                    ],
                    "param_units": [
                        "None"
                    ],
                    "min_energy": 0.3,
                    "max_energy": 2,
                    "energy_units": "keV"
                },
                {
                    "model_name": "Powerlaw",
                    "param_names": [
                        "photonindex"
                    ],
                    "param_values": [
                        "1.51"
                    ],
                    "param_units": [
                        "None"
                    ],
                    "min_energy": 0.3,
                    "max_energy": 2,
                    "energy_units": "keV"
                },
                {
                    "model_name": "Powerlaw",
                    "param_names": [
                        "photonindex"
                    ],
                    "param_values": [
                        "1.885"
                    ],
                    "param_units": [
                        "None"
                    ],
                    "min_energy": 0.3,
                    "max_energy": 2,
                    "energy_units": "keV"
                },
                {
                    "model_name": "Powerlaw",
                    "param_names": [
                        "photonindex"
                    ],
                    "param_values": [
                        "1.885"
                    ],
                    "param_units": [
                        "None"
                    ],
                    "min_energy": 0.3,
                    "max_energy": 2,
                    "energy_units": "keV"
                }
            ],
            "corr_s": null
        },
        {
            "reference": "2012ApJ...753...77C",
            "raw": [
                0.88,
                0.84,
                1.34,
                1.21
            ],
            "raw_err": [
                0.05,
                0.04,
                0.04,
                0.15
            ],
            "raw_units": "mJy",
            "date": [
                "2011-06-29 08:38:24",
                "2011-06-29 08:38:24",
                "2011-07-29 09:21:35",
                "2011-07-29 09:21:35"
            ],
            "date_format": [
                "iso",
                "iso",
                "iso",
                "iso"
            ],
            "upperlimit": [
                false,
                false,
                false,
                false
            ],
            "filter_key": [
                "4.5GHz",
                "7.9GHz",
                "8.4GHz",
                "22.5GHz"
            ],
            "obs_type": "radio",
            "telescope": "VLA",
            "corr_k": false,
            "corr_s": false,
            "corr_host": false,
            "corr_av": false,
            "corr_hostav": false
        },
        {
            "reference": "2015ApJ...805...68P",
            "raw": [
                350,
                580
            ],
            "raw_err": [
                70,
                0
            ],
            "raw_units": "uJy",
            "date": [
                "2011-08-12",
                "2011-08-12"
            ],
            "date_format": [
                "iso",
                "iso"
            ],
            "upperlimit": [
                false,
                true
            ],
            "filter_key": [
                "8.4GHz",
                "22.0GHz"
            ],
            "obs_type": "radio",
            "telescope": "VLBA",
            "corr_k": false,
            "corr_s": false,
            "corr_host": false,
            "corr_av": false,
            "corr_hostav": false
        },
        {
            "reference": "2017MNRAS.472.4469B",
            "raw": [
                225,
                236
            ],
            "raw_err": [
                15,
                13
            ],
            "raw_units": "uJy",
            "date": [
                "57522",
                "57522"
            ],
            "date_format": [
                "mjd",
                "mjd"
            ],
            "upperlimit": [
                false,
                false
            ],
            "filter_key": [
                "5.5GHz",
                "9.0GHz"
            ],
            "obs_type": "radio",
            "telescope": "ATCA",
            "corr_k": false,
            "corr_s": false,
            "corr_host": false,
            "corr_av": false,
            "corr_hostav": false
        }
    ],
    "distance": [
        {
            "value": "1.1853",
            "distance_type": "redshift",
            "reference": [
                "2011ATel.3384....1K",
                "2012ApJ...753...77C",
                "2012MNRAS.420.2684C",
                "2015ApJ...805...68P",
                "2017ApJ...838..149A",
                "2017MNRAS.472.4469B",
                "2023PASP..135c4101G"
            ],
            "default": true
        },
        {
            "value": "3833.1",
            "distance_type": "comoving",
            "unit": "Mpc",
            "reference": [
                "2012ApJ...753...77C",
                "2016A&A...594A..13P",
                "2017ApJ...835...64G",
                "2017ApJ...838..149A"
            ],
            "default": true
        },
        {
            "value": "8376.4",
            "distance_type": "luminosity",
            "unit": "Mpc",
            "reference": [
                "2012ApJ...753...77C",
                "2016A&A...594A..13P",
                "2017ApJ...835...64G",
                "2017ApJ...838..149A"
            ],
            "default": true
        }
    ],
    "coordinate": [
        {
            "ra": "20 58 19.90",
            "dec": "+05 13 32.0",
            "epoch": "J2000",
            "system": "ICRS",
            "ra_units": "hourangle",
            "dec_units": "deg",
            "computed": "False",
            "default": true,
            "uuid": "b95412df-c710-4087-8a3d-ada0967080d0",
            "coordinate_type": "equatorial",
            "reference": [
                "2012ApJ...753...77C",
                "2015ApJ...805...68P",
                "2017MNRAS.472.4469B"
            ]
        },
        {
            "ra": "20:58:19.85",
            "dec": "+05:13:33.00",
            "ra_units": "hour",
            "dec_units": "deg",
            "default": false,
            "coordinate_type": "equatorial",
            "reference": [
                "2017ApJ...838..149A"
            ]
        },
        {
            "ra": "20:58:19.90",
            "dec": "+05:13:32.0",
            "ra_units": "hour",
            "dec_units": "degree",
            "default": false,
            "coordinate_type": "equatorial",
            "reference": [
                "2012ApJ...753...77C"
            ]
        },
        {
            "computed": "True",
            "default": true,
            "coordinate_type": "galactic",
            "l": "53.61702902648376",
            "b": "-25.11893929017656",
            "l_units": "deg",
            "b_units": "deg",
            "reference": [
                "b95412df-c710-4087-8a3d-ada0967080d0"
            ]
        }
    ],
    "filter_alias": [
        {
            "filter_key": "4.5GHz",
            "filter_name": "C",
            "freq_eff": 4.5,
            "freq_units": "GHz"
        },
        {
            "filter_key": "5.5GHz",
            "filter_name": "C",
            "freq_eff": 5.5,
            "freq_units": "GHz"
        },
        {
            "filter_key": "0.3 - 2.0",
            "wave_eff": 0.7293188143129428,
            "wave_min": 0.6199209921660013,
            "wave_max": 4.132806614440009,
            "wave_units": "nm",
            "filter_name": "0.3 - 2.0"
        },
        {
            "filter_key": "7.9GHz",
            "filter_name": "C",
            "freq_eff": 7.9,
            "freq_units": "GHz"
        },
        {
            "filter_key": "8.4GHz",
            "filter_name": "X",
            "freq_eff": 8.4,
            "freq_units": "GHz"
        },
        {
            "filter_key": "22.5GHz",
            "filter_name": "K",
            "freq_eff": 22.5,
            "freq_units": "GHz"
        },
        {
            "filter_key": "22.0GHz",
            "filter_name": "K",
            "freq_eff": 22,
            "freq_units": "GHz"
        },
        {
            "filter_key": "9.0GHz",
            "filter_name": "X",
            "freq_eff": 9,
            "freq_units": "GHz"
        }
    ],
    "schema_version": {
        "value": 0,
        "comments": "From Goldtooth et al. (2023)",
        "comment": "Original Dataset;Copied from tde.space;"
    },
    "host": [
        {
            "host_name": "Swift J205819.7+051329",
            "host_ra": 314.58333333333326,
            "host_dec": 5.225833333333333,
            "host_ra_units": "deg",
            "host_dec_units": "deg",
            "reference": [
                "2023PASP..135c4101G",
                "2011ATel.3384....1K",
                "2012MNRAS.420.2684C",
                "2017ApJ...838..149A"
            ]
        }
    ]
}