{
    "_key": "884668",
    "_id": "transients/884668",
    "_rev": "_jt3kLHe---",
    "name": {
        "default_name": "WTP18aajkmk",
        "alias": [
            {
                "value": "WTP18aajkmk",
                "reference": [
                    "2024ApJ...961..211M"
                ]
            }
        ]
    },
    "coordinate": [
        {
            "ra": 40.099143,
            "dec": -2.728314,
            "ra_units": "deg",
            "dec_units": "deg",
            "reference": [
                "2024ApJ...961..211M"
            ],
            "coordinate_type": "equatorial"
        }
    ],
    "distance": [
        {
            "value": 0.0287,
            "reference": [
                "2024ApJ...961..211M"
            ],
            "distance_type": "redshift"
        },
        {
            "value": 122.3,
            "reference": [
                "2024ApJ...961..211M"
            ],
            "unit": "Mpc",
            "distance_type": "luminosity"
        }
    ],
    "date_reference": [
        {
            "value": 57991,
            "reference": [
                "2024ApJ...961..211M"
            ],
            "date_format": "mjd",
            "date_type": "explosion"
        }
    ],
    "classification": {
        "value": [
            {
                "object_class": "TDE",
                "confidence": 3.3,
                "reference": [
                    "2024ApJ...961..211M"
                ]
            }
        ],
        "spec_classed": 3,
        "unambiguous": true
    },
    "photometry": [
        {
            "date": [
                2017.778931708738,
                2017.9113858902224,
                2018.11072557322,
                2018.5214317071895,
                2018.711326155629,
                2018.788060995304,
                2018.899922273795,
                2019.032530467817,
                2019.1532905247584,
                2019.539287408328,
                2019.6652282354976,
                2019.7765254224844,
                2019.9024761906403,
                2020.0314840783583,
                2020.1229747581733,
                2020.537735712371,
                2020.6660619448703,
                2020.864831074277,
                2020.9532920620024,
                2021.055225709356,
                2021.1118929525312,
                2021.5496240014777,
                2021.6656159384368,
                2021.763697064552,
                2021.8634962405347,
                2021.8664636170745,
                2022.052280186615,
                2022.155651511164,
                2022.54831329262,
                2022.587253873804,
                2022.691301214115,
                2022.850900609454,
                2023.0516396518503,
                2023.131162122372,
                2013.9161326481903,
                2014.0585430222584,
                2014.590118991515,
                2014.7405405598736,
                2014.9317525267008,
                2015.064507482902,
                2015.1698662328768,
                2015.5090243904572,
                2015.6652788442564,
                2015.8358948029315,
                2016.0144240143527,
                2016.1171661801968,
                2016.568595157974,
                2016.668724501808,
                2016.7898613407249,
                2016.967893047582,
                2017.1057639421224,
                2017.5654870850155,
                2017.7646946110872,
                2017.901652040793,
                2018.057993088748,
                2018.006413605213,
                2018.5916251392837,
                2018.7101188728352,
                2018.8665924492077
            ],
            "date_format": [
                "decimalyear",
                "decimalyear",
                "decimalyear",
                "decimalyear",
                "decimalyear",
                "decimalyear",
                "decimalyear",
                "decimalyear",
                "decimalyear",
                "decimalyear",
                "decimalyear",
                "decimalyear",
                "decimalyear",
                "decimalyear",
                "decimalyear",
                "decimalyear",
                "decimalyear",
                "decimalyear",
                "decimalyear",
                "decimalyear",
                "decimalyear",
                "decimalyear",
                "decimalyear",
                "decimalyear",
                "decimalyear",
                "decimalyear",
                "decimalyear",
                "decimalyear",
                "decimalyear",
                "decimalyear",
                "decimalyear",
                "decimalyear",
                "decimalyear",
                "decimalyear",
                "decimalyear",
                "decimalyear",
                "decimalyear",
                "decimalyear",
                "decimalyear",
                "decimalyear",
                "decimalyear",
                "decimalyear",
                "decimalyear",
                "decimalyear",
                "decimalyear",
                "decimalyear",
                "decimalyear",
                "decimalyear",
                "decimalyear",
                "decimalyear",
                "decimalyear",
                "decimalyear",
                "decimalyear",
                "decimalyear",
                "decimalyear",
                "decimalyear",
                "decimalyear",
                "decimalyear",
                "decimalyear"
            ],
            "filter_key": [
                "g",
                "g",
                "g",
                "g",
                "g",
                "g",
                "g",
                "g",
                "g",
                "g",
                "g",
                "g",
                "g",
                "g",
                "g",
                "g",
                "g",
                "g",
                "g",
                "g",
                "g",
                "g",
                "g",
                "g",
                "g",
                "g",
                "g",
                "g",
                "g",
                "g",
                "g",
                "g",
                "g",
                "g",
                "V",
                "V",
                "V",
                "V",
                "V",
                "V",
                "V",
                "V",
                "V",
                "V",
                "V",
                "V",
                "V",
                "V",
                "V",
                "V",
                "V",
                "V",
                "V",
                "V",
                "V",
                "V",
                "V",
                "V",
                "V"
            ],
            "raw": [
                0.010976829450526561,
                0.01198291571787075,
                0.03867868522346274,
                0.046603898665854626,
                0.023652579354254192,
                0.03936318881581649,
                0.023291049626852432,
                0.019209590365447803,
                0.1129397254757551,
                0.022951283464449572,
                0.029567444504833715,
                0.020696023682640417,
                0.03199297801693956,
                0.02256389715531204,
                0.04021570786399961,
                0.026466434427640136,
                0.02473573678890453,
                0.020490659312571928,
                0.034913622193762976,
                0.03184896052375506,
                0.3346836699610213,
                0.028591184572326837,
                0.022380991651497747,
                0.022673226426540724,
                0.02225553595914225,
                0.11251522766543215,
                0.030665225351793182,
                0.09326246922522652,
                0.037075638122230914,
                0.09100303912610039,
                0.027943443846872643,
                0.02383483821976788,
                0.03494509396428081,
                0.11565680585151186,
                0.06802986062275915,
                0.13862417405270241,
                0.08938313567534242,
                0.06365194222292232,
                0.0482709979001309,
                0.07873652519851601,
                1.0353,
                0.11853862505464571,
                0.04055562945430556,
                0.03629210936932728,
                0.041931432584607714,
                0.07727454560557412,
                0.039762529261106766,
                0.051267229778120905,
                0.03302790146425605,
                0.050284794936198515,
                0.0774871964721584,
                0.057042355049195574,
                0.042162823810248995,
                0.043978473166375265,
                0.04759193819380794,
                0.3383999999999999,
                0.06490768780459245,
                0.05390547390723768,
                0.08163881686268887
            ],
            "raw_err": [
                0,
                0,
                0,
                0,
                0,
                0,
                0,
                0,
                0,
                0,
                0,
                0,
                0,
                0,
                0,
                0,
                0,
                0,
                0,
                0,
                0,
                0,
                0,
                0,
                0,
                0,
                0,
                0,
                0,
                0,
                0,
                0,
                0,
                0,
                0,
                0,
                0,
                0,
                0,
                0,
                0,
                0,
                0,
                0,
                0,
                0,
                0,
                0,
                0,
                0,
                0,
                0,
                0,
                0,
                0,
                0,
                0,
                0,
                0
            ],
            "raw_units": [
                "mJy",
                "mJy",
                "mJy",
                "mJy",
                "mJy",
                "mJy",
                "mJy",
                "mJy",
                "mJy",
                "mJy",
                "mJy",
                "mJy",
                "mJy",
                "mJy",
                "mJy",
                "mJy",
                "mJy",
                "mJy",
                "mJy",
                "mJy",
                "mJy",
                "mJy",
                "mJy",
                "mJy",
                "mJy",
                "mJy",
                "mJy",
                "mJy",
                "mJy",
                "mJy",
                "mJy",
                "mJy",
                "mJy",
                "mJy",
                "mJy",
                "mJy",
                "mJy",
                "mJy",
                "mJy",
                "mJy",
                "mJy",
                "mJy",
                "mJy",
                "mJy",
                "mJy",
                "mJy",
                "mJy",
                "mJy",
                "mJy",
                "mJy",
                "mJy",
                "mJy",
                "mJy",
                "mJy",
                "mJy",
                "mJy",
                "mJy",
                "mJy",
                "mJy"
            ],
            "telescope": "ASASSN",
            "upperlimit": [
                true,
                true,
                true,
                true,
                true,
                true,
                true,
                true,
                true,
                true,
                true,
                true,
                true,
                true,
                true,
                true,
                true,
                true,
                true,
                true,
                true,
                true,
                true,
                true,
                true,
                true,
                true,
                true,
                true,
                true,
                true,
                true,
                true,
                true,
                true,
                true,
                true,
                true,
                true,
                true,
                true,
                true,
                true,
                true,
                true,
                true,
                true,
                true,
                true,
                true,
                true,
                true,
                true,
                true,
                true,
                true,
                true,
                true,
                true
            ],
            "corr_k": false,
            "corr_s": false,
            "corr_host": true,
            "corr_av": false,
            "corr_hostav": false,
            "val_host": [
                1.944,
                1.944,
                1.944,
                1.944,
                1.944,
                1.944,
                1.944,
                1.944,
                1.944,
                1.944,
                1.944,
                1.944,
                1.944,
                1.944,
                1.944,
                1.944,
                1.944,
                1.944,
                1.944,
                1.944,
                1.944,
                1.944,
                1.944,
                1.944,
                1.944,
                1.944,
                1.944,
                1.944,
                1.944,
                1.944,
                1.944,
                1.944,
                1.944,
                1.944,
                3.051,
                3.051,
                3.051,
                3.051,
                3.051,
                3.051,
                3.051,
                3.051,
                3.051,
                3.051,
                3.051,
                3.051,
                3.051,
                3.051,
                3.051,
                3.051,
                3.051,
                3.051,
                3.051,
                3.051,
                3.051,
                3.051,
                3.051,
                3.051,
                3.051
            ],
            "obs_type": "uvoir",
            "reference": [
                "2024ApJ...961..211M"
            ]
        },
        {
            "date": [
                55218.17147381,
                55407.615207795,
                55582.968539565,
                56680.70496551,
                56870.24770463,
                57045.49185588501,
                57235.761035725,
                57404.469742165,
                57597.628804420005,
                57766.004533425,
                57963.20117647,
                58126.69249472,
                58330.32679053,
                58487.400085085,
                58694.62384004,
                58853.149124415,
                59058.670096635,
                59218.709015655,
                59424.327110275,
                59586.05544361,
                55219.362405435,
                55408.442202005,
                55584.35716145,
                56682.022405530006,
                56871.629257505,
                57046.115940405,
                57236.51563933,
                57405.649784595,
                57600.51141341,
                57767.31433761,
                57964.641557965006,
                58128.067045995005,
                58331.079293335,
                58488.773808375,
                58695.866847175,
                58854.457267765,
                59060.17420962,
                59220.01690439,
                59425.76494104,
                59586.77394838,
                55218.17147381,
                55407.615207795,
                55582.968539565,
                56680.70496551,
                56870.24770463,
                57045.491792205,
                57235.761035725,
                57404.469742165,
                57597.628804420005,
                57766.004533425,
                57963.20117647,
                58126.6925584,
                58330.32679053,
                58487.400085085,
                58694.62384004,
                58853.149124415,
                59058.670096635,
                59218.709015655,
                59424.327110275,
                59586.055252615,
                55219.362405435,
                55408.37611379,
                55584.35716145,
                56682.022469185,
                56871.629193825,
                57046.1158767,
                57236.51563933,
                57405.649784595,
                57600.51141341,
                57767.31433761,
                57964.641557965006,
                58128.067045995005,
                58331.079293335,
                58488.773808375,
                58695.866847175,
                58854.457267765,
                59060.17420962,
                59220.01690439,
                59425.765004695,
                59586.7738847
            ],
            "date_format": [
                "mjd",
                "mjd",
                "mjd",
                "mjd",
                "mjd",
                "mjd",
                "mjd",
                "mjd",
                "mjd",
                "mjd",
                "mjd",
                "mjd",
                "mjd",
                "mjd",
                "mjd",
                "mjd",
                "mjd",
                "mjd",
                "mjd",
                "mjd",
                "mjd",
                "mjd",
                "mjd",
                "mjd",
                "mjd",
                "mjd",
                "mjd",
                "mjd",
                "mjd",
                "mjd",
                "mjd",
                "mjd",
                "mjd",
                "mjd",
                "mjd",
                "mjd",
                "mjd",
                "mjd",
                "mjd",
                "mjd",
                "mjd",
                "mjd",
                "mjd",
                "mjd",
                "mjd",
                "mjd",
                "mjd",
                "mjd",
                "mjd",
                "mjd",
                "mjd",
                "mjd",
                "mjd",
                "mjd",
                "mjd",
                "mjd",
                "mjd",
                "mjd",
                "mjd",
                "mjd",
                "mjd",
                "mjd",
                "mjd",
                "mjd",
                "mjd",
                "mjd",
                "mjd",
                "mjd",
                "mjd",
                "mjd",
                "mjd",
                "mjd",
                "mjd",
                "mjd",
                "mjd",
                "mjd",
                "mjd",
                "mjd",
                "mjd",
                "mjd"
            ],
            "filter_key": [
                "W1",
                "W1",
                "W1",
                "W1",
                "W1",
                "W1",
                "W1",
                "W1",
                "W1",
                "W1",
                "W1",
                "W1",
                "W1",
                "W1",
                "W1",
                "W1",
                "W1",
                "W1",
                "W1",
                "W1",
                "W1",
                "W1",
                "W1",
                "W1",
                "W1",
                "W1",
                "W1",
                "W1",
                "W1",
                "W1",
                "W1",
                "W1",
                "W1",
                "W1",
                "W1",
                "W1",
                "W1",
                "W1",
                "W1",
                "W1",
                "W2",
                "W2",
                "W2",
                "W2",
                "W2",
                "W2",
                "W2",
                "W2",
                "W2",
                "W2",
                "W2",
                "W2",
                "W2",
                "W2",
                "W2",
                "W2",
                "W2",
                "W2",
                "W2",
                "W2",
                "W2",
                "W2",
                "W2",
                "W2",
                "W2",
                "W2",
                "W2",
                "W2",
                "W2",
                "W2",
                "W2",
                "W2",
                "W2",
                "W2",
                "W2",
                "W2",
                "W2",
                "W2",
                "W2",
                "W2"
            ],
            "raw": [
                0.0187720125394635,
                0.020528642441110585,
                0.021178231965963364,
                0.2008819486083984,
                0.020163202277594786,
                0.2611271037597656,
                0.0268267277889447,
                0.2219817789916992,
                0.026111510673993574,
                0.2614495885620117,
                0.028035789288934708,
                3.157712642578125,
                3.909819849609376,
                5.119155322265626,
                2.9842872978515627,
                2.9979161894531257,
                1.5124997783203125,
                2.047968413085937,
                1.3151934711914064,
                1.9848871494140627,
                0.01544618210505009,
                0.021510203108522398,
                0.020344431274213287,
                0.2155970551757813,
                0.020904518938280575,
                0.2690944907226563,
                0.025582527935159673,
                0.2309302749023437,
                0.026770001023653026,
                0.266398303527832,
                0.02846795390972757,
                3.097507432617188,
                3.745959322265625,
                4.996434342773438,
                2.870549044921876,
                2.9582428828125,
                1.4997583564453123,
                2.054069503417969,
                1.247648605957031,
                1.964660323242188,
                0.04418305605267332,
                0.0430546231425705,
                0.04053518278367613,
                0.044126037980827315,
                0.045676781914718606,
                0.053624234292411775,
                0.053570177398086546,
                0.059768562452247605,
                0.05710455513311004,
                0.048874170746727,
                0.06645983804296875,
                2.79179834765625,
                4.5314162578125,
                5.049350250000001,
                4.129241960937501,
                3.362170671875,
                2.40827462890625,
                2.4212359375,
                2.29789430078125,
                2.4188034140625,
                0.04147261276773834,
                0.039350728420520786,
                0.04004683495900728,
                0.04745155900261688,
                0.04652482301639556,
                0.0554054724731369,
                0.051286414011016836,
                0.07369035902288817,
                0.05181614795223999,
                0.048808159990516645,
                0.061350463485328674,
                2.738715015625,
                4.3794196562500005,
                4.905778289062501,
                3.9885106875000007,
                3.3472305234375,
                2.35990937109375,
                2.38256566796875,
                2.18875694140625,
                2.3754624375
            ],
            "raw_err": [
                0,
                0,
                0,
                0.0004551269313564,
                0,
                0.0007557668029503,
                0,
                0.0005537966344134,
                0,
                0.0007595208222272,
                0,
                0.09978647151758,
                0.1529809811272838,
                0.2621320583150154,
                0.089158871801337,
                0.0899359967733547,
                0.0229737097665241,
                0.0420104350486936,
                0.0173929578309766,
                0.0394633627827634,
                0,
                0,
                0,
                0.0005099051653927,
                0,
                0.0007963699553464,
                0,
                0.0006305338596218,
                0,
                0.0007973377484561,
                0,
                0.0960068035122818,
                0.1404095611485191,
                0.2497170110556152,
                0.0824864705266822,
                0.0875960658253064,
                0.0226132929816827,
                0.0422652741273061,
                0.0156175247869539,
                0.0386705762316092,
                0,
                0,
                0,
                0,
                0,
                0,
                0,
                0,
                0,
                0,
                0,
                0.0782447232264625,
                0.2059359096718946,
                0.2552689795771456,
                0.1711153057095237,
                0.1134437171488107,
                0.0585180470958742,
                0.0589490513208105,
                0.0534193746864569,
                0.0588147207297488,
                0,
                0,
                0,
                0,
                0,
                0,
                0,
                0,
                0,
                0,
                0,
                0.0753006964465534,
                0.1922409183022718,
                0.2409692228077393,
                0.1595549298813696,
                0.1126443797389793,
                0.0561807349328079,
                0.0571345873100468,
                0.0482949490833915,
                0.0567745560508571
            ],
            "raw_units": [
                "mJy",
                "mJy",
                "mJy",
                "mJy",
                "mJy",
                "mJy",
                "mJy",
                "mJy",
                "mJy",
                "mJy",
                "mJy",
                "mJy",
                "mJy",
                "mJy",
                "mJy",
                "mJy",
                "mJy",
                "mJy",
                "mJy",
                "mJy",
                "mJy",
                "mJy",
                "mJy",
                "mJy",
                "mJy",
                "mJy",
                "mJy",
                "mJy",
                "mJy",
                "mJy",
                "mJy",
                "mJy",
                "mJy",
                "mJy",
                "mJy",
                "mJy",
                "mJy",
                "mJy",
                "mJy",
                "mJy",
                "mJy",
                "mJy",
                "mJy",
                "mJy",
                "mJy",
                "mJy",
                "mJy",
                "mJy",
                "mJy",
                "mJy",
                "mJy",
                "mJy",
                "mJy",
                "mJy",
                "mJy",
                "mJy",
                "mJy",
                "mJy",
                "mJy",
                "mJy",
                "mJy",
                "mJy",
                "mJy",
                "mJy",
                "mJy",
                "mJy",
                "mJy",
                "mJy",
                "mJy",
                "mJy",
                "mJy",
                "mJy",
                "mJy",
                "mJy",
                "mJy",
                "mJy",
                "mJy",
                "mJy",
                "mJy",
                "mJy"
            ],
            "telescope": "WISE",
            "upperlimit": [
                true,
                true,
                true,
                false,
                true,
                false,
                true,
                false,
                true,
                false,
                true,
                false,
                false,
                false,
                false,
                false,
                false,
                false,
                false,
                false,
                true,
                true,
                true,
                false,
                true,
                false,
                true,
                false,
                true,
                false,
                true,
                false,
                false,
                false,
                false,
                false,
                false,
                false,
                false,
                false,
                true,
                true,
                true,
                true,
                true,
                true,
                true,
                true,
                true,
                true,
                true,
                false,
                false,
                false,
                false,
                false,
                false,
                false,
                false,
                false,
                true,
                true,
                true,
                true,
                true,
                true,
                true,
                true,
                true,
                true,
                true,
                false,
                false,
                false,
                false,
                false,
                false,
                false,
                false,
                false
            ],
            "corr_k": false,
            "corr_s": false,
            "corr_host": true,
            "corr_av": false,
            "corr_hostav": false,
            "val_host": [
                2.3177889331054686,
                2.3177889331054686,
                2.3177889331054686,
                2.3177889331054686,
                2.3177889331054686,
                2.3177889331054686,
                2.3177889331054686,
                2.3177889331054686,
                2.3177889331054686,
                2.3177889331054686,
                2.3177889331054686,
                2.3177889331054686,
                2.3177889331054686,
                2.3177889331054686,
                2.3177889331054686,
                2.3177889331054686,
                2.3177889331054686,
                2.3177889331054686,
                2.3177889331054686,
                2.3177889331054686,
                2.3177889331054686,
                2.3177889331054686,
                2.3177889331054686,
                2.3177889331054686,
                2.3177889331054686,
                2.3177889331054686,
                2.3177889331054686,
                2.3177889331054686,
                2.3177889331054686,
                2.3177889331054686,
                2.3177889331054686,
                2.3177889331054686,
                2.3177889331054686,
                2.3177889331054686,
                2.3177889331054686,
                2.3177889331054686,
                2.3177889331054686,
                2.3177889331054686,
                2.3177889331054686,
                2.3177889331054686,
                1.64494333203125,
                1.64494333203125,
                1.64494333203125,
                1.64494333203125,
                1.64494333203125,
                1.64494333203125,
                1.64494333203125,
                1.64494333203125,
                1.64494333203125,
                1.64494333203125,
                1.64494333203125,
                1.64494333203125,
                1.64494333203125,
                1.64494333203125,
                1.64494333203125,
                1.64494333203125,
                1.64494333203125,
                1.64494333203125,
                1.64494333203125,
                1.64494333203125,
                1.64494333203125,
                1.64494333203125,
                1.64494333203125,
                1.64494333203125,
                1.64494333203125,
                1.64494333203125,
                1.64494333203125,
                1.64494333203125,
                1.64494333203125,
                1.64494333203125,
                1.64494333203125,
                1.64494333203125,
                1.64494333203125,
                1.64494333203125,
                1.64494333203125,
                1.64494333203125,
                1.64494333203125,
                1.64494333203125,
                1.64494333203125,
                1.64494333203125
            ],
            "obs_type": "uvoir",
            "reference": [
                "2024ApJ...961..211M"
            ]
        },
        {
            "date": [
                60004.3419925509
            ],
            "date_format": [
                "mjd"
            ],
            "filter_key": [
                "0.3-10 "
            ],
            "raw": [
                4.20525e-13
            ],
            "raw_err": [
                0
            ],
            "raw_units": [
                "erg/s/cm^2"
            ],
            "telescope": "Swift",
            "upperlimit": [
                true
            ],
            "corr_k": false,
            "corr_s": false,
            "corr_host": false,
            "corr_av": false,
            "corr_hostav": false,
            "obs_type": "xray",
            "xray_model": [
                {
                    "model_name": "Powerlaw",
                    "param_names": [
                        "Gamma"
                    ],
                    "param_values": [
                        2
                    ],
                    "param_units": [
                        "None"
                    ],
                    "min_energy": 0.3,
                    "max_energy": 10,
                    "energy_units": "keV",
                    "model_reference": "2024ApJ...961..211M"
                }
            ],
            "reference": [
                "2024ApJ...961..211M"
            ],
            "raw_err_detail": {
                "upper": [
                    0
                ],
                "lower": [
                    0
                ]
            }
        }
    ],
    "filter_alias": [
        {
            "filter_key": "g",
            "filter_name": "g",
            "wave_eff": 471.8872246248687,
            "wave_units": "nm"
        },
        {
            "filter_key": "V",
            "filter_name": "V",
            "wave_eff": 553.7155963302753,
            "wave_units": "nm"
        },
        {
            "filter_key": "W1",
            "filter_name": "W1",
            "wave_eff": 261.3713060531025,
            "wave_units": "nm"
        },
        {
            "filter_key": "W2",
            "filter_name": "W2",
            "wave_eff": 207.98754332676123,
            "wave_units": "nm"
        },
        {
            "filter_key": "0.3-10 ",
            "filter_name": "0.3-10 ",
            "wave_eff": 0.12781876127134048,
            "wave_min": 0.12398419843320027,
            "wave_max": 4.132806614440009,
            "wave_units": "nm"
        }
    ],
    "reference_alias": [
        {
            "name": "2024ApJ...961..211M",
            "human_readable_name": "Masterson, Megan et al. (2024)"
        }
    ]
}