{
    "_key": "885083",
    "_id": "transients/885083",
    "_rev": "_jt3mGdW---",
    "name": {
        "default_name": "WTP16aatsnw",
        "alias": [
            {
                "value": "WTP16aatsnw",
                "reference": [
                    "2021ApJS..252...32J",
                    "2022ApJS..258...21W",
                    "2024ApJ...961..211M"
                ]
            }
        ]
    },
    "coordinate": [
        {
            "ra": 254.844458,
            "dec": 20.8298,
            "ra_units": "deg",
            "dec_units": "deg",
            "reference": [
                "2021ApJS..252...32J",
                "2022ApJS..258...21W",
                "2024ApJ...961..211M"
            ],
            "coordinate_type": "equatorial"
        }
    ],
    "distance": [
        {
            "value": 0.04513,
            "reference": [
                "2021ApJS..252...32J",
                "2022ApJS..258...21W",
                "2024ApJ...961..211M"
            ],
            "distance_type": "redshift"
        },
        {
            "value": 200,
            "reference": [
                "2021ApJS..252...32J",
                "2022ApJS..258...21W",
                "2024ApJ...961..211M"
            ],
            "unit": "Mpc",
            "distance_type": "luminosity"
        }
    ],
    "date_reference": [
        {
            "value": 57495,
            "reference": [
                "2021ApJS..252...32J",
                "2022ApJS..258...21W",
                "2024ApJ...961..211M"
            ],
            "date_format": "mjd",
            "date_type": "explosion"
        }
    ],
    "classification": {
        "value": [
            {
                "object_class": "TDE",
                "confidence": 1,
                "reference": [
                    "2021ApJS..252...32J",
                    "2022ApJS..258...21W",
                    "2024ApJ...961..211M"
                ]
            }
        ],
        "spec_classed": 0,
        "unambiguous": true
    },
    "photometry": [
        {
            "date": [
                2017.766437297622,
                2018.1379696878869,
                2018.236934318076,
                2018.3237325661723,
                2018.5138040584447,
                2018.649475329502,
                2018.756970257176,
                2019.137367181506,
                2019.306766577655,
                2019.3112176660431,
                2019.4665716548052,
                2019.6191201517147,
                2019.703468539077,
                2019.7517099626664,
                2020.2103178222185,
                2020.3946255176409,
                2020.531875881352,
                2020.6677212086056,
                2020.772046567952,
                2021.0795407165335,
                2021.25280926004,
                2021.3720190942952,
                2021.4450584033316,
                2021.553217669477,
                2021.7070271458576,
                2021.7439239262967,
                2021.8132923155697,
                2022.10197658346,
                2022.241306462465,
                2022.4097043745176,
                2022.5023373840445,
                2022.5918308314124,
                2022.7307722879548,
                2023.141395213534,
                2023.2536407593452,
                2023.263908029871,
                2012.086037047304,
                2012.8358556674657,
                2013.1713258701996,
                2013.3050614932677,
                2013.5098947814213,
                2013.6571840541744,
                2013.6883799630264,
                2014.0625538389577,
                2014.3031142945597,
                2014.425364889362,
                2014.6359582983916,
                2014.720492763986,
                2015.0855536749104,
                2015.2707572929887,
                2015.3772613699696,
                2015.494736152032,
                2015.6581138116092,
                2016.1107124368637,
                2016.245345897612,
                2016.4019850008672,
                2016.5801227482807,
                2016.6938902069055,
                2017.1425752048483,
                2017.2797669119095,
                2017.4529840535183,
                2017.6401129544336,
                2017.7321266504,
                2018.330813905648,
                2018.443676754512,
                2018.5726807837184,
                2018.682893451701
            ],
            "date_format": [
                "decimalyear",
                "decimalyear",
                "decimalyear",
                "decimalyear",
                "decimalyear",
                "decimalyear",
                "decimalyear",
                "decimalyear",
                "decimalyear",
                "decimalyear",
                "decimalyear",
                "decimalyear",
                "decimalyear",
                "decimalyear",
                "decimalyear",
                "decimalyear",
                "decimalyear",
                "decimalyear",
                "decimalyear",
                "decimalyear",
                "decimalyear",
                "decimalyear",
                "decimalyear",
                "decimalyear",
                "decimalyear",
                "decimalyear",
                "decimalyear",
                "decimalyear",
                "decimalyear",
                "decimalyear",
                "decimalyear",
                "decimalyear",
                "decimalyear",
                "decimalyear",
                "decimalyear",
                "decimalyear",
                "decimalyear",
                "decimalyear",
                "decimalyear",
                "decimalyear",
                "decimalyear",
                "decimalyear",
                "decimalyear",
                "decimalyear",
                "decimalyear",
                "decimalyear",
                "decimalyear",
                "decimalyear",
                "decimalyear",
                "decimalyear",
                "decimalyear",
                "decimalyear",
                "decimalyear",
                "decimalyear",
                "decimalyear",
                "decimalyear",
                "decimalyear",
                "decimalyear",
                "decimalyear",
                "decimalyear",
                "decimalyear",
                "decimalyear",
                "decimalyear",
                "decimalyear",
                "decimalyear",
                "decimalyear",
                "decimalyear"
            ],
            "filter_key": [
                "g",
                "g",
                "g",
                "g",
                "g",
                "g",
                "g",
                "g",
                "g",
                "g",
                "g",
                "g",
                "g",
                "g",
                "g",
                "g",
                "g",
                "g",
                "g",
                "g",
                "g",
                "g",
                "g",
                "g",
                "g",
                "g",
                "g",
                "g",
                "g",
                "g",
                "g",
                "g",
                "g",
                "g",
                "g",
                "g",
                "V",
                "V",
                "V",
                "V",
                "V",
                "V",
                "V",
                "V",
                "V",
                "V",
                "V",
                "V",
                "V",
                "V",
                "V",
                "V",
                "V",
                "V",
                "V",
                "V",
                "V",
                "V",
                "V",
                "V",
                "V",
                "V",
                "V",
                "V",
                "V",
                "V",
                "V"
            ],
            "raw": [
                0.08503763506115744,
                0.023766985937283717,
                0.1789475664190605,
                0.03595470994905012,
                0.03353262649952919,
                0.04542500670193422,
                0.044808960803627076,
                0.042649102328123814,
                0.020798029928838183,
                0.07148669767222365,
                0.026969812808711996,
                0.029963287399399078,
                0.04553809990014235,
                0.03754869888827202,
                0.04036392936943983,
                0.01605202801692879,
                0.02969622461313936,
                0.03928728799420278,
                0.06316500926059096,
                0.027816919440388197,
                0.015350962545118259,
                0.01484424826567812,
                0.01832502461688984,
                0.01629834710887848,
                0.023884514330607783,
                0.17726852909916058,
                0.09852586000053255,
                0.03456854494571619,
                0.012902337267570691,
                0.013785796320295442,
                0.04192105714044489,
                0.02284162822003974,
                0.044591285509208614,
                0.050048820832287,
                0.031447868857101845,
                0.6408,
                0.20286172776416003,
                0.22056431300747292,
                0.1065074629559332,
                0.04164325495951614,
                0.040047590913008094,
                0.07672102855542018,
                1.797,
                0.14093145598030055,
                0.09719419798747442,
                0.04315203634887908,
                0.0529032075439814,
                0.09368304568037211,
                0.07237198088039487,
                0.052560638560528415,
                0.047910836506746636,
                0.07233294225375195,
                0.090412827827517,
                0.060764594051575464,
                0.08272436232720648,
                0.04466953429867446,
                0.05752276109997422,
                0.11468578685308191,
                0.07395787515956213,
                0.07117132487967304,
                0.06834605694810789,
                0.05856711433126478,
                0.15089999999999998,
                0.05850069590673652,
                0.08468274441254806,
                0.0636886643874373,
                0.07816656265895117
            ],
            "raw_err": [
                0,
                0,
                0,
                0,
                0,
                0,
                0,
                0,
                0,
                0,
                0,
                0,
                0,
                0,
                0,
                0,
                0,
                0,
                0,
                0,
                0,
                0,
                0,
                0,
                0,
                0,
                0,
                0,
                0,
                0,
                0,
                0,
                0,
                0,
                0,
                0,
                0,
                0,
                0,
                0,
                0,
                0,
                0.089,
                0,
                0,
                0,
                0,
                0,
                0,
                0,
                0,
                0,
                0,
                0,
                0,
                0,
                0,
                0,
                0,
                0,
                0,
                0,
                0,
                0,
                0,
                0,
                0
            ],
            "raw_units": [
                "mJy",
                "mJy",
                "mJy",
                "mJy",
                "mJy",
                "mJy",
                "mJy",
                "mJy",
                "mJy",
                "mJy",
                "mJy",
                "mJy",
                "mJy",
                "mJy",
                "mJy",
                "mJy",
                "mJy",
                "mJy",
                "mJy",
                "mJy",
                "mJy",
                "mJy",
                "mJy",
                "mJy",
                "mJy",
                "mJy",
                "mJy",
                "mJy",
                "mJy",
                "mJy",
                "mJy",
                "mJy",
                "mJy",
                "mJy",
                "mJy",
                "mJy",
                "mJy",
                "mJy",
                "mJy",
                "mJy",
                "mJy",
                "mJy",
                "mJy",
                "mJy",
                "mJy",
                "mJy",
                "mJy",
                "mJy",
                "mJy",
                "mJy",
                "mJy",
                "mJy",
                "mJy",
                "mJy",
                "mJy",
                "mJy",
                "mJy",
                "mJy",
                "mJy",
                "mJy",
                "mJy",
                "mJy",
                "mJy",
                "mJy",
                "mJy",
                "mJy",
                "mJy"
            ],
            "telescope": "ASASSN",
            "upperlimit": [
                true,
                true,
                true,
                true,
                true,
                true,
                true,
                true,
                true,
                true,
                true,
                true,
                true,
                true,
                true,
                true,
                true,
                true,
                true,
                true,
                true,
                true,
                true,
                true,
                true,
                true,
                true,
                true,
                true,
                true,
                true,
                true,
                true,
                true,
                true,
                true,
                true,
                true,
                true,
                true,
                true,
                true,
                false,
                true,
                true,
                true,
                true,
                true,
                true,
                true,
                true,
                true,
                true,
                true,
                true,
                true,
                true,
                true,
                true,
                true,
                true,
                true,
                true,
                true,
                true,
                true,
                true
            ],
            "corr_k": false,
            "corr_s": false,
            "corr_host": true,
            "corr_av": false,
            "corr_hostav": false,
            "val_host": [
                2.0050000000000003,
                2.0050000000000003,
                2.0050000000000003,
                2.0050000000000003,
                2.0050000000000003,
                2.0050000000000003,
                2.0050000000000003,
                2.0050000000000003,
                2.0050000000000003,
                2.0050000000000003,
                2.0050000000000003,
                2.0050000000000003,
                2.0050000000000003,
                2.0050000000000003,
                2.0050000000000003,
                2.0050000000000003,
                2.0050000000000003,
                2.0050000000000003,
                2.0050000000000003,
                2.0050000000000003,
                2.0050000000000003,
                2.0050000000000003,
                2.0050000000000003,
                2.0050000000000003,
                2.0050000000000003,
                2.0050000000000003,
                2.0050000000000003,
                2.0050000000000003,
                2.0050000000000003,
                2.0050000000000003,
                2.0050000000000003,
                2.0050000000000003,
                2.0050000000000003,
                2.0050000000000003,
                2.0050000000000003,
                2.0050000000000003,
                3.228,
                3.228,
                3.228,
                3.228,
                3.228,
                3.228,
                3.228,
                3.228,
                3.228,
                3.228,
                3.228,
                3.228,
                3.228,
                3.228,
                3.228,
                3.228,
                3.228,
                3.228,
                3.228,
                3.228,
                3.228,
                3.228,
                3.228,
                3.228,
                3.228,
                3.228,
                3.228,
                3.228,
                3.228,
                3.228,
                3.228
            ],
            "obs_type": "uvoir",
            "reference": [
                "2024ApJ...961..211M"
            ]
        },
        {
            "date": [
                55258.428876905,
                55437.484864255,
                56720.45234742,
                56900.93908528,
                57082.370242505,
                57259.80811527,
                57448.02481221,
                57620.13717188,
                57813.645061855,
                57980.58806721,
                58181.243084225,
                58344.72767739,
                58543.46738509,
                58706.762690955,
                58909.16558046,
                59072.37449526,
                59275.420796165,
                59439.102230105,
                59640.3326154,
                59803.531993825,
                55258.428876905,
                55437.484864255,
                56720.386513755,
                56900.93908528,
                57082.370242505,
                57259.80811527,
                57448.02481221,
                57620.13717188,
                57813.645061855,
                57980.58806721,
                58181.243084225,
                58344.72767739,
                58543.46738509,
                58706.631978815,
                58909.16558046,
                59072.37449526,
                59275.420796165,
                59439.102230105,
                59640.3326154,
                59803.531993825
            ],
            "date_format": [
                "mjd",
                "mjd",
                "mjd",
                "mjd",
                "mjd",
                "mjd",
                "mjd",
                "mjd",
                "mjd",
                "mjd",
                "mjd",
                "mjd",
                "mjd",
                "mjd",
                "mjd",
                "mjd",
                "mjd",
                "mjd",
                "mjd",
                "mjd",
                "mjd",
                "mjd",
                "mjd",
                "mjd",
                "mjd",
                "mjd",
                "mjd",
                "mjd",
                "mjd",
                "mjd",
                "mjd",
                "mjd",
                "mjd",
                "mjd",
                "mjd",
                "mjd",
                "mjd",
                "mjd",
                "mjd",
                "mjd"
            ],
            "filter_key": [
                "W1",
                "W1",
                "W1",
                "W1",
                "W1",
                "W1",
                "W1",
                "W1",
                "W1",
                "W1",
                "W1",
                "W1",
                "W1",
                "W1",
                "W1",
                "W1",
                "W1",
                "W1",
                "W1",
                "W1",
                "W2",
                "W2",
                "W2",
                "W2",
                "W2",
                "W2",
                "W2",
                "W2",
                "W2",
                "W2",
                "W2",
                "W2",
                "W2",
                "W2",
                "W2",
                "W2",
                "W2",
                "W2",
                "W2",
                "W2"
            ],
            "raw": [
                0.018118549870722752,
                0.0181496197793784,
                0.02074199969590257,
                0.0707613536224365,
                0.021909927076219082,
                0.0226300313911557,
                0.018888830895827283,
                1.000196713623047,
                0.7853293842773439,
                0.8323606025390625,
                0.3776018096923828,
                0.4034352960205078,
                0.1419528912963867,
                0.3003991479492187,
                0.1065239497375488,
                0.2889759173583984,
                0.023407445115844472,
                0.1276203099060058,
                0.022957887033363808,
                0.1456982526855468,
                0.028991785500308998,
                0.029815023073642713,
                0.039412616356040944,
                0.032914773401813494,
                0.04385915401915741,
                0.05051483900177767,
                0.04008612910482785,
                1.4987461875000003,
                2.0623918671875,
                1.720969515625,
                1.20348148046875,
                0.9358853417968752,
                0.75988676171875,
                0.653908306640625,
                0.539111240234375,
                0.560578654296875,
                0.303071810546875,
                0.2647789877929687,
                0.205515056640625,
                0.322651423828125
            ],
            "raw_err": [
                0,
                0,
                0,
                8.220991763518878e-05,
                0,
                0,
                0,
                0.0100746530025477,
                0.006222886539464,
                0.0069944868191173,
                0.0014980733366912,
                0.0016943298313705,
                0.0002623740493245,
                0.000971842690411,
                0.0001713414661404,
                0.0009023858996506,
                0,
                0.0002352183468937,
                0,
                0.0002877464112707,
                0,
                0,
                0,
                0,
                0,
                0,
                0,
                0.0227441035304924,
                0.0427728227645962,
                0.0298845495170805,
                0.0147129600926816,
                0.0090264403050073,
                0.0060308157976342,
                0.0045474229818418,
                0.0031718519583838,
                0.0034838633155477,
                0.0011538920627645,
                0.0010730884068009,
                0.0006716607889647,
                0.0013386455786045
            ],
            "raw_units": [
                "mJy",
                "mJy",
                "mJy",
                "mJy",
                "mJy",
                "mJy",
                "mJy",
                "mJy",
                "mJy",
                "mJy",
                "mJy",
                "mJy",
                "mJy",
                "mJy",
                "mJy",
                "mJy",
                "mJy",
                "mJy",
                "mJy",
                "mJy",
                "mJy",
                "mJy",
                "mJy",
                "mJy",
                "mJy",
                "mJy",
                "mJy",
                "mJy",
                "mJy",
                "mJy",
                "mJy",
                "mJy",
                "mJy",
                "mJy",
                "mJy",
                "mJy",
                "mJy",
                "mJy",
                "mJy",
                "mJy"
            ],
            "telescope": "WISE",
            "upperlimit": [
                true,
                true,
                true,
                false,
                true,
                true,
                true,
                false,
                false,
                false,
                false,
                false,
                false,
                false,
                false,
                false,
                true,
                false,
                true,
                false,
                true,
                true,
                true,
                true,
                true,
                true,
                true,
                false,
                false,
                false,
                false,
                false,
                false,
                false,
                false,
                false,
                false,
                false,
                false,
                false
            ],
            "corr_k": false,
            "corr_s": false,
            "corr_host": true,
            "corr_av": false,
            "corr_hostav": false,
            "val_host": [
                4.546546034179688,
                4.546546034179688,
                4.546546034179688,
                4.546546034179688,
                4.546546034179688,
                4.546546034179688,
                4.546546034179688,
                4.546546034179688,
                4.546546034179688,
                4.546546034179688,
                4.546546034179688,
                4.546546034179688,
                4.546546034179688,
                4.546546034179688,
                4.546546034179688,
                4.546546034179688,
                4.546546034179688,
                4.546546034179688,
                4.546546034179688,
                4.546546034179688,
                3.1332376640625004,
                3.1332376640625004,
                3.1332376640625004,
                3.1332376640625004,
                3.1332376640625004,
                3.1332376640625004,
                3.1332376640625004,
                3.1332376640625004,
                3.1332376640625004,
                3.1332376640625004,
                3.1332376640625004,
                3.1332376640625004,
                3.1332376640625004,
                3.1332376640625004,
                3.1332376640625004,
                3.1332376640625004,
                3.1332376640625004,
                3.1332376640625004,
                3.1332376640625004,
                3.1332376640625004
            ],
            "obs_type": "uvoir",
            "reference": [
                "2024ApJ...961..211M"
            ]
        },
        {
            "date": [
                58113.12585,
                55583.9863
            ],
            "date_format": [
                "mjd",
                "mjd"
            ],
            "filter_key": [
                "0.5-7 ",
                "0.5-7 "
            ],
            "raw": [
                2.5e-14,
                7.5e-15
            ],
            "raw_err": [
                0,
                0
            ],
            "raw_units": [
                "erg/s/cm^2",
                "erg/s/cm^2"
            ],
            "telescope": "Chandra",
            "upperlimit": [
                true,
                true
            ],
            "corr_k": false,
            "corr_s": false,
            "corr_host": false,
            "corr_av": false,
            "corr_hostav": false,
            "obs_type": "xray",
            "xray_model": [
                {
                    "model_name": "Powerlaw",
                    "param_names": [
                        "Gamma"
                    ],
                    "param_values": [
                        2
                    ],
                    "param_units": [
                        "None"
                    ],
                    "min_energy": 0.5,
                    "max_energy": 7,
                    "energy_units": "keV",
                    "model_reference": "2024ApJ...961..211M"
                },
                {
                    "model_name": "Powerlaw",
                    "param_names": [
                        "Gamma"
                    ],
                    "param_values": [
                        2
                    ],
                    "param_units": [
                        "None"
                    ],
                    "min_energy": 0.5,
                    "max_energy": 7,
                    "energy_units": "keV",
                    "model_reference": "2024ApJ...961..211M"
                }
            ],
            "reference": [
                "2024ApJ...961..211M"
            ],
            "raw_err_detail": {
                "upper": [
                    0,
                    0
                ],
                "lower": [
                    0,
                    0
                ]
            }
        },
        {
            "date": [
                57759.9582800799,
                57774.242111963,
                57777.0989289433,
                57779.2864766296,
                57781.9452630775,
                57857.9509463391,
                57860.680056397,
                57861.746809985,
                57862.5117967905,
                57874.2160549224,
                57887.4360189803,
                57896.4278996701,
                57913.7585971829,
                57915.7449283611,
                57922.3103092581,
                57926.9666186065,
                57935.3519639688,
                57938.2698782257,
                57940.3966885475,
                57956.1953987847,
                57958.1403887616
            ],
            "date_format": [
                "mjd",
                "mjd",
                "mjd",
                "mjd",
                "mjd",
                "mjd",
                "mjd",
                "mjd",
                "mjd",
                "mjd",
                "mjd",
                "mjd",
                "mjd",
                "mjd",
                "mjd",
                "mjd",
                "mjd",
                "mjd",
                "mjd",
                "mjd",
                "mjd"
            ],
            "filter_key": [
                "0.3-10 ",
                "0.3-10 ",
                "0.3-10 ",
                "0.3-10 ",
                "0.3-10 ",
                "0.3-10 ",
                "0.3-10 ",
                "0.3-10 ",
                "0.3-10 ",
                "0.3-10 ",
                "0.3-10 ",
                "0.3-10 ",
                "0.3-10 ",
                "0.3-10 ",
                "0.3-10 ",
                "0.3-10 ",
                "0.3-10 ",
                "0.3-10 ",
                "0.3-10 ",
                "0.3-10 ",
                "0.3-10 "
            ],
            "raw": [
                3.0939650000000003e-12,
                8.7206e-13,
                5.0127e-12,
                1.3255200000000002e-12,
                1.158885e-12,
                5.1198e-12,
                1.14478e-12,
                1.5110200000000004e-12,
                1.6180150000000001e-12,
                7.179550000000001e-12,
                4.8426e-12,
                1.3532050000000002e-12,
                3.04696e-12,
                8.26595e-13,
                3.7576e-12,
                6.16595e-12,
                2.79839e-12,
                3.3022150000000004e-12,
                7.7602e-12,
                3.34446e-12,
                7.076300000000001e-12
            ],
            "raw_err": [
                0,
                0,
                0,
                0,
                0,
                0,
                0,
                0,
                0,
                0,
                0,
                0,
                0,
                0,
                0,
                0,
                0,
                0,
                0,
                0,
                0
            ],
            "raw_units": [
                "erg/s/cm^2",
                "erg/s/cm^2",
                "erg/s/cm^2",
                "erg/s/cm^2",
                "erg/s/cm^2",
                "erg/s/cm^2",
                "erg/s/cm^2",
                "erg/s/cm^2",
                "erg/s/cm^2",
                "erg/s/cm^2",
                "erg/s/cm^2",
                "erg/s/cm^2",
                "erg/s/cm^2",
                "erg/s/cm^2",
                "erg/s/cm^2",
                "erg/s/cm^2",
                "erg/s/cm^2",
                "erg/s/cm^2",
                "erg/s/cm^2",
                "erg/s/cm^2",
                "erg/s/cm^2"
            ],
            "telescope": "Swift",
            "upperlimit": [
                true,
                true,
                true,
                true,
                true,
                true,
                true,
                true,
                true,
                true,
                true,
                true,
                true,
                true,
                true,
                true,
                true,
                true,
                true,
                true,
                true
            ],
            "corr_k": false,
            "corr_s": false,
            "corr_host": false,
            "corr_av": false,
            "corr_hostav": false,
            "obs_type": "xray",
            "xray_model": [
                {
                    "model_name": "Powerlaw",
                    "param_names": [
                        "Gamma"
                    ],
                    "param_values": [
                        2
                    ],
                    "param_units": [
                        "None"
                    ],
                    "min_energy": 0.3,
                    "max_energy": 10,
                    "energy_units": "keV",
                    "model_reference": "2024ApJ...961..211M"
                },
                {
                    "model_name": "Powerlaw",
                    "param_names": [
                        "Gamma"
                    ],
                    "param_values": [
                        2
                    ],
                    "param_units": [
                        "None"
                    ],
                    "min_energy": 0.3,
                    "max_energy": 10,
                    "energy_units": "keV",
                    "model_reference": "2024ApJ...961..211M"
                },
                {
                    "model_name": "Powerlaw",
                    "param_names": [
                        "Gamma"
                    ],
                    "param_values": [
                        2
                    ],
                    "param_units": [
                        "None"
                    ],
                    "min_energy": 0.3,
                    "max_energy": 10,
                    "energy_units": "keV",
                    "model_reference": "2024ApJ...961..211M"
                },
                {
                    "model_name": "Powerlaw",
                    "param_names": [
                        "Gamma"
                    ],
                    "param_values": [
                        2
                    ],
                    "param_units": [
                        "None"
                    ],
                    "min_energy": 0.3,
                    "max_energy": 10,
                    "energy_units": "keV",
                    "model_reference": "2024ApJ...961..211M"
                },
                {
                    "model_name": "Powerlaw",
                    "param_names": [
                        "Gamma"
                    ],
                    "param_values": [
                        2
                    ],
                    "param_units": [
                        "None"
                    ],
                    "min_energy": 0.3,
                    "max_energy": 10,
                    "energy_units": "keV",
                    "model_reference": "2024ApJ...961..211M"
                },
                {
                    "model_name": "Powerlaw",
                    "param_names": [
                        "Gamma"
                    ],
                    "param_values": [
                        2
                    ],
                    "param_units": [
                        "None"
                    ],
                    "min_energy": 0.3,
                    "max_energy": 10,
                    "energy_units": "keV",
                    "model_reference": "2024ApJ...961..211M"
                },
                {
                    "model_name": "Powerlaw",
                    "param_names": [
                        "Gamma"
                    ],
                    "param_values": [
                        2
                    ],
                    "param_units": [
                        "None"
                    ],
                    "min_energy": 0.3,
                    "max_energy": 10,
                    "energy_units": "keV",
                    "model_reference": "2024ApJ...961..211M"
                },
                {
                    "model_name": "Powerlaw",
                    "param_names": [
                        "Gamma"
                    ],
                    "param_values": [
                        2
                    ],
                    "param_units": [
                        "None"
                    ],
                    "min_energy": 0.3,
                    "max_energy": 10,
                    "energy_units": "keV",
                    "model_reference": "2024ApJ...961..211M"
                },
                {
                    "model_name": "Powerlaw",
                    "param_names": [
                        "Gamma"
                    ],
                    "param_values": [
                        2
                    ],
                    "param_units": [
                        "None"
                    ],
                    "min_energy": 0.3,
                    "max_energy": 10,
                    "energy_units": "keV",
                    "model_reference": "2024ApJ...961..211M"
                },
                {
                    "model_name": "Powerlaw",
                    "param_names": [
                        "Gamma"
                    ],
                    "param_values": [
                        2
                    ],
                    "param_units": [
                        "None"
                    ],
                    "min_energy": 0.3,
                    "max_energy": 10,
                    "energy_units": "keV",
                    "model_reference": "2024ApJ...961..211M"
                },
                {
                    "model_name": "Powerlaw",
                    "param_names": [
                        "Gamma"
                    ],
                    "param_values": [
                        2
                    ],
                    "param_units": [
                        "None"
                    ],
                    "min_energy": 0.3,
                    "max_energy": 10,
                    "energy_units": "keV",
                    "model_reference": "2024ApJ...961..211M"
                },
                {
                    "model_name": "Powerlaw",
                    "param_names": [
                        "Gamma"
                    ],
                    "param_values": [
                        2
                    ],
                    "param_units": [
                        "None"
                    ],
                    "min_energy": 0.3,
                    "max_energy": 10,
                    "energy_units": "keV",
                    "model_reference": "2024ApJ...961..211M"
                },
                {
                    "model_name": "Powerlaw",
                    "param_names": [
                        "Gamma"
                    ],
                    "param_values": [
                        2
                    ],
                    "param_units": [
                        "None"
                    ],
                    "min_energy": 0.3,
                    "max_energy": 10,
                    "energy_units": "keV",
                    "model_reference": "2024ApJ...961..211M"
                },
                {
                    "model_name": "Powerlaw",
                    "param_names": [
                        "Gamma"
                    ],
                    "param_values": [
                        2
                    ],
                    "param_units": [
                        "None"
                    ],
                    "min_energy": 0.3,
                    "max_energy": 10,
                    "energy_units": "keV",
                    "model_reference": "2024ApJ...961..211M"
                },
                {
                    "model_name": "Powerlaw",
                    "param_names": [
                        "Gamma"
                    ],
                    "param_values": [
                        2
                    ],
                    "param_units": [
                        "None"
                    ],
                    "min_energy": 0.3,
                    "max_energy": 10,
                    "energy_units": "keV",
                    "model_reference": "2024ApJ...961..211M"
                },
                {
                    "model_name": "Powerlaw",
                    "param_names": [
                        "Gamma"
                    ],
                    "param_values": [
                        2
                    ],
                    "param_units": [
                        "None"
                    ],
                    "min_energy": 0.3,
                    "max_energy": 10,
                    "energy_units": "keV",
                    "model_reference": "2024ApJ...961..211M"
                },
                {
                    "model_name": "Powerlaw",
                    "param_names": [
                        "Gamma"
                    ],
                    "param_values": [
                        2
                    ],
                    "param_units": [
                        "None"
                    ],
                    "min_energy": 0.3,
                    "max_energy": 10,
                    "energy_units": "keV",
                    "model_reference": "2024ApJ...961..211M"
                },
                {
                    "model_name": "Powerlaw",
                    "param_names": [
                        "Gamma"
                    ],
                    "param_values": [
                        2
                    ],
                    "param_units": [
                        "None"
                    ],
                    "min_energy": 0.3,
                    "max_energy": 10,
                    "energy_units": "keV",
                    "model_reference": "2024ApJ...961..211M"
                },
                {
                    "model_name": "Powerlaw",
                    "param_names": [
                        "Gamma"
                    ],
                    "param_values": [
                        2
                    ],
                    "param_units": [
                        "None"
                    ],
                    "min_energy": 0.3,
                    "max_energy": 10,
                    "energy_units": "keV",
                    "model_reference": "2024ApJ...961..211M"
                },
                {
                    "model_name": "Powerlaw",
                    "param_names": [
                        "Gamma"
                    ],
                    "param_values": [
                        2
                    ],
                    "param_units": [
                        "None"
                    ],
                    "min_energy": 0.3,
                    "max_energy": 10,
                    "energy_units": "keV",
                    "model_reference": "2024ApJ...961..211M"
                },
                {
                    "model_name": "Powerlaw",
                    "param_names": [
                        "Gamma"
                    ],
                    "param_values": [
                        2
                    ],
                    "param_units": [
                        "None"
                    ],
                    "min_energy": 0.3,
                    "max_energy": 10,
                    "energy_units": "keV",
                    "model_reference": "2024ApJ...961..211M"
                }
            ],
            "reference": [
                "2024ApJ...961..211M"
            ],
            "raw_err_detail": {
                "upper": [
                    0,
                    0,
                    0,
                    0,
                    0,
                    0,
                    0,
                    0,
                    0,
                    0,
                    0,
                    0,
                    0,
                    0,
                    0,
                    0,
                    0,
                    0,
                    0,
                    0,
                    0
                ],
                "lower": [
                    0,
                    0,
                    0,
                    0,
                    0,
                    0,
                    0,
                    0,
                    0,
                    0,
                    0,
                    0,
                    0,
                    0,
                    0,
                    0,
                    0,
                    0,
                    0,
                    0,
                    0
                ]
            }
        }
    ],
    "filter_alias": [
        {
            "filter_key": "g",
            "filter_name": "g",
            "wave_eff": 471.8872246248687,
            "wave_units": "nm"
        },
        {
            "filter_key": "V",
            "filter_name": "V",
            "wave_eff": 553.7155963302753,
            "wave_units": "nm"
        },
        {
            "filter_key": "W1",
            "filter_name": "W1",
            "wave_eff": 261.3713060531025,
            "wave_units": "nm"
        },
        {
            "filter_key": "W2",
            "filter_name": "W2",
            "wave_eff": 207.98754332676123,
            "wave_units": "nm"
        },
        {
            "filter_key": "0.5-7 ",
            "filter_name": "0.5-7 ",
            "wave_eff": 0.19074492066646195,
            "wave_min": 0.1771202834760004,
            "wave_max": 2.479683968664005,
            "wave_units": "nm"
        },
        {
            "filter_key": "0.3-10 ",
            "filter_name": "0.3-10 ",
            "wave_eff": 0.12781876127134048,
            "wave_min": 0.12398419843320027,
            "wave_max": 4.132806614440009,
            "wave_units": "nm"
        }
    ],
    "reference_alias": [
        {
            "name": "2021ApJS..252...32J",
            "human_readable_name": "Jiang, Ning et al. (2021)"
        },
        {
            "name": "2022ApJS..258...21W",
            "human_readable_name": "Wang, Yibo et al. (2022)"
        },
        {
            "name": "2024ApJ...961..211M",
            "human_readable_name": "Masterson, Megan et al. (2024)"
        }
    ]
}