{
    "_key": "884630",
    "_id": "transients/884630",
    "_rev": "_jt3k_Ha---",
    "name": {
        "default_name": "WTP14adeqka",
        "alias": [
            {
                "value": "WTP14adeqka",
                "reference": [
                    "2024ApJ...961..211M"
                ]
            }
        ]
    },
    "coordinate": [
        {
            "ra": 297.353597,
            "dec": 63.509271,
            "ra_units": "deg",
            "dec_units": "deg",
            "reference": [
                "2024ApJ...961..211M"
            ],
            "coordinate_type": "equatorial"
        }
    ],
    "distance": [
        {
            "value": 0.01895,
            "reference": [
                "2024ApJ...961..211M"
            ],
            "distance_type": "redshift"
        },
        {
            "value": 80.2,
            "reference": [
                "2024ApJ...961..211M"
            ],
            "unit": "Mpc",
            "distance_type": "luminosity"
        }
    ],
    "date_reference": [
        {
            "value": 57131,
            "reference": [
                "2024ApJ...961..211M"
            ],
            "date_format": "mjd",
            "date_type": "explosion"
        }
    ],
    "classification": {
        "value": [
            {
                "object_class": "TDE",
                "confidence": 3.3,
                "reference": [
                    "2024ApJ...961..211M"
                ]
            }
        ],
        "spec_classed": 3,
        "unambiguous": true
    },
    "photometry": [
        {
            "date": [
                2017.826484196394,
                2017.8333735813676,
                2018.24606430322,
                2018.403103160228,
                2018.5677134043635,
                2018.821730230158,
                2018.921956267821,
                2019.3006611165845,
                2019.44641780321,
                2019.612338194159,
                2019.7666077765257,
                2019.9012463004944,
                2020.2557145099715,
                2020.3895990622948,
                2020.4714579169768,
                2020.6111603345448,
                2020.752001766348,
                2020.9270257040548,
                2021.2307064984552,
                2021.308469773784,
                2021.423891032676,
                2021.6066698623151,
                2021.771527252562,
                2021.9080791843717,
                2022.2220756889203,
                2022.3183436544448,
                2022.4413282453045,
                2022.6003727616007,
                2022.7802288194512,
                2022.907571765564,
                2022.9263075947808,
                2023.1430248225424,
                2015.2570474248184,
                2015.445243081552,
                2015.614837392554,
                2015.7837760354812,
                2016.2508297227828,
                2016.413790035551,
                2016.5807763906591,
                2016.7793523629216,
                2016.8665685822364,
                2017.2111084599428,
                2017.408574995156,
                2017.5840076978757,
                2017.7294785127297,
                2018.2390568876328,
                2018.4343199516184,
                2018.62805910752,
                2018.6861943527117,
                2018.8043517619008
            ],
            "date_format": [
                "decimalyear",
                "decimalyear",
                "decimalyear",
                "decimalyear",
                "decimalyear",
                "decimalyear",
                "decimalyear",
                "decimalyear",
                "decimalyear",
                "decimalyear",
                "decimalyear",
                "decimalyear",
                "decimalyear",
                "decimalyear",
                "decimalyear",
                "decimalyear",
                "decimalyear",
                "decimalyear",
                "decimalyear",
                "decimalyear",
                "decimalyear",
                "decimalyear",
                "decimalyear",
                "decimalyear",
                "decimalyear",
                "decimalyear",
                "decimalyear",
                "decimalyear",
                "decimalyear",
                "decimalyear",
                "decimalyear",
                "decimalyear",
                "decimalyear",
                "decimalyear",
                "decimalyear",
                "decimalyear",
                "decimalyear",
                "decimalyear",
                "decimalyear",
                "decimalyear",
                "decimalyear",
                "decimalyear",
                "decimalyear",
                "decimalyear",
                "decimalyear",
                "decimalyear",
                "decimalyear",
                "decimalyear",
                "decimalyear",
                "decimalyear"
            ],
            "filter_key": [
                "g",
                "g",
                "g",
                "g",
                "g",
                "g",
                "g",
                "g",
                "g",
                "g",
                "g",
                "g",
                "g",
                "g",
                "g",
                "g",
                "g",
                "g",
                "g",
                "g",
                "g",
                "g",
                "g",
                "g",
                "g",
                "g",
                "g",
                "g",
                "g",
                "g",
                "g",
                "g",
                "V",
                "V",
                "V",
                "V",
                "V",
                "V",
                "V",
                "V",
                "V",
                "V",
                "V",
                "V",
                "V",
                "V",
                "V",
                "V",
                "V",
                "V"
            ],
            "raw": [
                0.01525971529146081,
                0.37709999999999994,
                0.040083694463524444,
                0.024966853687517096,
                0.0456521305865793,
                0.04078178838235941,
                0.044204846343158216,
                0.023669532075293157,
                0.02155353482418894,
                0.02684488171694043,
                0.02403552077530356,
                0.03432335168263488,
                0.022871484362395833,
                0.020419375697737857,
                0.059887589172044425,
                0.02566152323964732,
                0.018431104921782272,
                0.060813626682740374,
                0.040568772188136995,
                0.07922262907055264,
                0.02086113325513938,
                0.019208633106810633,
                0.01779462593037237,
                0.03781051833911514,
                0.02140912745779995,
                0.03583622060059914,
                0.01479753185927913,
                0.01687962452275647,
                0.02064476797928025,
                0.04416814319939487,
                0.20159999999999995,
                0.0893032180963734,
                0.11231653318728435,
                0.04084153025299353,
                0.05627347600170209,
                0.073863504970227,
                0.05685475314681456,
                0.116305792168454,
                0.05380872108225135,
                0.058394823395314134,
                0.14496299451798245,
                0.06444894492002559,
                0.06322534106224849,
                0.04175937252436743,
                0.04607783594278857,
                0.13820491810229513,
                0.03437892900085239,
                0.056834858308984285,
                0.24413557441115158,
                0.10868814285382522
            ],
            "raw_err": [
                0,
                0,
                0,
                0,
                0,
                0,
                0,
                0,
                0,
                0,
                0,
                0,
                0,
                0,
                0,
                0,
                0,
                0,
                0,
                0,
                0,
                0,
                0,
                0,
                0,
                0,
                0,
                0,
                0,
                0,
                0,
                0,
                0,
                0,
                0,
                0,
                0,
                0,
                0,
                0,
                0,
                0,
                0,
                0,
                0,
                0,
                0,
                0,
                0,
                0
            ],
            "raw_units": [
                "mJy",
                "mJy",
                "mJy",
                "mJy",
                "mJy",
                "mJy",
                "mJy",
                "mJy",
                "mJy",
                "mJy",
                "mJy",
                "mJy",
                "mJy",
                "mJy",
                "mJy",
                "mJy",
                "mJy",
                "mJy",
                "mJy",
                "mJy",
                "mJy",
                "mJy",
                "mJy",
                "mJy",
                "mJy",
                "mJy",
                "mJy",
                "mJy",
                "mJy",
                "mJy",
                "mJy",
                "mJy",
                "mJy",
                "mJy",
                "mJy",
                "mJy",
                "mJy",
                "mJy",
                "mJy",
                "mJy",
                "mJy",
                "mJy",
                "mJy",
                "mJy",
                "mJy",
                "mJy",
                "mJy",
                "mJy",
                "mJy",
                "mJy"
            ],
            "telescope": "ASASSN",
            "upperlimit": [
                true,
                true,
                true,
                true,
                true,
                true,
                true,
                true,
                true,
                true,
                true,
                true,
                true,
                true,
                true,
                true,
                true,
                true,
                true,
                true,
                true,
                true,
                true,
                true,
                true,
                true,
                true,
                true,
                true,
                true,
                true,
                true,
                true,
                true,
                true,
                true,
                true,
                true,
                true,
                true,
                true,
                true,
                true,
                true,
                true,
                true,
                true,
                true,
                true,
                true
            ],
            "corr_k": false,
            "corr_s": false,
            "corr_host": true,
            "corr_av": false,
            "corr_hostav": false,
            "val_host": [
                3.354,
                3.354,
                3.354,
                3.354,
                3.354,
                3.354,
                3.354,
                3.354,
                3.354,
                3.354,
                3.354,
                3.354,
                3.354,
                3.354,
                3.354,
                3.354,
                3.354,
                3.354,
                3.354,
                3.354,
                3.354,
                3.354,
                3.354,
                3.354,
                3.354,
                3.354,
                3.354,
                3.354,
                3.354,
                3.354,
                3.354,
                3.354,
                5.189,
                5.189,
                5.189,
                5.189,
                5.189,
                5.189,
                5.189,
                5.189,
                5.189,
                5.189,
                5.189,
                5.189,
                5.189,
                5.189,
                5.189,
                5.189,
                5.189,
                5.189
            ],
            "obs_type": "uvoir",
            "reference": [
                "2024ApJ...961..211M"
            ]
        },
        {
            "date": [
                55370.58823776,
                55545.15884017,
                56645.1763517,
                56830.23109223,
                57008.31870479,
                57193.362101545004,
                57369.016106430005,
                57558.794091395,
                57728.09847207,
                57922.88731398,
                58088.809288865,
                58285.32140837,
                58450.741624125,
                58654.213145885,
                58816.60127126,
                59018.40342286,
                59180.73726405,
                59382.05640877,
                59550.333498125,
                59749.69396449,
                55370.58823776,
                55545.15890385,
                56645.1763517,
                56830.231155895,
                57008.31870479,
                57193.362101545004,
                57369.016106430005,
                57558.85960669,
                57728.09847207,
                57922.88731398,
                58088.809288865,
                58285.32140837,
                58450.807075835,
                58654.21314584,
                58816.60127126,
                59018.40342286,
                59180.73726405,
                59382.05640877,
                59550.333561785,
                59749.69396449
            ],
            "date_format": [
                "mjd",
                "mjd",
                "mjd",
                "mjd",
                "mjd",
                "mjd",
                "mjd",
                "mjd",
                "mjd",
                "mjd",
                "mjd",
                "mjd",
                "mjd",
                "mjd",
                "mjd",
                "mjd",
                "mjd",
                "mjd",
                "mjd",
                "mjd",
                "mjd",
                "mjd",
                "mjd",
                "mjd",
                "mjd",
                "mjd",
                "mjd",
                "mjd",
                "mjd",
                "mjd",
                "mjd",
                "mjd",
                "mjd",
                "mjd",
                "mjd",
                "mjd",
                "mjd",
                "mjd",
                "mjd",
                "mjd"
            ],
            "filter_key": [
                "W1",
                "W1",
                "W1",
                "W1",
                "W1",
                "W1",
                "W1",
                "W1",
                "W1",
                "W1",
                "W1",
                "W1",
                "W1",
                "W1",
                "W1",
                "W1",
                "W1",
                "W1",
                "W1",
                "W1",
                "W2",
                "W2",
                "W2",
                "W2",
                "W2",
                "W2",
                "W2",
                "W2",
                "W2",
                "W2",
                "W2",
                "W2",
                "W2",
                "W2",
                "W2",
                "W2",
                "W2",
                "W2",
                "W2",
                "W2"
            ],
            "raw": [
                0.0469995949859619,
                0.01157020582775688,
                0.1046252612915039,
                0.016134887347190367,
                1.8299636323242188,
                5.451267556640625,
                8.467603646484376,
                15.37903983984375,
                18.22171672265625,
                15.339198152343752,
                11.140517015625,
                6.610201025390626,
                5.737693054687501,
                4.4430319394531255,
                4.319456381835938,
                3.2151863408203125,
                2.9927229375000004,
                2.2035837099609377,
                2.546960563476563,
                2.335631872558594,
                0.0681763477783203,
                0.01992135755902863,
                0.025363935057123182,
                0.025193329266969662,
                2.4090719765625,
                8.157311640625,
                12.3881629375,
                24.7633210625,
                31.789332937500003,
                31.918169,
                26.2834248125,
                18.165651,
                15.1653340625,
                13.121975406250002,
                11.99159140625,
                10.300415515625,
                9.352579953125002,
                7.93040265625,
                7.892501515625001,
                7.591414843750001
            ],
            "raw_err": [
                3.9077032567691686e-05,
                0,
                0.000133870622931,
                0,
                0.0335274630954052,
                0.2972137571433454,
                0.7170553920657715,
                2.3651927040227343,
                3.320357993804002,
                2.3529577865638145,
                1.241162283659922,
                0.4369949341521034,
                0.3292581384299278,
                0.1974539370507214,
                0.1866362278400316,
                0.1034283616404957,
                0.0896149710904296,
                0.04860359277196,
                0.0649169923287863,
                0.054600601730986,
                8.866612238543665e-05,
                0,
                0,
                0,
                0.058123077183872,
                0.6655499483154491,
                1.5347706791571605,
                6.132365733443759,
                10.1057366718014,
                10.187823118145438,
                6.90835044212661,
                3.3000686324581534,
                2.300041111146931,
                1.7220465143533683,
                1.4381701746128823,
                1.061167133974298,
                0.8748801788271178,
                0.6291528181787813,
                0.6231192649619357,
                0.5764505681772019
            ],
            "raw_units": [
                "mJy",
                "mJy",
                "mJy",
                "mJy",
                "mJy",
                "mJy",
                "mJy",
                "mJy",
                "mJy",
                "mJy",
                "mJy",
                "mJy",
                "mJy",
                "mJy",
                "mJy",
                "mJy",
                "mJy",
                "mJy",
                "mJy",
                "mJy",
                "mJy",
                "mJy",
                "mJy",
                "mJy",
                "mJy",
                "mJy",
                "mJy",
                "mJy",
                "mJy",
                "mJy",
                "mJy",
                "mJy",
                "mJy",
                "mJy",
                "mJy",
                "mJy",
                "mJy",
                "mJy",
                "mJy",
                "mJy"
            ],
            "telescope": "WISE",
            "upperlimit": [
                false,
                true,
                false,
                true,
                false,
                false,
                false,
                false,
                false,
                false,
                false,
                false,
                false,
                false,
                false,
                false,
                false,
                false,
                false,
                false,
                false,
                true,
                true,
                true,
                false,
                false,
                false,
                false,
                false,
                false,
                false,
                false,
                false,
                false,
                false,
                false,
                false,
                false,
                false,
                false
            ],
            "corr_k": false,
            "corr_s": false,
            "corr_host": true,
            "corr_av": false,
            "corr_hostav": false,
            "val_host": [
                6.287378103515625,
                6.287378103515625,
                6.287378103515625,
                6.287378103515625,
                6.287378103515625,
                6.287378103515625,
                6.287378103515625,
                6.287378103515625,
                6.287378103515625,
                6.287378103515625,
                6.287378103515625,
                6.287378103515625,
                6.287378103515625,
                6.287378103515625,
                6.287378103515625,
                6.287378103515625,
                6.287378103515625,
                6.287378103515625,
                6.287378103515625,
                6.287378103515625,
                4.640060796875,
                4.640060796875,
                4.640060796875,
                4.640060796875,
                4.640060796875,
                4.640060796875,
                4.640060796875,
                4.640060796875,
                4.640060796875,
                4.640060796875,
                4.640060796875,
                4.640060796875,
                4.640060796875,
                4.640060796875,
                4.640060796875,
                4.640060796875,
                4.640060796875,
                4.640060796875,
                4.640060796875,
                4.640060796875
            ],
            "obs_type": "uvoir",
            "reference": [
                "2024ApJ...961..211M"
            ]
        },
        {
            "date": [
                60104.5982528194
            ],
            "date_format": [
                "mjd"
            ],
            "filter_key": [
                "0.3-10 "
            ],
            "raw": [
                9.16965e-13
            ],
            "raw_err": [
                0
            ],
            "raw_units": [
                "erg/s/cm^2"
            ],
            "telescope": "Swift",
            "upperlimit": [
                true
            ],
            "corr_k": false,
            "corr_s": false,
            "corr_host": false,
            "corr_av": false,
            "corr_hostav": false,
            "obs_type": "xray",
            "xray_model": [
                {
                    "model_name": "Powerlaw",
                    "param_names": [
                        "Gamma"
                    ],
                    "param_values": [
                        2
                    ],
                    "param_units": [
                        "None"
                    ],
                    "min_energy": 0.3,
                    "max_energy": 10,
                    "energy_units": "keV",
                    "model_reference": "2024ApJ...961..211M"
                }
            ],
            "reference": [
                "2024ApJ...961..211M"
            ],
            "raw_err_detail": {
                "upper": [
                    0
                ],
                "lower": [
                    0
                ]
            }
        }
    ],
    "filter_alias": [
        {
            "filter_key": "g",
            "filter_name": "g",
            "wave_eff": 471.8872246248687,
            "wave_units": "nm"
        },
        {
            "filter_key": "V",
            "filter_name": "V",
            "wave_eff": 553.7155963302753,
            "wave_units": "nm"
        },
        {
            "filter_key": "W1",
            "filter_name": "W1",
            "wave_eff": 261.3713060531025,
            "wave_units": "nm"
        },
        {
            "filter_key": "W2",
            "filter_name": "W2",
            "wave_eff": 207.98754332676123,
            "wave_units": "nm"
        },
        {
            "filter_key": "0.3-10 ",
            "filter_name": "0.3-10 ",
            "wave_eff": 0.12781876127134048,
            "wave_min": 0.12398419843320027,
            "wave_max": 4.132806614440009,
            "wave_units": "nm"
        }
    ],
    "reference_alias": [
        {
            "name": "2024ApJ...961..211M",
            "human_readable_name": "Masterson, Megan et al. (2024)"
        }
    ]
}