{
    "_key": "885011",
    "_id": "transients/885011",
    "_rev": "_jt3lwCq---",
    "name": {
        "default_name": "WTP15acbuuv",
        "alias": [
            {
                "value": "WTP15acbuuv",
                "reference": [
                    "2024ApJ...961..211M"
                ]
            }
        ]
    },
    "coordinate": [
        {
            "ra": 154.672586,
            "dec": -13.001884,
            "ra_units": "deg",
            "dec_units": "deg",
            "reference": [
                "2024ApJ...961..211M"
            ],
            "coordinate_type": "equatorial"
        }
    ],
    "distance": [
        {
            "value": 0.03059,
            "reference": [
                "2024ApJ...961..211M"
            ],
            "distance_type": "redshift"
        },
        {
            "value": 139.5,
            "reference": [
                "2024ApJ...961..211M"
            ],
            "unit": "Mpc",
            "distance_type": "luminosity"
        }
    ],
    "date_reference": [
        {
            "value": 57277,
            "reference": [
                "2024ApJ...961..211M"
            ],
            "date_format": "mjd",
            "date_type": "explosion"
        }
    ],
    "classification": {
        "value": [
            {
                "object_class": "TDE",
                "confidence": 3.3,
                "reference": [
                    "2024ApJ...961..211M"
                ]
            }
        ],
        "spec_classed": 3,
        "unambiguous": true
    },
    "photometry": [
        {
            "date": [
                2017.9892622857656,
                2018.05092110543,
                2018.1729144629296,
                2018.3299635315036,
                2018.435675465547,
                2018.5157343881824,
                2018.9219754275848,
                2019.0613118218068,
                2019.210595072185,
                2019.365628454796,
                2019.4883621255397,
                2019.5368268841537,
                2019.9217720472116,
                2020.0546891421343,
                2020.153576866281,
                2020.2513824157616,
                2020.399958446914,
                2020.5374345792225,
                2020.9020169109929,
                2021.0800325303408,
                2021.2128357022784,
                2021.2373332124032,
                2021.408393240748,
                2021.512609054716,
                2021.894920719272,
                2022.0501000868587,
                2022.2039469369895,
                2022.329766449166,
                2022.4076292359289,
                2022.4788497175032,
                2022.8689991084932,
                2023.0328348694368,
                2023.163602669979,
                2023.2956744659052,
                2012.1250188836264,
                2013.1421844524225,
                2013.2710990548196,
                2013.9872943357857,
                2014.150206986491,
                2014.325179738056,
                2014.485137627576,
                2014.8709176663535,
                2015.0433557563883,
                2015.2283909220885,
                2015.380793136884,
                2015.4707147769816,
                2015.880305316328,
                2016.0521471538136,
                2016.1695485582572,
                2016.2802084952548,
                2016.4694506138385,
                2016.9189614165368,
                2017.0678235536668,
                2017.253501930468,
                2017.3869773178976,
                2017.4685830159467,
                2017.876534836531,
                2018.007594330028,
                2018.0649989470303,
                2018.2062847380732,
                2018.29172856088,
                2018.5107091216205,
                2018.8628067340428
            ],
            "date_format": [
                "decimalyear",
                "decimalyear",
                "decimalyear",
                "decimalyear",
                "decimalyear",
                "decimalyear",
                "decimalyear",
                "decimalyear",
                "decimalyear",
                "decimalyear",
                "decimalyear",
                "decimalyear",
                "decimalyear",
                "decimalyear",
                "decimalyear",
                "decimalyear",
                "decimalyear",
                "decimalyear",
                "decimalyear",
                "decimalyear",
                "decimalyear",
                "decimalyear",
                "decimalyear",
                "decimalyear",
                "decimalyear",
                "decimalyear",
                "decimalyear",
                "decimalyear",
                "decimalyear",
                "decimalyear",
                "decimalyear",
                "decimalyear",
                "decimalyear",
                "decimalyear",
                "decimalyear",
                "decimalyear",
                "decimalyear",
                "decimalyear",
                "decimalyear",
                "decimalyear",
                "decimalyear",
                "decimalyear",
                "decimalyear",
                "decimalyear",
                "decimalyear",
                "decimalyear",
                "decimalyear",
                "decimalyear",
                "decimalyear",
                "decimalyear",
                "decimalyear",
                "decimalyear",
                "decimalyear",
                "decimalyear",
                "decimalyear",
                "decimalyear",
                "decimalyear",
                "decimalyear",
                "decimalyear",
                "decimalyear",
                "decimalyear",
                "decimalyear",
                "decimalyear"
            ],
            "filter_key": [
                "g",
                "g",
                "g",
                "g",
                "g",
                "g",
                "g",
                "g",
                "g",
                "g",
                "g",
                "g",
                "g",
                "g",
                "g",
                "g",
                "g",
                "g",
                "g",
                "g",
                "g",
                "g",
                "g",
                "g",
                "g",
                "g",
                "g",
                "g",
                "g",
                "g",
                "g",
                "g",
                "g",
                "g",
                "V",
                "V",
                "V",
                "V",
                "V",
                "V",
                "V",
                "V",
                "V",
                "V",
                "V",
                "V",
                "V",
                "V",
                "V",
                "V",
                "V",
                "V",
                "V",
                "V",
                "V",
                "V",
                "V",
                "V",
                "V",
                "V",
                "V",
                "V",
                "V"
            ],
            "raw": [
                0.018780175603076217,
                0.13492523889708952,
                0.01737686461318605,
                0.019145083637656497,
                0.029091750680505093,
                0.13208336018068106,
                0.03007618929945117,
                0.01618794785835495,
                0.0160028688325836,
                0.02883352724101458,
                0.047377056500516185,
                0.29096874602887857,
                0.027840589737063513,
                0.023380308843728284,
                0.03725762842515762,
                0.036281037646261796,
                0.027936876559037885,
                0.3216,
                0.027447362110236507,
                0.02065996816377108,
                0.023095183446187648,
                0.11740107923801366,
                0.0210775908126411,
                0.05283998212146714,
                0.03169849978168581,
                0.020605366465652072,
                0.01859004890581767,
                0.01882956439209174,
                0.04506421825209683,
                0.04731518608435291,
                0.02610690797715762,
                0.03183492964235181,
                0.01950426405191586,
                0.04041438632412363,
                0.10800822911958802,
                0.04905669610177758,
                0.09174890216301104,
                0.11069651529501152,
                0.14031832781996711,
                0.10816583796566079,
                0.12138782819426294,
                0.04899284122617495,
                0.041612672995440775,
                0.061039460749674604,
                0.05918316109138179,
                0.2451353326156763,
                0.0849511700075673,
                0.029154984582185788,
                0.08799222497638864,
                0.043557924960692315,
                0.07693900172698448,
                0.058759133935159476,
                0.028742368586600252,
                0.04474397765262572,
                0.054447233352210536,
                0.07806761193827669,
                0.045129192765371764,
                0.10521817696231853,
                0.04543854223551566,
                0.06923248590061037,
                0.12241927764580705,
                0.12984622825887313,
                0.14979628549505974
            ],
            "raw_err": [
                0,
                0,
                0,
                0,
                0,
                0,
                0,
                0,
                0,
                0,
                0,
                0,
                0,
                0,
                0,
                0,
                0,
                0,
                0,
                0,
                0,
                0,
                0,
                0,
                0,
                0,
                0,
                0,
                0,
                0,
                0,
                0,
                0,
                0,
                0,
                0,
                0,
                0,
                0,
                0,
                0,
                0,
                0,
                0,
                0,
                0,
                0,
                0,
                0,
                0,
                0,
                0,
                0,
                0,
                0,
                0,
                0,
                0,
                0,
                0,
                0,
                0,
                0
            ],
            "raw_units": [
                "mJy",
                "mJy",
                "mJy",
                "mJy",
                "mJy",
                "mJy",
                "mJy",
                "mJy",
                "mJy",
                "mJy",
                "mJy",
                "mJy",
                "mJy",
                "mJy",
                "mJy",
                "mJy",
                "mJy",
                "mJy",
                "mJy",
                "mJy",
                "mJy",
                "mJy",
                "mJy",
                "mJy",
                "mJy",
                "mJy",
                "mJy",
                "mJy",
                "mJy",
                "mJy",
                "mJy",
                "mJy",
                "mJy",
                "mJy",
                "mJy",
                "mJy",
                "mJy",
                "mJy",
                "mJy",
                "mJy",
                "mJy",
                "mJy",
                "mJy",
                "mJy",
                "mJy",
                "mJy",
                "mJy",
                "mJy",
                "mJy",
                "mJy",
                "mJy",
                "mJy",
                "mJy",
                "mJy",
                "mJy",
                "mJy",
                "mJy",
                "mJy",
                "mJy",
                "mJy",
                "mJy",
                "mJy",
                "mJy"
            ],
            "telescope": "ASASSN",
            "upperlimit": [
                true,
                true,
                true,
                true,
                true,
                true,
                true,
                true,
                true,
                true,
                true,
                true,
                true,
                true,
                true,
                true,
                true,
                true,
                true,
                true,
                true,
                true,
                true,
                true,
                true,
                true,
                true,
                true,
                true,
                true,
                true,
                true,
                true,
                true,
                true,
                true,
                true,
                true,
                true,
                true,
                true,
                true,
                true,
                true,
                true,
                true,
                true,
                true,
                true,
                true,
                true,
                true,
                true,
                true,
                true,
                true,
                true,
                true,
                true,
                true,
                true,
                true,
                true
            ],
            "corr_k": false,
            "corr_s": false,
            "corr_host": true,
            "corr_av": false,
            "corr_hostav": false,
            "val_host": [
                0.99,
                0.99,
                0.99,
                0.99,
                0.99,
                0.99,
                0.99,
                0.99,
                0.99,
                0.99,
                0.99,
                0.99,
                0.99,
                0.99,
                0.99,
                0.99,
                0.99,
                0.99,
                0.99,
                0.99,
                0.99,
                0.99,
                0.99,
                0.99,
                0.99,
                0.99,
                0.99,
                0.99,
                0.99,
                0.99,
                0.99,
                0.99,
                0.99,
                0.99,
                1.539,
                1.539,
                1.539,
                1.539,
                1.539,
                1.539,
                1.539,
                1.539,
                1.539,
                1.539,
                1.539,
                1.539,
                1.539,
                1.539,
                1.539,
                1.539,
                1.539,
                1.539,
                1.539,
                1.539,
                1.539,
                1.539,
                1.539,
                1.539,
                1.539,
                1.539,
                1.539,
                1.539,
                1.539
            ],
            "obs_type": "uvoir",
            "reference": [
                "2024ApJ...961..211M"
            ]
        },
        {
            "date": [
                55345.52806895,
                55535.46018738,
                56810.04228457,
                56997.49711445,
                57167.8147083,
                57360.90776259,
                57528.272993815,
                57726.61454033,
                57888.85257048,
                58093.31616393,
                58249.27631186501,
                58457.79869676,
                58614.84436044,
                58821.92221669,
                58980.35494792,
                59187.98527691999,
                59344.61604182,
                59553.264304835,
                59710.29257621,
                59917.44987838,
                55345.52806895,
                55535.46018738,
                56810.04228457,
                56997.49711445,
                57167.8147083,
                57360.90776259,
                57528.272993815,
                57726.549024825,
                57888.85257048,
                58093.31616393,
                58249.27631186501,
                58457.79869676,
                58614.84436044,
                58821.92221669,
                58980.35494792,
                59187.98527691999,
                59344.61604182,
                59553.264304835,
                59710.29257621,
                59917.44987838
            ],
            "date_format": [
                "mjd",
                "mjd",
                "mjd",
                "mjd",
                "mjd",
                "mjd",
                "mjd",
                "mjd",
                "mjd",
                "mjd",
                "mjd",
                "mjd",
                "mjd",
                "mjd",
                "mjd",
                "mjd",
                "mjd",
                "mjd",
                "mjd",
                "mjd",
                "mjd",
                "mjd",
                "mjd",
                "mjd",
                "mjd",
                "mjd",
                "mjd",
                "mjd",
                "mjd",
                "mjd",
                "mjd",
                "mjd",
                "mjd",
                "mjd",
                "mjd",
                "mjd",
                "mjd",
                "mjd",
                "mjd",
                "mjd"
            ],
            "filter_key": [
                "W1",
                "W1",
                "W1",
                "W1",
                "W1",
                "W1",
                "W1",
                "W1",
                "W1",
                "W1",
                "W1",
                "W1",
                "W1",
                "W1",
                "W1",
                "W1",
                "W1",
                "W1",
                "W1",
                "W1",
                "W2",
                "W2",
                "W2",
                "W2",
                "W2",
                "W2",
                "W2",
                "W2",
                "W2",
                "W2",
                "W2",
                "W2",
                "W2",
                "W2",
                "W2",
                "W2",
                "W2",
                "W2",
                "W2",
                "W2"
            ],
            "raw": [
                0.01814013751596378,
                0.022142053172245497,
                0.01900560029360676,
                0.02006690088194058,
                0.2804860367431641,
                5.579623863281251,
                9.677190785156249,
                3.74526346875,
                1.94899698046875,
                0.7053556428222657,
                0.8729500458984376,
                0.243165498046875,
                0.2965479450073242,
                0.029363127492173187,
                0.025106030018702007,
                0.0281675512180395,
                0.02595858843799638,
                0.02859144765782547,
                0.025156818726423717,
                0.028774917872117035,
                0.037756242787971475,
                0.04043318075927352,
                0.044241040424789435,
                0.2010138090820312,
                0.2868422080078125,
                5.753957656250001,
                11.057840359375,
                7.041655140625,
                3.9533407187500007,
                1.9804318515625,
                1.6158054570312503,
                0.861602421875,
                0.61432621875,
                0.06217906530603789,
                0.05556978611881254,
                0.060507944516075135,
                0.05385824001782226,
                0.06246449049325561,
                0.055958219477188105,
                0.059838182337570184
            ],
            "raw_err": [
                0,
                0,
                0,
                0,
                0.0008312474213533,
                0.311395325827297,
                0.9365596825870672,
                0.1403540765397285,
                0.0380571628848253,
                0.0050467393477921,
                0.0076768164051113,
                0.000681507274526,
                0.0009489645312247,
                0,
                0,
                0,
                0,
                0,
                0,
                0,
                0,
                0,
                0,
                0.0006212111865501,
                0.0010854923618786,
                0.3313751618305363,
                1.2230460775025926,
                0.4961819244591561,
                0.156614643481953,
                0.0396380170568409,
                0.0264296652993017,
                0.0078484034040546,
                0.0040942945471326,
                0,
                0,
                0,
                0,
                0,
                0,
                0
            ],
            "raw_units": [
                "mJy",
                "mJy",
                "mJy",
                "mJy",
                "mJy",
                "mJy",
                "mJy",
                "mJy",
                "mJy",
                "mJy",
                "mJy",
                "mJy",
                "mJy",
                "mJy",
                "mJy",
                "mJy",
                "mJy",
                "mJy",
                "mJy",
                "mJy",
                "mJy",
                "mJy",
                "mJy",
                "mJy",
                "mJy",
                "mJy",
                "mJy",
                "mJy",
                "mJy",
                "mJy",
                "mJy",
                "mJy",
                "mJy",
                "mJy",
                "mJy",
                "mJy",
                "mJy",
                "mJy",
                "mJy",
                "mJy"
            ],
            "telescope": "WISE",
            "upperlimit": [
                true,
                true,
                true,
                true,
                false,
                false,
                false,
                false,
                false,
                false,
                false,
                false,
                false,
                true,
                true,
                true,
                true,
                true,
                true,
                true,
                true,
                true,
                true,
                false,
                false,
                false,
                false,
                false,
                false,
                false,
                false,
                false,
                false,
                true,
                true,
                true,
                true,
                true,
                true,
                true
            ],
            "corr_k": false,
            "corr_s": false,
            "corr_host": true,
            "corr_av": false,
            "corr_hostav": false,
            "val_host": [
                2.708947778320313,
                2.708947778320313,
                2.708947778320313,
                2.708947778320313,
                2.708947778320313,
                2.708947778320313,
                2.708947778320313,
                2.708947778320313,
                2.708947778320313,
                2.708947778320313,
                2.708947778320313,
                2.708947778320313,
                2.708947778320313,
                2.708947778320313,
                2.708947778320313,
                2.708947778320313,
                2.708947778320313,
                2.708947778320313,
                2.708947778320313,
                2.708947778320313,
                2.5564494375000004,
                2.5564494375000004,
                2.5564494375000004,
                2.5564494375000004,
                2.5564494375000004,
                2.5564494375000004,
                2.5564494375000004,
                2.5564494375000004,
                2.5564494375000004,
                2.5564494375000004,
                2.5564494375000004,
                2.5564494375000004,
                2.5564494375000004,
                2.5564494375000004,
                2.5564494375000004,
                2.5564494375000004,
                2.5564494375000004,
                2.5564494375000004,
                2.5564494375000004,
                2.5564494375000004
            ],
            "obs_type": "uvoir",
            "reference": [
                "2024ApJ...961..211M"
            ]
        },
        {
            "date": [
                60007.1161570613
            ],
            "date_format": [
                "mjd"
            ],
            "filter_key": [
                "0.3-10 "
            ],
            "raw": [
                7.141050000000001e-13
            ],
            "raw_err": [
                0
            ],
            "raw_units": [
                "erg/s/cm^2"
            ],
            "telescope": "Swift",
            "upperlimit": [
                true
            ],
            "corr_k": false,
            "corr_s": false,
            "corr_host": false,
            "corr_av": false,
            "corr_hostav": false,
            "obs_type": "xray",
            "xray_model": [
                {
                    "model_name": "Powerlaw",
                    "param_names": [
                        "Gamma"
                    ],
                    "param_values": [
                        2
                    ],
                    "param_units": [
                        "None"
                    ],
                    "min_energy": 0.3,
                    "max_energy": 10,
                    "energy_units": "keV",
                    "model_reference": "2024ApJ...961..211M"
                }
            ],
            "reference": [
                "2024ApJ...961..211M"
            ],
            "raw_err_detail": {
                "upper": [
                    0
                ],
                "lower": [
                    0
                ]
            }
        },
        {
            "date": [
                2020.3968298737605,
                2020.905935507741,
                2021.40442383308,
                2021.9117282787925
            ],
            "date_format": [
                "decimalyear",
                "decimalyear",
                "decimalyear",
                "decimalyear"
            ],
            "filter_key": [
                "0.2-2.3",
                "0.2-2.3",
                "0.2-2.3",
                "0.2-2.3"
            ],
            "raw": [
                1.0542178319593056e-13,
                8.838108117641406e-14,
                1.3702539273970088e-13,
                9.212577082631353e-14
            ],
            "raw_err": [
                0,
                0,
                0,
                0
            ],
            "raw_units": [
                "erg/s/cm^2",
                "erg/s/cm^2",
                "erg/s/cm^2",
                "erg/s/cm^2"
            ],
            "telescope": "eROSITA",
            "upperlimit": [
                true,
                true,
                true,
                true
            ],
            "corr_k": false,
            "corr_s": false,
            "corr_host": false,
            "corr_av": false,
            "corr_hostav": false,
            "obs_type": "xray",
            "xray_model": [
                {
                    "model_name": "Absorbed Powerlaw",
                    "param_names": [
                        "Gamma",
                        "N_H"
                    ],
                    "param_values": [
                        2,
                        3e+20
                    ],
                    "param_units": [
                        "None",
                        "cm^-2"
                    ],
                    "min_energy": 0.2,
                    "max_energy": 2.3,
                    "energy_units": "keV",
                    "model_reference": "2024ApJ...961..211M"
                },
                {
                    "model_name": "Absorbed Powerlaw",
                    "param_names": [
                        "Gamma",
                        "N_H"
                    ],
                    "param_values": [
                        2,
                        3e+20
                    ],
                    "param_units": [
                        "None",
                        "cm^-2"
                    ],
                    "min_energy": 0.2,
                    "max_energy": 2.3,
                    "energy_units": "keV",
                    "model_reference": "2024ApJ...961..211M"
                },
                {
                    "model_name": "Absorbed Powerlaw",
                    "param_names": [
                        "Gamma",
                        "N_H"
                    ],
                    "param_values": [
                        2,
                        3e+20
                    ],
                    "param_units": [
                        "None",
                        "cm^-2"
                    ],
                    "min_energy": 0.2,
                    "max_energy": 2.3,
                    "energy_units": "keV",
                    "model_reference": "2024ApJ...961..211M"
                },
                {
                    "model_name": "Absorbed Powerlaw",
                    "param_names": [
                        "Gamma",
                        "N_H"
                    ],
                    "param_values": [
                        2,
                        3e+20
                    ],
                    "param_units": [
                        "None",
                        "cm^-2"
                    ],
                    "min_energy": 0.2,
                    "max_energy": 2.3,
                    "energy_units": "keV",
                    "model_reference": "2024ApJ...961..211M"
                }
            ],
            "reference": [
                "2024ApJ...961..211M"
            ]
        }
    ],
    "filter_alias": [
        {
            "filter_key": "g",
            "filter_name": "g",
            "wave_eff": 471.8872246248687,
            "wave_units": "nm"
        },
        {
            "filter_key": "V",
            "filter_name": "V",
            "wave_eff": 553.7155963302753,
            "wave_units": "nm"
        },
        {
            "filter_key": "W1",
            "filter_name": "W1",
            "wave_eff": 261.3713060531025,
            "wave_units": "nm"
        },
        {
            "filter_key": "W2",
            "filter_name": "W2",
            "wave_eff": 207.98754332676123,
            "wave_units": "nm"
        },
        {
            "filter_key": "0.3-10 ",
            "filter_name": "0.3-10 ",
            "wave_eff": 0.12781876127134048,
            "wave_min": 0.12398419843320027,
            "wave_max": 4.132806614440009,
            "wave_units": "nm"
        },
        {
            "filter_key": "0.2-2.3",
            "filter_name": "0.2-2.3",
            "wave_eff": 0.5904009449200014,
            "wave_min": 0.539061732318262,
            "wave_max": 6.199209921660012,
            "wave_units": "nm"
        }
    ],
    "reference_alias": [
        {
            "name": "2024ApJ...961..211M",
            "human_readable_name": "Masterson, Megan et al. (2024)"
        }
    ]
}