{
    "_key": "884872",
    "_id": "transients/884872",
    "_rev": "_jt3lDOS---",
    "classification": {
        "value": [
            {
                "object_class": "TDE",
                "confidence": 3.3,
                "reference": [
                    "2018Sci...361..482M"
                ],
                "default": true
            }
        ],
        "spec_classed": 3,
        "unambiguous": true
    },
    "name": {
        "default_name": "ARP 299-B AT1",
        "alias": [
            {
                "value": "Arp 299-B AT1",
                "reference": [
                    "2018Sci...361..482M"
                ]
            },
            {
                "value": "ARP 299-B AT1",
                "reference": [
                    "TNS"
                ]
            }
        ]
    },
    "reference_alias": [
        {
            "name": "2018Sci...361..482M",
            "human_readable_name": "Mattila et al. (2018)"
        }
    ],
    "date_reference": [
        {
            "value": "2005-01-30",
            "date_format": "iso",
            "date_type": "discovery",
            "reference": [
                "2018Sci...361..482M"
            ],
            "default": true
        },
        {
            "value": "53401.0",
            "date_format": "mjd",
            "date_type": "discovery",
            "reference": [
                "2018Sci...361..482M"
            ],
            "default": false
        }
    ],
    "photometry": [
        {
            "reference": [
                "2018Sci...361..482M"
            ],
            "raw": [
                1.15,
                7.67,
                1.557,
                2.416,
                0.77,
                1.349,
                0.878,
                0.562
            ],
            "raw_units": [
                "mJy",
                "mJy",
                "mJy",
                "mJy",
                "mJy",
                "mJy",
                "mJy",
                "mJy"
            ],
            "date": [
                53568.5,
                53840.5,
                56074.5,
                56358.5,
                56452.5,
                56601.5,
                57176.5,
                57605.5
            ],
            "date_format": [
                "mjd",
                "mjd",
                "mjd",
                "mjd",
                "mjd",
                "mjd",
                "mjd",
                "mjd"
            ],
            "filter_key": [
                "8.4GHz",
                "8.4GHz",
                "8.4GHz",
                "8.4GHz",
                "8.4GHz",
                "8.4GHz",
                "8.4GHz",
                "8.4GHz"
            ],
            "computed": [
                false,
                false,
                false,
                false,
                false,
                false,
                false,
                false
            ],
            "obs_type": [
                "radio",
                "radio",
                "radio",
                "radio",
                "radio",
                "radio",
                "radio",
                "radio"
            ],
            "upperlimit": [
                false,
                false,
                false,
                false,
                false,
                false,
                false,
                false
            ],
            "corr_k": false,
            "corr_s": false,
            "corr_av": false,
            "corr_host": false,
            "corr_hostav": false
        },
        {
            "reference": "2018Sci...361..482M",
            "raw": [
                9574,
                7645,
                3967,
                15143,
                3428,
                8893,
                3815,
                1557,
                9547,
                4653,
                3187,
                2416,
                9826,
                3078,
                9804,
                770,
                3010,
                1349,
                2204,
                1520
            ],
            "raw_err": [
                963,
                767,
                416,
                1522,
                361,
                892,
                391,
                171,
                959,
                489,
                337,
                263,
                985,
                312,
                983,
                107,
                307,
                146,
                224,
                179
            ],
            "raw_units": "uJy",
            "date": [
                "54989.5",
                "54994.5",
                "55344.5",
                "55352.5",
                "55713.5",
                "55724.5",
                "55855.5",
                "56074.5",
                "56090.5",
                "56231.5",
                "56348.5",
                "56358.5",
                "56364.5",
                "56438.5",
                "56449.5",
                "56452.5",
                "56588.5",
                "56601.5",
                "56720.5",
                "57085.5"
            ],
            "date_format": [
                "mjd",
                "mjd",
                "mjd",
                "mjd",
                "mjd",
                "mjd",
                "mjd",
                "mjd",
                "mjd",
                "mjd",
                "mjd",
                "mjd",
                "mjd",
                "mjd",
                "mjd",
                "mjd",
                "mjd",
                "mjd",
                "mjd",
                "mjd"
            ],
            "upperlimit": [
                false,
                false,
                false,
                false,
                false,
                false,
                false,
                false,
                false,
                false,
                false,
                false,
                false,
                false,
                false,
                false,
                false,
                false,
                false,
                false
            ],
            "filter_key": [
                "1.7GHz",
                "5.0GHz",
                "5.0GHz",
                "1.7GHz",
                "5.0GHz",
                "1.7GHz",
                "5.0GHz",
                "8.4GHz",
                "1.7GHz",
                "5.0GHz",
                "5.0GHz",
                "8.4GHz",
                "1.7GHz",
                "5.0GHz",
                "1.7GHz",
                "8.4GHz",
                "5.0GHz",
                "8.4GHz",
                "5.0GHz",
                "5.0GHz"
            ],
            "obs_type": "radio",
            "telescope": "EVN",
            "corr_k": false,
            "corr_s": false,
            "corr_host": false,
            "corr_av": false,
            "corr_hostav": false
        },
        {
            "reference": "2018Sci...361..482M",
            "raw": [
                878,
                2721,
                5913
            ],
            "raw_err": [
                153,
                316,
                603
            ],
            "raw_units": "uJy",
            "date": [
                "57176.5",
                "57178.5",
                "57185.5"
            ],
            "date_format": [
                "mjd",
                "mjd",
                "mjd"
            ],
            "upperlimit": [
                false,
                false,
                false
            ],
            "filter_key": [
                "8.4GHz",
                "5.0GHz",
                "1.7GHz"
            ],
            "obs_type": "radio",
            "telescope": "EVN+VLBA",
            "corr_k": false,
            "corr_s": false,
            "corr_host": false,
            "corr_av": false,
            "corr_hostav": false
        },
        {
            "reference": "2018Sci...361..482M",
            "raw": [
                390,
                2704,
                11395,
                7670
            ],
            "raw_err": [
                0,
                820,
                3450,
                2320
            ],
            "raw_units": "uJy",
            "date": [
                "53311.5",
                "53409.5",
                "53539.5",
                "53840.5"
            ],
            "date_format": [
                "mjd",
                "mjd",
                "mjd",
                "mjd"
            ],
            "upperlimit": [
                true,
                false,
                false,
                false
            ],
            "filter_key": [
                "8.4GHz",
                "22.5GHz",
                "22.5GHz",
                "8.4GHz"
            ],
            "obs_type": "radio",
            "telescope": "VLA",
            "corr_k": false,
            "corr_s": false,
            "corr_host": false,
            "corr_av": false,
            "corr_hostav": false
        },
        {
            "reference": "2018Sci...361..482M",
            "raw": [
                1841,
                5813,
                562,
                1880
            ],
            "raw_err": [
                201,
                597,
                114,
                200
            ],
            "raw_units": "uJy",
            "date": [
                "57605.5",
                "57605.5",
                "57605.5",
                "57788.5"
            ],
            "date_format": [
                "mjd",
                "mjd",
                "mjd",
                "mjd"
            ],
            "upperlimit": [
                false,
                false,
                false,
                false
            ],
            "filter_key": [
                "5.0GHz",
                "1.5GHz",
                "8.4GHz",
                "5.0GHz"
            ],
            "obs_type": "radio",
            "telescope": "VLBA",
            "corr_k": false,
            "corr_s": false,
            "corr_host": false,
            "corr_av": false,
            "corr_hostav": false
        },
        {
            "reference": "2018Sci...361..482M",
            "raw": [
                99,
                195,
                1150,
                210
            ],
            "raw_err": [
                0,
                0,
                132,
                0
            ],
            "raw_units": "uJy",
            "date": [
                "53372.5",
                "53372.5",
                "53568.5",
                "53568.5"
            ],
            "date_format": [
                "mjd",
                "mjd",
                "mjd",
                "mjd"
            ],
            "upperlimit": [
                true,
                true,
                false,
                true
            ],
            "filter_key": [
                "8.4GHz",
                "2.3GHz",
                "8.4GHz",
                "2.3GHz"
            ],
            "obs_type": "radio",
            "telescope": "VLBA+GBT",
            "corr_k": false,
            "corr_s": false,
            "corr_host": false,
            "corr_av": false,
            "corr_hostav": false
        }
    ],
    "coordinate": [
        {
            "ra": "11 28 30.9875",
            "dec": "+58 33 40.783",
            "epoch": "J2000",
            "system": "ICRS",
            "ra_units": "hourangle",
            "dec_units": "deg",
            "computed": "False",
            "default": true,
            "uuid": "d4145c82-8af0-40bf-adad-f086c65594c9",
            "coordinate_type": "equatorial",
            "reference": [
                "2018Sci...361..482M"
            ]
        },
        {
            "ra": "11:28:30.9875529",
            "dec": "58:33:40.783601",
            "ra_units": "hour",
            "dec_units": "degree",
            "default": false,
            "coordinate_type": "equatorial",
            "reference": [
                "2018Sci...361..482M"
            ]
        },
        {
            "computed": "True",
            "default": true,
            "coordinate_type": "galactic",
            "l": "141.90866797794666",
            "b": "55.405983440677815",
            "l_units": "deg",
            "b_units": "deg",
            "reference": [
                "d4145c82-8af0-40bf-adad-f086c65594c9"
            ]
        }
    ],
    "filter_alias": [
        {
            "filter_key": "8.4GHz",
            "filter_name": "X",
            "freq_eff": 8.4,
            "freq_units": "GHz"
        },
        {
            "filter_key": "2.3GHz",
            "filter_name": "S",
            "freq_eff": 2.3,
            "freq_units": "GHz"
        },
        {
            "filter_key": "22.5GHz",
            "filter_name": "K",
            "freq_eff": 22.5,
            "freq_units": "GHz"
        },
        {
            "filter_key": "1.7GHz",
            "filter_name": "L",
            "freq_eff": 1.7,
            "freq_units": "GHz"
        },
        {
            "filter_key": "5.0GHz",
            "filter_name": "C",
            "freq_eff": 5,
            "freq_units": "GHz"
        },
        {
            "filter_key": "1.5GHz",
            "filter_name": "L",
            "freq_eff": 1.5,
            "freq_units": "GHz"
        }
    ],
    "distance": [
        {
            "value": "0.010411",
            "reference": [
                "2018Sci...361..482M"
            ],
            "computed": false,
            "default": true,
            "distance_type": "redshift"
        }
    ],
    "schema_version": {
        "value": "0",
        "comment": "Original Dataset"
    }
}