{
    "_key": "884690",
    "_id": "transients/884690",
    "_rev": "_jt3kQ7q---",
    "schema_version": {
        "value": "0",
        "comment": "Copied from tde.space"
    },
    "name": {
        "default_name": "ASASSN-20lk",
        "alias": [
            {
                "value": "ASASSN-20lk",
                "reference": [
                    "ASAS-SN Supernovae"
                ]
            },
            {
                "value": "AT 2020svp",
                "reference": [
                    "ASAS-SN Supernovae"
                ]
            }
        ]
    },
    "coordinate": [
        {
            "ra": "13:50:32.8",
            "dec": "-30:02:55.6",
            "ra_units": "hour",
            "dec_units": "deg",
            "reference": [
                "ASAS-SN Supernovae"
            ],
            "coordinate_type": "equatorial"
        }
    ],
    "classification": {
        "value": [
            {
                "object_class": "TDE",
                "confidence": 0,
                "reference": [
                    "ASAS-SN Supernovae"
                ]
            }
        ],
        "spec_classed": 0,
        "unambiguous": false
    },
    "reference_alias": [
        {
            "name": "ASAS-SN Supernovae",
            "human_readable_name": "ASAS-SN Supernovae"
        }
    ],
    "date_reference": [
        {
            "value": "2020-09-8 17:16:48.00000000005525",
            "date_format": "iso",
            "date_type": "discovery",
            "reference": [
                "ASAS-SN Supernovae"
            ],
            "computed": false,
            "default": true
        }
    ]
}