{
    "_key": "884704",
    "_id": "transients/884704",
    "_rev": "_jt3kWti---",
    "schema_version": {
        "value": "0",
        "comment": "Copied from tde.space"
    },
    "name": {
        "default_name": "AT2021msu",
        "alias": [
            {
                "value": "AT2021msu",
                "reference": [
                    "ASAS-SN Supernovae"
                ]
            },
            {
                "value": "AT2021msu (= ATLAS21pis)",
                "reference": [
                    "ASAS-SN Supernovae"
                ]
            }
        ]
    },
    "coordinate": [
        {
            "ra": "14:54:32.91",
            "dec": "9:13:39.7",
            "ra_units": "hour",
            "dec_units": "deg",
            "reference": [
                "ASAS-SN Supernovae"
            ],
            "coordinate_type": "equatorial"
        }
    ],
    "distance": [
        {
            "value": "0.05",
            "reference": [
                "ASAS-SN Supernovae"
            ],
            "computed": false,
            "default": true,
            "distance_type": "redshift"
        },
        {
            "value": "200",
            "unit": "Mpc",
            "reference": [
                "2016A&A...594A..13P",
                "ASAS-SN Supernovae",
                "2017ApJ...835...64G"
            ],
            "computed": false,
            "default": true,
            "distance_type": "luminosity"
        },
        {
            "value": "200",
            "unit": "Mpc",
            "reference": [
                "2016A&A...594A..13P",
                "ASAS-SN Supernovae",
                "2017ApJ...835...64G"
            ],
            "computed": false,
            "default": true,
            "distance_type": "comoving"
        }
    ],
    "classification": {
        "value": [
            {
                "object_class": "TDE",
                "confidence": 0,
                "reference": [
                    "ASAS-SN Supernovae"
                ]
            }
        ],
        "spec_classed": 0,
        "unambiguous": false
    },
    "reference_alias": [
        {
            "name": "2016A&A...594A..13P",
            "human_readable_name": "Planck Collaboration et al. (2016)"
        },
        {
            "name": "ASAS-SN Supernovae",
            "human_readable_name": "ASAS-SN Supernovae"
        },
        {
            "name": "2017ApJ...835...64G",
            "human_readable_name": "Guillochon et al. (2017)"
        }
    ],
    "date_reference": [
        {
            "value": "2021-06-1 0:43:12.000000000002302",
            "date_format": "iso",
            "date_type": "discovery",
            "reference": [
                "ASAS-SN Supernovae"
            ],
            "computed": false,
            "default": true
        }
    ]
}