{
    "_key": "884987",
    "_id": "transients/884987",
    "_rev": "_jt3lmu2---",
    "classification": {
        "value": [
            {
                "object_class": "TDE",
                "confidence": 3.3,
                "reference": [
                    "2019ApJ...873...92B",
                    "2023arXiv230813595C",
                    "2024MNRAS.527.2452M"
                ],
                "default": true
            }
        ],
        "spec_classed": 3,
        "unambiguous": true
    },
    "name": {
        "default_name": "iPTF-15af",
        "alias": [
            {
                "value": "iPTF15af",
                "reference": [
                    "2019ApJ...873...92B"
                ]
            },
            {
                "value": "iPTF-15af",
                "reference": [
                    "2019ApJ...873...92B",
                    "2024MNRAS.527.2452M"
                ]
            }
        ]
    },
    "reference_alias": [
        {
            "name": "Blagorodnova, N. et al. (2019)",
            "human_readable_name": "2019ApJ...873...92B"
        },
        {
            "name": "2024MNRAS.527.2452M",
            "human_readable_name": "Mummery et al. (2023)"
        },
        {
            "name": "2017MNRAS.471.1694W",
            "human_readable_name": "Wevers, Thomas et al. (2017)"
        },
        {
            "name": "2019ApJ...873...92B",
            "human_readable_name": "Blagorodnova, N. et al. (2019)"
        },
        {
            "name": "2023arXiv230813595C",
            "human_readable_name": "Cendes, Y. et al. (2024)"
        }
    ],
    "photometry": [
        {
            "raw": [
                9.9791e-05,
                0.00010122,
                0.00010868,
                0.00010758,
                0.00010711,
                8.6709e-05,
                9.4126e-05,
                8.545e-05,
                8.3498e-05,
                6.968e-05,
                5.8028e-05,
                2.8391e-05,
                2.7957e-05,
                3.2384e-05,
                3.9689e-06,
                7.6873e-05,
                8.1104e-05,
                8.7862e-05,
                8.2301e-05,
                8.2238e-05,
                7.4167e-05,
                8.0087e-05,
                7.5942e-05,
                6.4918e-05,
                5.6107e-05,
                5.2338e-05,
                2.4169e-05,
                2.4067e-05,
                2.5794e-05,
                6.0633e-05,
                7.1769e-05,
                7.8171e-05,
                6.7479e-05,
                6.3711e-05,
                5.8476e-05,
                5.9681e-05,
                5.9095e-05,
                5.7488e-05,
                4.4524e-05,
                4.328e-05,
                3.2831e-05,
                1.28e-05,
                1.5798e-05,
                3.414e-05,
                2.7074e-05,
                4.868e-05,
                4.4988e-05,
                5.3411e-05,
                4.513e-05,
                5.6836e-05,
                5.8127e-05,
                4.2358e-05,
                3.9167e-05,
                2.3865e-05,
                1.7912e-05,
                5.313e-05,
                1.3921e-05,
                1.6233e-05,
                6.7832e-05,
                2.97e-05,
                2.8041e-05,
                5.7011e-06,
                1.1713e-05,
                -1.8282e-05,
                8.9391e-06,
                -4.7289e-06,
                3.2757e-05,
                2.0031e-05,
                1.0861e-05,
                2.2615e-05,
                0,
                -3.997312083885254e-05,
                -1.1918197065033777e-05,
                -1.7848157982983204e-05,
                -1.1823373953117468e-05,
                -2.7310691653935918e-05,
                -2.4885908440462872e-05,
                -4.3378528249723434e-05,
                -1.9006209002257796e-05,
                -2.8997207123748867e-05,
                -1.7863961663364546e-05,
                -2.0198135399285044e-05,
                -3.6946185141695406e-05,
                -2.4116892919871266e-05,
                -1.475142556703789e-05,
                -4.4306564229512266e-05,
                -3.9492962040088266e-05,
                -4.7364617933994707e-05,
                -3.018399768943879e-05,
                -3.816699033835611e-05,
                -3.861487063376825e-05,
                0,
                -1.3234367152264155e-05,
                4.6984894648218785e-06,
                -1.1134704576427997e-05,
                1.4994422570300314e-05,
                -4.189731005633493e-05,
                2.390110030124345e-05,
                3.2208246401028345e-05,
                5.903989927371089e-06,
                -7.850490025691529e-07,
                -1.0635033373636849e-05,
                -8.514069949657105e-06,
                5.940677791486608e-06,
                -3.114310572760782e-05,
                6.467294545281404e-06,
                3.790674460894162e-05,
                3.3425143882462476e-05,
                2.4382898105943716e-06,
                4.043601499268904e-05,
                -4.205640394821286e-06,
                -1.3679693570354024e-05,
                7.53417e-06,
                7.96225e-06,
                9.7507e-06,
                9.7507e-06,
                1.75807e-05,
                2.17288e-05,
                2.51788e-05,
                2.51788e-05
            ],
            "raw_err": [
                5.1436e-06,
                4.9792e-06,
                6.4387e-06,
                6.5555e-06,
                5.023e-06,
                5.2496e-06,
                6.087e-06,
                5.2079e-06,
                4.472e-06,
                4.0852e-06,
                3.6967e-06,
                2.6138e-06,
                4.3187e-06,
                3.3464e-06,
                1.1457e-06,
                4.6236e-06,
                4.4309e-06,
                5.9337e-06,
                5.6613e-06,
                4.6986e-06,
                4.9075e-06,
                5.7436e-06,
                4.7793e-06,
                3.9681e-06,
                3.6182e-06,
                3.4493e-06,
                2.3498e-06,
                4.0005e-06,
                2.9203e-06,
                5.6479e-06,
                5.6632e-06,
                7.8144e-06,
                5.6536e-06,
                5.2338e-06,
                6.2904e-06,
                7.1033e-06,
                6.5183e-06,
                5.2912e-06,
                5.0771e-06,
                5.3142e-06,
                4.8557e-06,
                7.798e-06,
                6.2785e-06,
                1.0414e-05,
                9.7554e-06,
                1.3681e-05,
                1.1508e-05,
                9.6761e-06,
                1.2168e-05,
                1.4732e-05,
                1.255e-05,
                9.9952e-06,
                9.9527e-06,
                9.8838e-06,
                1.2445e-05,
                1.8598e-05,
                2.1918e-05,
                2.0292e-05,
                2.851e-05,
                2.5246e-05,
                1.8892e-05,
                2.3196e-05,
                2.7468e-05,
                2.2763e-05,
                1.9285e-05,
                1.9556e-05,
                2.0769e-05,
                2.6723e-05,
                4.7829e-05,
                3.939e-05,
                9.634590567848113e-06,
                1.042182442462246e-05,
                1.0126945180604368e-05,
                9.704589321316052e-06,
                8.083170206548326e-06,
                1.059874994256126e-05,
                9.837781409114693e-06,
                9.157372475245641e-06,
                9.390828546011651e-06,
                8.340825401255523e-06,
                9.491013260405843e-06,
                1.0226204658413199e-05,
                9.816075499431186e-06,
                1.0086649273178087e-05,
                8.990227770000198e-06,
                1.1973131471346487e-05,
                9.24583243891208e-06,
                9.104596260881477e-06,
                9.356761965200897e-06,
                9.697900457347363e-06,
                1.0898361527250424e-05,
                2.0884062647084886e-05,
                1.9158063945730738e-05,
                1.74335557995938e-05,
                1.9779424807954067e-05,
                1.593250682430089e-05,
                2.1501464258878983e-05,
                1.9735389313863028e-05,
                1.984802659190361e-05,
                1.6709577272066123e-05,
                1.8453598387240153e-05,
                1.8135597299120996e-05,
                1.9421645532336653e-05,
                1.8939695927420234e-05,
                2.147286846863595e-05,
                1.6644777403338923e-05,
                2.5477242918446748e-05,
                2.0658835423876014e-05,
                1.9620307861448596e-05,
                1.622835685617265e-05,
                2.053891246035762e-05,
                1.9800659812743115e-05,
                1.804201160880993e-06,
                8.800215676198491e-07,
                1.4369106513151557e-06,
                1.6165337537588552e-06,
                1.78116102437721e-06,
                1.0006472115599045e-06,
                1.6233397472629977e-06,
                2.087149337719083e-06
            ],
            "raw_units": "Jy",
            "date": [
                "57049.301894",
                "57053.556207",
                "57060.25214",
                "57064.379929",
                "57069.604857",
                "57074.389211",
                "57075.494367",
                "57079.481158",
                "57089.405331",
                "57099.682389",
                "57108.764218",
                "57168.573252",
                "57177.430016",
                "57185.372259",
                "59582.013433",
                "57049.305999",
                "57053.562848",
                "57060.254803",
                "57064.383432",
                "57069.610396",
                "57074.391918",
                "57075.500883",
                "57079.483599",
                "57089.409264",
                "57099.688593",
                "57108.767887",
                "57168.576552",
                "57177.435397",
                "57185.3782",
                "57049.298403",
                "57053.550804",
                "57060.250081",
                "57064.618641",
                "57069.599098",
                "57074.387065",
                "57075.488938",
                "57079.479208",
                "57089.401975",
                "57099.677278",
                "57108.761095",
                "57168.570443",
                "57177.425595",
                "57185.367291",
                "57049.299556",
                "57053.552699",
                "57060.250833",
                "57064.586141",
                "57069.601067",
                "57074.387818",
                "57075.490769",
                "57079.479821",
                "57089.402749",
                "57099.678994",
                "57108.762378",
                "57168.571229",
                "57185.369131",
                "57049.30016",
                "57053.553635",
                "57060.251207",
                "57064.586491",
                "57069.602064",
                "57074.388173",
                "57075.491643",
                "57079.480166",
                "57089.403284",
                "57099.679873",
                "57108.762949",
                "57168.571705",
                "57177.427828",
                "57185.370008",
                "56773.12953897",
                "56964.39301286",
                "57132.017830590004",
                "57326.24429399",
                "57491.09186455",
                "57693.399829785",
                "57854.44991081",
                "58057.601346625",
                "58214.989342295",
                "58424.192287615006",
                "58579.22978137",
                "58788.78531603",
                "58946.32128046",
                "59153.09417138",
                "59310.370363370006",
                "59520.195592645",
                "59674.65678451001",
                "59884.37528832",
                "60041.81578058",
                "60248.454850305",
                "60405.93613942",
                "56773.12953897",
                "56964.39301286",
                "57132.017830590004",
                "57326.24429399",
                "57491.09186455",
                "57693.399829785",
                "57854.44991081",
                "58057.601346625",
                "58214.989342295",
                "58424.192287615006",
                "58579.22978137",
                "58788.78531603",
                "58946.32128046",
                "59153.09417138",
                "59310.370363370006",
                "59520.195592645",
                "59674.65678451001",
                "59884.37528832",
                "60041.81578058",
                "60248.454850305",
                "60405.93613942",
                "57012.000787699995",
                "57015.000324299996",
                "57017.999860899996",
                "57020.999397499996",
                "57035.9970805",
                "57038.9966171",
                "57044.9956903",
                "57047.9952269"
            ],
            "date_format": "mjd",
            "filter_key": [
                "UVW2.uvot",
                "UVW2.uvot",
                "UVW2.uvot",
                "UVW2.uvot",
                "UVW2.uvot",
                "UVW2.uvot",
                "UVW2.uvot",
                "UVW2.uvot",
                "UVW2.uvot",
                "UVW2.uvot",
                "UVW2.uvot",
                "UVW2.uvot",
                "UVW2.uvot",
                "UVW2.uvot",
                "UVW2.uvot",
                "UVM2.uvot",
                "UVM2.uvot",
                "UVM2.uvot",
                "UVM2.uvot",
                "UVM2.uvot",
                "UVM2.uvot",
                "UVM2.uvot",
                "UVM2.uvot",
                "UVM2.uvot",
                "UVM2.uvot",
                "UVM2.uvot",
                "UVM2.uvot",
                "UVM2.uvot",
                "UVM2.uvot",
                "UVW1.uvot",
                "UVW1.uvot",
                "UVW1.uvot",
                "UVW1.uvot",
                "UVW1.uvot",
                "UVW1.uvot",
                "UVW1.uvot",
                "UVW1.uvot",
                "UVW1.uvot",
                "UVW1.uvot",
                "UVW1.uvot",
                "UVW1.uvot",
                "UVW1.uvot",
                "UVW1.uvot",
                "U.uvot",
                "U.uvot",
                "U.uvot",
                "U.uvot",
                "U.uvot",
                "U.uvot",
                "U.uvot",
                "U.uvot",
                "U.uvot",
                "U.uvot",
                "U.uvot",
                "U.uvot",
                "U.uvot",
                "B.uvot",
                "B.uvot",
                "B.uvot",
                "B.uvot",
                "B.uvot",
                "B.uvot",
                "B.uvot",
                "B.uvot",
                "B.uvot",
                "B.uvot",
                "B.uvot",
                "B.uvot",
                "B.uvot",
                "B.uvot",
                "W1.wise",
                "W1.wise",
                "W1.wise",
                "W1.wise",
                "W1.wise",
                "W1.wise",
                "W1.wise",
                "W1.wise",
                "W1.wise",
                "W1.wise",
                "W1.wise",
                "W1.wise",
                "W1.wise",
                "W1.wise",
                "W1.wise",
                "W1.wise",
                "W1.wise",
                "W1.wise",
                "W1.wise",
                "W1.wise",
                "W1.wise",
                "W2.wise",
                "W2.wise",
                "W2.wise",
                "W2.wise",
                "W2.wise",
                "W2.wise",
                "W2.wise",
                "W2.wise",
                "W2.wise",
                "W2.wise",
                "W2.wise",
                "W2.wise",
                "W2.wise",
                "W2.wise",
                "W2.wise",
                "W2.wise",
                "W2.wise",
                "W2.wise",
                "W2.wise",
                "W2.wise",
                "W2.wise",
                "r.ztf",
                "r.ztf",
                "r.ztf",
                "r.ztf",
                "r.ztf",
                "r.ztf",
                "r.ztf",
                "r.ztf"
            ],
            "obs_type": "uvoir",
            "reference": [
                "2019ApJ...873...92B",
                "2024MNRAS.527.2452M"
            ],
            "upperlimit": [
                false,
                false,
                false,
                false,
                false,
                false,
                false,
                false,
                false,
                false,
                false,
                false,
                false,
                false,
                false,
                false,
                false,
                false,
                false,
                false,
                false,
                false,
                false,
                false,
                false,
                false,
                false,
                false,
                false,
                false,
                false,
                false,
                false,
                false,
                false,
                false,
                false,
                false,
                false,
                false,
                false,
                true,
                true,
                false,
                true,
                false,
                false,
                false,
                false,
                false,
                false,
                false,
                false,
                true,
                true,
                true,
                true,
                true,
                true,
                true,
                true,
                true,
                true,
                true,
                true,
                true,
                true,
                true,
                true,
                true,
                true,
                true,
                true,
                true,
                true,
                true,
                true,
                true,
                true,
                true,
                true,
                true,
                true,
                true,
                true,
                true,
                true,
                true,
                true,
                true,
                true,
                true,
                true,
                true,
                true,
                true,
                true,
                true,
                true,
                true,
                true,
                true,
                true,
                true,
                true,
                true,
                true,
                true,
                true,
                true,
                true,
                true,
                false,
                false,
                false,
                false,
                false,
                false,
                false,
                false
            ],
            "corr_k": false,
            "corr_s": false,
            "corr_av": false,
            "corr_host": false,
            "corr_hostav": false,
            "val_av": 0.09372395897257052
        },
        {
            "reference": "2023arXiv230813595C",
            "raw": [
                0.084,
                0.017,
                0.008
            ],
            "raw_err": [
                0,
                0,
                0
            ],
            "raw_units": "mJy",
            "date": [
                "2015-01-31",
                "2020-06-6",
                "2022-10-25"
            ],
            "date_format": [
                "iso",
                "iso",
                "iso"
            ],
            "upperlimit": [
                true,
                true,
                true
            ],
            "filter_key": [
                "6.1GHz",
                "6.0GHz",
                "6.0GHz"
            ],
            "obs_type": "radio",
            "telescope": "VLA",
            "corr_k": false,
            "corr_s": false,
            "corr_host": false,
            "corr_av": false,
            "corr_hostav": false
        }
    ],
    "coordinate": [
        {
            "ra": "08:48:28.12",
            "dec": "+22:03:33.575",
            "ra_units": "hour",
            "dec_units": "degree",
            "coordinate_type": "equatorial",
            "reference": [
                "2019ApJ...873...92B"
            ],
            "default": false
        },
        {
            "ra": "132.11723694",
            "dec": "22.059304506",
            "ra_units": "deg",
            "dec_units": "deg",
            "coordinate_type": "equatorial",
            "reference": [
                "2019ApJ...873...92B",
                "2024MNRAS.527.2452M"
            ],
            "default": true
        }
    ],
    "filter_alias": [
        {
            "filter_key": "B.uvot",
            "filter_name": "B.uvot",
            "freq_eff": 695280559412463.5,
            "freq_units": "Hz"
        },
        {
            "filter_key": "U.uvot",
            "filter_name": "U.uvot",
            "freq_eff": 872815357550259.6,
            "freq_units": "Hz"
        },
        {
            "filter_key": "UVM2.uvot",
            "filter_name": "UVM2.uvot",
            "freq_eff": 1346484181597652,
            "freq_units": "Hz"
        },
        {
            "filter_key": "UVW1.uvot",
            "filter_name": "UVW1.uvot",
            "freq_eff": 1198891057872408,
            "freq_units": "Hz"
        },
        {
            "filter_key": "UVW2.uvot",
            "filter_name": "UVW2.uvot",
            "freq_eff": 1492659946412262.2,
            "freq_units": "Hz"
        },
        {
            "filter_key": "W1.wise",
            "filter_name": "W1.wise",
            "freq_eff": 89917740678395.33,
            "freq_units": "Hz"
        },
        {
            "filter_key": "W2.wise",
            "filter_name": "W2.wise",
            "freq_eff": 65429370473910.305,
            "freq_units": "Hz"
        },
        {
            "filter_key": "r.ztf",
            "filter_name": "r.ztf",
            "freq_eff": 471994480402802.25,
            "freq_units": "Hz"
        },
        {
            "filter_key": "6.1GHz",
            "filter_name": "C",
            "freq_eff": 6.1,
            "freq_units": "GHz"
        },
        {
            "filter_key": "6.0GHz",
            "filter_name": "C",
            "freq_eff": 6,
            "freq_units": "GHz"
        }
    ],
    "date_reference": [
        {
            "value": 57062.27400000003,
            "date_format": "mjd",
            "reference": [
                "2019ApJ...873...92B",
                "2024MNRAS.527.2452M"
            ],
            "computed": false,
            "date_type": "peak"
        }
    ],
    "distance": [
        {
            "value": 0.07897,
            "reference": [
                "2019ApJ...873...92B",
                "2024MNRAS.527.2452M"
            ],
            "distance_type": "redshift"
        },
        {
            "value": 106,
            "error": 2,
            "reference": [
                "2017MNRAS.471.1694W",
                "2024MNRAS.527.2452M"
            ],
            "unit": "km/s",
            "distance_type": "dispersion_measure"
        }
    ]
}