{
    "_key": "884682",
    "_id": "transients/884682",
    "_rev": "_jt3kOvC---",
    "classification": {
        "value": [
            {
                "object_class": "TDE",
                "confidence": 1,
                "reference": [
                    "2000A&A...362L..25G",
                    "2017ApJ...838..149A",
                    "2023PASP..135c4101G",
                    "['2013ApJ...763...84B', '2020SSRv..216...81A']"
                ],
                "default": true
            }
        ],
        "spec_classed": 0,
        "unambiguous": true
    },
    "name": {
        "default_name": "RX J1242-11A",
        "alias": [
            {
                "value": "RXJ1242-1119",
                "reference": [
                    "2017ApJ...838..149A"
                ]
            },
            {
                "value": "RX J1242-11A",
                "reference": [
                    "2017ApJ...838..149A",
                    "MAST",
                    "2023PASP..135c4101G"
                ]
            }
        ]
    },
    "reference_alias": [
        {
            "name": "2017ApJ...838..149A",
            "human_readable_name": "Auchettl, Guillochon, & Ramirez-Ruiz (2017)"
        },
        {
            "name": "2016A&A...594A..13P",
            "human_readable_name": "Planck Collaboration et al. (2016)"
        },
        {
            "name": "2011ApJ...737..103S",
            "human_readable_name": "Schlafly & Finkbeiner (2011)"
        },
        {
            "name": "1999A&A...349L..45K",
            "human_readable_name": "Komossa & Greiner (1999)"
        },
        {
            "name": "MAST",
            "human_readable_name": "MAST"
        },
        {
            "name": "2017ApJ...835...64G",
            "human_readable_name": "Guillochon et al. (2017)"
        },
        {
            "name": "2023PASP..135c4101G",
            "human_readable_name": "Goldtooth, Aaron et al. (2023)"
        },
        {
            "name": "2000A&A...362L..25G",
            "human_readable_name": "Greiner, J. et al. (2000)"
        },
        {
            "name": "2013ApJ...763...84B",
            "human_readable_name": "Bower, Geoffrey C. et al. (2013)"
        },
        {
            "name": "2020SSRv..216...81A",
            "human_readable_name": "Alexander, Kate D. et al. (2020)"
        },
        {
            "name": "2013ApJ...763...84B",
            "human_readable_name": "Bower, Geoffrey C. et al. (2013)"
        }
    ],
    "photometry": [
        {
            "raw": [
                0.00089021,
                0.000819077,
                0.000644214
            ],
            "raw_units": [
                "ct",
                "ct",
                "ct"
            ],
            "value": [
                8.55e-15,
                7.87e-15,
                6.19e-15
            ],
            "value_units": [
                "ergs/cm^2/s",
                "ergs/cm^2/s",
                "ergs/cm^2/s"
            ],
            "filter_key": [
                "0.3 - 2.0",
                "0.3 - 2.0",
                "0.3 - 2.0"
            ],
            "obs_type": [
                "xray",
                "xray",
                "xray"
            ],
            "date": [
                "51977.2",
                "53063.6",
                "53701.2"
            ],
            "date_format": "MJD",
            "upperlimit": [
                true,
                true,
                true
            ],
            "telescope": "Chandra",
            "corr_k": null,
            "corr_av": null,
            "corr_host": null,
            "corr_hostav": null,
            "reference": [
                "2017ApJ...838..149A"
            ],
            "xray_model": [
                {
                    "model_name": "Absorbed Powerlaw",
                    "param_names": [
                        "photonindex",
                        "nhmw"
                    ],
                    "param_values": [
                        "4.5",
                        "0.0352"
                    ],
                    "param_units": [
                        "None",
                        "10^22 cm^-2"
                    ],
                    "min_energy": 0.3,
                    "max_energy": 2,
                    "energy_units": "keV"
                },
                {
                    "model_name": "Absorbed Powerlaw",
                    "param_names": [
                        "photonindex",
                        "nhmw"
                    ],
                    "param_values": [
                        "4.5",
                        "0.0352"
                    ],
                    "param_units": [
                        "None",
                        "10^22 cm^-2"
                    ],
                    "min_energy": 0.3,
                    "max_energy": 2,
                    "energy_units": "keV"
                },
                {
                    "model_name": "Absorbed Powerlaw",
                    "param_names": [
                        "photonindex",
                        "nhmw"
                    ],
                    "param_values": [
                        "4.5",
                        "0.0352"
                    ],
                    "param_units": [
                        "None",
                        "10^22 cm^-2"
                    ],
                    "min_energy": 0.3,
                    "max_energy": 2,
                    "energy_units": "keV"
                }
            ],
            "corr_s": null
        },
        {
            "raw": [
                0.0958375,
                0.149158
            ],
            "raw_units": [
                "ct",
                "ct"
            ],
            "value": [
                1.21e-12,
                6.75e-13
            ],
            "value_units": [
                "ergs/cm^2/s",
                "ergs/cm^2/s"
            ],
            "filter_key": [
                "0.3 - 2.0",
                "0.3 - 2.0"
            ],
            "obs_type": [
                "xray",
                "xray"
            ],
            "date": [
                "48083.6",
                "48818.3"
            ],
            "date_format": "MJD",
            "upperlimit": [
                false,
                false
            ],
            "telescope": "ROSAT",
            "corr_k": null,
            "corr_av": null,
            "corr_host": null,
            "corr_hostav": null,
            "reference": [
                "2017ApJ...838..149A"
            ],
            "xray_model": [
                {
                    "model_name": "Powerlaw",
                    "param_names": [
                        "photonindex"
                    ],
                    "param_values": [
                        "7.48"
                    ],
                    "param_units": [
                        "None"
                    ],
                    "min_energy": 0.3,
                    "max_energy": 2,
                    "energy_units": "keV"
                },
                {
                    "model_name": "Powerlaw",
                    "param_names": [
                        "photonindex"
                    ],
                    "param_values": [
                        "7.48"
                    ],
                    "param_units": [
                        "None"
                    ],
                    "min_energy": 0.3,
                    "max_energy": 2,
                    "energy_units": "keV"
                }
            ],
            "corr_s": null
        },
        {
            "raw": [
                0.00386165,
                0.389
            ],
            "raw_units": [
                "ct",
                "ct"
            ],
            "value": [
                2.81e-15,
                1.86e-12
            ],
            "value_units": [
                "ergs/cm^2/s",
                "ergs/cm^2/s"
            ],
            "filter_key": [
                "0.3 - 2.0",
                "0.3 - 2.0"
            ],
            "obs_type": [
                "xray",
                "xray"
            ],
            "date": [
                "52081.8",
                "57193.9"
            ],
            "date_format": "MJD",
            "upperlimit": [
                true,
                true
            ],
            "telescope": "XMM",
            "corr_k": null,
            "corr_av": null,
            "corr_host": null,
            "corr_hostav": null,
            "reference": [
                "2017ApJ...838..149A"
            ],
            "xray_model": [
                {
                    "model_name": "Absorbed Powerlaw",
                    "param_names": [
                        "photonindex",
                        "nhmw"
                    ],
                    "param_values": [
                        "4.5",
                        "0.0352"
                    ],
                    "param_units": [
                        "None",
                        "10^22 cm^-2"
                    ],
                    "min_energy": 0.3,
                    "max_energy": 2,
                    "energy_units": "keV"
                },
                {
                    "model_name": "Absorbed Powerlaw",
                    "param_names": [
                        "photonindex",
                        "nhmw"
                    ],
                    "param_values": [
                        "4.5",
                        "0.0352"
                    ],
                    "param_units": [
                        "None",
                        "10^22 cm^-2"
                    ],
                    "min_energy": 0.3,
                    "max_energy": 2,
                    "energy_units": "keV"
                }
            ],
            "corr_s": null
        },
        {
            "reference": "['2013ApJ...763...84B', '2020SSRv..216...81A']",
            "raw": [
                54
            ],
            "raw_err": [
                0
            ],
            "raw_units": "uJy",
            "date": [
                "56085.027"
            ],
            "date_format": [
                "mjd"
            ],
            "upperlimit": [
                true
            ],
            "filter_key": [
                "3.0GHz"
            ],
            "obs_type": "radio",
            "corr_k": false,
            "corr_s": false,
            "corr_host": false,
            "corr_av": false,
            "corr_hostav": false
        }
    ],
    "distance": [
        {
            "value": "0.046",
            "distance_type": "redshift",
            "reference": [
                "2013ApJ...763...84B"
            ],
            "default": false
        },
        {
            "value": "0.05",
            "distance_type": "redshift",
            "reference": [
                "1999A&A...349L..45K",
                "2000A&A...362L..25G",
                "2017ApJ...838..149A",
                "2023PASP..135c4101G"
            ],
            "default": true
        },
        {
            "value": "200",
            "distance_type": "comoving",
            "unit": "Mpc",
            "reference": [
                "1999A&A...349L..45K",
                "2016A&A...594A..13P",
                "2017ApJ...835...64G",
                "2017ApJ...838..149A"
            ],
            "default": true
        },
        {
            "value": "200",
            "distance_type": "luminosity",
            "unit": "Mpc",
            "reference": [
                "1999A&A...349L..45K",
                "2016A&A...594A..13P",
                "2017ApJ...835...64G",
                "2017ApJ...838..149A"
            ],
            "default": true
        }
    ],
    "coordinate": [
        {
            "ra": "12:42:38.55",
            "dec": "-11:19:20.80",
            "ra_units": "hour",
            "dec_units": "deg",
            "coordinate_type": "equatorial",
            "reference": [
                "2017ApJ...838..149A"
            ],
            "default": true
        },
        {
            "ra": "12:42:38.55",
            "dec": "-11:19:20.80",
            "ra_units": "hour",
            "dec_units": "degree",
            "coordinate_type": "equatorial",
            "reference": [
                "2017ApJ...838..149A"
            ],
            "default": false
        }
    ],
    "filter_alias": [
        {
            "filter_key": "0.3 - 2.0",
            "wave_eff": 0.7293188143129428,
            "wave_min": 0.6199209921660013,
            "wave_max": 4.132806614440009,
            "wave_units": "nm",
            "filter_name": "0.3 - 2.0"
        },
        {
            "filter_key": "3.0GHz",
            "filter_name": "S",
            "freq_eff": 3,
            "freq_units": "GHz"
        }
    ],
    "date_reference": [
        {
            "value": "1992-07-15",
            "date_format": "iso",
            "date_type": "discovery",
            "reference": [
                "2017ApJ...835...64G",
                "2017ApJ...838..149A"
            ],
            "default": false
        },
        {
            "value": "1992-07-15 ",
            "date_format": "iso",
            "date_type": "discovery",
            "reference": [
                "2000A&A...362L..25G",
                "2017ApJ...838..149A",
                "2023PASP..135c4101G"
            ],
            "default": true
        }
    ],
    "host": [
        {
            "host_name": "RX J1242.6-1119A",
            "host_ra": 190.65416666666664,
            "host_dec": -11.32638888888889,
            "host_ra_units": "deg",
            "host_dec_units": "deg",
            "reference": [
                "2023PASP..135c4101G",
                "2000A&A...362L..25G",
                "2017ApJ...838..149A"
            ]
        }
    ],
    "schema_version": {
        "value": 0,
        "comments": "From Goldtooth et al. (2023)",
        "comment": "Copied from tde.space;"
    }
}