{
    "_key": "884607",
    "_id": "transients/884607",
    "_rev": "_jt3j40q---",
    "classification": {
        "value": [
            {
                "object_class": "TDE",
                "confidence": 3.1,
                "reference": [
                    "2013ApJ...774...46Y",
                    "2017ApJ...835...64G",
                    "2017ApJ...838..149A",
                    "2023PASP..135c4101G"
                ],
                "default": true
            }
        ],
        "spec_classed": 1,
        "unambiguous": true
    },
    "coordinate": [
        {
            "ra": "13:50:01.51",
            "dec": "+29:16:09.71",
            "ra_units": "hour",
            "dec_units": "deg",
            "reference": [
                "2017ApJ...838..149A"
            ],
            "coordinate_type": "equatorial"
        }
    ],
    "distance": [
        {
            "value": "0.0777",
            "distance_type": "redshift",
            "reference": [
                "2012ApJ...749..115W",
                "2013ApJ...774...46Y",
                "2017ApJ...838..149A",
                "2023PASP..135c4101G"
            ],
            "default": true
        },
        {
            "value": "338",
            "distance_type": "comoving",
            "unit": "Mpc",
            "reference": [
                "2012ApJ...749..115W",
                "2016A&A...594A..13P",
                "2017ApJ...835...64G",
                "2017ApJ...838..149A"
            ],
            "default": true
        },
        {
            "value": "364",
            "distance_type": "luminosity",
            "unit": "Mpc",
            "reference": [
                "2012ApJ...749..115W",
                "2016A&A...594A..13P",
                "2017ApJ...835...64G",
                "2017ApJ...838..149A"
            ],
            "default": true
        }
    ],
    "schema_version": {
        "value": 0,
        "comments": "From Goldtooth et al. (2023)",
        "comment": "Copied from tde.space;"
    },
    "name": {
        "default_name": "SDSSJ1350",
        "alias": [
            {
                "value": "SDSS J1350",
                "reference": [
                    "2023PASP..135c4101G"
                ]
            },
            {
                "value": "SDSSJ1350",
                "reference": [
                    "2017ApJ...838..149A"
                ]
            }
        ]
    },
    "reference_alias": [
        {
            "name": "2017ApJ...838..149A",
            "human_readable_name": "Auchettl, Guillochon, & Ramirez-Ruiz (2017)"
        },
        {
            "name": "2016A&A...594A..13P",
            "human_readable_name": "Planck Collaboration et al. (2016)"
        },
        {
            "name": "2012ApJ...749..115W",
            "human_readable_name": "Wang et al. (2012)"
        },
        {
            "name": "2017ApJ...835...64G",
            "human_readable_name": "Guillochon et al. (2017)"
        },
        {
            "name": "2023PASP..135c4101G",
            "human_readable_name": "Goldtooth, Aaron et al. (2023)"
        },
        {
            "name": "2013ApJ...774...46Y",
            "human_readable_name": "Yang, Chen-Wei et al. (2013)"
        }
    ],
    "filter_alias": [
        {
            "filter_key": "0.3 - 2.0",
            "wave_eff": 0.7293188143129428,
            "wave_min": 0.6199209921660013,
            "wave_max": 4.132806614440009,
            "wave_units": "nm",
            "filter_name": "0.3 - 2.0"
        }
    ],
    "photometry": [
        {
            "raw": [
                0.0389794
            ],
            "raw_units": [
                "ct"
            ],
            "value": [
                6.6e-14
            ],
            "value_units": [
                "ergs/cm^2/s"
            ],
            "filter_key": [
                "0.3 - 2.0"
            ],
            "obs_type": [
                "xray"
            ],
            "date": [
                "48080"
            ],
            "date_format": "MJD",
            "upperlimit": [
                true
            ],
            "telescope": "ROSAT",
            "corr_k": null,
            "corr_av": null,
            "corr_host": null,
            "corr_hostav": null,
            "reference": [
                "2017ApJ...838..149A"
            ],
            "xray_model": [
                {
                    "model_name": "Absorbed Powerlaw",
                    "param_names": [
                        "photonindex",
                        "nhmw"
                    ],
                    "param_values": [
                        "4.5",
                        "0.012"
                    ],
                    "param_units": [
                        "None",
                        "10^22 cm^-2"
                    ],
                    "min_energy": 0.3,
                    "max_energy": 2,
                    "energy_units": "keV"
                }
            ],
            "corr_s": null
        },
        {
            "raw": [
                0.00453701,
                0.0027151
            ],
            "raw_units": [
                "ct",
                "ct"
            ],
            "value": [
                1.06e-13,
                6.37e-14
            ],
            "value_units": [
                "ergs/cm^2/s",
                "ergs/cm^2/s"
            ],
            "filter_key": [
                "0.3 - 2.0",
                "0.3 - 2.0"
            ],
            "obs_type": [
                "xray",
                "xray"
            ],
            "date": [
                "56511.5",
                "57260.8"
            ],
            "date_format": "MJD",
            "upperlimit": [
                true,
                true
            ],
            "telescope": "Swift",
            "corr_k": null,
            "corr_av": null,
            "corr_host": null,
            "corr_hostav": null,
            "reference": [
                "2017ApJ...838..149A"
            ],
            "xray_model": [
                {
                    "model_name": "Absorbed Powerlaw",
                    "param_names": [
                        "photonindex",
                        "nhmw"
                    ],
                    "param_values": [
                        "4.5",
                        "0.012"
                    ],
                    "param_units": [
                        "None",
                        "10^22 cm^-2"
                    ],
                    "min_energy": 0.3,
                    "max_energy": 2,
                    "energy_units": "keV"
                },
                {
                    "model_name": "Absorbed Powerlaw",
                    "param_names": [
                        "photonindex",
                        "nhmw"
                    ],
                    "param_values": [
                        "4.5",
                        "0.012"
                    ],
                    "param_units": [
                        "None",
                        "10^22 cm^-2"
                    ],
                    "min_energy": 0.3,
                    "max_energy": 2,
                    "energy_units": "keV"
                }
            ],
            "corr_s": null
        },
        {
            "raw": [
                1.26
            ],
            "raw_units": [
                "ct"
            ],
            "value": [
                4.38e-12
            ],
            "value_units": [
                "ergs/cm^2/s"
            ],
            "filter_key": [
                "0.3 - 2.0"
            ],
            "obs_type": [
                "xray"
            ],
            "date": [
                "57026"
            ],
            "date_format": "MJD",
            "upperlimit": [
                true
            ],
            "telescope": "XMM",
            "corr_k": null,
            "corr_av": null,
            "corr_host": null,
            "corr_hostav": null,
            "reference": [
                "2017ApJ...838..149A"
            ],
            "xray_model": [
                {
                    "model_name": "Absorbed Powerlaw",
                    "param_names": [
                        "photonindex",
                        "nhmw"
                    ],
                    "param_values": [
                        "4.5",
                        "0.012"
                    ],
                    "param_units": [
                        "None",
                        "10^22 cm^-2"
                    ],
                    "min_energy": 0.3,
                    "max_energy": 2,
                    "energy_units": "keV"
                }
            ],
            "corr_s": null
        }
    ],
    "host": [
        {
            "host_name": "SDSS J135001.49+291609.7",
            "host_ra": 207.50833333333333,
            "host_dec": 29.269363888888886,
            "host_ra_units": "deg",
            "host_dec_units": "deg",
            "reference": [
                "2023PASP..135c4101G",
                "2013ApJ...774...46Y",
                "2017ApJ...838..149A"
            ]
        }
    ]
}