{
    "_key": "7536045",
    "_id": "transients/7536045",
    "_rev": "_kk4VM-a---",
    "reference_alias": [
        {
            "name": "2023ApJS..266....9A",
            "human_readable_name": "Aleo, P. D. et al. (2023)"
        },
        {
            "name": "2023ApJS..266....9A",
            "human_readable_name": "Aleo, P. D. et al. (2023)"
        },
        {
            "name": "2020TNSTR1950....1F",
            "human_readable_name": "Forster, F. et al. (2020)"
        },
        {
            "name": "2020TNSCR3800....1D",
            "human_readable_name": "Dahiwale, A. & Fremling, C. (2020)"
        }
    ],
    "classification": {
        "discovery_method": "optical",
        "spec_classed": 3,
        "unambiguous": true,
        "value": [
            {
                "object_class": "TDE",
                "confidence": 3.3,
                "reference": [
                    "2020TNSCR3800....1D",
                    "2023ApJS..266....9A"
                ],
                "default": true
            }
        ]
    },
    "coordinate": [
        {
            "ra": "254.554042",
            "dec": "2.117511",
            "ra_units": "deg",
            "dec_units": "deg",
            "coordinate_type": "equatorial",
            "epoch": "J2000",
            "frame": "ICRS",
            "reference": [
                "2020TNSTR1950....1F"
            ],
            "default": true
        },
        {
            "ra": "254.554085",
            "dec": "2.117537",
            "ra_units": "deg",
            "dec_units": "degree",
            "coordinate_type": "equatorial",
            "reference": [
                "2023ApJS..266....9A"
            ],
            "default": false
        }
    ],
    "distance": [
        {
            "value": "0.084",
            "distance_type": "redshift",
            "reference": [
                "2020TNSCR3800....1D",
                "2023ApJS..266....9A"
            ],
            "default": true
        }
    ],
    "name": {
        "alias": [
            {
                "value": "PS20ggg",
                "reference": [
                    "TNS"
                ]
            },
            {
                "value": "ZTF20abisysx",
                "reference": [
                    "TNS"
                ]
            },
            {
                "value": "ATLAS20vfv",
                "reference": [
                    "TNS"
                ]
            },
            {
                "value": "Gaia20duz",
                "reference": [
                    "TNS"
                ]
            },
            {
                "value": "2020nov",
                "reference": [
                    "2023ApJS..266....9A",
                    "TNS"
                ]
            }
        ],
        "default_name": "2020nov"
    },
    "host": [
        {
            "host_name": "WISEA J165812.98+020703.0",
            "host_ra": 254.5540719,
            "host_dec": 2.1175345,
            "host_ra_units": "deg",
            "host_dec_units": "deg",
            "reference": [
                "2023ApJS..266....9A"
            ]
        }
    ],
    "filter_alias": [
        {
            "filter_key": "ztf.r",
            "filter_name": "ztf.r",
            "freq_eff": 631610.0731,
            "freq_units": "GHz"
        },
        {
            "filter_key": "ztf.g",
            "filter_name": "ztf.g",
            "freq_eff": 470899.4091,
            "freq_units": "GHz"
        },
        {
            "filter_key": "ps.g",
            "filter_name": "ps.g",
            "freq_eff": 623248.4117,
            "freq_units": "GHz"
        },
        {
            "filter_key": "ps.i",
            "filter_name": "ps.i",
            "freq_eff": 399561.8543,
            "freq_units": "GHz"
        },
        {
            "filter_key": "ps.r",
            "filter_name": "ps.r",
            "freq_eff": 487034.2281,
            "freq_units": "GHz"
        },
        {
            "filter_key": "ps.z",
            "filter_name": "ps.z",
            "freq_eff": 345846.8015,
            "freq_units": "GHz"
        }
    ],
    "photometry": [
        {
            "reference": "2023ApJS..266....9A",
            "raw": [
                18.105,
                17.89,
                17.794,
                17.684,
                17.814,
                17.655,
                17.932,
                17.579,
                17.924,
                17.591,
                17.893,
                17.962,
                17.616,
                17.953,
                17.923,
                17.858,
                17.581,
                17.911,
                17.711,
                17.486,
                17.779,
                17.628,
                17.507,
                17.818,
                17.834,
                17.587,
                17.861,
                17.806,
                17.829,
                17.528,
                17.824,
                17.576,
                17.529,
                17.832,
                17.841,
                17.662,
                17.896,
                17.658,
                17.552,
                17.897,
                18.705,
                18.502,
                18.842,
                18.429,
                18.747,
                18.412,
                18.89,
                18.728,
                19.612,
                18.888,
                19.18,
                19.208,
                19.161,
                19.105,
                18.706,
                19.059,
                18.722,
                19.315,
                18.745,
                18.914,
                18.894,
                19.07,
                18.904,
                18.957,
                18.644,
                18.946,
                18.668,
                19.038,
                18.75,
                18.978,
                19.639,
                19.3,
                19.098
            ],
            "raw_err": [
                0.024,
                0.019,
                0.013,
                0.025,
                0.018,
                0.017,
                0.017,
                0.02,
                0.019,
                0.019,
                0.017,
                0.021,
                0.019,
                0.018,
                0.03,
                0.035,
                0.015,
                0.021,
                0.199,
                0.131,
                0.015,
                0.027,
                0.024,
                0.027,
                0.019,
                0.025,
                0.016,
                0.021,
                0.02,
                0.015,
                0.02,
                0.026,
                0.026,
                0.035,
                0.029,
                0.038,
                0.027,
                0.029,
                0.036,
                0.064,
                0.057,
                0.047,
                0.04,
                0.033,
                0.043,
                0.036,
                0.06,
                0.071,
                0.127,
                0.061,
                0.26,
                0.054,
                0.06,
                0.051,
                0.048,
                0.068,
                0.048,
                0.079,
                0.056,
                0.064,
                0.074,
                0.06,
                0.065,
                0.049,
                0.046,
                0.064,
                0.044,
                0.101,
                0.048,
                0.041,
                0.155,
                0.094,
                0.052
            ],
            "raw_units": "mag(AB)",
            "date": [
                59054.27,
                59054.27,
                59066.28,
                59066.28,
                59069.35,
                59069.35,
                59071.28,
                59071.28,
                59074.3,
                59074.3,
                59077.28,
                59077.28,
                59079.27,
                59079.27,
                59082.3,
                59082.3,
                59083.25,
                59083.26,
                59094.27,
                59094.27,
                59096.27,
                59096.27,
                59098.32,
                59098.32,
                59102.26,
                59102.26,
                59106.26,
                59106.26,
                59108.25,
                59108.25,
                59119.24,
                59119.24,
                59122.23,
                59122.24,
                59128.24,
                59128.24,
                59131.23,
                59131.24,
                59136.23,
                59136.23,
                59255.62,
                59255.62,
                59262.63,
                59262.63,
                59268.59,
                59268.59,
                59297.53,
                59297.53,
                59299.55,
                59299.55,
                59300.53,
                59317.5,
                59317.5,
                59321.58,
                59321.58,
                59326.47,
                59327.46,
                59327.46,
                59336.61,
                59336.61,
                59349.38,
                59354.38,
                59354.38,
                59355.38,
                59355.38,
                59356.38,
                59356.38,
                59357.38,
                59357.38,
                59365.35,
                59365.35,
                59367.34,
                59367.35
            ],
            "date_format": [
                "mjd",
                "mjd",
                "mjd",
                "mjd",
                "mjd",
                "mjd",
                "mjd",
                "mjd",
                "mjd",
                "mjd",
                "mjd",
                "mjd",
                "mjd",
                "mjd",
                "mjd",
                "mjd",
                "mjd",
                "mjd",
                "mjd",
                "mjd",
                "mjd",
                "mjd",
                "mjd",
                "mjd",
                "mjd",
                "mjd",
                "mjd",
                "mjd",
                "mjd",
                "mjd",
                "mjd",
                "mjd",
                "mjd",
                "mjd",
                "mjd",
                "mjd",
                "mjd",
                "mjd",
                "mjd",
                "mjd",
                "mjd",
                "mjd",
                "mjd",
                "mjd",
                "mjd",
                "mjd",
                "mjd",
                "mjd",
                "mjd",
                "mjd",
                "mjd",
                "mjd",
                "mjd",
                "mjd",
                "mjd",
                "mjd",
                "mjd",
                "mjd",
                "mjd",
                "mjd",
                "mjd",
                "mjd",
                "mjd",
                "mjd",
                "mjd",
                "mjd",
                "mjd",
                "mjd",
                "mjd",
                "mjd",
                "mjd",
                "mjd",
                "mjd"
            ],
            "upperlimit": [
                false,
                false,
                false,
                false,
                false,
                false,
                false,
                false,
                false,
                false,
                false,
                false,
                false,
                false,
                false,
                false,
                false,
                false,
                false,
                false,
                false,
                false,
                false,
                false,
                false,
                false,
                false,
                false,
                false,
                false,
                false,
                false,
                false,
                false,
                false,
                false,
                false,
                false,
                false,
                false,
                false,
                false,
                false,
                false,
                false,
                false,
                false,
                false,
                false,
                false,
                false,
                false,
                false,
                false,
                false,
                false,
                false,
                false,
                false,
                false,
                false,
                false,
                false,
                false,
                false,
                false,
                false,
                false,
                false,
                false,
                false,
                false,
                false
            ],
            "filter_key": [
                "ps.g",
                "ps.i",
                "ps.r",
                "ps.z",
                "ps.r",
                "ps.i",
                "ps.g",
                "ps.i",
                "ps.g",
                "ps.i",
                "ps.r",
                "ps.g",
                "ps.i",
                "ps.g",
                "ps.g",
                "ps.r",
                "ps.i",
                "ps.g",
                "ps.r",
                "ps.i",
                "ps.r",
                "ps.z",
                "ps.i",
                "ps.r",
                "ps.g",
                "ps.z",
                "ps.g",
                "ps.r",
                "ps.g",
                "ps.i",
                "ps.r",
                "ps.z",
                "ps.i",
                "ps.r",
                "ps.r",
                "ps.z",
                "ps.g",
                "ps.z",
                "ps.i",
                "ps.g",
                "ps.g",
                "ps.i",
                "ps.g",
                "ps.i",
                "ps.r",
                "ps.i",
                "ps.r",
                "ps.i",
                "ps.z",
                "ps.r",
                "ps.r",
                "ps.g",
                "ps.r",
                "ps.g",
                "ps.i",
                "ps.r",
                "ps.i",
                "ps.r",
                "ps.i",
                "ps.r",
                "ps.g",
                "ps.g",
                "ps.z",
                "ps.g",
                "ps.i",
                "ps.r",
                "ps.i",
                "ps.z",
                "ps.r",
                "ps.r",
                "ps.z",
                "ps.z",
                "ps.g"
            ],
            "obs_type": "uvoir",
            "telescope": "PANSTARRS",
            "corr_k": false,
            "corr_s": false,
            "corr_host": false,
            "corr_av": [
                true,
                true,
                true,
                true,
                true,
                true,
                true,
                true,
                true,
                true,
                true,
                true,
                true,
                true,
                true,
                true,
                true,
                true,
                true,
                true,
                true,
                true,
                true,
                true,
                true,
                true,
                true,
                true,
                true,
                true,
                true,
                true,
                true,
                true,
                true,
                true,
                true,
                true,
                true,
                true,
                true,
                true,
                true,
                true,
                true,
                true,
                true,
                true,
                true,
                true,
                true,
                true,
                true,
                true,
                true,
                true,
                true,
                true,
                true,
                true,
                true,
                true,
                true,
                true,
                true,
                true,
                true,
                true,
                true,
                true,
                true,
                true,
                true
            ],
            "val_av": [
                0.3104,
                0.3104,
                0.3104,
                0.3104,
                0.3104,
                0.3104,
                0.3104,
                0.3104,
                0.3104,
                0.3104,
                0.3104,
                0.3104,
                0.3104,
                0.3104,
                0.3104,
                0.3104,
                0.3104,
                0.3104,
                0.3104,
                0.3104,
                0.3104,
                0.3104,
                0.3104,
                0.3104,
                0.3104,
                0.3104,
                0.3104,
                0.3104,
                0.3104,
                0.3104,
                0.3104,
                0.3104,
                0.3104,
                0.3104,
                0.3104,
                0.3104,
                0.3104,
                0.3104,
                0.3104,
                0.3104,
                0.3104,
                0.3104,
                0.3104,
                0.3104,
                0.3104,
                0.3104,
                0.3104,
                0.3104,
                0.3104,
                0.3104,
                0.3104,
                0.3104,
                0.3104,
                0.3104,
                0.3104,
                0.3104,
                0.3104,
                0.3104,
                0.3104,
                0.3104,
                0.3104,
                0.3104,
                0.3104,
                0.3104,
                0.3104,
                0.3104,
                0.3104,
                0.3104,
                0.3104,
                0.3104,
                0.3104,
                0.3104,
                0.3104
            ],
            "corr_hostav": false
        },
        {
            "reference": "2023ApJS..266....9A",
            "raw": [
                20.564,
                21.149,
                20.576,
                20.328,
                20.263,
                20.476,
                20.298,
                20.328,
                19.639,
                20.028,
                19.725,
                19.26,
                19.008,
                19.026,
                18.895,
                18.913,
                18.67,
                18.655,
                18.469,
                18.482,
                18.392,
                18.371,
                18.19,
                18.033,
                18.158,
                17.874,
                17.931,
                17.821,
                17.915,
                17.826,
                17.763,
                17.917,
                17.796,
                17.938,
                17.783,
                17.945,
                17.93,
                17.831,
                17.957,
                17.795,
                17.975,
                17.985,
                17.821,
                17.747,
                17.979,
                17.925,
                17.769,
                17.909,
                17.715,
                17.883,
                17.617,
                17.995,
                17.909,
                17.6,
                17.649,
                17.518,
                17.925,
                17.742,
                18.508,
                18.692,
                18.678,
                18.681,
                18.786,
                18.677,
                18.814,
                18.724,
                18.803,
                18.879,
                18.948,
                18.91,
                18.78,
                18.654,
                18.746,
                18.743,
                18.908,
                18.857,
                19.088,
                18.924,
                18.675,
                18.924,
                19.045,
                18.708,
                18.673,
                18.9,
                19.108,
                19.092,
                18.935,
                19.006,
                19.348,
                19.199,
                19.104,
                19.121,
                19.304,
                19.369,
                19.075,
                19.077,
                19.251,
                19.275,
                19.447,
                19.381,
                19.304,
                19.298,
                19.427,
                19.545,
                19.452,
                19.182,
                19.402,
                19.332,
                19.289,
                19.359,
                19.193,
                19.198,
                18.932,
                19.257,
                19.257,
                19.338,
                19.02,
                19.17,
                19.201,
                19.139,
                19.185,
                18.995,
                19.121,
                19.045,
                19.094,
                19.202,
                19.129,
                19.125,
                19.214,
                19.277,
                19.071,
                19.266,
                19.197,
                19.546,
                19.182,
                19.096,
                19.217,
                19.032,
                19.095,
                19.308,
                19.396,
                19.302,
                19.436,
                19.319,
                19.319,
                19.225,
                19.365,
                19.2,
                19.546,
                19.513,
                19.259,
                19.291,
                19.484,
                19.168,
                19.478,
                19.162,
                19.213,
                19.278,
                19.235,
                19.231,
                19.407,
                19.336,
                19.429,
                19.498,
                19.255,
                19.327,
                19.25,
                19.29,
                19.296,
                19.237,
                19.184,
                19.085,
                19.085,
                19.364,
                19.646,
                19.286,
                19.693,
                19.569,
                19.624,
                19.619,
                19.464,
                19.429,
                19.451,
                19.808,
                19.162,
                19.293,
                19.542,
                19.502,
                19.166,
                19.619,
                19.656,
                19.473,
                19.529,
                19.385,
                19.38,
                19.459,
                19.264,
                19.417,
                19.532,
                19.432,
                19.217,
                19.258,
                19.387,
                19.312,
                19.537,
                19.56,
                19.559,
                19.225,
                19.455,
                19.361,
                19.417,
                19.504,
                19.23,
                19.668
            ],
            "raw_err": [
                0.238,
                0.223,
                0.188,
                0.166,
                0.182,
                0.196,
                0.216,
                0.135,
                0.084,
                0.095,
                0.141,
                0.18,
                0.083,
                0.07,
                0.03,
                0.034,
                0.029,
                0.031,
                0.024,
                0.023,
                0.022,
                0.022,
                0.022,
                0.019,
                0.02,
                0.055,
                0.023,
                0.027,
                0.016,
                0.016,
                0.015,
                0.017,
                0.016,
                0.018,
                0.017,
                0.018,
                0.025,
                0.021,
                0.018,
                0.021,
                0.023,
                0.018,
                0.021,
                0.019,
                0.049,
                0.021,
                0.025,
                0.025,
                0.02,
                0.023,
                0.032,
                0.1,
                0.034,
                0.023,
                0.021,
                0.027,
                0.029,
                0.021,
                0.175,
                0.072,
                0.073,
                0.176,
                0.177,
                0.077,
                0.114,
                0.141,
                0.075,
                0.056,
                0.143,
                0.087,
                0.063,
                0.048,
                0.048,
                0.039,
                0.038,
                0.036,
                0.093,
                0.037,
                0.031,
                0.044,
                0.086,
                0.035,
                0.141,
                0.103,
                0.115,
                0.071,
                0.042,
                0.037,
                0.062,
                0.049,
                0.058,
                0.082,
                0.095,
                0.178,
                0.153,
                0.128,
                0.148,
                0.105,
                0.065,
                0.052,
                0.071,
                0.057,
                0.059,
                0.058,
                0.046,
                0.043,
                0.092,
                0.057,
                0.086,
                0.054,
                0.065,
                0.052,
                0.069,
                0.129,
                0.078,
                0.104,
                0.05,
                0.067,
                0.043,
                0.041,
                0.039,
                0.036,
                0.04,
                0.047,
                0.035,
                0.051,
                0.088,
                0.105,
                0.142,
                0.138,
                0.108,
                0.084,
                0.074,
                0.07,
                0.045,
                0.041,
                0.043,
                0.048,
                0.039,
                0.04,
                0.1,
                0.052,
                0.05,
                0.048,
                0.044,
                0.065,
                0.056,
                0.055,
                0.091,
                0.215,
                0.115,
                0.124,
                0.132,
                0.042,
                0.091,
                0.097,
                0.043,
                0.052,
                0.045,
                0.049,
                0.061,
                0.059,
                0.074,
                0.069,
                0.057,
                0.059,
                0.057,
                0.058,
                0.062,
                0.064,
                0.074,
                0.072,
                0.093,
                0.269,
                0.154,
                0.051,
                0.07,
                0.071,
                0.077,
                0.068,
                0.049,
                0.066,
                0.06,
                0.133,
                0.07,
                0.173,
                0.158,
                0.16,
                0.074,
                0.185,
                0.083,
                0.059,
                0.08,
                0.052,
                0.066,
                0.053,
                0.062,
                0.058,
                0.118,
                0.058,
                0.072,
                0.066,
                0.09,
                0.079,
                0.18,
                0.17,
                0.212,
                0.122,
                0.138,
                0.145,
                0.128,
                0.1,
                0.08,
                0.098
            ],
            "raw_units": "mag(AB)",
            "date": [
                58714.22,
                58718.171,
                58725.158,
                58725.236,
                58729.156,
                58736.215,
                58757.157,
                59024.243,
                59027.232,
                59027.29,
                59030.351,
                59033.21,
                59036.216,
                59036.275,
                59039.192,
                59039.233,
                59042.25,
                59042.3,
                59045.228,
                59045.263,
                59048.245,
                59048.253,
                59051.243,
                59054.19,
                59054.253,
                59064.307,
                59067.219,
                59067.281,
                59069.175,
                59069.212,
                59070.194,
                59070.211,
                59072.188,
                59072.248,
                59073.198,
                59073.234,
                59074.19,
                59075.213,
                59076.172,
                59077.147,
                59077.211,
                59078.19,
                59080.167,
                59082.17,
                59082.207,
                59084.168,
                59084.189,
                59085.17,
                59086.171,
                59086.19,
                59088.188,
                59088.265,
                59093.148,
                59094.165,
                59095.132,
                59095.171,
                59128.15,
                59130.122,
                59217.563,
                59218.565,
                59219.565,
                59221.575,
                59222.567,
                59223.574,
                59224.575,
                59226.574,
                59227.573,
                59228.563,
                59229.574,
                59230.574,
                59248.508,
                59248.541,
                59250.542,
                59252.504,
                59252.53,
                59256.527,
                59263.499,
                59265.52,
                59265.525,
                59267.527,
                59269.466,
                59269.521,
                59271.485,
                59273.487,
                59275.488,
                59278.525,
                59282.506,
                59282.524,
                59292.441,
                59292.464,
                59295.482,
                59297.421,
                59297.458,
                59301.42,
                59301.462,
                59303.399,
                59303.439,
                59306.422,
                59308.461,
                59310.424,
                59310.445,
                59312.395,
                59312.421,
                59314.417,
                59316.377,
                59316.401,
                59319.391,
                59319.434,
                59322.311,
                59322.422,
                59324.339,
                59324.381,
                59328.312,
                59328.352,
                59334.397,
                59334.454,
                59336.393,
                59336.432,
                59339.336,
                59339.379,
                59342.377,
                59342.418,
                59345.402,
                59345.442,
                59349.378,
                59353.356,
                59355.36,
                59358.34,
                59358.42,
                59361.327,
                59361.38,
                59363.277,
                59363.385,
                59365.315,
                59367.297,
                59367.356,
                59369.375,
                59369.421,
                59371.337,
                59371.377,
                59374.277,
                59376.294,
                59376.358,
                59378.307,
                59378.353,
                59380.338,
                59382.296,
                59382.317,
                59384.323,
                59386.21,
                59386.353,
                59390.227,
                59390.333,
                59393.231,
                59393.323,
                59395.274,
                59397.292,
                59397.337,
                59400.295,
                59402.254,
                59402.296,
                59404.296,
                59404.315,
                59406.213,
                59406.268,
                59408.207,
                59408.232,
                59410.191,
                59410.248,
                59412.232,
                59412.375,
                59415.191,
                59415.253,
                59423.25,
                59423.32,
                59425.192,
                59425.233,
                59427.212,
                59427.231,
                59429.253,
                59434.211,
                59436.213,
                59436.234,
                59439.175,
                59441.17,
                59443.192,
                59447.178,
                59447.214,
                59450.173,
                59450.212,
                59452.193,
                59454.193,
                59457.222,
                59460.173,
                59460.193,
                59464.152,
                59464.228,
                59466.148,
                59466.228,
                59468.15,
                59468.227,
                59470.165,
                59470.214,
                59473.151,
                59476.165,
                59476.177,
                59478.151,
                59478.171,
                59480.164,
                59480.171,
                59485.174,
                59487.132,
                59489.151,
                59491.15
            ],
            "date_format": [
                "mjd",
                "mjd",
                "mjd",
                "mjd",
                "mjd",
                "mjd",
                "mjd",
                "mjd",
                "mjd",
                "mjd",
                "mjd",
                "mjd",
                "mjd",
                "mjd",
                "mjd",
                "mjd",
                "mjd",
                "mjd",
                "mjd",
                "mjd",
                "mjd",
                "mjd",
                "mjd",
                "mjd",
                "mjd",
                "mjd",
                "mjd",
                "mjd",
                "mjd",
                "mjd",
                "mjd",
                "mjd",
                "mjd",
                "mjd",
                "mjd",
                "mjd",
                "mjd",
                "mjd",
                "mjd",
                "mjd",
                "mjd",
                "mjd",
                "mjd",
                "mjd",
                "mjd",
                "mjd",
                "mjd",
                "mjd",
                "mjd",
                "mjd",
                "mjd",
                "mjd",
                "mjd",
                "mjd",
                "mjd",
                "mjd",
                "mjd",
                "mjd",
                "mjd",
                "mjd",
                "mjd",
                "mjd",
                "mjd",
                "mjd",
                "mjd",
                "mjd",
                "mjd",
                "mjd",
                "mjd",
                "mjd",
                "mjd",
                "mjd",
                "mjd",
                "mjd",
                "mjd",
                "mjd",
                "mjd",
                "mjd",
                "mjd",
                "mjd",
                "mjd",
                "mjd",
                "mjd",
                "mjd",
                "mjd",
                "mjd",
                "mjd",
                "mjd",
                "mjd",
                "mjd",
                "mjd",
                "mjd",
                "mjd",
                "mjd",
                "mjd",
                "mjd",
                "mjd",
                "mjd",
                "mjd",
                "mjd",
                "mjd",
                "mjd",
                "mjd",
                "mjd",
                "mjd",
                "mjd",
                "mjd",
                "mjd",
                "mjd",
                "mjd",
                "mjd",
                "mjd",
                "mjd",
                "mjd",
                "mjd",
                "mjd",
                "mjd",
                "mjd",
                "mjd",
                "mjd",
                "mjd",
                "mjd",
                "mjd",
                "mjd",
                "mjd",
                "mjd",
                "mjd",
                "mjd",
                "mjd",
                "mjd",
                "mjd",
                "mjd",
                "mjd",
                "mjd",
                "mjd",
                "mjd",
                "mjd",
                "mjd",
                "mjd",
                "mjd",
                "mjd",
                "mjd",
                "mjd",
                "mjd",
                "mjd",
                "mjd",
                "mjd",
                "mjd",
                "mjd",
                "mjd",
                "mjd",
                "mjd",
                "mjd",
                "mjd",
                "mjd",
                "mjd",
                "mjd",
                "mjd",
                "mjd",
                "mjd",
                "mjd",
                "mjd",
                "mjd",
                "mjd",
                "mjd",
                "mjd",
                "mjd",
                "mjd",
                "mjd",
                "mjd",
                "mjd",
                "mjd",
                "mjd",
                "mjd",
                "mjd",
                "mjd",
                "mjd",
                "mjd",
                "mjd",
                "mjd",
                "mjd",
                "mjd",
                "mjd",
                "mjd",
                "mjd",
                "mjd",
                "mjd",
                "mjd",
                "mjd",
                "mjd",
                "mjd",
                "mjd",
                "mjd",
                "mjd",
                "mjd",
                "mjd",
                "mjd",
                "mjd",
                "mjd",
                "mjd",
                "mjd",
                "mjd",
                "mjd",
                "mjd",
                "mjd",
                "mjd",
                "mjd",
                "mjd",
                "mjd",
                "mjd",
                "mjd",
                "mjd",
                "mjd",
                "mjd"
            ],
            "upperlimit": [
                false,
                false,
                false,
                false,
                false,
                false,
                false,
                false,
                false,
                false,
                false,
                false,
                false,
                false,
                false,
                false,
                false,
                false,
                false,
                false,
                false,
                false,
                false,
                false,
                false,
                false,
                false,
                false,
                false,
                false,
                false,
                false,
                false,
                false,
                false,
                false,
                false,
                false,
                false,
                false,
                false,
                false,
                false,
                false,
                false,
                false,
                false,
                false,
                false,
                false,
                false,
                false,
                false,
                false,
                false,
                false,
                false,
                false,
                false,
                false,
                false,
                false,
                false,
                false,
                false,
                false,
                false,
                false,
                false,
                false,
                false,
                false,
                false,
                false,
                false,
                false,
                false,
                false,
                false,
                false,
                false,
                false,
                false,
                false,
                false,
                false,
                false,
                false,
                false,
                false,
                false,
                false,
                false,
                false,
                false,
                false,
                false,
                false,
                false,
                false,
                false,
                false,
                false,
                false,
                false,
                false,
                false,
                false,
                false,
                false,
                false,
                false,
                false,
                false,
                false,
                false,
                false,
                false,
                false,
                false,
                false,
                false,
                false,
                false,
                false,
                false,
                false,
                false,
                false,
                false,
                false,
                false,
                false,
                false,
                false,
                false,
                false,
                false,
                false,
                false,
                false,
                false,
                false,
                false,
                false,
                false,
                false,
                false,
                false,
                false,
                false,
                false,
                false,
                false,
                false,
                false,
                false,
                false,
                false,
                false,
                false,
                false,
                false,
                false,
                false,
                false,
                false,
                false,
                false,
                false,
                false,
                false,
                false,
                false,
                false,
                false,
                false,
                false,
                false,
                false,
                false,
                false,
                false,
                false,
                false,
                false,
                false,
                false,
                false,
                false,
                false,
                false,
                false,
                false,
                false,
                false,
                false,
                false,
                false,
                false,
                false,
                false,
                false,
                false,
                false,
                false,
                false,
                false,
                false,
                false,
                false,
                false,
                false,
                false
            ],
            "filter_key": [
                "ztf.r",
                "ztf.r",
                "ztf.r",
                "ztf.g",
                "ztf.r",
                "ztf.g",
                "ztf.r",
                "ztf.g",
                "ztf.r",
                "ztf.g",
                "ztf.r",
                "ztf.r",
                "ztf.r",
                "ztf.g",
                "ztf.r",
                "ztf.g",
                "ztf.g",
                "ztf.r",
                "ztf.g",
                "ztf.r",
                "ztf.g",
                "ztf.r",
                "ztf.g",
                "ztf.g",
                "ztf.r",
                "ztf.g",
                "ztf.r",
                "ztf.g",
                "ztf.r",
                "ztf.g",
                "ztf.g",
                "ztf.r",
                "ztf.g",
                "ztf.r",
                "ztf.g",
                "ztf.r",
                "ztf.r",
                "ztf.g",
                "ztf.r",
                "ztf.g",
                "ztf.r",
                "ztf.r",
                "ztf.g",
                "ztf.g",
                "ztf.r",
                "ztf.r",
                "ztf.g",
                "ztf.g",
                "ztf.g",
                "ztf.r",
                "ztf.g",
                "ztf.r",
                "ztf.r",
                "ztf.g",
                "ztf.g",
                "ztf.r",
                "ztf.r",
                "ztf.g",
                "ztf.g",
                "ztf.g",
                "ztf.g",
                "ztf.g",
                "ztf.g",
                "ztf.g",
                "ztf.g",
                "ztf.g",
                "ztf.g",
                "ztf.g",
                "ztf.g",
                "ztf.g",
                "ztf.r",
                "ztf.g",
                "ztf.g",
                "ztf.g",
                "ztf.r",
                "ztf.r",
                "ztf.g",
                "ztf.r",
                "ztf.g",
                "ztf.r",
                "ztf.r",
                "ztf.g",
                "ztf.g",
                "ztf.g",
                "ztf.r",
                "ztf.r",
                "ztf.g",
                "ztf.r",
                "ztf.r",
                "ztf.g",
                "ztf.g",
                "ztf.g",
                "ztf.r",
                "ztf.g",
                "ztf.r",
                "ztf.r",
                "ztf.g",
                "ztf.r",
                "ztf.r",
                "ztf.r",
                "ztf.g",
                "ztf.g",
                "ztf.r",
                "ztf.r",
                "ztf.r",
                "ztf.g",
                "ztf.g",
                "ztf.r",
                "ztf.g",
                "ztf.r",
                "ztf.g",
                "ztf.r",
                "ztf.g",
                "ztf.r",
                "ztf.g",
                "ztf.r",
                "ztf.g",
                "ztf.r",
                "ztf.g",
                "ztf.r",
                "ztf.r",
                "ztf.g",
                "ztf.r",
                "ztf.g",
                "ztf.r",
                "ztf.r",
                "ztf.g",
                "ztf.g",
                "ztf.r",
                "ztf.r",
                "ztf.g",
                "ztf.r",
                "ztf.g",
                "ztf.r",
                "ztf.r",
                "ztf.g",
                "ztf.r",
                "ztf.g",
                "ztf.g",
                "ztf.r",
                "ztf.g",
                "ztf.g",
                "ztf.r",
                "ztf.g",
                "ztf.r",
                "ztf.g",
                "ztf.r",
                "ztf.g",
                "ztf.g",
                "ztf.g",
                "ztf.r",
                "ztf.r",
                "ztf.g",
                "ztf.g",
                "ztf.r",
                "ztf.r",
                "ztf.r",
                "ztf.g",
                "ztf.r",
                "ztf.g",
                "ztf.r",
                "ztf.g",
                "ztf.r",
                "ztf.r",
                "ztf.g",
                "ztf.r",
                "ztf.g",
                "ztf.r",
                "ztf.g",
                "ztf.r",
                "ztf.g",
                "ztf.g",
                "ztf.r",
                "ztf.g",
                "ztf.r",
                "ztf.g",
                "ztf.r",
                "ztf.g",
                "ztf.r",
                "ztf.r",
                "ztf.r",
                "ztf.g",
                "ztf.r",
                "ztf.r",
                "ztf.g",
                "ztf.r",
                "ztf.r",
                "ztf.g",
                "ztf.g",
                "ztf.r",
                "ztf.g",
                "ztf.r",
                "ztf.r",
                "ztf.r",
                "ztf.g",
                "ztf.r",
                "ztf.g",
                "ztf.g",
                "ztf.r",
                "ztf.r",
                "ztf.g",
                "ztf.g",
                "ztf.r",
                "ztf.g",
                "ztf.r",
                "ztf.g",
                "ztf.r",
                "ztf.g",
                "ztf.r",
                "ztf.g",
                "ztf.r",
                "ztf.g",
                "ztf.g",
                "ztf.g"
            ],
            "obs_type": "uvoir",
            "telescope": "ZTF",
            "corr_k": false,
            "corr_s": false,
            "corr_host": false,
            "corr_av": [
                true,
                true,
                true,
                true,
                true,
                true,
                true,
                true,
                true,
                true,
                true,
                true,
                true,
                true,
                true,
                true,
                true,
                true,
                true,
                true,
                true,
                true,
                true,
                true,
                true,
                true,
                true,
                true,
                true,
                true,
                true,
                true,
                true,
                true,
                true,
                true,
                true,
                true,
                true,
                true,
                true,
                true,
                true,
                true,
                true,
                true,
                true,
                true,
                true,
                true,
                true,
                true,
                true,
                true,
                true,
                true,
                true,
                true,
                true,
                true,
                true,
                true,
                true,
                true,
                true,
                true,
                true,
                true,
                true,
                true,
                true,
                true,
                true,
                true,
                true,
                true,
                true,
                true,
                true,
                true,
                true,
                true,
                true,
                true,
                true,
                true,
                true,
                true,
                true,
                true,
                true,
                true,
                true,
                true,
                true,
                true,
                true,
                true,
                true,
                true,
                true,
                true,
                true,
                true,
                true,
                true,
                true,
                true,
                true,
                true,
                true,
                true,
                true,
                true,
                true,
                true,
                true,
                true,
                true,
                true,
                true,
                true,
                true,
                true,
                true,
                true,
                true,
                true,
                true,
                true,
                true,
                true,
                true,
                true,
                true,
                true,
                true,
                true,
                true,
                true,
                true,
                true,
                true,
                true,
                true,
                true,
                true,
                true,
                true,
                true,
                true,
                true,
                true,
                true,
                true,
                true,
                true,
                true,
                true,
                true,
                true,
                true,
                true,
                true,
                true,
                true,
                true,
                true,
                true,
                true,
                true,
                true,
                true,
                true,
                true,
                true,
                true,
                true,
                true,
                true,
                true,
                true,
                true,
                true,
                true,
                true,
                true,
                true,
                true,
                true,
                true,
                true,
                true,
                true,
                true,
                true,
                true,
                true,
                true,
                true,
                true,
                true,
                true,
                true,
                true,
                true,
                true,
                true,
                true,
                true,
                true,
                true,
                true,
                true
            ],
            "val_av": [
                0.3104,
                0.3104,
                0.3104,
                0.3104,
                0.3104,
                0.3104,
                0.3104,
                0.3104,
                0.3104,
                0.3104,
                0.3104,
                0.3104,
                0.3104,
                0.3104,
                0.3104,
                0.3104,
                0.3104,
                0.3104,
                0.3104,
                0.3104,
                0.3104,
                0.3104,
                0.3104,
                0.3104,
                0.3104,
                0.3104,
                0.3104,
                0.3104,
                0.3104,
                0.3104,
                0.3104,
                0.3104,
                0.3104,
                0.3104,
                0.3104,
                0.3104,
                0.3104,
                0.3104,
                0.3104,
                0.3104,
                0.3104,
                0.3104,
                0.3104,
                0.3104,
                0.3104,
                0.3104,
                0.3104,
                0.3104,
                0.3104,
                0.3104,
                0.3104,
                0.3104,
                0.3104,
                0.3104,
                0.3104,
                0.3104,
                0.3104,
                0.3104,
                0.3104,
                0.3104,
                0.3104,
                0.3104,
                0.3104,
                0.3104,
                0.3104,
                0.3104,
                0.3104,
                0.3104,
                0.3104,
                0.3104,
                0.3104,
                0.3104,
                0.3104,
                0.3104,
                0.3104,
                0.3104,
                0.3104,
                0.3104,
                0.3104,
                0.3104,
                0.3104,
                0.3104,
                0.3104,
                0.3104,
                0.3104,
                0.3104,
                0.3104,
                0.3104,
                0.3104,
                0.3104,
                0.3104,
                0.3104,
                0.3104,
                0.3104,
                0.3104,
                0.3104,
                0.3104,
                0.3104,
                0.3104,
                0.3104,
                0.3104,
                0.3104,
                0.3104,
                0.3104,
                0.3104,
                0.3104,
                0.3104,
                0.3104,
                0.3104,
                0.3104,
                0.3104,
                0.3104,
                0.3104,
                0.3104,
                0.3104,
                0.3104,
                0.3104,
                0.3104,
                0.3104,
                0.3104,
                0.3104,
                0.3104,
                0.3104,
                0.3104,
                0.3104,
                0.3104,
                0.3104,
                0.3104,
                0.3104,
                0.3104,
                0.3104,
                0.3104,
                0.3104,
                0.3104,
                0.3104,
                0.3104,
                0.3104,
                0.3104,
                0.3104,
                0.3104,
                0.3104,
                0.3104,
                0.3104,
                0.3104,
                0.3104,
                0.3104,
                0.3104,
                0.3104,
                0.3104,
                0.3104,
                0.3104,
                0.3104,
                0.3104,
                0.3104,
                0.3104,
                0.3104,
                0.3104,
                0.3104,
                0.3104,
                0.3104,
                0.3104,
                0.3104,
                0.3104,
                0.3104,
                0.3104,
                0.3104,
                0.3104,
                0.3104,
                0.3104,
                0.3104,
                0.3104,
                0.3104,
                0.3104,
                0.3104,
                0.3104,
                0.3104,
                0.3104,
                0.3104,
                0.3104,
                0.3104,
                0.3104,
                0.3104,
                0.3104,
                0.3104,
                0.3104,
                0.3104,
                0.3104,
                0.3104,
                0.3104,
                0.3104,
                0.3104,
                0.3104,
                0.3104,
                0.3104,
                0.3104,
                0.3104,
                0.3104,
                0.3104,
                0.3104,
                0.3104,
                0.3104,
                0.3104,
                0.3104,
                0.3104,
                0.3104,
                0.3104,
                0.3104,
                0.3104,
                0.3104,
                0.3104,
                0.3104,
                0.3104,
                0.3104,
                0.3104
            ],
            "corr_hostav": false
        }
    ],
    "date_reference": [
        {
            "value": 59027.232557905096,
            "date_format": "mjd",
            "date_type": "discovery",
            "reference": [
                "2020TNSTR1950....1F"
            ],
            "computed": false
        }
    ]
}