{
    "_key": "7535906",
    "_id": "transients/7535906",
    "_rev": "_kk4VC3e---",
    "classification": {
        "discovery_method": "xray",
        "spec_classed": 0,
        "unambiguous": true,
        "value": [
            {
                "object_class": "TDE",
                "confidence": 1,
                "reference": [
                    "2011ApJ...738...52L",
                    "2017ApJ...835...64G",
                    "2018MNRAS.474.3000L",
                    "2023PASP..135c4101G"
                ],
                "default": true
            }
        ]
    },
    "coordinate": [
        {
            "ra": "18:47:25.16",
            "dec": "-63:17:24.96",
            "ra_units": "hour",
            "dec_units": "deg",
            "reference": [
                "2011ApJ...738...52L"
            ],
            "coordinate_type": "equatorial"
        }
    ],
    "distance": [
        {
            "value": "0.0353",
            "distance_type": "redshift",
            "reference": [
                "2011ApJ...738...52L",
                "2018MNRAS.474.3000L",
                "2023PASP..135c4101G"
            ],
            "default": true
        },
        {
            "value": "155",
            "distance_type": "comoving",
            "unit": "Mpc",
            "reference": [
                "2011ApJ...738...52L",
                "2016A&A...594A..13P",
                "2017ApJ...835...64G"
            ],
            "default": true
        },
        {
            "value": "160",
            "distance_type": "luminosity",
            "unit": "Mpc",
            "reference": [
                "2011ApJ...738...52L",
                "2016A&A...594A..13P",
                "2017ApJ...835...64G"
            ],
            "default": true
        }
    ],
    "schema_version": {
        "comment": "Copied from tde.space;",
        "comments": "From Goldtooth et al. (2023)",
        "value": 0
    },
    "name": {
        "alias": [
            {
                "value": "2XMMi J1847",
                "reference": [
                    "2011ApJ...738...52L"
                ]
            },
            {
                "value": "2XMMi J184725.1-631724",
                "reference": [
                    "2011ApJ...738...52L",
                    "2023PASP..135c4101G"
                ]
            }
        ],
        "default_name": "2XMMi J1847"
    },
    "reference_alias": [
        {
            "name": "2016A&A...594A..13P",
            "human_readable_name": "Planck Collaboration et al. (2016)"
        },
        {
            "name": "2011ApJ...738...52L",
            "human_readable_name": "Lin et al. (2011)"
        },
        {
            "name": "2011ApJ...737..103S",
            "human_readable_name": "Schlafly & Finkbeiner (2011)"
        },
        {
            "name": "2017ApJ...835...64G",
            "human_readable_name": "Guillochon et al. (2017)"
        },
        {
            "name": "2023PASP..135c4101G",
            "human_readable_name": "Goldtooth, Aaron et al. (2023)"
        },
        {
            "name": "2018MNRAS.474.3000L",
            "human_readable_name": "Lin, Dacheng et al. (2018)"
        }
    ],
    "date_reference": [
        {
            "value": "2006-09-01 ",
            "date_format": "iso",
            "date_type": "discovery",
            "reference": [
                "2023PASP..135c4101G",
                "2011ApJ...738...52L",
                "2018MNRAS.474.3000L"
            ],
            "default": true
        }
    ],
    "host": [
        {
            "host_name": "IC 4765-f01-1504",
            "host_ra": 281.85416666666663,
            "host_dec": -63.290277777777774,
            "host_ra_units": "deg",
            "host_dec_units": "deg",
            "reference": [
                "2023PASP..135c4101G",
                "2011ApJ...738...52L",
                "2018MNRAS.474.3000L"
            ]
        }
    ]
}