{
    "_key": "7536176",
    "_id": "transients/7536176",
    "_rev": "_kk4VVua---",
    "classification": {
        "discovery_method": "optical",
        "spec_classed": 3,
        "unambiguous": true,
        "value": [
            {
                "object_class": "TDE",
                "confidence": 3.3,
                "reference": [
                    "2017ApJ...843..106B",
                    "2017NatAs...1..865K",
                    "2017arXiv170307816B",
                    "2021ApJ...910...83H",
                    "2023PASP..135c4101G",
                    "2023arXiv230813595C"
                ],
                "default": true
            }
        ]
    },
    "name": {
        "alias": [
            {
                "value": "AT2016ezh",
                "reference": [
                    "MAST"
                ]
            },
            {
                "value": "CSS160902:015805-005222",
                "reference": [
                    "2000A&AS..143....9W"
                ]
            },
            {
                "value": "PS16dtm (2016ezh)",
                "reference": [
                    "ASAS-SN Supernovae"
                ]
            },
            {
                "value": "SN2016ezh",
                "reference": [
                    "2014Ap&SS.354...89B",
                    "2000A&AS..143....9W"
                ]
            },
            {
                "value": "AT 2016ezh",
                "reference": [
                    "2023PASP..135c4101G"
                ]
            },
            {
                "value": "PS16dtm",
                "reference": [
                    "2017arXiv170307816B",
                    "ASAS-SN Supernovae",
                    "2000A&AS..143....9W",
                    "2016TNSTR.562....1C"
                ]
            }
        ],
        "default_name": "AT2016ezh"
    },
    "reference_alias": [
        {
            "name": "2017arXiv170307816B",
            "human_readable_name": "Blanchard et al. (2017)"
        },
        {
            "name": "2017ApJ...843..106B",
            "human_readable_name": "Blanchard et al. (2017)"
        },
        {
            "name": "2016A&A...594A..13P",
            "human_readable_name": "Planck Collaboration et al. (2016)"
        },
        {
            "name": "2014Ap&SS.354...89B",
            "human_readable_name": "Brown et al. (2014)"
        },
        {
            "name": "2011ApJ...737..103S",
            "human_readable_name": "Schlafly & Finkbeiner (2011)"
        },
        {
            "name": "ASAS-SN Supernovae",
            "human_readable_name": "ASAS-SN Supernovae"
        },
        {
            "name": "MAST",
            "human_readable_name": "MAST"
        },
        {
            "name": "2017ApJ...835...64G",
            "human_readable_name": "Guillochon et al. (2017)"
        },
        {
            "name": "2000A&AS..143....9W",
            "human_readable_name": "Wenger et al. (2000)"
        },
        {
            "name": "2023PASP..135c4101G",
            "human_readable_name": "Goldtooth, Aaron et al. (2023)"
        },
        {
            "name": "2017NatAs...1..865K",
            "human_readable_name": "Kankare, E. et al. (2017)"
        },
        {
            "name": "2021ApJ...910...83H",
            "human_readable_name": "Hinkle, Jason T. et al. (2021)"
        },
        {
            "name": "2016TNSTR.562....1C",
            "human_readable_name": "Chambers, K. C. et al. (2016)"
        },
        {
            "name": "2023arXiv230813595C",
            "human_readable_name": "Cendes, Y. et al. (2024)"
        },
        {
            "name": "2020SSRv..216...81A",
            "human_readable_name": "Alexander, Kate D. et al. (2020)"
        }
    ],
    "date_reference": [
        {
            "value": "2016-08-12",
            "date_format": "iso",
            "date_type": "discovery",
            "reference": [
                "2016TNSTR.562....1C"
            ],
            "default": false
        },
        {
            "value": "2016-08-26 ",
            "date_format": "iso",
            "date_type": "discovery",
            "reference": [
                "2017ApJ...843..106B",
                "2017NatAs...1..865K",
                "2021ApJ...910...83H",
                "2023PASP..135c4101G"
            ],
            "default": true
        },
        {
            "value": "2016-08-26 15:7:11.999999999914053",
            "date_format": "iso",
            "date_type": "discovery",
            "reference": [
                "ASAS-SN Supernovae"
            ],
            "default": false
        }
    ],
    "photometry": [
        {
            "raw": [
                15.581,
                15.145,
                16.312,
                16.629,
                16.211,
                16.137,
                15.565,
                15.156,
                16.287,
                16.598,
                16.052,
                16.093,
                15.591,
                15.054,
                16.203,
                16.702,
                16.176,
                16.171,
                15.435,
                14.971,
                16.151,
                16.542,
                15.983,
                16.086,
                15,
                16.149,
                15.384,
                14.918,
                16.062,
                16.523,
                15.947,
                16.002,
                15.431,
                14.79,
                16.078,
                16.447,
                15.939,
                16.08,
                15.481,
                14.95,
                16.005,
                15.443,
                14.929,
                16.015,
                16.682,
                15.944,
                16.12,
                15.491,
                14.898,
                16.123,
                16.636,
                16.034,
                16.141,
                15.477,
                14.915,
                16.089,
                16.578,
                15.962,
                16.17,
                15.638,
                15.047,
                16.212,
                16.75,
                16.007,
                16.339,
                15.672,
                14.953,
                16.087,
                16.658,
                16.053,
                16.382,
                15.52,
                14.862,
                15.946,
                16.615,
                16.061,
                16.285,
                15.5,
                14.926,
                16.058,
                16.546,
                15.781,
                16.232,
                15.456,
                14.852,
                16.089,
                16.564,
                15.871,
                16.263,
                15.542,
                14.845,
                16.087,
                16.634,
                15.987,
                16.242,
                15.557,
                14.835,
                16.09,
                16.531,
                15.881,
                16.18,
                15.609,
                14.878,
                16.086,
                16.602,
                15.917,
                16.257,
                15.614,
                14.831,
                15.928,
                16.451,
                15.503,
                14.831,
                16.048,
                16.555,
                15.899,
                16.233,
                15.469,
                14.861,
                15.961,
                16.484,
                15.858,
                16.202,
                15.545,
                14.88,
                16.113,
                16.636,
                15.876,
                16.276,
                15.619,
                14.999,
                16.143,
                16.658,
                15.724,
                15.029,
                16.163,
                16.694,
                15.916,
                16.348,
                15.74,
                15.103,
                16.264,
                16.777,
                15.928,
                16.506,
                16.468,
                15.212,
                16.275,
                16.921,
                15.992,
                16.624,
                15.861,
                15.064,
                16.374,
                16.737,
                15.981,
                16.765,
                15.878,
                15.167,
                16.32,
                16.971,
                15.979,
                15.207,
                16.268,
                17.099,
                15.974,
                16.636,
                16.021,
                15.276,
                16.295,
                16.974,
                15.997,
                16.749,
                16.014,
                15.274,
                16.25,
                16.954,
                16.017,
                16.79,
                16.106,
                15.39,
                16.291,
                17.192,
                16.009,
                16.866,
                16.068,
                15.327,
                16.268,
                17.227,
                15.975,
                16.825,
                16.162,
                15.373,
                16.223,
                17.167,
                16,
                16.944
            ],
            "raw_err": [
                0.063,
                0.056,
                0.063,
                0.074,
                0.079,
                0.064,
                0.063,
                0.057,
                0.064,
                0.076,
                0.078,
                0.065,
                0.064,
                0.056,
                0.064,
                0.078,
                0.083,
                0.066,
                0.064,
                0.055,
                0.065,
                0.078,
                0.081,
                0.068,
                0.064,
                0.091,
                0.061,
                0.052,
                0.061,
                0.073,
                0.073,
                0.063,
                0.062,
                0.05,
                0.061,
                0.073,
                0.074,
                0.064,
                0.085,
                0.063,
                0.076,
                0.066,
                0.055,
                0.067,
                0.083,
                0.085,
                0.069,
                0.063,
                0.053,
                0.062,
                0.076,
                0.078,
                0.065,
                0.062,
                0.053,
                0.061,
                0.075,
                0.075,
                0.066,
                0.063,
                0.054,
                0.062,
                0.075,
                0.074,
                0.066,
                0.065,
                0.054,
                0.062,
                0.077,
                0.079,
                0.069,
                0.076,
                0.058,
                0.069,
                0.096,
                0.112,
                0.081,
                0.067,
                0.055,
                0.066,
                0.08,
                0.08,
                0.07,
                0.061,
                0.051,
                0.061,
                0.073,
                0.071,
                0.065,
                0.062,
                0.051,
                0.061,
                0.074,
                0.074,
                0.066,
                0.062,
                0.051,
                0.061,
                0.073,
                0.072,
                0.065,
                0.062,
                0.051,
                0.06,
                0.073,
                0.071,
                0.065,
                0.072,
                0.055,
                0.065,
                0.12,
                0.061,
                0.05,
                0.059,
                0.072,
                0.07,
                0.063,
                0.063,
                0.052,
                0.061,
                0.074,
                0.075,
                0.067,
                0.062,
                0.052,
                0.061,
                0.074,
                0.071,
                0.065,
                0.064,
                0.055,
                0.063,
                0.081,
                0.063,
                0.054,
                0.061,
                0.074,
                0.071,
                0.065,
                0.063,
                0.057,
                0.062,
                0.075,
                0.072,
                0.067,
                0.07,
                0.059,
                0.061,
                0.075,
                0.071,
                0.072,
                0.086,
                0.066,
                0.088,
                0.103,
                0.115,
                0.103,
                0.076,
                0.063,
                0.074,
                0.098,
                0.069,
                0.062,
                0.066,
                0.085,
                0.079,
                0.088,
                0.069,
                0.066,
                0.066,
                0.083,
                0.08,
                0.074,
                0.065,
                0.063,
                0.062,
                0.076,
                0.073,
                0.069,
                0.067,
                0.064,
                0.063,
                0.082,
                0.075,
                0.072,
                0.069,
                0.065,
                0.065,
                0.086,
                0.079,
                0.071,
                0.068,
                0.064,
                0.063,
                0.082,
                0.077,
                0.076
            ],
            "raw_units": [
                "Vega",
                "Vega",
                "Vega",
                "Vega",
                "Vega",
                "Vega",
                "Vega",
                "Vega",
                "Vega",
                "Vega",
                "Vega",
                "Vega",
                "Vega",
                "Vega",
                "Vega",
                "Vega",
                "Vega",
                "Vega",
                "Vega",
                "Vega",
                "Vega",
                "Vega",
                "Vega",
                "Vega",
                "Vega",
                "Vega",
                "Vega",
                "Vega",
                "Vega",
                "Vega",
                "Vega",
                "Vega",
                "Vega",
                "Vega",
                "Vega",
                "Vega",
                "Vega",
                "Vega",
                "Vega",
                "Vega",
                "Vega",
                "Vega",
                "Vega",
                "Vega",
                "Vega",
                "Vega",
                "Vega",
                "Vega",
                "Vega",
                "Vega",
                "Vega",
                "Vega",
                "Vega",
                "Vega",
                "Vega",
                "Vega",
                "Vega",
                "Vega",
                "Vega",
                "Vega",
                "Vega",
                "Vega",
                "Vega",
                "Vega",
                "Vega",
                "Vega",
                "Vega",
                "Vega",
                "Vega",
                "Vega",
                "Vega",
                "Vega",
                "Vega",
                "Vega",
                "Vega",
                "Vega",
                "Vega",
                "Vega",
                "Vega",
                "Vega",
                "Vega",
                "Vega",
                "Vega",
                "Vega",
                "Vega",
                "Vega",
                "Vega",
                "Vega",
                "Vega",
                "Vega",
                "Vega",
                "Vega",
                "Vega",
                "Vega",
                "Vega",
                "Vega",
                "Vega",
                "Vega",
                "Vega",
                "Vega",
                "Vega",
                "Vega",
                "Vega",
                "Vega",
                "Vega",
                "Vega",
                "Vega",
                "Vega",
                "Vega",
                "Vega",
                "Vega",
                "Vega",
                "Vega",
                "Vega",
                "Vega",
                "Vega",
                "Vega",
                "Vega",
                "Vega",
                "Vega",
                "Vega",
                "Vega",
                "Vega",
                "Vega",
                "Vega",
                "Vega",
                "Vega",
                "Vega",
                "Vega",
                "Vega",
                "Vega",
                "Vega",
                "Vega",
                "Vega",
                "Vega",
                "Vega",
                "Vega",
                "Vega",
                "Vega",
                "Vega",
                "Vega",
                "Vega",
                "Vega",
                "Vega",
                "Vega",
                "Vega",
                "Vega",
                "Vega",
                "Vega",
                "Vega",
                "Vega",
                "Vega",
                "Vega",
                "Vega",
                "Vega",
                "Vega",
                "Vega",
                "Vega",
                "Vega",
                "Vega",
                "Vega",
                "Vega",
                "Vega",
                "Vega",
                "Vega",
                "Vega",
                "Vega",
                "Vega",
                "Vega",
                "Vega",
                "Vega",
                "Vega",
                "Vega",
                "Vega",
                "Vega",
                "Vega",
                "Vega",
                "Vega",
                "Vega",
                "Vega",
                "Vega",
                "Vega",
                "Vega",
                "Vega",
                "Vega",
                "Vega",
                "Vega",
                "Vega",
                "Vega",
                "Vega",
                "Vega",
                "Vega",
                "Vega",
                "Vega",
                "Vega",
                "Vega",
                "Vega"
            ],
            "filter_key": [
                "UVW1",
                "U",
                "B",
                "UVW2",
                "V",
                "UVM2",
                "UVW1",
                "U",
                "B",
                "UVW2",
                "V",
                "UVM2",
                "UVW1",
                "U",
                "B",
                "UVW2",
                "V",
                "UVM2",
                "UVW1",
                "U",
                "B",
                "UVW2",
                "V",
                "UVM2",
                "U",
                "B",
                "UVW1",
                "U",
                "B",
                "UVW2",
                "V",
                "UVM2",
                "UVW1",
                "U",
                "B",
                "UVW2",
                "V",
                "UVM2",
                "UVW1",
                "U",
                "B",
                "UVW1",
                "U",
                "B",
                "UVW2",
                "V",
                "UVM2",
                "UVW1",
                "U",
                "B",
                "UVW2",
                "V",
                "UVM2",
                "UVW1",
                "U",
                "B",
                "UVW2",
                "V",
                "UVM2",
                "UVW1",
                "U",
                "B",
                "UVW2",
                "V",
                "UVM2",
                "UVW1",
                "U",
                "B",
                "UVW2",
                "V",
                "UVM2",
                "UVW1",
                "U",
                "B",
                "UVW2",
                "V",
                "UVM2",
                "UVW1",
                "U",
                "B",
                "UVW2",
                "V",
                "UVM2",
                "UVW1",
                "U",
                "B",
                "UVW2",
                "V",
                "UVM2",
                "UVW1",
                "U",
                "B",
                "UVW2",
                "V",
                "UVM2",
                "UVW1",
                "U",
                "B",
                "UVW2",
                "V",
                "UVM2",
                "UVW1",
                "U",
                "B",
                "UVW2",
                "V",
                "UVM2",
                "UVW1",
                "U",
                "B",
                "UVW2",
                "UVW1",
                "U",
                "B",
                "UVW2",
                "V",
                "UVM2",
                "UVW1",
                "U",
                "B",
                "UVW2",
                "V",
                "UVM2",
                "UVW1",
                "U",
                "B",
                "UVW2",
                "V",
                "UVM2",
                "UVW1",
                "U",
                "B",
                "UVW2",
                "UVW1",
                "U",
                "B",
                "UVW2",
                "V",
                "UVM2",
                "UVW1",
                "U",
                "B",
                "UVW2",
                "V",
                "UVM2",
                "UVW1",
                "U",
                "B",
                "UVW2",
                "V",
                "UVM2",
                "UVW1",
                "U",
                "B",
                "UVW2",
                "V",
                "UVM2",
                "UVW1",
                "U",
                "B",
                "UVW2",
                "UVW1",
                "U",
                "B",
                "UVW2",
                "V",
                "UVM2",
                "UVW1",
                "U",
                "B",
                "UVW2",
                "V",
                "UVM2",
                "UVW1",
                "U",
                "B",
                "UVW2",
                "V",
                "UVM2",
                "UVW1",
                "U",
                "B",
                "UVW2",
                "V",
                "UVM2",
                "UVW1",
                "U",
                "B",
                "UVW2",
                "V",
                "UVM2",
                "UVW1",
                "U",
                "B",
                "UVW2",
                "V",
                "UVM2"
            ],
            "obs_type": [
                "uvoir",
                "uvoir",
                "uvoir",
                "uvoir",
                "uvoir",
                "uvoir",
                "uvoir",
                "uvoir",
                "uvoir",
                "uvoir",
                "uvoir",
                "uvoir",
                "uvoir",
                "uvoir",
                "uvoir",
                "uvoir",
                "uvoir",
                "uvoir",
                "uvoir",
                "uvoir",
                "uvoir",
                "uvoir",
                "uvoir",
                "uvoir",
                "uvoir",
                "uvoir",
                "uvoir",
                "uvoir",
                "uvoir",
                "uvoir",
                "uvoir",
                "uvoir",
                "uvoir",
                "uvoir",
                "uvoir",
                "uvoir",
                "uvoir",
                "uvoir",
                "uvoir",
                "uvoir",
                "uvoir",
                "uvoir",
                "uvoir",
                "uvoir",
                "uvoir",
                "uvoir",
                "uvoir",
                "uvoir",
                "uvoir",
                "uvoir",
                "uvoir",
                "uvoir",
                "uvoir",
                "uvoir",
                "uvoir",
                "uvoir",
                "uvoir",
                "uvoir",
                "uvoir",
                "uvoir",
                "uvoir",
                "uvoir",
                "uvoir",
                "uvoir",
                "uvoir",
                "uvoir",
                "uvoir",
                "uvoir",
                "uvoir",
                "uvoir",
                "uvoir",
                "uvoir",
                "uvoir",
                "uvoir",
                "uvoir",
                "uvoir",
                "uvoir",
                "uvoir",
                "uvoir",
                "uvoir",
                "uvoir",
                "uvoir",
                "uvoir",
                "uvoir",
                "uvoir",
                "uvoir",
                "uvoir",
                "uvoir",
                "uvoir",
                "uvoir",
                "uvoir",
                "uvoir",
                "uvoir",
                "uvoir",
                "uvoir",
                "uvoir",
                "uvoir",
                "uvoir",
                "uvoir",
                "uvoir",
                "uvoir",
                "uvoir",
                "uvoir",
                "uvoir",
                "uvoir",
                "uvoir",
                "uvoir",
                "uvoir",
                "uvoir",
                "uvoir",
                "uvoir",
                "uvoir",
                "uvoir",
                "uvoir",
                "uvoir",
                "uvoir",
                "uvoir",
                "uvoir",
                "uvoir",
                "uvoir",
                "uvoir",
                "uvoir",
                "uvoir",
                "uvoir",
                "uvoir",
                "uvoir",
                "uvoir",
                "uvoir",
                "uvoir",
                "uvoir",
                "uvoir",
                "uvoir",
                "uvoir",
                "uvoir",
                "uvoir",
                "uvoir",
                "uvoir",
                "uvoir",
                "uvoir",
                "uvoir",
                "uvoir",
                "uvoir",
                "uvoir",
                "uvoir",
                "uvoir",
                "uvoir",
                "uvoir",
                "uvoir",
                "uvoir",
                "uvoir",
                "uvoir",
                "uvoir",
                "uvoir",
                "uvoir",
                "uvoir",
                "uvoir",
                "uvoir",
                "uvoir",
                "uvoir",
                "uvoir",
                "uvoir",
                "uvoir",
                "uvoir",
                "uvoir",
                "uvoir",
                "uvoir",
                "uvoir",
                "uvoir",
                "uvoir",
                "uvoir",
                "uvoir",
                "uvoir",
                "uvoir",
                "uvoir",
                "uvoir",
                "uvoir",
                "uvoir",
                "uvoir",
                "uvoir",
                "uvoir",
                "uvoir",
                "uvoir",
                "uvoir",
                "uvoir",
                "uvoir",
                "uvoir",
                "uvoir",
                "uvoir",
                "uvoir",
                "uvoir",
                "uvoir",
                "uvoir",
                "uvoir",
                "uvoir",
                "uvoir",
                "uvoir",
                "uvoir"
            ],
            "date": [
                "57632.2306",
                "57632.2319",
                "57632.2326",
                "57632.2342",
                "57632.2362",
                "57632.2385",
                "57635.8279",
                "57635.8290",
                "57635.8296",
                "57635.8312",
                "57635.8329",
                "57635.8352",
                "57638.5815",
                "57638.5824",
                "57638.5830",
                "57638.5846",
                "57638.5861",
                "57638.5884",
                "57641.9701",
                "57641.9719",
                "57641.9728",
                "57641.9754",
                "57641.9780",
                "57641.9816",
                "57644.2351",
                "57644.2354",
                "57647.7842",
                "57647.7854",
                "57647.7861",
                "57647.7882",
                "57647.7898",
                "57647.7929",
                "57653.4303",
                "57653.4314",
                "57653.4320",
                "57653.4340",
                "57653.4356",
                "57653.4385",
                "57658.7761",
                "57658.7766",
                "57658.7770",
                "57659.8840",
                "57659.8848",
                "57659.8852",
                "57659.8863",
                "57659.8875",
                "57659.8892",
                "57663.7254",
                "57663.7266",
                "57663.7272",
                "57663.7286",
                "57663.7305",
                "57663.7324",
                "57668.5058",
                "57668.5070",
                "57668.5076",
                "57668.5092",
                "57668.5111",
                "57668.5133",
                "57673.7039",
                "57673.7052",
                "57673.7059",
                "57673.7076",
                "57673.7097",
                "57673.7121",
                "57690.4001",
                "57690.4021",
                "57690.4031",
                "57690.4062",
                "57690.4093",
                "57690.4136",
                "57700.2996",
                "57700.3004",
                "57700.3009",
                "57700.3021",
                "57700.3033",
                "57700.3053",
                "57707.2118",
                "57707.2133",
                "57707.2141",
                "57707.2164",
                "57707.2187",
                "57707.2221",
                "57710.2330",
                "57710.2344",
                "57710.2351",
                "57710.2367",
                "57710.2389",
                "57710.2412",
                "57713.4928",
                "57713.4941",
                "57713.4948",
                "57713.4964",
                "57713.4984",
                "57713.5004",
                "57716.5881",
                "57716.5894",
                "57716.5901",
                "57716.5916",
                "57716.5936",
                "57716.5958",
                "57720.5995",
                "57720.6010",
                "57720.6017",
                "57720.6035",
                "57720.6057",
                "57720.6083",
                "57725.4394",
                "57725.4405",
                "57725.4411",
                "57725.4419",
                "57730.5100",
                "57730.5111",
                "57730.5119",
                "57730.5144",
                "57730.5160",
                "57730.5205",
                "57735.6493",
                "57735.6514",
                "57735.6525",
                "57735.6555",
                "57735.6586",
                "57735.6629",
                "57741.1652",
                "57741.1668",
                "57741.1675",
                "57741.1688",
                "57741.1713",
                "57741.1731",
                "57745.0175",
                "57745.0196",
                "57745.0207",
                "57745.0232",
                "57750.6639",
                "57750.6656",
                "57750.6663",
                "57750.6677",
                "57750.6704",
                "57750.6723",
                "57755.7464",
                "57755.7480",
                "57755.7487",
                "57755.7501",
                "57755.7526",
                "57755.7544",
                "57761.7597",
                "57761.7614",
                "57761.7622",
                "57761.7637",
                "57761.7665",
                "57761.7686",
                "57765.9459",
                "57765.9466",
                "57765.9471",
                "57765.9482",
                "57765.9493",
                "57765.9508",
                "57770.1376",
                "57770.1388",
                "57770.1394",
                "57770.1411",
                "57774.9497",
                "57774.9506",
                "57774.9512",
                "57774.9529",
                "57774.9542",
                "57774.9558",
                "57777.4411",
                "57777.4431",
                "57777.4441",
                "57777.4471",
                "57777.4501",
                "57777.4545",
                "57784.1826",
                "57784.1844",
                "57784.1851",
                "57784.1866",
                "57784.1894",
                "57784.1914",
                "57791.0690",
                "57791.0707",
                "57791.0713",
                "57791.0727",
                "57791.0752",
                "57791.0771",
                "57798.6702",
                "57798.6713",
                "57798.6719",
                "57798.6735",
                "57798.6752",
                "57798.6780",
                "57809.0991",
                "57809.1004",
                "57809.1011",
                "57809.1030",
                "57809.1049",
                "57809.1074"
            ],
            "date_format": "MJD",
            "upperlimit": [
                false,
                false,
                false,
                false,
                false,
                false,
                false,
                false,
                false,
                false,
                false,
                false,
                false,
                false,
                false,
                false,
                false,
                false,
                false,
                false,
                false,
                false,
                false,
                false,
                false,
                false,
                false,
                false,
                false,
                false,
                false,
                false,
                false,
                false,
                false,
                false,
                false,
                false,
                false,
                false,
                false,
                false,
                false,
                false,
                false,
                false,
                false,
                false,
                false,
                false,
                false,
                false,
                false,
                false,
                false,
                false,
                false,
                false,
                false,
                false,
                false,
                false,
                false,
                false,
                false,
                false,
                false,
                false,
                false,
                false,
                false,
                false,
                false,
                false,
                false,
                false,
                false,
                false,
                false,
                false,
                false,
                false,
                false,
                false,
                false,
                false,
                false,
                false,
                false,
                false,
                false,
                false,
                false,
                false,
                false,
                false,
                false,
                false,
                false,
                false,
                false,
                false,
                false,
                false,
                false,
                false,
                false,
                false,
                false,
                false,
                false,
                false,
                false,
                false,
                false,
                false,
                false,
                false,
                false,
                false,
                false,
                false,
                false,
                false,
                false,
                false,
                false,
                false,
                false,
                false,
                false,
                false,
                false,
                false,
                false,
                false,
                false,
                false,
                false,
                false,
                false,
                false,
                false,
                false,
                false,
                false,
                false,
                false,
                false,
                false,
                false,
                false,
                false,
                false,
                false,
                false,
                false,
                false,
                false,
                false,
                false,
                false,
                false,
                false,
                false,
                false,
                false,
                false,
                false,
                false,
                false,
                false,
                false,
                false,
                false,
                false,
                false,
                false,
                false,
                false,
                false,
                false,
                false,
                false,
                false,
                false,
                false,
                false,
                false,
                false,
                false,
                false,
                false,
                false,
                false,
                false,
                false
            ],
            "telescope": "Swift",
            "corr_k": null,
            "corr_av": null,
            "corr_host": null,
            "corr_hostav": null,
            "reference": [
                "2014Ap&SS.354...89B"
            ],
            "corr_s": null
        },
        {
            "reference": "2017ApJ...843..106B",
            "raw": [
                57,
                51
            ],
            "raw_err": [
                0,
                0
            ],
            "raw_units": "uJy",
            "date": [
                "57653.227",
                "57743.136"
            ],
            "date_format": [
                "mjd",
                "mjd"
            ],
            "upperlimit": [
                true,
                true
            ],
            "filter_key": [
                "21.8GHz",
                "21.8GHz"
            ],
            "obs_type": "radio",
            "corr_k": false,
            "corr_s": false,
            "corr_host": false,
            "corr_av": false,
            "corr_hostav": false
        },
        {
            "reference": "2023arXiv230813595C",
            "raw": [
                1.002
            ],
            "raw_err": [
                0.015
            ],
            "raw_units": "mJy",
            "date": [
                "2019-06-16"
            ],
            "date_format": [
                "iso"
            ],
            "upperlimit": [
                false
            ],
            "filter_key": [
                "0.887GHz"
            ],
            "obs_type": "radio",
            "telescope": "ASKAP",
            "corr_k": false,
            "corr_s": false,
            "corr_host": false,
            "corr_av": false,
            "corr_hostav": false
        },
        {
            "reference": "2023arXiv230813595C",
            "raw": [
                0.0663,
                0.0303,
                0.075,
                0.026,
                0.21,
                0.845,
                0.361,
                0.285,
                0.26,
                0.256,
                0.228,
                0.767,
                0.193,
                0.21,
                0.163,
                0.089,
                0.086,
                0.053,
                0.039
            ],
            "raw_err": [
                0,
                0,
                0,
                0,
                0.008,
                0,
                0.076,
                0.013,
                0.009,
                0.01,
                0.009,
                0,
                0.047,
                0.058,
                0.012,
                0.015,
                0.008,
                0.012,
                0.011
            ],
            "raw_units": "mJy",
            "date": [
                "2017-06-14",
                "2017-06-14",
                "2017-08-22",
                "2017-08-22",
                "2020-06-06",
                "2020-09-04",
                "2021-06-14",
                "2021-06-14",
                "2021-06-14",
                "2021-06-14",
                "2021-06-14",
                "2022-11-23",
                "2022-11-23",
                "2022-11-23",
                "2022-11-23",
                "2022-11-23",
                "2022-11-23",
                "2022-11-23",
                "2022-11-23"
            ],
            "date_format": [
                "iso",
                "iso",
                "iso",
                "iso",
                "iso",
                "iso",
                "iso",
                "iso",
                "iso",
                "iso",
                "iso",
                "iso",
                "iso",
                "iso",
                "iso",
                "iso",
                "iso",
                "iso",
                "iso"
            ],
            "upperlimit": [
                true,
                true,
                true,
                true,
                false,
                true,
                false,
                false,
                false,
                false,
                false,
                true,
                false,
                false,
                false,
                false,
                false,
                false,
                false
            ],
            "filter_key": [
                "21.7GHz",
                "6.0GHz",
                "21.7GHz",
                "6.0GHz",
                "6.0GHz",
                "3.0GHz",
                "3.0GHz",
                "5.0GHz",
                "7.0GHz",
                "9.0GHz",
                "11.0GHz",
                "1.25GHz",
                "1.75GHz",
                "3.0GHz",
                "6.0GHz",
                "10.0GHz",
                "15.0GHz",
                "20.0GHz",
                "24.0GHz"
            ],
            "obs_type": "radio",
            "telescope": "VLA",
            "corr_k": false,
            "corr_s": false,
            "corr_host": false,
            "corr_av": false,
            "corr_hostav": false
        },
        {
            "reference": "['2017ApJ...843..106B', '2020SSRv..216...81A']",
            "raw": [
                23,
                25
            ],
            "raw_err": [
                0,
                0
            ],
            "raw_units": "uJy",
            "date": [
                "57653.25",
                "57743.159"
            ],
            "date_format": [
                "mjd",
                "mjd"
            ],
            "upperlimit": [
                true,
                true
            ],
            "filter_key": [
                "6.0GHz",
                "6.0GHz"
            ],
            "obs_type": "radio",
            "corr_k": false,
            "corr_s": false,
            "corr_host": false,
            "corr_av": false,
            "corr_hostav": false
        }
    ],
    "distance": [
        {
            "value": "0.08",
            "distance_type": "redshift",
            "reference": [
                "ASAS-SN Supernovae"
            ],
            "default": false
        },
        {
            "value": "0.0804",
            "distance_type": "redshift",
            "reference": [
                "2017ApJ...843..106B",
                "2017NatAs...1..865K",
                "2021ApJ...910...83H",
                "2023PASP..135c4101G"
            ],
            "default": true
        },
        {
            "value": "300",
            "distance_type": "comoving",
            "unit": "Mpc",
            "reference": [
                "2016A&A...594A..13P",
                "2017ApJ...835...64G",
                "ASAS-SN Supernovae"
            ],
            "default": true
        },
        {
            "value": "400",
            "distance_type": "luminosity",
            "unit": "Mpc",
            "reference": [
                "2016A&A...594A..13P",
                "2017ApJ...835...64G",
                "ASAS-SN Supernovae"
            ],
            "default": true
        }
    ],
    "coordinate": [
        {
            "ra": "01:58:04.739",
            "dec": "-00:52:21.74",
            "ra_units": "hour",
            "dec_units": "degree",
            "coordinate_type": "equatorial",
            "reference": [
                "2016TNSTR.562....1C"
            ],
            "default": false
        },
        {
            "ra": "01:58:05.0",
            "dec": "-00:52:22",
            "ra_units": "hour",
            "dec_units": "deg",
            "coordinate_type": "equatorial",
            "reference": [
                "2000A&AS..143....9W",
                "2017ApJ...843..106B"
            ],
            "default": true
        }
    ],
    "filter_alias": [
        {
            "filter_key": "B",
            "wave_eff": 445,
            "wave_units": "nm",
            "filter_name": "B"
        },
        {
            "filter_key": "U",
            "wave_eff": 365,
            "wave_units": "nm",
            "filter_name": "U"
        },
        {
            "filter_key": "UVM2",
            "wave_eff": 260,
            "wave_units": "nm",
            "filter_name": "UVM2"
        },
        {
            "filter_key": "UVW1",
            "wave_eff": 224.6,
            "wave_units": "nm",
            "filter_name": "UVW1"
        },
        {
            "filter_key": "UVW2",
            "wave_eff": 192.8,
            "wave_units": "nm",
            "filter_name": "UVW2"
        },
        {
            "filter_key": "V",
            "wave_eff": 551,
            "wave_units": "nm",
            "filter_name": "V"
        },
        {
            "filter_key": "21.7GHz",
            "filter_name": "K",
            "freq_eff": 21.7,
            "freq_units": "GHz"
        },
        {
            "filter_key": "6.0GHz",
            "filter_name": "C",
            "freq_eff": 6,
            "freq_units": "GHz"
        },
        {
            "filter_key": "0.887GHz",
            "filter_name": "UHF",
            "freq_eff": 0.887,
            "freq_units": "GHz"
        },
        {
            "filter_key": "3.0GHz",
            "filter_name": "S",
            "freq_eff": 3,
            "freq_units": "GHz"
        },
        {
            "filter_key": "5.0GHz",
            "filter_name": "C",
            "freq_eff": 5,
            "freq_units": "GHz"
        },
        {
            "filter_key": "7.0GHz",
            "filter_name": "C",
            "freq_eff": 7,
            "freq_units": "GHz"
        },
        {
            "filter_key": "9.0GHz",
            "filter_name": "X",
            "freq_eff": 9,
            "freq_units": "GHz"
        },
        {
            "filter_key": "11.0GHz",
            "filter_name": "X",
            "freq_eff": 11,
            "freq_units": "GHz"
        },
        {
            "filter_key": "1.25GHz",
            "filter_name": "L",
            "freq_eff": 1.25,
            "freq_units": "GHz"
        },
        {
            "filter_key": "1.75GHz",
            "filter_name": "L",
            "freq_eff": 1.75,
            "freq_units": "GHz"
        },
        {
            "filter_key": "10.0GHz",
            "filter_name": "X",
            "freq_eff": 10,
            "freq_units": "GHz"
        },
        {
            "filter_key": "15.0GHz",
            "filter_name": "Ku",
            "freq_eff": 15,
            "freq_units": "GHz"
        },
        {
            "filter_key": "20.0GHz",
            "filter_name": "K",
            "freq_eff": 20,
            "freq_units": "GHz"
        },
        {
            "filter_key": "24.0GHz",
            "filter_name": "K",
            "freq_eff": 24,
            "freq_units": "GHz"
        },
        {
            "filter_key": "21.8GHz",
            "filter_name": "K",
            "freq_eff": 21.8,
            "freq_units": "GHz"
        }
    ],
    "schema_version": {
        "comment": "Copied from tde.space;",
        "comments": "From Goldtooth et al. (2023)",
        "value": 0
    },
    "host": [
        {
            "host_name": "SDSS J015804.75-005221.8",
            "host_ra": 29.520833333333332,
            "host_dec": -0.8727777777777778,
            "host_ra_units": "deg",
            "host_dec_units": "deg",
            "reference": [
                "2023PASP..135c4101G",
                "2017ApJ...843..106B",
                "2017NatAs...1..865K",
                "2021ApJ...910...83H"
            ]
        }
    ]
}