{
    "_key": "7536057",
    "_id": "transients/7536057",
    "_rev": "_kk4VN_K---",
    "classification": {
        "discovery_method": "optical",
        "spec_classed": 3,
        "unambiguous": true,
        "value": [
            {
                "object_class": "TDE",
                "confidence": 3.3,
                "reference": [
                    "2012Natur.485..217G",
                    "2015ApJ...815L...5G",
                    "2017ApJ...838..149A",
                    "2023PASP..135c4101G",
                    "2024MNRAS.527.2452M",
                    "['2013A&A...552A...5V', '2020SSRv..216...81A']"
                ],
                "default": true
            },
            {
                "object_class": "TDE",
                "confidence": 0,
                "reference": [
                    "2015ApJ...815L...5G",
                    "2012Natur.485..217G"
                ],
                "default": false
            }
        ]
    },
    "name": {
        "alias": [
            {
                "value": "PS1-10jh",
                "reference": [
                    "2017ApJ...838..149A",
                    "2012Natur.485..217G",
                    "2000A&AS..143....9W",
                    "2012Natur.485..217G",
                    "2024MNRAS.527.2452M",
                    "2023PASP..135c4101G",
                    "2017ApJ...838..149A"
                ]
            }
        ],
        "default_name": "PS1-10jh"
    },
    "reference_alias": [
        {
            "name": "2017ApJ...838..149A",
            "human_readable_name": "Auchettl, Guillochon, & Ramirez-Ruiz (2017)"
        },
        {
            "name": "2016A&A...594A..13P",
            "human_readable_name": "Planck Collaboration et al. (2016)"
        },
        {
            "name": "2015ApJ...815L...5G",
            "human_readable_name": "Gezari et al. (2015)"
        },
        {
            "name": "2012Natur.485..217G",
            "human_readable_name": "Gezari et al. (2012)"
        },
        {
            "name": "2011ApJ...737..103S",
            "human_readable_name": "Schlafly & Finkbeiner (2011)"
        },
        {
            "name": "2017ApJ...835...64G",
            "human_readable_name": "Guillochon et al. (2017)"
        },
        {
            "name": "2000A&AS..143....9W",
            "human_readable_name": "Wenger et al. (2000)"
        },
        {
            "name": "Gezari, S. et al. (2012)",
            "human_readable_name": "2012Natur.485..217G"
        },
        {
            "name": "2024MNRAS.527.2452M",
            "human_readable_name": "Mummery et al. (2023)"
        },
        {
            "name": "2017MNRAS.471.1694W",
            "human_readable_name": "Wevers, Thomas et al. (2017)"
        },
        {
            "name": "2023PASP..135c4101G",
            "human_readable_name": "Goldtooth, Aaron et al. (2023)"
        },
        {
            "name": "2013A&A...552A...5V",
            "human_readable_name": "van Velzen, S. et al. (2013)"
        },
        {
            "name": "2020SSRv..216...81A",
            "human_readable_name": "Alexander, Kate D. et al. (2020)"
        },
        {
            "name": "2013A&A...552A...5V",
            "human_readable_name": "van Velzen, S. et al. (2013)"
        }
    ],
    "photometry": [
        {
            "raw": [
                0.000643159
            ],
            "raw_units": [
                "ct"
            ],
            "value": [
                3.82e-15
            ],
            "value_units": [
                "ergs/cm^2/s"
            ],
            "filter_key": [
                "0.3 - 2.0"
            ],
            "obs_type": [
                "xray"
            ],
            "date": [
                "55704"
            ],
            "date_format": "MJD",
            "upperlimit": [
                true
            ],
            "telescope": "Chandra",
            "corr_k": null,
            "corr_av": null,
            "corr_host": null,
            "corr_hostav": null,
            "reference": [
                "2017ApJ...838..149A"
            ],
            "xray_model": [
                {
                    "model_name": "Absorbed Powerlaw",
                    "param_names": [
                        "photonindex",
                        "nhmw"
                    ],
                    "param_values": [
                        "4.5",
                        "0.0129"
                    ],
                    "param_units": [
                        "None",
                        "10^22 cm^-2"
                    ],
                    "min_energy": 0.3,
                    "max_energy": 2,
                    "energy_units": "keV"
                }
            ],
            "corr_s": null
        },
        {
            "raw": [
                0.0313036
            ],
            "raw_units": [
                "ct"
            ],
            "value": [
                5.67e-14
            ],
            "value_units": [
                "ergs/cm^2/s"
            ],
            "filter_key": [
                "0.3 - 2.0"
            ],
            "obs_type": [
                "xray"
            ],
            "date": [
                "48083.6"
            ],
            "date_format": "MJD",
            "upperlimit": [
                true
            ],
            "telescope": "ROSAT",
            "corr_k": null,
            "corr_av": null,
            "corr_host": null,
            "corr_hostav": null,
            "reference": [
                "2017ApJ...838..149A"
            ],
            "xray_model": [
                {
                    "model_name": "Absorbed Powerlaw",
                    "param_names": [
                        "photonindex",
                        "nhmw"
                    ],
                    "param_values": [
                        "4.5",
                        "0.0129"
                    ],
                    "param_units": [
                        "None",
                        "10^22 cm^-2"
                    ],
                    "min_energy": 0.3,
                    "max_energy": 2,
                    "energy_units": "keV"
                }
            ],
            "corr_s": null
        },
        {
            "raw": [
                0.855,
                1.39,
                0.685,
                2.58,
                1.15,
                0.258,
                0.671
            ],
            "raw_units": [
                "ct",
                "ct",
                "ct",
                "ct",
                "ct",
                "ct",
                "ct"
            ],
            "value": [
                3.03e-12,
                4.93e-12,
                2.43e-12,
                9.16e-12,
                4.08e-12,
                9.16e-13,
                2.38e-12
            ],
            "value_units": [
                "ergs/cm^2/s",
                "ergs/cm^2/s",
                "ergs/cm^2/s",
                "ergs/cm^2/s",
                "ergs/cm^2/s",
                "ergs/cm^2/s",
                "ergs/cm^2/s"
            ],
            "filter_key": [
                "0.3 - 2.0",
                "0.3 - 2.0",
                "0.3 - 2.0",
                "0.3 - 2.0",
                "0.3 - 2.0",
                "0.3 - 2.0",
                "0.3 - 2.0"
            ],
            "obs_type": [
                "xray",
                "xray",
                "xray",
                "xray",
                "xray",
                "xray",
                "xray"
            ],
            "date": [
                "52618.1",
                "52922.5",
                "53557.9",
                "55757.4",
                "55789.8",
                "55919.1",
                "56833.1"
            ],
            "date_format": "MJD",
            "upperlimit": [
                false,
                false,
                false,
                false,
                false,
                false,
                false
            ],
            "telescope": "XMM",
            "corr_k": null,
            "corr_av": null,
            "corr_host": null,
            "corr_hostav": null,
            "reference": [
                "2017ApJ...838..149A"
            ],
            "xray_model": [
                {
                    "model_name": "Absorbed Powerlaw",
                    "param_names": [
                        "photonindex",
                        "nhmw"
                    ],
                    "param_values": [
                        "4.5",
                        "0.0129"
                    ],
                    "param_units": [
                        "None",
                        "10^22 cm^-2"
                    ],
                    "min_energy": 0.3,
                    "max_energy": 2,
                    "energy_units": "keV"
                },
                {
                    "model_name": "Absorbed Powerlaw",
                    "param_names": [
                        "photonindex",
                        "nhmw"
                    ],
                    "param_values": [
                        "4.5",
                        "0.0129"
                    ],
                    "param_units": [
                        "None",
                        "10^22 cm^-2"
                    ],
                    "min_energy": 0.3,
                    "max_energy": 2,
                    "energy_units": "keV"
                },
                {
                    "model_name": "Absorbed Powerlaw",
                    "param_names": [
                        "photonindex",
                        "nhmw"
                    ],
                    "param_values": [
                        "4.5",
                        "0.0129"
                    ],
                    "param_units": [
                        "None",
                        "10^22 cm^-2"
                    ],
                    "min_energy": 0.3,
                    "max_energy": 2,
                    "energy_units": "keV"
                },
                {
                    "model_name": "Absorbed Powerlaw",
                    "param_names": [
                        "photonindex",
                        "nhmw"
                    ],
                    "param_values": [
                        "4.5",
                        "0.0129"
                    ],
                    "param_units": [
                        "None",
                        "10^22 cm^-2"
                    ],
                    "min_energy": 0.3,
                    "max_energy": 2,
                    "energy_units": "keV"
                },
                {
                    "model_name": "Absorbed Powerlaw",
                    "param_names": [
                        "photonindex",
                        "nhmw"
                    ],
                    "param_values": [
                        "4.5",
                        "0.0129"
                    ],
                    "param_units": [
                        "None",
                        "10^22 cm^-2"
                    ],
                    "min_energy": 0.3,
                    "max_energy": 2,
                    "energy_units": "keV"
                },
                {
                    "model_name": "Absorbed Powerlaw",
                    "param_names": [
                        "photonindex",
                        "nhmw"
                    ],
                    "param_values": [
                        "4.5",
                        "0.0129"
                    ],
                    "param_units": [
                        "None",
                        "10^22 cm^-2"
                    ],
                    "min_energy": 0.3,
                    "max_energy": 2,
                    "energy_units": "keV"
                },
                {
                    "model_name": "Absorbed Powerlaw",
                    "param_names": [
                        "photonindex",
                        "nhmw"
                    ],
                    "param_values": [
                        "4.5",
                        "0.0129"
                    ],
                    "param_units": [
                        "None",
                        "10^22 cm^-2"
                    ],
                    "min_energy": 0.3,
                    "max_energy": 2,
                    "energy_units": "keV"
                }
            ],
            "corr_s": null
        },
        {
            "raw": [
                23.7
            ],
            "raw_err": [
                0.12
            ],
            "raw_units": "mag(AB)",
            "filter_key": [
                "F225W"
            ],
            "obs_type": [
                "uvoir"
            ],
            "date": [
                "56821"
            ],
            "date_format": "MJD",
            "upperlimit": [
                false
            ],
            "telescope": "HST",
            "corr_k": null,
            "corr_av": null,
            "corr_host": null,
            "corr_hostav": null,
            "reference": [
                "2015ApJ...815L...5G"
            ],
            "corr_s": null
        },
        {
            "raw": [
                1.9711e-06,
                2.3825e-06,
                4.2526e-06,
                1.6976e-06,
                4.6515e-06,
                2.1255e-06,
                2.17349e-06,
                2.21543e-06,
                1.40625e-06,
                6.91932e-05,
                7.31246e-05,
                9.03782e-05,
                7.87161e-06,
                7.31246e-06,
                5.24884e-06,
                6.66904e-07,
                8.71091e-07,
                1.35539e-06,
                6.66904e-06,
                8.87286e-06,
                1.18049e-05,
                2.44379e-05,
                2.75463e-05,
                3.10501e-05,
                4.09321e-05,
                4.96665e-05,
                4.57155e-05,
                3.90898e-05,
                3.73305e-05,
                2.80584e-05,
                2.93808e-05,
                2.67956e-05,
                2.2702e-05,
                2.05146e-05,
                1.87096e-05,
                1.8538e-05,
                1.75414e-05,
                1.65983e-05,
                3.69882e-06,
                2.55896e-06,
                1.81997e-06,
                2.14815e-06,
                1.64461e-06,
                1.64461e-06,
                2.4664e-06,
                3.37337e-06,
                4.09321e-06,
                7.24542e-06,
                9.81892e-06,
                1.83681e-05,
                2.14815e-05,
                2.37719e-05,
                3.16274e-05,
                3.73305e-05,
                3.43608e-05,
                2.9927e-05,
                2.80584e-05,
                2.22876e-05,
                2.2702e-05,
                2.10894e-05,
                1.57059e-05,
                1.41927e-05,
                1.40625e-05,
                1.41927e-05,
                1.33065e-05,
                1.19142e-05,
                2.42138e-06,
                1.94117e-06,
                1.57059e-06,
                1.99555e-06,
                1.10679e-06,
                8.55192e-07
            ],
            "raw_err": [
                1.7957e-06,
                3.0525e-06,
                3.8773e-06,
                2.3066e-06,
                5.011e-06,
                3.4504e-06,
                7.49834870122034e-08,
                7.642988965849797e-08,
                1.5542473450333677e-07,
                4.4610516006176794e-06,
                5.3880232646976015e-06,
                3.3296687506535948e-06,
                8.700029075820362e-07,
                8.755542148548267e-07,
                7.734974439931813e-07,
                9.582170243807078e-07,
                1.0750882677821943e-06,
                1.4605801556765103e-06,
                1.2284838421537689e-06,
                1.0623867691164494e-06,
                9.785456255768566e-07,
                1.1254099019434493e-06,
                1.0148436868965518e-06,
                1.143925369899168e-06,
                1.1309958105610413e-06,
                1.3723372506806265e-06,
                1.2631664997372206e-06,
                1.0800890254289374e-06,
                1.0314782589693313e-06,
                1.8089892107534017e-06,
                1.3530328679049132e-06,
                1.233986279935219e-06,
                1.0454653743539259e-06,
                9.447321027182104e-07,
                1.0339338361439065e-06,
                1.0244471004176491e-06,
                1.1309350353835814e-06,
                1.2230077329536148e-06,
                9.879543656889648e-07,
                9.427571901538641e-07,
                1.1398526759424703e-06,
                1.0881852893260616e-06,
                1.0451719443950556e-06,
                1.2572354932588915e-06,
                1.1585345064565904e-06,
                1.7088390028444354e-06,
                1.0932963561077488e-06,
                1.134458330822257e-06,
                9.947921522755541e-07,
                1.0150602559047374e-06,
                9.892606178349788e-07,
                1.094735006961525e-06,
                1.1651925848180867e-06,
                1.3753090251230112e-06,
                1.265899943424145e-06,
                1.102552171755026e-06,
                1.0337053411143975e-06,
                1.6422107612998457e-06,
                1.2545597466200456e-06,
                1.1654421814455992e-06,
                1.1572551984836031e-06,
                1.1764767825835002e-06,
                1.1656816580710337e-06,
                1.0457576939205562e-06,
                1.103018090330846e-06,
                1.0973378987906844e-06,
                1.0258812830066718e-06,
                1.1978839799092787e-06,
                1.2151163384154953e-06,
                1.3968585816822534e-06,
                1.559670138555492e-06,
                1.6304585124412037e-06
            ],
            "raw_units": "Jy",
            "date": [
                "58063.789306",
                "60676.205936",
                "60690.503914",
                "58063.792974",
                "60676.210905",
                "58063.785061",
                "57585.616896",
                "57585.616896",
                "56821.002592000004",
                "55364.686848000005",
                "55366.955872000006",
                "55370.569936",
                "55674.817984",
                "55691.391216",
                "55720.61952",
                "55332.405888",
                "55335.400064",
                "55338.405936",
                "55347.400160000005",
                "55350.4996",
                "55353.400208",
                "55362.406128",
                "55365.306736000006",
                "55368.406176000004",
                "55377.400400000006",
                "55389.306928000005",
                "55407.307072",
                "55413.307120000005",
                "55416.301296000005",
                "55422.301344",
                "55425.307216",
                "55428.301392",
                "55437.307312000004",
                "55440.301488000005",
                "55443.30736",
                "55446.301536",
                "55449.202144",
                "55452.301584",
                "55602.60688",
                "55677.601632000005",
                "55706.058000000005",
                "55741.847760000004",
                "55764.30408",
                "55797.298496",
                "55335.400064",
                "55338.405936",
                "55347.505424",
                "55350.4996",
                "55353.400208",
                "55362.406128",
                "55365.306736000006",
                "55368.406176000004",
                "55377.505664000004",
                "55389.306928000005",
                "55407.40064",
                "55413.307120000005",
                "55416.301296000005",
                "55422.301344",
                "55425.307216",
                "55428.301392",
                "55437.307312000004",
                "55440.301488000005",
                "55443.30736",
                "55446.301536",
                "55449.202144",
                "55452.301584",
                "55602.60688",
                "55676.05776",
                "55706.058000000005",
                "55734.350624",
                "55765.801168000005",
                "55797.298496"
            ],
            "date_format": "mjd",
            "filter_key": [
                "UVW2.uvot",
                "UVW2.uvot",
                "UVW2.uvot",
                "UVM2.uvot",
                "UVM2.uvot",
                "UVW1.uvot",
                "F125LP",
                "F150LP",
                "F225W",
                "NUV",
                "NUV",
                "NUV",
                "NUV",
                "NUV",
                "NUV",
                "g.ps",
                "g.ps",
                "g.ps",
                "g.ps",
                "g.ps",
                "g.ps",
                "g.ps",
                "g.ps",
                "g.ps",
                "g.ps",
                "g.ps",
                "g.ps",
                "g.ps",
                "g.ps",
                "g.ps",
                "g.ps",
                "g.ps",
                "g.ps",
                "g.ps",
                "g.ps",
                "g.ps",
                "g.ps",
                "g.ps",
                "g.ps",
                "g.ps",
                "g.ps",
                "g.ps",
                "g.ps",
                "g.ps",
                "r.ps",
                "r.ps",
                "r.ps",
                "r.ps",
                "r.ps",
                "r.ps",
                "r.ps",
                "r.ps",
                "r.ps",
                "r.ps",
                "r.ps",
                "r.ps",
                "r.ps",
                "r.ps",
                "r.ps",
                "r.ps",
                "r.ps",
                "r.ps",
                "r.ps",
                "r.ps",
                "r.ps",
                "r.ps",
                "r.ps",
                "r.ps",
                "r.ps",
                "r.ps",
                "r.ps",
                "r.ps"
            ],
            "obs_type": "uvoir",
            "reference": [
                "2012Natur.485..217G",
                "2024MNRAS.527.2452M"
            ],
            "upperlimit": [
                true,
                true,
                true,
                true,
                true,
                true,
                false,
                false,
                false,
                false,
                false,
                false,
                false,
                false,
                false,
                true,
                true,
                true,
                false,
                false,
                false,
                false,
                false,
                false,
                false,
                false,
                false,
                false,
                false,
                false,
                false,
                false,
                false,
                false,
                false,
                false,
                false,
                false,
                false,
                true,
                true,
                true,
                true,
                true,
                true,
                true,
                false,
                false,
                false,
                false,
                false,
                false,
                false,
                false,
                false,
                false,
                false,
                false,
                false,
                false,
                false,
                false,
                false,
                false,
                false,
                false,
                true,
                true,
                true,
                true,
                true,
                true
            ],
            "corr_k": false,
            "corr_s": false,
            "corr_av": false,
            "corr_host": false,
            "corr_hostav": false,
            "val_av": 0.03690849794917105
        },
        {
            "reference": "['2013A&A...552A...5V', '2020SSRv..216...81A']",
            "raw": [
                45
            ],
            "raw_err": [
                0
            ],
            "raw_units": "uJy",
            "date": [
                "55649.348"
            ],
            "date_format": [
                "mjd"
            ],
            "upperlimit": [
                true
            ],
            "filter_key": [
                "5.0GHz"
            ],
            "obs_type": "radio",
            "corr_k": false,
            "corr_s": false,
            "corr_host": false,
            "corr_av": false,
            "corr_hostav": false
        }
    ],
    "distance": [
        {
            "value": "0.1696",
            "distance_type": "redshift",
            "reference": [
                "2012Natur.485..217G",
                "2015ApJ...815L...5G",
                "2017ApJ...838..149A",
                "2023PASP..135c4101G",
                "2024MNRAS.527.2452M"
            ],
            "default": true
        },
        {
            "value": "0.17",
            "distance_type": "redshift",
            "reference": [
                "2013A&A...552A...5V"
            ],
            "default": false
        },
        {
            "value": "65.0",
            "distance_type": "dispersion_measure",
            "unit": "km/s",
            "reference": [
                "2017MNRAS.471.1694W",
                "2024MNRAS.527.2452M"
            ],
            "default": true
        },
        {
            "value": "720.3",
            "distance_type": "comoving",
            "unit": "Mpc",
            "reference": [
                "2012Natur.485..217G",
                "2015ApJ...815L...5G",
                "2016A&A...594A..13P",
                "2017ApJ...835...64G",
                "2017ApJ...838..149A"
            ],
            "default": true
        },
        {
            "value": "842.4",
            "distance_type": "luminosity",
            "unit": "Mpc",
            "reference": [
                "2012Natur.485..217G",
                "2015ApJ...815L...5G",
                "2016A&A...594A..13P",
                "2017ApJ...835...64G",
                "2017ApJ...838..149A"
            ],
            "default": true
        }
    ],
    "coordinate": [
        {
            "ra": "16:09:28.29",
            "dec": "+53:40:23.52",
            "ra_units": "hour",
            "dec_units": "deg",
            "coordinate_type": "equatorial",
            "default": false,
            "reference": [
                "2017ApJ...838..149A"
            ]
        },
        {
            "ra": "16:09:28.29",
            "dec": "+53:40:23.52",
            "ra_units": "hour",
            "dec_units": "degree",
            "coordinate_type": "equatorial",
            "default": false,
            "reference": [
                "2017ApJ...838..149A"
            ]
        },
        {
            "ra": "242.367817171123",
            "dec": "53.6733308805967",
            "ra_units": "deg",
            "dec_units": "deg",
            "coordinate_type": "equatorial",
            "default": true,
            "reference": [
                "2012Natur.485..217G",
                "2024MNRAS.527.2452M"
            ]
        }
    ],
    "filter_alias": [
        {
            "filter_key": "0.3 - 2.0",
            "wave_eff": 0.7293188143129428,
            "wave_min": 0.6199209921660013,
            "wave_max": 4.132806614440009,
            "wave_units": "nm",
            "filter_name": "0.3 - 2.0"
        },
        {
            "filter_key": "F225W",
            "wave_eff": 2372.81,
            "wave_units": "nm",
            "filter_name": "F225W"
        },
        {
            "filter_key": "F125LP",
            "filter_name": "F125LP",
            "freq_eff": 2105859020713276.5,
            "freq_units": "Hz"
        },
        {
            "filter_key": "F150LP",
            "filter_name": "F150LP",
            "freq_eff": 1872747059283952.8,
            "freq_units": "Hz"
        },
        {
            "filter_key": "NUV",
            "filter_name": "NUV",
            "freq_eff": 1322268446213041.5,
            "freq_units": "Hz"
        },
        {
            "filter_key": "UVM2.uvot",
            "filter_name": "UVM2.uvot",
            "freq_eff": 1346484181597652,
            "freq_units": "Hz"
        },
        {
            "filter_key": "UVW1.uvot",
            "filter_name": "UVW1.uvot",
            "freq_eff": 1198891057872408,
            "freq_units": "Hz"
        },
        {
            "filter_key": "UVW2.uvot",
            "filter_name": "UVW2.uvot",
            "freq_eff": 1492659946412262.2,
            "freq_units": "Hz"
        },
        {
            "filter_key": "g.ps",
            "filter_name": "g.ps",
            "freq_eff": 627363098231187.5,
            "freq_units": "Hz"
        },
        {
            "filter_key": "r.ps",
            "filter_name": "r.ps",
            "freq_eff": 488135386922682.3,
            "freq_units": "Hz"
        },
        {
            "filter_key": "5.0GHz",
            "filter_name": "C",
            "freq_eff": 5,
            "freq_units": "GHz"
        }
    ],
    "date_reference": [
        {
            "value": "2010-05-16",
            "date_format": "iso",
            "date_type": "discovery",
            "reference": [
                "2012Natur.485..217G",
                "2015ApJ...815L...5G",
                "2017ApJ...835...64G"
            ],
            "default": true
        },
        {
            "value": "2010-05-16 ",
            "date_format": "iso",
            "date_type": "discovery",
            "reference": [
                "2012Natur.485..217G",
                "2017ApJ...838..149A",
                "2023PASP..135c4101G"
            ],
            "default": false
        },
        {
            "value": "55393.18749999996",
            "date_format": "mjd",
            "date_type": "peak",
            "reference": [
                "2012Natur.485..217G",
                "2024MNRAS.527.2452M"
            ],
            "default": true
        }
    ],
    "host": [
        {
            "host_name": "SDSS J160928.27+534023.9",
            "host_ra": 242.36666666666665,
            "host_dec": 53.67333055555555,
            "host_ra_units": "deg",
            "host_dec_units": "deg",
            "reference": [
                "2023PASP..135c4101G",
                "2012Natur.485..217G",
                "2017ApJ...838..149A"
            ]
        }
    ],
    "schema_version": {
        "comment": "Copied from tde.space;",
        "comments": "From Goldtooth et al. (2023)",
        "value": 0
    }
}