{
    "_key": "2020680",
    "_id": "vetting/2020680",
    "_rev": "_j2466yO---",
    "name": {
        "alias": [
            {
                "value": "Gaia 16aax",
                "reference": [
                    "2023PASP..135c4101G"
                ]
            }
        ],
        "default_name": "Gaia 16aax"
    },
    "coordinate": [
        {
            "ra": 218.575,
            "dec": 12.826944444444443,
            "ra_units": "degree",
            "dec_units": "deg",
            "reference": [
                "2023PASP..135c4101G"
            ],
            "coordinate_type": "equatorial"
        }
    ],
    "schema_version": {
        "comment": "Uploader:Noah Franz | Email:nfranz@arizona.edu | approved"
    },
    "photometry": [
        {
            "reference": "2020MNRAS.493..477C",
            "raw": [
                21.5,
                21.87,
                21.7,
                19.45,
                19.38,
                19.52
            ],
            "raw_err": [
                0.2,
                0.15,
                0.1,
                0.22,
                0.24,
                0.23
            ],
            "raw_units": "mag(AB)",
            "date": [
                "2006-09-12",
                "2006-09-12",
                "2006-09-12",
                "2019-07-18",
                "2019-07-18",
                "2019-07-18"
            ],
            "date_format": [
                "iso",
                "iso",
                "iso",
                "iso",
                "iso",
                "iso"
            ],
            "upperlimit": [
                false,
                false,
                false,
                false,
                false,
                false
            ],
            "filter_key": [
                "UVW1",
                "UVM2",
                "UVW2",
                "UVW1",
                "UVM2",
                "UVW2"
            ],
            "obs_type": "uvoir",
            "telescope": "Swift",
            "val_k": false,
            "val_s": false,
            "val_host": false,
            "val_av": false,
            "val_hostav": false
        },
        {
            "reference": "2020MNRAS.493..477C",
            "raw": [
                2.5e-12
            ],
            "raw_err": [
                9e-13
            ],
            "raw_units": "erg cm^-2 s^-1",
            "date": [
                "2006-09-12"
            ],
            "date_format": [
                "iso"
            ],
            "upperlimit": [
                false
            ],
            "filter_key": [
                "0.3-10"
            ],
            "obs_type": "xray",
            "telescope": "Swift",
            "val_k": false,
            "val_s": false,
            "val_host": false,
            "val_av": false,
            "val_hostav": false,
            "xray_model": [
                {
                    "model_name": "powerlaw",
                    "param_names": [
                        "Gamma"
                    ],
                    "param_values": [
                        1.4
                    ],
                    "param_value_upper_err": [
                        0
                    ],
                    "param_value_lower_err": [
                        0
                    ],
                    "param_upperlimit": [
                        false
                    ],
                    "param_units": [
                        "none"
                    ],
                    "model_reference": "xspec",
                    "min_energy": 0.29999999999999993,
                    "max_energy": 10.000000000000004,
                    "energy_units": "keV"
                }
            ]
        },
        {
            "reference": "2020MNRAS.493..477C",
            "raw": [
                17.93,
                18.15,
                18.32
            ],
            "raw_err": [
                0.14,
                0.04,
                0.03
            ],
            "raw_units": "mag(AB)",
            "date": [
                "2016-06-30",
                "2016-06-30",
                "2016-06-30"
            ],
            "date_format": [
                "iso",
                "iso",
                "iso"
            ],
            "upperlimit": [
                false,
                false,
                false
            ],
            "filter_key": [
                "UVM2",
                "UVW1",
                "U"
            ],
            "obs_type": "uvoir",
            "telescope": "XMM-Newton",
            "val_k": false,
            "val_s": false,
            "val_host": false,
            "val_av": false,
            "val_hostav": false
        },
        {
            "reference": "2020MNRAS.493..477C",
            "raw": [
                1.5e-12
            ],
            "raw_err": [
                1e-13
            ],
            "raw_units": "erg cm^-2 s^-1",
            "date": [
                "2016-06-30"
            ],
            "date_format": [
                "iso"
            ],
            "upperlimit": [
                false
            ],
            "filter_key": [
                "0.3-10"
            ],
            "obs_type": "xray",
            "telescope": "XMM-Newton",
            "val_k": false,
            "val_s": false,
            "val_host": false,
            "val_av": false,
            "val_hostav": false,
            "xray_model": [
                {
                    "model_name": "absorbed powerlaw",
                    "param_names": [
                        "Gamma",
                        "N_H"
                    ],
                    "param_values": [
                        1.85,
                        2e+20
                    ],
                    "param_value_upper_err": [
                        0.01,
                        0
                    ],
                    "param_value_lower_err": [
                        0.01,
                        0
                    ],
                    "param_upperlimit": [
                        false,
                        false
                    ],
                    "param_units": [
                        "none",
                        "cm^-2"
                    ],
                    "model_reference": "sas v17",
                    "min_energy": 0.29999999999999993,
                    "max_energy": 10.000000000000004,
                    "energy_units": "keV"
                }
            ]
        },
        {
            "reference": "2020MNRAS.493..477C",
            "raw": [
                18.94,
                19.12,
                19.01,
                19.21,
                19.53,
                19.32,
                18.95,
                19.07,
                19.15,
                19.22,
                19.64,
                19.72,
                19.01,
                19.05,
                19.18,
                19.31,
                19.74,
                19.99,
                19.17,
                19.25,
                19.4,
                19.54,
                19.9,
                20,
                19.25,
                19.3,
                19.35,
                19.42,
                19.84,
                20.05,
                18.97,
                19.08,
                19.9,
                19.12,
                19.38,
                19.42,
                18.7,
                19.23,
                18.91,
                19.33,
                19.87,
                17.92,
                17.81,
                17.85,
                17.97,
                18.09,
                19.18,
                19.68,
                16.79,
                16.61,
                16.62,
                16.65,
                17.64,
                17.47,
                17.91,
                18.18,
                15.69,
                15.63,
                15.45,
                15.35,
                16.15,
                16.22,
                16.58,
                17.79
            ],
            "raw_err": [
                0.09,
                0.07,
                0.06,
                0.07,
                0.08,
                0.39,
                0.09,
                0.06,
                0.06,
                0.07,
                0.06,
                0.12,
                0.06,
                0.06,
                0.07,
                0.09,
                0.07,
                0.1,
                0.08,
                0.07,
                0.08,
                0.08,
                0.1,
                0.3,
                0.06,
                0.04,
                0.05,
                0.07,
                0.05,
                0.07,
                0.05,
                0.04,
                0.04,
                0.07,
                0.05,
                0.1,
                0.04,
                0.08,
                0.11,
                0.12,
                0.21,
                0.04,
                0.03,
                0.04,
                0.08,
                0.07,
                0.12,
                0.14,
                0.12,
                0.08,
                0.12,
                0.23,
                0.15,
                0.13,
                0.29,
                0.14,
                0.06,
                0.06,
                0.06,
                0.05,
                0.06,
                0.08,
                0.11,
                0.12
            ],
            "raw_units": [
                "mag(AB)",
                "mag(AB)",
                "mag(AB)",
                "mag(AB)",
                "mag(AB)",
                "mag(AB)",
                "vega",
                "vega",
                "vega",
                "vega",
                "vega",
                "vega",
                "vega",
                "vega",
                "vega",
                "vega",
                "vega",
                "vega",
                "mag(AB)",
                "mag(AB)",
                "mag(AB)",
                "mag(AB)",
                "mag(AB)",
                "mag(AB)",
                "mag(AB)",
                "mag(AB)",
                "mag(AB)",
                "mag(AB)",
                "mag(AB)",
                "mag(AB)",
                "mag(AB)",
                "mag(AB)",
                "mag(AB)",
                "mag(AB)",
                "mag(AB)",
                "mag(AB)",
                "mag(AB)",
                "mag(AB)",
                "mag(AB)",
                "mag(AB)",
                "mag(AB)",
                "vega",
                "vega",
                "vega",
                "vega",
                "vega",
                "vega",
                "vega",
                "vega",
                "vega",
                "vega",
                "vega",
                "vega",
                "vega",
                "vega",
                "vega",
                "vega",
                "vega",
                "vega",
                "vega",
                "vega",
                "vega",
                "vega",
                "vega"
            ],
            "date": [
                "57462.24",
                "57476.24",
                "57491.01",
                "57505.03",
                "57560.91",
                "57588.95",
                "57462.24",
                "57476.24",
                "57491.01",
                "57505.03",
                "57560.91",
                "57588.95",
                "57462.24",
                "57476.24",
                "57491.01",
                "57505.03",
                "57560.91",
                "57588.95",
                "57462.24",
                "57476.24",
                "57491.01",
                "57505.03",
                "57560.91",
                "57588.95",
                "57462.24",
                "57476.24",
                "57491.01",
                "57505.03",
                "57560.91",
                "57588.95",
                "57462.24",
                "57476.24",
                "57491.01",
                "57505.03",
                "57560.91",
                "57588.95",
                "57476.24",
                "57491.01",
                "57505.03",
                "57560.91",
                "57588.95",
                "57509.04",
                "57530.02",
                "57551.01",
                "57611.95",
                "57738.25",
                "57837.03",
                "57937.97",
                "57509.04",
                "57530.02",
                "57551.01",
                "57611.95",
                "57738.25",
                "57791.27",
                "57837.03",
                "57937.97",
                "57509.04",
                "57530.02",
                "57551.01",
                "57611.95",
                "57738.25",
                "57791.27",
                "57837.03",
                "57937.97"
            ],
            "date_format": [
                "mjd",
                "mjd",
                "mjd",
                "mjd",
                "mjd",
                "mjd",
                "mjd",
                "mjd",
                "mjd",
                "mjd",
                "mjd",
                "mjd",
                "mjd",
                "mjd",
                "mjd",
                "mjd",
                "mjd",
                "mjd",
                "mjd",
                "mjd",
                "mjd",
                "mjd",
                "mjd",
                "mjd",
                "mjd",
                "mjd",
                "mjd",
                "mjd",
                "mjd",
                "mjd",
                "mjd",
                "mjd",
                "mjd",
                "mjd",
                "mjd",
                "mjd",
                "mjd",
                "mjd",
                "mjd",
                "mjd",
                "mjd",
                "mjd",
                "mjd",
                "mjd",
                "mjd",
                "mjd",
                "mjd",
                "mjd",
                "mjd",
                "mjd",
                "mjd",
                "mjd",
                "mjd",
                "mjd",
                "mjd",
                "mjd",
                "mjd",
                "mjd",
                "mjd",
                "mjd",
                "mjd",
                "mjd",
                "mjd",
                "mjd"
            ],
            "upperlimit": [
                false,
                false,
                false,
                false,
                false,
                false,
                false,
                false,
                false,
                false,
                false,
                false,
                false,
                false,
                false,
                false,
                false,
                false,
                false,
                false,
                false,
                false,
                false,
                false,
                false,
                false,
                false,
                false,
                false,
                false,
                false,
                false,
                false,
                false,
                false,
                false,
                false,
                false,
                false,
                false,
                false,
                false,
                false,
                false,
                false,
                false,
                false,
                false,
                false,
                false,
                false,
                false,
                false,
                false,
                false,
                false,
                false,
                false,
                false,
                false,
                false,
                false,
                false,
                false
            ],
            "filter_key": [
                "u",
                "u",
                "u",
                "u",
                "u",
                "u",
                "B",
                "B",
                "B",
                "B",
                "B",
                "B",
                "V",
                "V",
                "V",
                "V",
                "V",
                "V",
                "g",
                "g",
                "g",
                "g",
                "g",
                "g",
                "r",
                "r",
                "r",
                "r",
                "r",
                "r",
                "i",
                "i",
                "i",
                "i",
                "i",
                "i",
                "z",
                "z",
                "z",
                "z",
                "z",
                "J",
                "J",
                "J",
                "J",
                "J",
                "J",
                "J",
                "H",
                "H",
                "H",
                "H",
                "H",
                "H",
                "H",
                "H",
                "Ks",
                "Ks",
                "Ks",
                "Ks",
                "Ks",
                "Ks",
                "Ks",
                "Ks"
            ],
            "obs_type": "uvoir",
            "val_k": false,
            "val_s": false,
            "val_host": false,
            "val_av": false,
            "val_hostav": false
        }
    ],
    "filter_alias": [
        {
            "filter_key": "u",
            "filter_name": "u",
            "wave_eff": 356.17887353001856,
            "wave_units": "nm"
        },
        {
            "filter_key": "B",
            "filter_name": "B",
            "wave_eff": 443.0539845758355,
            "wave_units": "nm"
        },
        {
            "filter_key": "V",
            "filter_name": "V",
            "wave_eff": 553.7155963302753,
            "wave_units": "nm"
        },
        {
            "filter_key": "g",
            "filter_name": "g",
            "wave_eff": 471.8872246248687,
            "wave_units": "nm"
        },
        {
            "filter_key": "r",
            "filter_name": "r",
            "wave_eff": 618.5194476741524,
            "wave_units": "nm"
        },
        {
            "filter_key": "i",
            "filter_name": "i",
            "wave_eff": 749.9704174464691,
            "wave_units": "nm"
        },
        {
            "filter_key": "z",
            "filter_name": "z",
            "wave_eff": 896.1488333992431,
            "wave_units": "nm"
        },
        {
            "filter_key": "J",
            "filter_name": "J",
            "wave_eff": 1255.0918319447906,
            "wave_units": "nm"
        },
        {
            "filter_key": "H",
            "filter_name": "H",
            "wave_eff": 1630.5155019191195,
            "wave_units": "nm"
        },
        {
            "filter_key": "Ks",
            "filter_name": "Ks",
            "wave_eff": 2157.3600605745955,
            "wave_units": "nm"
        },
        {
            "filter_key": "UVW1",
            "filter_name": "UVW1",
            "wave_eff": 261.371306053102,
            "wave_units": "nm"
        },
        {
            "filter_key": "UVM2",
            "filter_name": "UVM2",
            "wave_eff": 225.478024787936,
            "wave_units": "nm"
        },
        {
            "filter_key": "UVW2",
            "filter_name": "UVW2",
            "wave_eff": 207.987543326761,
            "wave_units": "nm"
        },
        {
            "filter_key": "U",
            "filter_name": "U",
            "wave_eff": 353.10502283105,
            "wave_units": "nm"
        },
        {
            "filter_key": "0.3-10",
            "filter_name": "0.3-10",
            "wave_eff": 0.12781876127134,
            "wave_units": "nm",
            "wave_min": 0.1239841984332002,
            "wave_max": 4.132806614440009
        }
    ],
    "reference_alias": [
        {
            "name": "2023PASP..135c4101G",
            "human_readable_name": "Goldtooth, Aaron et al. (2023)"
        },
        {
            "name": "2020MNRAS.493..477C",
            "human_readable_name": "Cannizzaro, G. et al. (2020)"
        }
    ]
}