{
    "_key": "3861347",
    "_id": "vetting/3861347",
    "_rev": "_kGYo4VC---",
    "name": {
        "alias": [
            {
                "value": "VAST J213437.8-620433",
                "reference": [
                    "2024ApJ...973..104D"
                ]
            }
        ],
        "default_name": "VAST J213437.8-620433"
    },
    "coordinate": [
        {
            "ra": 323.66,
            "dec": -62.08,
            "ra_units": "deg",
            "dec_units": "deg",
            "reference": [
                "2024ApJ...973..104D"
            ],
            "coordinate_type": "equatorial"
        }
    ],
    "classification": {
        "value": [
            {
                "object_class": "TDE",
                "confidence": 1,
                "reference": [
                    "2024ApJ...973..104D"
                ]
            }
        ]
    },
    "schema_version": {
        "comment": "Uploader:Noah Franz | Email:nfranz@arizona.edu | approved"
    },
    "photometry": [
        {
            "reference": "2024ApJ...973..104D",
            "raw": [
                2.3
            ],
            "raw_err": [
                0.4
            ],
            "raw_units": "mJy",
            "date": [
                59238
            ],
            "date_format": [
                "mjd"
            ],
            "upperlimit": [
                false
            ],
            "filter_key": [
                "1.367GHz"
            ],
            "obs_type": "radio",
            "telescope": "RACS",
            "val_k": false,
            "val_s": false,
            "val_host": false,
            "val_av": false,
            "val_hostav": false
        }
    ],
    "filter_alias": [
        {
            "filter_key": "1.367GHz",
            "filter_name": "L",
            "wave_eff": 219306845.64740306,
            "wave_units": "nm"
        }
    ],
    "reference_alias": [
        {
            "name": "2024ApJ...973..104D",
            "human_readable_name": "Dykaar, Hannah et al. (2024)"
        }
    ]
}