{
    "_key": "7536091",
    "_id": "transients/7536091",
    "_rev": "_kk4VQWm---",
    "classification": {
        "discovery_method": "xray",
        "spec_classed": 0,
        "unambiguous": false,
        "value": [
            {
                "object_class": "TDE",
                "confidence": 0,
                "reference": [
                    "2017MNRAS.467.4841B",
                    "2017arXiv170204422B",
                    "2023PASP..135c4101G"
                ],
                "default": true
            }
        ]
    },
    "coordinate": [
        {
            "ra": "03:32:38.8",
            "dec": "-27:51:34",
            "ra_units": "hour",
            "dec_units": "deg",
            "reference": [
                "2017arXiv170204422B"
            ],
            "coordinate_type": "equatorial"
        }
    ],
    "date_reference": [
        {
            "value": "2014-10-01",
            "date_format": "iso",
            "date_type": "discovery",
            "reference": [
                "2017arXiv170204422B"
            ],
            "default": false
        },
        {
            "value": "2014-10-01 ",
            "date_format": "iso",
            "date_type": "discovery",
            "reference": [
                "2017MNRAS.467.4841B",
                "2023PASP..135c4101G"
            ],
            "default": true
        }
    ],
    "schema_version": {
        "comment": "Copied from tde.space;",
        "comments": "From Goldtooth et al. (2023)",
        "value": 0
    },
    "name": {
        "alias": [
            {
                "value": "CXOU J033238.8-275134",
                "reference": [
                    "2017arXiv170204422B"
                ]
            },
            {
                "value": "CXOU J0332",
                "reference": [
                    "2017arXiv170204422B",
                    "2023PASP..135c4101G"
                ]
            }
        ],
        "default_name": "CXOU J0332"
    },
    "reference_alias": [
        {
            "name": "2017arXiv170204422B",
            "human_readable_name": "Bauer et al. (2017)"
        },
        {
            "name": "2011ApJ...737..103S",
            "human_readable_name": "Schlafly & Finkbeiner (2011)"
        },
        {
            "name": "2017ApJ...835...64G",
            "human_readable_name": "Guillochon et al. (2017)"
        },
        {
            "name": "2023PASP..135c4101G",
            "human_readable_name": "Goldtooth, Aaron et al. (2023)"
        },
        {
            "name": "2017MNRAS.467.4841B",
            "human_readable_name": "Bauer, Franz E. et al. (2017)"
        }
    ],
    "distance": [
        {
            "value": "2.23",
            "reference": [
                "2023PASP..135c4101G",
                "2017MNRAS.467.4841B"
            ],
            "computed": false,
            "default": true,
            "distance_type": "redshift"
        }
    ],
    "host": [
        {
            "host_name": "CANDELS J033238.77-275133.7",
            "host_ra": 53.16249999999999,
            "host_dec": -27.859444444444446,
            "host_ra_units": "deg",
            "host_dec_units": "deg",
            "reference": [
                "2023PASP..135c4101G",
                "2017MNRAS.467.4841B"
            ]
        }
    ]
}