{
    "_key": "3861308",
    "_id": "vetting/3861308",
    "_rev": "_kGYh8CW---",
    "name": {
        "alias": [
            {
                "value": "VAST J015856.8-012404",
                "reference": [
                    "2024ApJ...973..104D"
                ]
            }
        ],
        "default_name": "VAST J015856.8-012404"
    },
    "coordinate": [
        {
            "ra": 29.74,
            "dec": -1.4,
            "ra_units": "deg",
            "dec_units": "deg",
            "reference": [
                "2024ApJ...973..104D"
            ],
            "coordinate_type": "equatorial"
        }
    ],
    "classification": {
        "value": [
            {
                "object_class": "TDE",
                "confidence": 1,
                "reference": [
                    "2024ApJ...973..104D"
                ]
            }
        ]
    },
    "schema_version": {
        "comment": "Uploader:Noah Franz | Email:nfranz@arizona.edu | approved"
    },
    "reference_alias": [
        {
            "name": "2024ApJ...973..104D",
            "human_readable_name": "Dykaar, Hannah et al. (2024)"
        }
    ]
}