{
    "_key": "885043",
    "_id": "transients/885043",
    "_rev": "_j6ZBUdq---",
    "classification": {
        "spec_classed": 3,
        "unambiguous": true,
        "value": [
            {
                "object_class": "TDE",
                "confidence": 3.3,
                "reference": [
                    "2019ApJ...883..111H",
                    "2024ApJ...974..241A",
                    "2024MNRAS.527.2452M",
                    "2024arXiv240412431C"
                ],
                "default": true
            }
        ],
        "discovery_method": "uvoir"
    },
    "name": {
        "alias": [
            {
                "value": "ASASSN-19bt",
                "reference": [
                    "2019TNSTR.167....1S"
                ]
            },
            {
                "value": "AT2019ahk",
                "reference": [
                    "2019ApJ...883..111H",
                    "2024MNRAS.527.2452M",
                    "2024ApJ...974..241A"
                ]
            }
        ],
        "default_name": "AT2019ahk"
    },
    "reference_alias": [
        {
            "name": "Holoien, Thomas W. -S. et al. (2019)",
            "human_readable_name": "2019ApJ...883..111H"
        },
        {
            "name": "2024MNRAS.527.2452M",
            "human_readable_name": "Mummery et al. (2023)"
        },
        {
            "name": "2019TNSTR.167....1S",
            "human_readable_name": "Stanek, K. Z. (2019)"
        },
        {
            "name": "2024arXiv240412431C",
            "human_readable_name": "Christy, Collin T. et al. (2024)"
        },
        {
            "name": "2019TNSCR.288....1P",
            "human_readable_name": "Palazzi, E. et al. (2019)"
        },
        {
            "name": "2024ApJ...974..241A",
            "human_readable_name": "Anumarlapudi, Akash et al. (2024)"
        },
        {
            "name": "2024ApJ...974..241A",
            "human_readable_name": "Anumarlapudi, Akash et al. (2024)"
        }
    ],
    "date_reference": [
        {
            "value": "2019-01-29 21:50:24",
            "date_format": "iso",
            "date_type": "discovery",
            "reference": [
                "2024ApJ...974..241A"
            ],
            "default": true
        },
        {
            "value": "2458513.41",
            "date_format": "jd",
            "date_type": "discovery",
            "reference": [
                "2019TNSTR.167....1S"
            ],
            "default": false
        },
        {
            "value": "58544.00599999995",
            "date_format": "mjd",
            "date_type": "peak",
            "reference": [
                "2019ApJ...883..111H",
                "2024MNRAS.527.2452M"
            ],
            "default": true
        }
    ],
    "photometry": [
        {
            "raw": [
                0.00044118,
                0.00053884,
                0.00082722,
                0.00088597,
                0.0010551,
                0.0011309,
                0.0011599,
                0.001216,
                0.0012224,
                0.0011749,
                0.00094055,
                0.00091161,
                0.00087054,
                0.00070625,
                0.0006501,
                0.00064212,
                0.00055966,
                0.00055569,
                0.00040556,
                0.00042065,
                0.00042231,
                0.00029608,
                0.00031867,
                0.00023794,
                0.00019913,
                0.00020653,
                0.00019891,
                0.00018152,
                0.00018403,
                0.00017964,
                0.0001989,
                0.00017317,
                0.00015995,
                0.00013034,
                0.00014221,
                0.00014313,
                0.00013166,
                0.00013327,
                0.00010381,
                0.00010878,
                0.00010244,
                0.00010552,
                9.256e-05,
                6.6967e-05,
                7.5625e-05,
                7.8416e-05,
                7.7904e-05,
                7.8543e-05,
                8.5191e-05,
                9.3127e-05,
                8.1744e-05,
                8.5953e-05,
                9.0519e-05,
                7.499e-05,
                6.4335e-05,
                6.2301e-05,
                6.8636e-05,
                7.4129e-05,
                6.7549e-05,
                6.3127e-05,
                7.8266e-05,
                7.2151e-05,
                7.3945e-05,
                3.2528e-05,
                4.5176e-05,
                4.9329e-05,
                4.7029e-05,
                4.8639e-05,
                5.2322e-05,
                3.6942e-05,
                4.8091e-05,
                3.4201e-05,
                4.6212e-05,
                3.4156e-05,
                2.1199e-05,
                1.9056e-05,
                3.1362e-05,
                0.00037072,
                0.00048422,
                0.0010774,
                0.001215,
                0.0014856,
                0.0016457,
                0.0017014,
                0.0017929,
                0.0018553,
                0.0018413,
                0.0014828,
                0.0010377,
                0.00093482,
                0.00087802,
                0.00081169,
                0.00077363,
                0.00054912,
                0.00056242,
                0.00052261,
                0.00037797,
                0.00038102,
                0.00029272,
                0.00026611,
                0.00025693,
                0.00025173,
                0.00023128,
                0.0002418,
                0.00022944,
                0.00021709,
                0.00019076,
                0.00017735,
                0.00015304,
                0.0001592,
                0.00014254,
                0.00014065,
                0.0001409,
                0.00011016,
                9.6087e-05,
                9.8738e-05,
                9.4933e-05,
                8.6483e-05,
                7.7506e-05,
                9.9707e-05,
                7.4395e-05,
                8.3518e-05,
                9.4861e-05,
                8.0976e-05,
                7.0427e-05,
                9.428e-05,
                9.8837e-05,
                7.1349e-05,
                6.6258e-05,
                6.8799e-05,
                7.2452e-05,
                6.4581e-05,
                6.8213e-05,
                4.6316e-05,
                6.9324e-05,
                7.2321e-05,
                6.7211e-05,
                3.5379e-05,
                3.2134e-05,
                4.807e-05,
                4.428e-05,
                4.7554e-05,
                6.5666e-05,
                4.4617e-05,
                3.2765e-05,
                3.0186e-05,
                2.7722e-05,
                3.1514e-05,
                0.00038518,
                0.00053719,
                0.0012445,
                0.0013367,
                0.0016072,
                0.0018343,
                0.0019217,
                0.0020026,
                0.0020707,
                0.0020782,
                0.0017114,
                0.0013155,
                0.0011498,
                0.0011186,
                0.0010049,
                0.00096524,
                0.00073127,
                0.00067986,
                0.00067044,
                0.00050564,
                0.00052999,
                0.00040427,
                0.00038338,
                0.00034455,
                0.00033465,
                0.00031262,
                0.00030676,
                0.0003127,
                0.00030221,
                0.00023205,
                0.00020877,
                0.00019955,
                0.00019464,
                0.00018069,
                0.00015867,
                0.00017357,
                0.00013705,
                0.00011748,
                0.00010304,
                0.00011245,
                0.00011325,
                9.9767e-05,
                9.0902e-05,
                9.9684e-05,
                8.6096e-05,
                9.5064e-05,
                8.9113e-05,
                0.00011845,
                0.00012014,
                0.00011208,
                8.8572e-05,
                7.6615e-05,
                7.0262e-05,
                6.939e-05,
                7.9364e-05,
                6.6185e-05,
                8.475e-05,
                8.053e-05,
                7.8623e-05,
                7.623e-05,
                6.7901e-05,
                3.504e-05,
                5.506e-05,
                6.4936e-05,
                4.906e-05,
                3.6814e-05,
                4.124e-05,
                3.171e-05,
                2.5896e-05,
                3.1055e-05,
                1.0327e-05,
                3.4547e-05,
                0.00045495,
                0.00067474,
                0.0017494,
                0.0017516,
                0.0021939,
                0.0024251,
                0.0025834,
                0.0027118,
                0.0027565,
                0.0026493,
                0.0022739,
                0.0017411,
                0.0014662,
                0.0015234,
                0.0014285,
                0.0014285,
                0.00098555,
                0.0010485,
                0.00093941,
                0.000782,
                0.00071524,
                0.00063338,
                0.00050709,
                0.00050296,
                0.00051279,
                0.00041444,
                0.00046935,
                0.00043759,
                0.00041532,
                0.00028178,
                0.00026696,
                0.00023466,
                0.00024058,
                0.00023387,
                0.00022675,
                0.00024392,
                0.00018421,
                0.00016296,
                0.00012753,
                0.00015474,
                0.00014316,
                0.00010361,
                0.0001378,
                0.00011373,
                8.5786e-05,
                0.0001106,
                9.3633e-05,
                0.00010626,
                0.00016415,
                0.00011426,
                0.00012665,
                0.00010504,
                9.4588e-05,
                9.1392e-05,
                8.2774e-05,
                9.7954e-05,
                8.4052e-05,
                0.00011231,
                9.5149e-05,
                0.00010504,
                7.2881e-05,
                2.5179e-05,
                1.8034e-05,
                -6.7414e-06,
                1.2699e-05,
                0.00036331,
                0.00053023,
                0.001528,
                0.0017347,
                0.002181,
                0.0023003,
                0.0023786,
                0.0025046,
                0.0025229,
                0.0024273,
                0.0021873,
                0.0016621,
                0.0014072,
                0.0014783,
                0.0012408,
                0.0013199,
                0.0009004,
                0.0009288,
                0.00083259,
                0.00062286,
                0.00059759,
                0.0004638,
                0.00046443,
                0.00046304,
                0.00033962,
                0.00032261,
                0.0003201,
                0.00031505,
                0.00031283,
                0.00028394,
                0.00019039,
                0.00013143,
                0.00014693,
                0.00016711,
                8.1034e-05,
                9.2452e-05,
                0.0001281,
                5.8452e-05,
                0.00010725,
                4.1627e-05,
                2.6931e-05,
                4.6999e-05,
                0.00011834,
                5.7153e-05,
                0.00012793,
                5.5816e-05,
                5.8491e-05,
                -5.7344e-05,
                6.2659e-05,
                2.4907e-05,
                2.0307e-05,
                3.6246e-05,
                1.1701e-05,
                -9.665e-06,
                -8.6722e-06,
                3.5772e-05,
                -8.571e-06,
                3.4592e-05,
                5.2696e-05,
                -6.1858e-06,
                -7.5146e-06,
                -0.00010687,
                -4.1819e-05,
                -4.7846e-05,
                -5.8576e-05,
                -3.8848503765168494e-05,
                -8.651502824967341e-06,
                0.0001810144603677655,
                5.71840054828508e-05,
                2.669270351892502e-05,
                3.593709704982501e-05,
                9.016927789138517e-06,
                6.000359942648606e-06,
                -1.8376492253071006e-05,
                1.3010461430808496e-06,
                9.734979715092338e-06,
                5.273071306483114e-05,
                1.6817476673857272e-05,
                -4.6888927824174846e-05,
                -2.12512357915335e-05,
                0.0001974967952168744,
                8.072007743849279e-05,
                4.131693237515e-05,
                6.2813010126886e-05,
                2.3269139645190187e-05,
                3.403340198859911e-05,
                -4.553859913922578e-06,
                4.6684417738651026e-05,
                1.8699093899034535e-05,
                7.945853236820686e-05,
                4.820348074905563e-06,
                0.00134418,
                0.00156336,
                0.00187611,
                0.00238813,
                0.00266722,
                0.0029625,
                0.0029625,
                0.0029625,
                0.00321854,
                0.00316562,
                0.00332704,
                0.00332704,
                0.00332704,
                0.00321854,
                0.00316562,
                0.00311357,
                0.00276222,
                0.00266722,
                0.00257311,
                0.00238813,
                0.00238813,
                0.00221034,
                0.00212451,
                0.00204013,
                0.00191628,
                0.00183509
            ],
            "raw_err": [
                1.6818e-05,
                2.0242e-05,
                3.2481e-05,
                3.0977e-05,
                3.5523e-05,
                3.7002e-05,
                3.8644e-05,
                4.2894e-05,
                4.0176e-05,
                3.8791e-05,
                3.2833e-05,
                2.9762e-05,
                2.9811e-05,
                2.9262e-05,
                2.7143e-05,
                2.3177e-05,
                2.1093e-05,
                2.131e-05,
                1.6843e-05,
                1.6988e-05,
                1.7287e-05,
                1.3702e-05,
                1.4342e-05,
                1.0903e-05,
                9.2732e-06,
                1.043e-05,
                1.0722e-05,
                9.2834e-06,
                1.0056e-05,
                1.1707e-05,
                9.6328e-06,
                9.001e-06,
                8.6682e-06,
                7.6369e-06,
                8.3037e-06,
                8.1161e-06,
                7.6014e-06,
                7.5571e-06,
                7.295e-06,
                6.9326e-06,
                8.7347e-06,
                7.3237e-06,
                7.7676e-06,
                7.0244e-06,
                1.0866e-05,
                6.842e-06,
                6.7052e-06,
                8.0186e-06,
                7.5413e-06,
                1.1259e-05,
                6.6221e-06,
                6.0499e-06,
                6.465e-06,
                6.336e-06,
                5.606e-06,
                4.9322e-06,
                5.1671e-06,
                5.3855e-06,
                5.1441e-06,
                5.1855e-06,
                5.7969e-06,
                6.0582e-06,
                5.3692e-06,
                5.2155e-06,
                6.1681e-06,
                6.3921e-06,
                4.574e-06,
                9.5138e-06,
                8.1857e-06,
                5.1553e-06,
                4.5614e-06,
                4.3953e-06,
                4.7791e-06,
                4.8899e-06,
                3.4518e-06,
                6.0577e-06,
                3.3997e-06,
                1.6393e-05,
                1.9795e-05,
                4.2795e-05,
                4.4579e-05,
                5.2815e-05,
                5.745e-05,
                6.0044e-05,
                6.5103e-05,
                6.48e-05,
                6.4428e-05,
                5.3125e-05,
                4.0732e-05,
                3.7774e-05,
                3.2555e-05,
                3.091e-05,
                3.1021e-05,
                2.2661e-05,
                2.2714e-05,
                2.1731e-05,
                1.6728e-05,
                1.7177e-05,
                1.3154e-05,
                1.1884e-05,
                1.3325e-05,
                1.2785e-05,
                1.122e-05,
                1.2266e-05,
                2.0379e-05,
                1.0688e-05,
                9.7789e-06,
                9.3876e-06,
                8.6241e-06,
                9.259e-06,
                8.283e-06,
                8.1111e-06,
                8.3369e-06,
                7.5208e-06,
                6.7601e-06,
                9.6333e-06,
                7.2142e-06,
                7.9324e-06,
                7.5784e-06,
                1.0983e-05,
                6.7255e-06,
                6.7505e-06,
                1.2929e-05,
                7.4333e-06,
                1.0055e-05,
                7.1651e-06,
                8.2715e-06,
                8.2521e-06,
                6.5999e-06,
                6.3931e-06,
                6.725e-06,
                6.5573e-06,
                8.2067e-06,
                6.4316e-06,
                7.1097e-06,
                7.4568e-06,
                6.5272e-06,
                6.2808e-06,
                6.9511e-06,
                7.6301e-06,
                5.3492e-06,
                1.5122e-05,
                9.4963e-06,
                5.3474e-06,
                5.9094e-06,
                6.4254e-06,
                9.2642e-06,
                4.4019e-06,
                1.8027e-05,
                2.4587e-05,
                5.3251e-05,
                5.0714e-05,
                5.8439e-05,
                6.4323e-05,
                6.8462e-05,
                7.5471e-05,
                7.2584e-05,
                7.2873e-05,
                6.3052e-05,
                5.6503e-05,
                5.0541e-05,
                4.2995e-05,
                3.996e-05,
                3.863e-05,
                3.1987e-05,
                2.974e-05,
                2.9884e-05,
                2.5051e-05,
                2.5844e-05,
                1.9904e-05,
                1.8335e-05,
                1.8988e-05,
                1.9468e-05,
                1.7176e-05,
                1.8201e-05,
                1.9445e-05,
                1.6321e-05,
                1.4632e-05,
                1.3933e-05,
                1.328e-05,
                1.3451e-05,
                1.2737e-05,
                1.181e-05,
                1.2043e-05,
                1.2001e-05,
                1.0543e-05,
                1.1679e-05,
                1.0978e-05,
                1.2641e-05,
                1.2239e-05,
                1.6906e-05,
                1.1286e-05,
                1.0595e-05,
                1.1323e-05,
                9.4838e-06,
                1.8521e-05,
                1.1709e-05,
                1.2286e-05,
                8.8718e-06,
                1.0908e-05,
                9.6107e-06,
                8.6914e-06,
                9.0551e-06,
                8.729e-06,
                8.8163e-06,
                9.5212e-06,
                9.8862e-06,
                1.0357e-05,
                9.0913e-06,
                7.3432e-06,
                8.411e-06,
                9.262e-06,
                6.5124e-06,
                6.9186e-06,
                5.9673e-06,
                7.783e-06,
                7.5893e-06,
                4.0046e-06,
                1.1535e-05,
                6.1287e-06,
                2.5846e-05,
                3.6106e-05,
                7.8652e-05,
                6.715e-05,
                7.73e-05,
                8.0647e-05,
                8.8718e-05,
                0.00010173,
                9.154e-05,
                8.8576e-05,
                8.2384e-05,
                8.242e-05,
                7.1731e-05,
                6.0058e-05,
                5.783e-05,
                5.8097e-05,
                4.907e-05,
                4.9388e-05,
                4.8709e-05,
                4.3854e-05,
                4.213e-05,
                3.5413e-05,
                3.0709e-05,
                3.4603e-05,
                3.5624e-05,
                2.9729e-05,
                3.3707e-05,
                3.5106e-05,
                2.7949e-05,
                2.8156e-05,
                2.7059e-05,
                2.4321e-05,
                2.4045e-05,
                2.3305e-05,
                2.3585e-05,
                2.2535e-05,
                2.4287e-05,
                2.0836e-05,
                2.3498e-05,
                2.202e-05,
                2.487e-05,
                2.3965e-05,
                3.6238e-05,
                2.1969e-05,
                2.0953e-05,
                2.2383e-05,
                1.8715e-05,
                3.5341e-05,
                2.3515e-05,
                1.8769e-05,
                1.6146e-05,
                2.0449e-05,
                1.7487e-05,
                1.5466e-05,
                1.5609e-05,
                1.637e-05,
                1.5201e-05,
                1.8013e-05,
                2.0965e-05,
                1.8299e-05,
                1.6584e-05,
                1.5671e-05,
                1.4474e-05,
                2.397e-05,
                1.1993e-05,
                4.6585e-05,
                5.597e-05,
                9.8926e-05,
                8.796e-05,
                9.6377e-05,
                9.5225e-05,
                0.00010776,
                0.00011844,
                0.00010396,
                0.00010116,
                0.0001005,
                0.00011026,
                9.8486e-05,
                8.1725e-05,
                7.4977e-05,
                7.7846e-05,
                7.3587e-05,
                7.2507e-05,
                7.5132e-05,
                6.8244e-05,
                6.6043e-05,
                5.7411e-05,
                5.4321e-05,
                6.0783e-05,
                5.9425e-05,
                5.3245e-05,
                5.7659e-05,
                6.0508e-05,
                4.9933e-05,
                5.5569e-05,
                5.2736e-05,
                4.7793e-05,
                4.7954e-05,
                4.7092e-05,
                4.5588e-05,
                4.3469e-05,
                5.0079e-05,
                4.3678e-05,
                5.1751e-05,
                4.5676e-05,
                5.1039e-05,
                5.2355e-05,
                7.4996e-05,
                4.8848e-05,
                5.0153e-05,
                4.9144e-05,
                4.8817e-05,
                7.0039e-05,
                4.8759e-05,
                4.1684e-05,
                3.6505e-05,
                4.5372e-05,
                4.0103e-05,
                3.6408e-05,
                3.6944e-05,
                3.8043e-05,
                3.61e-05,
                4.0521e-05,
                4.7122e-05,
                4.0917e-05,
                3.8227e-05,
                3.7685e-05,
                3.7629e-05,
                5.6378e-05,
                3.2924e-05,
                9.499720918458472e-06,
                9.046764528236408e-06,
                1.0161496879963955e-05,
                9.540251366609441e-06,
                9.280696118736392e-06,
                9.303570476811158e-06,
                1.02444136482366e-05,
                8.443331604628996e-06,
                9.197436566472238e-06,
                1.0530631917484713e-05,
                9.018742952769104e-06,
                9.890238984518656e-06,
                1.4493342314492895e-05,
                1.0994327838346333e-05,
                1.05265181147747e-05,
                1.1752756219763847e-05,
                1.1317440981920278e-05,
                1.1355767134621957e-05,
                1.1124776535986132e-05,
                1.2489002043149038e-05,
                1.0110742712544733e-05,
                1.0571850445935834e-05,
                1.2423240170313897e-05,
                1.0767428826709465e-05,
                1.1702591376377063e-05,
                1.736064947217883e-05,
                0.0001324698985574063,
                0.00013247099094675465,
                0.00013132510120512738,
                0.00013197321162885113,
                0.0001326568247334595,
                0.00013097043308242263,
                0.00013097043308242263,
                0.00013097043308242263,
                0.00013339765897727343,
                0.00016910700699066647,
                0.00013176600895276663,
                0.00013176600895276663,
                0.00014402233581887772,
                0.00013339765897727343,
                0.00013120348828573954,
                0.00014051701206095648,
                0.0001399251593269405,
                0.0001400264262099721,
                0.000132715622293439,
                0.00013197321162885113,
                0.00013197321162885113,
                0.00013232693542435423,
                0.00013892891447619138,
                0.0001315323957973024,
                0.00013237221162552942,
                0.0001385948039206074
            ],
            "raw_units": "Jy",
            "date": [
                "58514.758152",
                "58516.579208",
                "58526.837252",
                "58528.491078",
                "58532.738617",
                "58536.917222",
                "58538.140475",
                "58540.578878",
                "58542.432877",
                "58544.589728",
                "58561.500919",
                "58561.796626",
                "58561.810786",
                "58572.347027",
                "58575.438112",
                "58578.487379",
                "58581.654186",
                "58584.375238",
                "58594.455426",
                "58597.912788",
                "58600.294783",
                "58618.205988",
                "58621.461369",
                "58645.229108",
                "58650.630738",
                "58665.75746",
                "58670.310425",
                "58675.184481",
                "58680.493568",
                "58685.895187",
                "58690.910201",
                "58718.679586",
                "58723.552027",
                "58728.870439",
                "58733.177195",
                "58738.457828",
                "58743.441319",
                "58748.314089",
                "58779.533261",
                "58786.693996",
                "58793.143162",
                "58800.209691",
                "58807.8026",
                "58821.931334",
                "58828.633984",
                "58828.63637",
                "58829.427231",
                "58840.282507",
                "58845.233805",
                "58849.282177",
                "58853.51779",
                "58856.539697",
                "58898.450086",
                "58906.141711",
                "58922.385822",
                "58926.501249",
                "58934.404336",
                "58940.542334",
                "58947.379799",
                "58954.151418",
                "58961.179085",
                "58971.656745",
                "58975.701785",
                "59177.564213",
                "59183.632011",
                "59193.662448",
                "59207.126754",
                "59219.40902",
                "59233.686563",
                "59237.714339",
                "59247.796891",
                "59811.579329",
                "59831.723697",
                "60114.401445",
                "60117.970265",
                "60477.509341",
                "60481.413187",
                "58514.761808",
                "58516.581995",
                "58526.839474",
                "58528.494044",
                "58532.7427",
                "58536.922105",
                "58538.143399",
                "58540.581777",
                "58542.436",
                "58544.595278",
                "58561.503147",
                "58572.349509",
                "58575.442675",
                "58578.490735",
                "58581.65869",
                "58584.569396",
                "58594.459121",
                "58597.917397",
                "58600.298812",
                "58618.208688",
                "58621.46894",
                "58645.23271",
                "58650.635151",
                "58665.761877",
                "58670.31451",
                "58675.189316",
                "58680.497393",
                "58685.865824",
                "58690.916221",
                "58718.685227",
                "58723.557009",
                "58728.874513",
                "58733.181244",
                "58738.463456",
                "58743.444235",
                "58748.319376",
                "58779.536495",
                "58786.698703",
                "58793.113892",
                "58800.21406",
                "58807.805078",
                "58821.937191",
                "58828.636729",
                "58828.640006",
                "58829.431611",
                "58840.128214",
                "58845.236956",
                "58849.284763",
                "58853.522251",
                "58856.544513",
                "58906.144969",
                "58922.388301",
                "58926.504674",
                "58934.406437",
                "58940.547252",
                "58947.382695",
                "58954.155791",
                "58961.181733",
                "58971.659284",
                "58975.707291",
                "59177.565717",
                "59183.635783",
                "59193.666371",
                "59207.13113",
                "59233.688082",
                "59237.684316",
                "59247.799114",
                "59811.584307",
                "59831.728128",
                "60477.512814",
                "60481.417503",
                "58514.753355",
                "58516.576986",
                "58526.835301",
                "58528.48848",
                "58532.735424",
                "58536.913311",
                "58538.138165",
                "58540.576516",
                "58542.430257",
                "58544.585188",
                "58561.499291",
                "58572.345198",
                "58575.434534",
                "58578.484821",
                "58581.650568",
                "58584.373154",
                "58594.452386",
                "58597.909082",
                "58600.291489",
                "58618.203862",
                "58621.455224",
                "58645.226193",
                "58650.62715",
                "58665.75393",
                "58670.307211",
                "58675.180585",
                "58680.490456",
                "58685.893075",
                "58690.905396",
                "58718.675179",
                "58723.548099",
                "58728.867243",
                "58733.173611",
                "58738.45338",
                "58743.438957",
                "58748.309521",
                "58779.530639",
                "58786.690098",
                "58793.14094",
                "58800.206142",
                "58807.800206",
                "58821.9266",
                "58828.631806",
                "58828.633449",
                "58829.423786",
                "58840.280137",
                "58845.231313",
                "58849.280072",
                "58853.514316",
                "58856.535103",
                "58898.444503",
                "58906.138255",
                "58922.38346",
                "58926.497743",
                "58934.402085",
                "58940.53625",
                "58947.376503",
                "58954.146115",
                "58961.176311",
                "58971.65372",
                "58975.696456",
                "59177.567264",
                "59183.639688",
                "59193.670298",
                "59207.135217",
                "59237.719653",
                "59247.801366",
                "59811.574595",
                "59831.71919",
                "60171.440943",
                "60477.505347",
                "60481.408453",
                "58514.754797",
                "58516.577676",
                "58526.835892",
                "58528.489197",
                "58532.736653",
                "58536.914795",
                "58538.139023",
                "58540.577274",
                "58542.431282",
                "58544.586602",
                "58561.499916",
                "58572.34577",
                "58575.435727",
                "58578.485542",
                "58581.651778",
                "58584.373838",
                "58594.453731",
                "58597.91021",
                "58600.292783",
                "58618.204637",
                "58621.457272",
                "58645.227396",
                "58650.628639",
                "58665.755309",
                "58670.308108",
                "58675.182302",
                "58680.491773",
                "58685.894043",
                "58690.906613",
                "58718.676641",
                "58723.549795",
                "58728.868117",
                "58733.175221",
                "58738.454505",
                "58743.439669",
                "58748.311059",
                "58779.531436",
                "58786.691836",
                "58793.141919",
                "58800.207285",
                "58807.801186",
                "58821.928178",
                "58828.632524",
                "58828.63454",
                "58829.424516",
                "58840.28094",
                "58845.232171",
                "58849.280772",
                "58853.515239",
                "58856.536685",
                "58898.446304",
                "58906.13938",
                "58922.384234",
                "58926.498821",
                "58934.402806",
                "58940.53769",
                "58947.377434",
                "58954.147668",
                "58961.177232",
                "58971.654497",
                "58975.698353",
                "59811.576408",
                "59831.720981",
                "60477.506543",
                "60481.410006",
                "58514.755772",
                "58516.578063",
                "58526.836236",
                "58528.489634",
                "58532.737229",
                "58536.915493",
                "58538.139443",
                "58540.577688",
                "58542.431762",
                "58544.587369",
                "58561.500221",
                "58572.346093",
                "58575.436344",
                "58578.485974",
                "58581.652406",
                "58584.374205",
                "58594.4543",
                "58597.910839",
                "58600.293376",
                "58618.205024",
                "58621.458318",
                "58645.22794",
                "58650.629298",
                "58665.755943",
                "58670.308645",
                "58675.18303",
                "58680.492349",
                "58685.894517",
                "58690.907391",
                "58718.677396",
                "58723.550523",
                "58728.868654",
                "58733.175895",
                "58738.455226",
                "58743.440077",
                "58748.311851",
                "58779.531885",
                "58786.692564",
                "58793.142409",
                "58800.207895",
                "58807.801633",
                "58821.928991",
                "58828.632917",
                "58828.635066",
                "58829.425058",
                "58840.281446",
                "58845.232616",
                "58849.281145",
                "58853.51581",
                "58856.537483",
                "58898.447537",
                "58906.140108",
                "58922.384743",
                "58926.49955",
                "58934.40329",
                "58940.53883",
                "58947.378099",
                "58954.14874",
                "58961.177825",
                "58971.655091",
                "58975.69951",
                "59811.577472",
                "59831.722014",
                "60477.50736",
                "60481.411005",
                "58270.499090705",
                "58475.64035094",
                "58635.013532055",
                "58842.702182305",
                "58999.92938593",
                "59206.566633744995",
                "59365.55230286",
                "59572.125169445004",
                "59730.08692941",
                "59937.49307893",
                "60096.22092921",
                "60302.51800106",
                "60459.61775328",
                "58270.499090705",
                "58475.64035094",
                "58635.013532055",
                "58842.702182305",
                "58999.92938593",
                "59206.566633744995",
                "59365.55230286",
                "59572.125169445004",
                "59730.08692941",
                "59937.49307893",
                "60096.22092921",
                "60302.51800106",
                "60459.61775328",
                "58524.265912",
                "58526.195168000006",
                "58528.093638",
                "58532.249748",
                "58535.256514",
                "58538.550616",
                "58538.57114",
                "58538.62245",
                "58541.423976000005",
                "58544.759126000004",
                "58546.226592",
                "58548.227682000004",
                "58550.413488000006",
                "58553.020036",
                "58556.016540000004",
                "58557.40191",
                "58563.415442000005",
                "58565.796226",
                "58567.04819",
                "58569.439236000006",
                "58571.799496",
                "58574.005826",
                "58575.811938",
                "58578.74687",
                "58580.871104000005",
                "58582.872194"
            ],
            "date_format": "mjd",
            "filter_key": [
                "UVW2.uvot",
                "UVW2.uvot",
                "UVW2.uvot",
                "UVW2.uvot",
                "UVW2.uvot",
                "UVW2.uvot",
                "UVW2.uvot",
                "UVW2.uvot",
                "UVW2.uvot",
                "UVW2.uvot",
                "UVW2.uvot",
                "UVW2.uvot",
                "UVW2.uvot",
                "UVW2.uvot",
                "UVW2.uvot",
                "UVW2.uvot",
                "UVW2.uvot",
                "UVW2.uvot",
                "UVW2.uvot",
                "UVW2.uvot",
                "UVW2.uvot",
                "UVW2.uvot",
                "UVW2.uvot",
                "UVW2.uvot",
                "UVW2.uvot",
                "UVW2.uvot",
                "UVW2.uvot",
                "UVW2.uvot",
                "UVW2.uvot",
                "UVW2.uvot",
                "UVW2.uvot",
                "UVW2.uvot",
                "UVW2.uvot",
                "UVW2.uvot",
                "UVW2.uvot",
                "UVW2.uvot",
                "UVW2.uvot",
                "UVW2.uvot",
                "UVW2.uvot",
                "UVW2.uvot",
                "UVW2.uvot",
                "UVW2.uvot",
                "UVW2.uvot",
                "UVW2.uvot",
                "UVW2.uvot",
                "UVW2.uvot",
                "UVW2.uvot",
                "UVW2.uvot",
                "UVW2.uvot",
                "UVW2.uvot",
                "UVW2.uvot",
                "UVW2.uvot",
                "UVW2.uvot",
                "UVW2.uvot",
                "UVW2.uvot",
                "UVW2.uvot",
                "UVW2.uvot",
                "UVW2.uvot",
                "UVW2.uvot",
                "UVW2.uvot",
                "UVW2.uvot",
                "UVW2.uvot",
                "UVW2.uvot",
                "UVW2.uvot",
                "UVW2.uvot",
                "UVW2.uvot",
                "UVW2.uvot",
                "UVW2.uvot",
                "UVW2.uvot",
                "UVW2.uvot",
                "UVW2.uvot",
                "UVW2.uvot",
                "UVW2.uvot",
                "UVW2.uvot",
                "UVW2.uvot",
                "UVW2.uvot",
                "UVW2.uvot",
                "UVM2.uvot",
                "UVM2.uvot",
                "UVM2.uvot",
                "UVM2.uvot",
                "UVM2.uvot",
                "UVM2.uvot",
                "UVM2.uvot",
                "UVM2.uvot",
                "UVM2.uvot",
                "UVM2.uvot",
                "UVM2.uvot",
                "UVM2.uvot",
                "UVM2.uvot",
                "UVM2.uvot",
                "UVM2.uvot",
                "UVM2.uvot",
                "UVM2.uvot",
                "UVM2.uvot",
                "UVM2.uvot",
                "UVM2.uvot",
                "UVM2.uvot",
                "UVM2.uvot",
                "UVM2.uvot",
                "UVM2.uvot",
                "UVM2.uvot",
                "UVM2.uvot",
                "UVM2.uvot",
                "UVM2.uvot",
                "UVM2.uvot",
                "UVM2.uvot",
                "UVM2.uvot",
                "UVM2.uvot",
                "UVM2.uvot",
                "UVM2.uvot",
                "UVM2.uvot",
                "UVM2.uvot",
                "UVM2.uvot",
                "UVM2.uvot",
                "UVM2.uvot",
                "UVM2.uvot",
                "UVM2.uvot",
                "UVM2.uvot",
                "UVM2.uvot",
                "UVM2.uvot",
                "UVM2.uvot",
                "UVM2.uvot",
                "UVM2.uvot",
                "UVM2.uvot",
                "UVM2.uvot",
                "UVM2.uvot",
                "UVM2.uvot",
                "UVM2.uvot",
                "UVM2.uvot",
                "UVM2.uvot",
                "UVM2.uvot",
                "UVM2.uvot",
                "UVM2.uvot",
                "UVM2.uvot",
                "UVM2.uvot",
                "UVM2.uvot",
                "UVM2.uvot",
                "UVM2.uvot",
                "UVM2.uvot",
                "UVM2.uvot",
                "UVM2.uvot",
                "UVM2.uvot",
                "UVM2.uvot",
                "UVM2.uvot",
                "UVM2.uvot",
                "UVM2.uvot",
                "UVM2.uvot",
                "UVW1.uvot",
                "UVW1.uvot",
                "UVW1.uvot",
                "UVW1.uvot",
                "UVW1.uvot",
                "UVW1.uvot",
                "UVW1.uvot",
                "UVW1.uvot",
                "UVW1.uvot",
                "UVW1.uvot",
                "UVW1.uvot",
                "UVW1.uvot",
                "UVW1.uvot",
                "UVW1.uvot",
                "UVW1.uvot",
                "UVW1.uvot",
                "UVW1.uvot",
                "UVW1.uvot",
                "UVW1.uvot",
                "UVW1.uvot",
                "UVW1.uvot",
                "UVW1.uvot",
                "UVW1.uvot",
                "UVW1.uvot",
                "UVW1.uvot",
                "UVW1.uvot",
                "UVW1.uvot",
                "UVW1.uvot",
                "UVW1.uvot",
                "UVW1.uvot",
                "UVW1.uvot",
                "UVW1.uvot",
                "UVW1.uvot",
                "UVW1.uvot",
                "UVW1.uvot",
                "UVW1.uvot",
                "UVW1.uvot",
                "UVW1.uvot",
                "UVW1.uvot",
                "UVW1.uvot",
                "UVW1.uvot",
                "UVW1.uvot",
                "UVW1.uvot",
                "UVW1.uvot",
                "UVW1.uvot",
                "UVW1.uvot",
                "UVW1.uvot",
                "UVW1.uvot",
                "UVW1.uvot",
                "UVW1.uvot",
                "UVW1.uvot",
                "UVW1.uvot",
                "UVW1.uvot",
                "UVW1.uvot",
                "UVW1.uvot",
                "UVW1.uvot",
                "UVW1.uvot",
                "UVW1.uvot",
                "UVW1.uvot",
                "UVW1.uvot",
                "UVW1.uvot",
                "UVW1.uvot",
                "UVW1.uvot",
                "UVW1.uvot",
                "UVW1.uvot",
                "UVW1.uvot",
                "UVW1.uvot",
                "UVW1.uvot",
                "UVW1.uvot",
                "UVW1.uvot",
                "UVW1.uvot",
                "UVW1.uvot",
                "U.uvot",
                "U.uvot",
                "U.uvot",
                "U.uvot",
                "U.uvot",
                "U.uvot",
                "U.uvot",
                "U.uvot",
                "U.uvot",
                "U.uvot",
                "U.uvot",
                "U.uvot",
                "U.uvot",
                "U.uvot",
                "U.uvot",
                "U.uvot",
                "U.uvot",
                "U.uvot",
                "U.uvot",
                "U.uvot",
                "U.uvot",
                "U.uvot",
                "U.uvot",
                "U.uvot",
                "U.uvot",
                "U.uvot",
                "U.uvot",
                "U.uvot",
                "U.uvot",
                "U.uvot",
                "U.uvot",
                "U.uvot",
                "U.uvot",
                "U.uvot",
                "U.uvot",
                "U.uvot",
                "U.uvot",
                "U.uvot",
                "U.uvot",
                "U.uvot",
                "U.uvot",
                "U.uvot",
                "U.uvot",
                "U.uvot",
                "U.uvot",
                "U.uvot",
                "U.uvot",
                "U.uvot",
                "U.uvot",
                "U.uvot",
                "U.uvot",
                "U.uvot",
                "U.uvot",
                "U.uvot",
                "U.uvot",
                "U.uvot",
                "U.uvot",
                "U.uvot",
                "U.uvot",
                "U.uvot",
                "U.uvot",
                "U.uvot",
                "U.uvot",
                "U.uvot",
                "U.uvot",
                "B.uvot",
                "B.uvot",
                "B.uvot",
                "B.uvot",
                "B.uvot",
                "B.uvot",
                "B.uvot",
                "B.uvot",
                "B.uvot",
                "B.uvot",
                "B.uvot",
                "B.uvot",
                "B.uvot",
                "B.uvot",
                "B.uvot",
                "B.uvot",
                "B.uvot",
                "B.uvot",
                "B.uvot",
                "B.uvot",
                "B.uvot",
                "B.uvot",
                "B.uvot",
                "B.uvot",
                "B.uvot",
                "B.uvot",
                "B.uvot",
                "B.uvot",
                "B.uvot",
                "B.uvot",
                "B.uvot",
                "B.uvot",
                "B.uvot",
                "B.uvot",
                "B.uvot",
                "B.uvot",
                "B.uvot",
                "B.uvot",
                "B.uvot",
                "B.uvot",
                "B.uvot",
                "B.uvot",
                "B.uvot",
                "B.uvot",
                "B.uvot",
                "B.uvot",
                "B.uvot",
                "B.uvot",
                "B.uvot",
                "B.uvot",
                "B.uvot",
                "B.uvot",
                "B.uvot",
                "B.uvot",
                "B.uvot",
                "B.uvot",
                "B.uvot",
                "B.uvot",
                "B.uvot",
                "B.uvot",
                "B.uvot",
                "B.uvot",
                "B.uvot",
                "B.uvot",
                "B.uvot",
                "W1.wise",
                "W1.wise",
                "W1.wise",
                "W1.wise",
                "W1.wise",
                "W1.wise",
                "W1.wise",
                "W1.wise",
                "W1.wise",
                "W1.wise",
                "W1.wise",
                "W1.wise",
                "W1.wise",
                "W2.wise",
                "W2.wise",
                "W2.wise",
                "W2.wise",
                "W2.wise",
                "W2.wise",
                "W2.wise",
                "W2.wise",
                "W2.wise",
                "W2.wise",
                "W2.wise",
                "W2.wise",
                "W2.wise",
                "r.sdss",
                "r.sdss",
                "r.sdss",
                "r.sdss",
                "r.sdss",
                "r.sdss",
                "r.sdss",
                "r.sdss",
                "r.sdss",
                "r.sdss",
                "r.sdss",
                "r.sdss",
                "r.sdss",
                "r.sdss",
                "r.sdss",
                "r.sdss",
                "r.sdss",
                "r.sdss",
                "r.sdss",
                "r.sdss",
                "r.sdss",
                "r.sdss",
                "r.sdss",
                "r.sdss",
                "r.sdss",
                "r.sdss"
            ],
            "obs_type": "uvoir",
            "reference": [
                "2019ApJ...883..111H",
                "2024MNRAS.527.2452M"
            ],
            "upperlimit": [
                false,
                false,
                false,
                false,
                false,
                false,
                false,
                false,
                false,
                false,
                false,
                false,
                false,
                false,
                false,
                false,
                false,
                false,
                false,
                false,
                false,
                false,
                false,
                false,
                false,
                false,
                false,
                false,
                false,
                false,
                false,
                false,
                false,
                false,
                false,
                false,
                false,
                false,
                false,
                false,
                false,
                false,
                false,
                false,
                false,
                false,
                false,
                false,
                false,
                false,
                false,
                false,
                false,
                false,
                false,
                false,
                false,
                false,
                false,
                false,
                false,
                false,
                false,
                false,
                false,
                false,
                false,
                false,
                false,
                false,
                false,
                false,
                false,
                false,
                false,
                false,
                false,
                false,
                false,
                false,
                false,
                false,
                false,
                false,
                false,
                false,
                false,
                false,
                false,
                false,
                false,
                false,
                false,
                false,
                false,
                false,
                false,
                false,
                false,
                false,
                false,
                false,
                false,
                false,
                false,
                false,
                false,
                false,
                false,
                false,
                false,
                false,
                false,
                false,
                false,
                false,
                false,
                false,
                false,
                false,
                false,
                false,
                false,
                false,
                false,
                false,
                false,
                false,
                false,
                false,
                false,
                false,
                false,
                false,
                false,
                false,
                false,
                false,
                false,
                false,
                false,
                false,
                false,
                false,
                false,
                false,
                true,
                false,
                false,
                false,
                false,
                false,
                false,
                false,
                false,
                false,
                false,
                false,
                false,
                false,
                false,
                false,
                false,
                false,
                false,
                false,
                false,
                false,
                false,
                false,
                false,
                false,
                false,
                false,
                false,
                false,
                false,
                false,
                false,
                false,
                false,
                false,
                false,
                false,
                false,
                false,
                false,
                false,
                false,
                false,
                false,
                false,
                false,
                false,
                false,
                false,
                false,
                false,
                false,
                false,
                false,
                false,
                false,
                false,
                false,
                false,
                false,
                false,
                false,
                false,
                false,
                false,
                false,
                false,
                false,
                false,
                false,
                false,
                true,
                false,
                false,
                false,
                false,
                false,
                false,
                false,
                false,
                false,
                false,
                false,
                false,
                false,
                false,
                false,
                false,
                false,
                false,
                false,
                false,
                false,
                false,
                false,
                false,
                false,
                false,
                false,
                false,
                false,
                false,
                false,
                false,
                false,
                false,
                false,
                false,
                false,
                false,
                false,
                false,
                false,
                false,
                false,
                false,
                false,
                false,
                false,
                false,
                false,
                false,
                false,
                false,
                false,
                false,
                false,
                false,
                false,
                false,
                false,
                false,
                false,
                false,
                true,
                true,
                true,
                true,
                false,
                false,
                false,
                false,
                false,
                false,
                false,
                false,
                false,
                false,
                false,
                false,
                false,
                false,
                false,
                false,
                false,
                false,
                false,
                false,
                false,
                false,
                false,
                false,
                false,
                false,
                false,
                false,
                false,
                false,
                false,
                true,
                false,
                false,
                true,
                true,
                true,
                true,
                true,
                true,
                true,
                true,
                true,
                true,
                true,
                true,
                true,
                true,
                true,
                true,
                true,
                true,
                true,
                true,
                true,
                true,
                true,
                true,
                true,
                true,
                true,
                true,
                true,
                true,
                true,
                true,
                true,
                false,
                false,
                true,
                false,
                true,
                true,
                true,
                true,
                true,
                false,
                true,
                true,
                true,
                false,
                false,
                false,
                false,
                true,
                false,
                true,
                false,
                true,
                false,
                true,
                false,
                false,
                false,
                false,
                false,
                false,
                false,
                false,
                false,
                false,
                false,
                false,
                false,
                false,
                false,
                false,
                false,
                false,
                false,
                false,
                false,
                false,
                false,
                false,
                false,
                false
            ],
            "corr_k": false,
            "corr_s": false,
            "corr_av": false,
            "corr_host": false,
            "corr_hostav": false,
            "val_av": 0.3368468466895059
        },
        {
            "reference": "2024arXiv240412431C",
            "raw": [
                143,
                89,
                60,
                31
            ],
            "raw_err": [
                21,
                16,
                14,
                0
            ],
            "raw_units": "uJy",
            "date": [
                "2019-03-03",
                "2019-03-24",
                "2019-04-13",
                "2019-06-20"
            ],
            "date_format": [
                "iso",
                "iso",
                "iso",
                "iso"
            ],
            "upperlimit": [
                false,
                false,
                false,
                false
            ],
            "filter_key": [
                "97.5GHz",
                "97.5GHz",
                "97.5GHz",
                "97.5GHz"
            ],
            "obs_type": "radio",
            "telescope": "ALMA",
            "corr_k": false,
            "corr_s": false,
            "corr_host": false,
            "corr_av": false,
            "corr_hostav": false
        },
        {
            "reference": "2024arXiv240412431C",
            "raw": [
                464,
                400,
                220,
                206,
                235,
                216,
                418,
                330,
                440,
                789,
                630,
                493,
                276,
                266,
                1153,
                759,
                497,
                272,
                194,
                3589,
                5044,
                4833,
                3907,
                3453,
                1806,
                1494,
                3568,
                3078,
                1709,
                1265,
                5000,
                5503,
                4015,
                2418,
                2087,
                1414,
                1299
            ],
            "raw_err": [
                70,
                86,
                13,
                23,
                25,
                28,
                32,
                25,
                60,
                91,
                43,
                40,
                32,
                37,
                125,
                35,
                25,
                34,
                25,
                127,
                91,
                40,
                38,
                40,
                115,
                154,
                154,
                74,
                83,
                94,
                250,
                140,
                89,
                54,
                35,
                37,
                40
            ],
            "raw_units": "uJy",
            "date": [
                "2015-12-07",
                "2016-08-19",
                "2019-03-12",
                "2019-03-12",
                "2019-04-11",
                "2019-04-11",
                "2019-04-19",
                "2019-04-19",
                "2019-05-15",
                "2019-06-03",
                "2019-06-03",
                "2019-06-03",
                "2019-06-03",
                "2019-06-03",
                "2019-07-27",
                "2019-07-27",
                "2019-07-27",
                "2019-07-27",
                "2019-07-27",
                "2020-04-23",
                "2020-04-23",
                "2020-04-23",
                "2020-04-23",
                "2020-04-23",
                "2020-04-23",
                "2020-04-23",
                "2021-03-25",
                "2021-03-25",
                "2021-03-25",
                "2021-03-25",
                "2021-04-10",
                "2022-09-30",
                "2022-09-30",
                "2022-09-30",
                "2022-09-30",
                "2022-09-30",
                "2022-09-30"
            ],
            "date_format": [
                "iso",
                "iso",
                "iso",
                "iso",
                "iso",
                "iso",
                "iso",
                "iso",
                "iso",
                "iso",
                "iso",
                "iso",
                "iso",
                "iso",
                "iso",
                "iso",
                "iso",
                "iso",
                "iso",
                "iso",
                "iso",
                "iso",
                "iso",
                "iso",
                "iso",
                "iso",
                "iso",
                "iso",
                "iso",
                "iso",
                "iso",
                "iso",
                "iso",
                "iso",
                "iso",
                "iso",
                "iso"
            ],
            "upperlimit": [
                false,
                false,
                false,
                false,
                false,
                false,
                false,
                false,
                false,
                false,
                false,
                false,
                false,
                false,
                false,
                false,
                false,
                false,
                false,
                false,
                false,
                false,
                false,
                false,
                false,
                false,
                false,
                false,
                false,
                false,
                false,
                false,
                false,
                false,
                false,
                false,
                false
            ],
            "filter_key": [
                "2.1GHz",
                "2.1GHz",
                "16.7GHz",
                "21.2GHz",
                "17.0GHz",
                "19.0GHz",
                "5.5GHz",
                "9.0GHz",
                "2.1GHz",
                "2.1GHz",
                "5.5GHz",
                "9.0GHz",
                "17.0GHz",
                "19.0GHz",
                "2.1GHz",
                "5.5GHz",
                "9.0GHz",
                "17.0GHz",
                "19.0GHz",
                "2.1GHz",
                "5.0GHz",
                "6.0GHz",
                "8.5GHz",
                "9.5GHz",
                "17.0GHz",
                "19.0GHz",
                "5.0GHz",
                "6.0GHz",
                "8.5GHz",
                "9.5GHz",
                "2.1GHz",
                "1.6GHz",
                "2.6GHz",
                "5.0GHz",
                "6.0GHz",
                "8.5GHz",
                "9.5GHz"
            ],
            "obs_type": "radio",
            "telescope": "ATCA",
            "corr_k": false,
            "corr_s": false,
            "corr_host": false,
            "corr_av": false,
            "corr_hostav": false
        },
        {
            "reference": "2024arXiv240412431C",
            "raw": [
                4400,
                6764,
                6145
            ],
            "raw_err": [
                140,
                54,
                39
            ],
            "raw_units": "uJy",
            "date": [
                "2021-04-19",
                "2023-01-25",
                "2023-01-25"
            ],
            "date_format": [
                "iso",
                "iso",
                "iso"
            ],
            "upperlimit": [
                false,
                false,
                false
            ],
            "filter_key": [
                "1.3GHz",
                "0.8GHz",
                "1.3GHz"
            ],
            "obs_type": "radio",
            "telescope": "MeerKAT",
            "corr_k": false,
            "corr_s": false,
            "corr_host": false,
            "corr_av": false,
            "corr_hostav": false
        },
        {
            "reference": "2024ApJ...974..241A",
            "raw": [
                6.4
            ],
            "raw_err": [
                0.2
            ],
            "raw_units": "mJy",
            "date": [
                "59603.61"
            ],
            "date_format": [
                "mjd"
            ],
            "upperlimit": [
                false
            ],
            "filter_key": [
                "1655.5MHz"
            ],
            "obs_type": "radio",
            "telescope": "RACS.high",
            "corr_k": false,
            "corr_s": false,
            "corr_host": false,
            "corr_av": false,
            "corr_hostav": false
        },
        {
            "reference": "2024ApJ...974..241A",
            "raw": [
                1.24,
                5.87
            ],
            "raw_err": [
                0.33,
                0.29
            ],
            "raw_units": "mJy",
            "date": [
                "58610.41",
                "59685.41"
            ],
            "date_format": [
                "mjd",
                "mjd"
            ],
            "upperlimit": [
                false,
                false
            ],
            "filter_key": [
                "887.5MHz",
                "887.5MHz"
            ],
            "obs_type": "radio",
            "telescope": "RACS.low",
            "corr_k": false,
            "corr_s": false,
            "corr_host": false,
            "corr_av": false,
            "corr_hostav": false
        },
        {
            "reference": "2024ApJ...974..241A",
            "raw": [
                4.69
            ],
            "raw_err": [
                0.21
            ],
            "raw_units": "mJy",
            "date": [
                "59251.51"
            ],
            "date_format": [
                "mjd"
            ],
            "upperlimit": [
                false
            ],
            "filter_key": [
                "1367.5MHz"
            ],
            "obs_type": "radio",
            "telescope": "RACS.mid",
            "corr_k": false,
            "corr_s": false,
            "corr_host": false,
            "corr_av": false,
            "corr_hostav": false
        }
    ],
    "distance": [
        {
            "value": "0.026",
            "distance_type": "redshift",
            "reference": [
                "2024ApJ...974..241A"
            ],
            "default": false
        },
        {
            "value": "0.0262",
            "distance_type": "redshift",
            "reference": [
                " 2019TNSCR.288....1P",
                "2019ApJ...883..111H",
                "2024MNRAS.527.2452M"
            ],
            "default": true
        }
    ],
    "coordinate": [
        {
            "ra": "07:00:11.546",
            "dec": "-66:02:24.14",
            "ra_units": "hour",
            "dec_units": "degree",
            "coordinate_type": "equatorial",
            "default": false,
            "reference": [
                "2019TNSTR.167....1S"
            ]
        },
        {
            "ra": "07h00m11.5s",
            "dec": "-66d02m24s",
            "ra_units": "hour",
            "dec_units": "degree",
            "coordinate_type": "equatorial",
            "default": false,
            "reference": [
                "2024ApJ...974..241A"
            ]
        },
        {
            "ra": "105.047461",
            "dec": "-66.040214",
            "ra_units": "deg",
            "dec_units": "deg",
            "coordinate_type": "equatorial",
            "default": true,
            "reference": [
                "2019ApJ...883..111H",
                "2024MNRAS.527.2452M"
            ]
        }
    ],
    "filter_alias": [
        {
            "filter_key": "B.uvot",
            "filter_name": "B.uvot",
            "freq_eff": 695280559412463.5,
            "freq_units": "Hz"
        },
        {
            "filter_key": "U.uvot",
            "filter_name": "U.uvot",
            "freq_eff": 872815357550259.6,
            "freq_units": "Hz"
        },
        {
            "filter_key": "UVM2.uvot",
            "filter_name": "UVM2.uvot",
            "freq_eff": 1346484181597652,
            "freq_units": "Hz"
        },
        {
            "filter_key": "UVW1.uvot",
            "filter_name": "UVW1.uvot",
            "freq_eff": 1198891057872408,
            "freq_units": "Hz"
        },
        {
            "filter_key": "UVW2.uvot",
            "filter_name": "UVW2.uvot",
            "freq_eff": 1492659946412262.2,
            "freq_units": "Hz"
        },
        {
            "filter_key": "W1.wise",
            "filter_name": "W1.wise",
            "freq_eff": 89917740678395.33,
            "freq_units": "Hz"
        },
        {
            "filter_key": "W2.wise",
            "filter_name": "W2.wise",
            "freq_eff": 65429370473910.305,
            "freq_units": "Hz"
        },
        {
            "filter_key": "r.sdss",
            "filter_name": "r.sdss",
            "freq_eff": 488925642232043.75,
            "freq_units": "Hz"
        },
        {
            "filter_key": "2.1GHz",
            "filter_name": "S",
            "freq_eff": 2.1,
            "freq_units": "GHz"
        },
        {
            "filter_key": "97.5GHz",
            "filter_name": "alma.3",
            "freq_eff": 97.5,
            "freq_units": "GHz"
        },
        {
            "filter_key": "16.7GHz",
            "filter_name": "Ku",
            "freq_eff": 16.7,
            "freq_units": "GHz"
        },
        {
            "filter_key": "21.2GHz",
            "filter_name": "K",
            "freq_eff": 21.2,
            "freq_units": "GHz"
        },
        {
            "filter_key": "17.0GHz",
            "filter_name": "Ku",
            "freq_eff": 17,
            "freq_units": "GHz"
        },
        {
            "filter_key": "19.0GHz",
            "filter_name": "K",
            "freq_eff": 19,
            "freq_units": "GHz"
        },
        {
            "filter_key": "5.5GHz",
            "filter_name": "C",
            "freq_eff": 5.5,
            "freq_units": "GHz"
        },
        {
            "filter_key": "9.0GHz",
            "filter_name": "X",
            "freq_eff": 9,
            "freq_units": "GHz"
        },
        {
            "filter_key": "5.0GHz",
            "filter_name": "C",
            "freq_eff": 5,
            "freq_units": "GHz"
        },
        {
            "filter_key": "6.0GHz",
            "filter_name": "C",
            "freq_eff": 6,
            "freq_units": "GHz"
        },
        {
            "filter_key": "8.5GHz",
            "filter_name": "X",
            "freq_eff": 8.5,
            "freq_units": "GHz"
        },
        {
            "filter_key": "9.5GHz",
            "filter_name": "X",
            "freq_eff": 9.5,
            "freq_units": "GHz"
        },
        {
            "filter_key": "1.3GHz",
            "filter_name": "L",
            "freq_eff": 1.3,
            "freq_units": "GHz"
        },
        {
            "filter_key": "1.6GHz",
            "filter_name": "L",
            "freq_eff": 1.6,
            "freq_units": "GHz"
        },
        {
            "filter_key": "2.6GHz",
            "filter_name": "S",
            "freq_eff": 2.6,
            "freq_units": "GHz"
        },
        {
            "filter_key": "0.8GHz",
            "filter_name": "UHF",
            "freq_eff": 0.8,
            "freq_units": "GHz"
        },
        {
            "filter_key": "887.5MHz",
            "filter_name": "UHF",
            "freq_eff": 887.5,
            "freq_units": "MHz"
        },
        {
            "filter_key": "1367.5MHz",
            "filter_name": "L",
            "freq_eff": 1367.5,
            "freq_units": "MHz"
        },
        {
            "filter_key": "1655.5MHz",
            "filter_name": "L",
            "freq_eff": 1655.5,
            "freq_units": "MHz"
        }
    ]
}