{
    "_key": "884943",
    "_id": "transients/884943",
    "_rev": "_j6ZAb1K---",
    "classification": {
        "spec_classed": 0,
        "unambiguous": false,
        "value": [
            {
                "object_class": "TDE",
                "confidence": 0,
                "reference": [
                    "2015ATel.6877....1F",
                    "2017ApJ...835...64G",
                    "2017ApJ...838..149A",
                    "2023PASP..135c4101G",
                    "2023arXiv230813595C"
                ],
                "default": true
            }
        ],
        "discovery_method": "xray"
    },
    "name": {
        "alias": [
            {
                "value": "DES 14C1kia",
                "reference": [
                    "2023PASP..135c4101G"
                ]
            },
            {
                "value": "DES14C1kia",
                "reference": [
                    "2017ApJ...838..149A",
                    "2000A&AS..143....9W",
                    "2015ATel.6877....1F"
                ]
            }
        ],
        "default_name": "DES14C1kia"
    },
    "reference_alias": [
        {
            "name": "2017ApJ...838..149A",
            "human_readable_name": "Auchettl, Guillochon, & Ramirez-Ruiz (2017)"
        },
        {
            "name": "2016A&A...594A..13P",
            "human_readable_name": "Planck Collaboration et al. (2016)"
        },
        {
            "name": "2015ATel.6877....1F",
            "human_readable_name": "Foley et al. (2015)"
        },
        {
            "name": "2011ApJ...737..103S",
            "human_readable_name": "Schlafly & Finkbeiner (2011)"
        },
        {
            "name": "2017ApJ...835...64G",
            "human_readable_name": "Guillochon et al. (2017)"
        },
        {
            "name": "2000A&AS..143....9W",
            "human_readable_name": "Wenger et al. (2000)"
        },
        {
            "name": "2023PASP..135c4101G",
            "human_readable_name": "Goldtooth, Aaron et al. (2023)"
        },
        {
            "name": "2023arXiv230813595C",
            "human_readable_name": "Cendes, Y. et al. (2024)"
        }
    ],
    "photometry": [
        {
            "raw": [
                0.3,
                0.0056,
                0.152,
                0.0844
            ],
            "raw_units": [
                "ct",
                "ct",
                "ct",
                "ct"
            ],
            "value": [
                2.1e-13,
                3.93e-15,
                1.07e-13,
                5.92e-14
            ],
            "value_units": [
                "ergs/cm^2/s",
                "ergs/cm^2/s",
                "ergs/cm^2/s",
                "ergs/cm^2/s"
            ],
            "filter_key": [
                "0.3 - 2.0",
                "0.3 - 2.0",
                "0.3 - 2.0",
                "0.3 - 2.0"
            ],
            "obs_type": [
                "xray",
                "xray",
                "xray",
                "xray"
            ],
            "date": [
                "48090.3",
                "48102.3",
                "50487.4",
                "50495.5"
            ],
            "date_format": "MJD",
            "upperlimit": [
                true,
                true,
                true,
                true
            ],
            "telescope": "ROSAT",
            "corr_k": null,
            "corr_av": null,
            "corr_host": null,
            "corr_hostav": null,
            "reference": [
                "2017ApJ...838..149A"
            ],
            "xray_model": [
                {
                    "model_name": "Absorbed Powerlaw",
                    "param_names": [
                        "photonindex",
                        "nhmw"
                    ],
                    "param_values": [
                        "4.5",
                        "0.00791"
                    ],
                    "param_units": [
                        "None",
                        "10^22 cm^-2"
                    ],
                    "min_energy": 0.3,
                    "max_energy": 2,
                    "energy_units": "keV"
                },
                {
                    "model_name": "Absorbed Powerlaw",
                    "param_names": [
                        "photonindex",
                        "nhmw"
                    ],
                    "param_values": [
                        "4.5",
                        "0.00791"
                    ],
                    "param_units": [
                        "None",
                        "10^22 cm^-2"
                    ],
                    "min_energy": 0.3,
                    "max_energy": 2,
                    "energy_units": "keV"
                },
                {
                    "model_name": "Absorbed Powerlaw",
                    "param_names": [
                        "photonindex",
                        "nhmw"
                    ],
                    "param_values": [
                        "4.5",
                        "0.00791"
                    ],
                    "param_units": [
                        "None",
                        "10^22 cm^-2"
                    ],
                    "min_energy": 0.3,
                    "max_energy": 2,
                    "energy_units": "keV"
                },
                {
                    "model_name": "Absorbed Powerlaw",
                    "param_names": [
                        "photonindex",
                        "nhmw"
                    ],
                    "param_values": [
                        "4.5",
                        "0.00791"
                    ],
                    "param_units": [
                        "None",
                        "10^22 cm^-2"
                    ],
                    "min_energy": 0.3,
                    "max_energy": 2,
                    "energy_units": "keV"
                }
            ],
            "corr_s": null
        },
        {
            "raw": [
                0.00223,
                0.00308
            ],
            "raw_units": [
                "ct",
                "ct"
            ],
            "value": [
                2.13e-14,
                2.94e-14
            ],
            "value_units": [
                "ergs/cm^2/s",
                "ergs/cm^2/s"
            ],
            "filter_key": [
                "0.3 - 2.0",
                "0.3 - 2.0"
            ],
            "obs_type": [
                "xray",
                "xray"
            ],
            "date": [
                "57063.6",
                "57119.7"
            ],
            "date_format": "MJD",
            "upperlimit": [
                true,
                true
            ],
            "telescope": "Swift",
            "corr_k": null,
            "corr_av": null,
            "corr_host": null,
            "corr_hostav": null,
            "reference": [
                "2017ApJ...838..149A"
            ],
            "xray_model": [
                {
                    "model_name": "Absorbed Powerlaw",
                    "param_names": [
                        "photonindex",
                        "nhmw"
                    ],
                    "param_values": [
                        "4.5",
                        "0.00791"
                    ],
                    "param_units": [
                        "None",
                        "10^22 cm^-2"
                    ],
                    "min_energy": 0.3,
                    "max_energy": 2,
                    "energy_units": "keV"
                },
                {
                    "model_name": "Absorbed Powerlaw",
                    "param_names": [
                        "photonindex",
                        "nhmw"
                    ],
                    "param_values": [
                        "4.5",
                        "0.00791"
                    ],
                    "param_units": [
                        "None",
                        "10^22 cm^-2"
                    ],
                    "min_energy": 0.3,
                    "max_energy": 2,
                    "energy_units": "keV"
                }
            ],
            "corr_s": null
        },
        {
            "raw": [
                0.355,
                1.24
            ],
            "raw_units": [
                "ct",
                "ct"
            ],
            "value": [
                1.09e-12,
                3.82e-12
            ],
            "value_units": [
                "ergs/cm^2/s",
                "ergs/cm^2/s"
            ],
            "filter_key": [
                "0.3 - 2.0",
                "0.3 - 2.0"
            ],
            "obs_type": [
                "xray",
                "xray"
            ],
            "date": [
                "57034.5",
                "57079.9"
            ],
            "date_format": "MJD",
            "upperlimit": [
                true,
                true
            ],
            "telescope": "XMM",
            "corr_k": null,
            "corr_av": null,
            "corr_host": null,
            "corr_hostav": null,
            "reference": [
                "2017ApJ...838..149A"
            ],
            "xray_model": [
                {
                    "model_name": "Absorbed Powerlaw",
                    "param_names": [
                        "photonindex",
                        "nhmw"
                    ],
                    "param_values": [
                        "4.5",
                        "0.00791"
                    ],
                    "param_units": [
                        "None",
                        "10^22 cm^-2"
                    ],
                    "min_energy": 0.3,
                    "max_energy": 2,
                    "energy_units": "keV"
                },
                {
                    "model_name": "Absorbed Powerlaw",
                    "param_names": [
                        "photonindex",
                        "nhmw"
                    ],
                    "param_values": [
                        "4.5",
                        "0.00791"
                    ],
                    "param_units": [
                        "None",
                        "10^22 cm^-2"
                    ],
                    "min_energy": 0.3,
                    "max_energy": 2,
                    "energy_units": "keV"
                }
            ],
            "corr_s": null
        },
        {
            "reference": "2023arXiv230813595C",
            "raw": [
                0.017,
                0.033,
                0.015,
                0.043,
                0.013
            ],
            "raw_err": [
                0,
                0,
                0,
                0,
                0
            ],
            "raw_units": "mJy",
            "date": [
                "2015-01-17",
                "2015-01-17",
                "2015-03-12",
                "2015-03-12",
                "2020-05-28"
            ],
            "date_format": [
                "iso",
                "iso",
                "iso",
                "iso",
                "iso"
            ],
            "upperlimit": [
                true,
                true,
                true,
                true,
                true
            ],
            "filter_key": [
                "6.0GHz",
                "21.7GHz",
                "6.0GHz",
                "21.7GHz",
                "6.0GHz"
            ],
            "obs_type": "radio",
            "telescope": "VLA",
            "corr_k": false,
            "corr_s": false,
            "corr_host": false,
            "corr_av": false,
            "corr_hostav": false
        }
    ],
    "coordinate": [
        {
            "ra": "03:34:47.49",
            "dec": "-26:19:35.0",
            "ra_units": "hour",
            "dec_units": "deg",
            "coordinate_type": "equatorial",
            "reference": [
                "2000A&AS..143....9W",
                "2015ATel.6877....1F"
            ],
            "default": true
        },
        {
            "ra": "03:34:47.49",
            "dec": "-26:19:35.0",
            "ra_units": "hour",
            "dec_units": "degree",
            "coordinate_type": "equatorial",
            "reference": [
                "2015ATel.6877....1F"
            ],
            "default": false
        }
    ],
    "filter_alias": [
        {
            "filter_key": "0.3 - 2.0",
            "wave_eff": 0.7293188143129428,
            "wave_min": 0.6199209921660013,
            "wave_max": 4.132806614440009,
            "wave_units": "nm",
            "filter_name": "0.3 - 2.0"
        },
        {
            "filter_key": "6.0GHz",
            "filter_name": "C",
            "freq_eff": 6,
            "freq_units": "GHz"
        },
        {
            "filter_key": "21.7GHz",
            "filter_name": "K",
            "freq_eff": 21.7,
            "freq_units": "GHz"
        }
    ],
    "date_reference": [
        {
            "value": "2014-01-01",
            "date_format": "iso",
            "date_type": "discovery",
            "reference": [
                "2017ApJ...835...64G"
            ],
            "default": false
        },
        {
            "value": "2014-11-11 ",
            "date_format": "iso",
            "date_type": "discovery",
            "reference": [
                "2015ATel.6877....1F",
                "2017ApJ...838..149A",
                "2023PASP..135c4101G"
            ],
            "default": true
        }
    ],
    "distance": [
        {
            "value": "0.162",
            "distance_type": "redshift",
            "reference": [
                "2015ATel.6877....1F",
                "2017ApJ...838..149A",
                "2023PASP..135c4101G"
            ],
            "default": true
        },
        {
            "value": "689",
            "distance_type": "comoving",
            "unit": "Mpc",
            "reference": [
                "2015ATel.6877....1F",
                "2016A&A...594A..13P",
                "2017ApJ...835...64G",
                "2017ApJ...838..149A"
            ],
            "default": true
        },
        {
            "value": "801",
            "distance_type": "luminosity",
            "unit": "Mpc",
            "reference": [
                "2015ATel.6877....1F",
                "2016A&A...594A..13P",
                "2017ApJ...835...64G",
                "2017ApJ...838..149A"
            ],
            "default": true
        }
    ],
    "host": [
        {
            "host_name": "Uncataloged, 03:34:47.49-26:19:35.0",
            "host_ra": 53.69583333333332,
            "host_dec": -26.32638888888889,
            "host_ra_units": "deg",
            "host_dec_units": "deg",
            "reference": [
                "2023PASP..135c4101G",
                "2015ATel.6877....1F",
                "2017ApJ...838..149A"
            ]
        }
    ],
    "schema_version": {
        "comment": "Copied from tde.space;",
        "comments": "From Goldtooth et al. (2023)",
        "value": 0
    }
}