{
    "_key": "1916615",
    "_id": "transients/1916615",
    "_rev": "_kGYYOVe---",
    "classification": {
        "value": [
            {
                "object_class": "TDE",
                "confidence": 1,
                "reference": [
                    "2024MNRAS.527.1962B"
                ],
                "default": true
            }
        ],
        "spec_classed": 0,
        "unambiguous": true
    },
    "coordinate": [
        {
            "ra": "02:33:46.93",
            "dec": "-01:01:28.38",
            "ra_units": "hourangle",
            "dec_units": "deg",
            "coordinate_type": "equatorial",
            "reference": [
                "2018TNSTR.839....1D"
            ],
            "default": true
        },
        {
            "ra": "02h33m46.93s",
            "dec": "-01d01m28.38s",
            "ra_units": "hourangle",
            "dec_units": "deg",
            "coordinate_type": "equatorial",
            "reference": [
                "2018TNSTR.839....1D"
            ],
            "default": false
        }
    ],
    "date_reference": [
        {
            "value": "2458286.0429977",
            "date_format": "jd",
            "reference": [
                "2018TNSTR.839....1D",
                "2018TNSTR.839....1D",
                "2018TNSTR.839....1D",
                "2018TNSTR.839....1D",
                "2018TNSTR.839....1D",
                "2018TNSTR.839....1D",
                "2018TNSTR.839....1D",
                "2018TNSTR.839....1D",
                "2018TNSTR.839....1D",
                "2018TNSTR.839....1D",
                "2018TNSTR.839....1D",
                "2018TNSTR.839....1D"
            ],
            "computed": false,
            "date_type": "discovery"
        }
    ],
    "distance": [
        {
            "value": 0.048,
            "reference": [
                "2024MNRAS.527.1962B"
            ],
            "computed": false,
            "distance_type": "redshift"
        },
        {
            "value": 203,
            "reference": [
                "2024MNRAS.527.1962B"
            ],
            "unit": "Mpc",
            "computed": false,
            "distance_type": "luminosity"
        }
    ],
    "filter_alias": [
        {
            "filter_key": "3.0GHz",
            "filter_name": "S",
            "wave_eff": 99930819.33333333,
            "wave_units": "nm"
        },
        {
            "filter_key": "1.36GHz",
            "filter_name": "L",
            "wave_eff": 220435630.88235292,
            "wave_units": "nm"
        },
        {
            "filter_key": "0.94GHz",
            "filter_name": "UHF",
            "wave_eff": 318928146.80851066,
            "wave_units": "nm"
        },
        {
            "filter_key": "0.86GHz",
            "filter_name": "UHF",
            "wave_eff": 348595881.39534885,
            "wave_units": "nm"
        },
        {
            "filter_key": "0.89GHz",
            "filter_name": "UHF",
            "wave_eff": 336845458.42696625,
            "wave_units": "nm"
        }
    ],
    "name": {
        "default_name": "2018cqh",
        "alias": [
            {
                "value": "2018cqh",
                "reference": [
                    "2018TNSTR.839....1D"
                ]
            },
            {
                "value": "AT 2018cqh",
                "reference": [
                    "2018TNSTR.839....1D"
                ]
            }
        ]
    },
    "photometry": [
        {
            "reference": "2024ApJ...962L..18Z",
            "raw": [
                2.59,
                1.037,
                2.223,
                2.723,
                3.663,
                3.744,
                7.132,
                8.11,
                9.01
            ],
            "raw_err": [
                0.11,
                0.014,
                0.032,
                0.038,
                0.093,
                0.076,
                0.05,
                0.18,
                0.17
            ],
            "raw_units": "mJy",
            "date": [
                "2021-11-19",
                "2021-06-25",
                "2021-11-7",
                "2021-12-17",
                "2023-06-14",
                "2023-07-6",
                "2023-08-11",
                "2023-08-30",
                "2023-10-29"
            ],
            "date_format": [
                "iso",
                "iso",
                "iso",
                "iso",
                "iso",
                "iso",
                "iso",
                "iso",
                "iso"
            ],
            "upperlimit": [
                false,
                false,
                false,
                false,
                false,
                false,
                false,
                false,
                false
            ],
            "filter_key": [
                "1.36GHz",
                "0.94GHz",
                "0.94GHz",
                "0.86GHz",
                "0.89GHz",
                "0.89GHz",
                "0.86GHz",
                "0.89GHz",
                "0.89GHz"
            ],
            "obs_type": "radio",
            "telescope": "ASKAP",
            "val_k": false,
            "val_s": false,
            "val_host": false,
            "val_av": false,
            "val_hostav": false
        },
        {
            "reference": "2024ApJ...962L..18Z",
            "raw": [
                0.45,
                0.51,
                10.58
            ],
            "raw_err": [
                0,
                0,
                0.28
            ],
            "raw_units": "mJy",
            "date": [
                "2017-11-30",
                "2020-09-26",
                "2023-03-7"
            ],
            "date_format": [
                "iso",
                "iso",
                "iso"
            ],
            "upperlimit": [
                true,
                true,
                false
            ],
            "filter_key": [
                "3.0GHz",
                "3.0GHz",
                "3.0GHz"
            ],
            "obs_type": "radio",
            "telescope": "VLA",
            "val_k": false,
            "val_s": false,
            "val_host": false,
            "val_av": false,
            "val_hostav": false
        }
    ],
    "reference_alias": [
        {
            "name": "2024MNRAS.527.1962B",
            "human_readable_name": "Bykov, S. D. et al. (2024)"
        },
        {
            "name": "2018TNSTR.839....1D",
            "human_readable_name": "Delgado, A. et al. (2018)"
        },
        {
            "name": "2024ApJ...962L..18Z",
            "human_readable_name": "Zhang, Fabao et al. (2024)"
        }
    ],
    "schema_version": {
        "comment": "Uploader:Noah Franz | Email:nfranz@arizona.edu;Uploader:Noah Franz | Email:noahfranz13@gmail.com"
    }
}