{
    "_key": "884591",
    "_id": "transients/884591",
    "_rev": "_j6Y8V7G---",
    "name": {
        "alias": [
            {
                "value": "WTP17aaldjb",
                "reference": [
                    "2021ApJS..252...32J",
                    "2022ApJS..258...21W",
                    "2024ApJ...961..211M"
                ]
            }
        ],
        "default_name": "WTP17aaldjb"
    },
    "coordinate": [
        {
            "ra": 197.064964,
            "dec": 4.485906,
            "ra_units": "deg",
            "dec_units": "deg",
            "reference": [
                "2021ApJS..252...32J",
                "2022ApJS..258...21W",
                "2024ApJ...961..211M"
            ],
            "coordinate_type": "equatorial"
        }
    ],
    "distance": [
        {
            "value": 0.04832,
            "reference": [
                "2021ApJS..252...32J",
                "2022ApJS..258...21W",
                "2024ApJ...961..211M"
            ],
            "distance_type": "redshift"
        },
        {
            "value": 219.4,
            "reference": [
                "2021ApJS..252...32J",
                "2022ApJS..258...21W",
                "2024ApJ...961..211M"
            ],
            "unit": "Mpc",
            "distance_type": "luminosity"
        }
    ],
    "date_reference": [
        {
            "value": 57765,
            "reference": [
                "2021ApJS..252...32J",
                "2022ApJS..258...21W",
                "2024ApJ...961..211M"
            ],
            "date_format": "mjd",
            "date_type": "explosion"
        }
    ],
    "classification": {
        "spec_classed": 0,
        "unambiguous": true,
        "value": [
            {
                "object_class": "TDE",
                "confidence": 1,
                "reference": [
                    "2021ApJS..252...32J",
                    "2022ApJS..258...21W",
                    "2024ApJ...961..211M"
                ]
            }
        ],
        "discovery_method": "uvoir"
    },
    "photometry": [
        {
            "date": [
                2018.0472789990745,
                2018.1786205319888,
                2018.320833619528,
                2018.390891050952,
                2018.5079362744923,
                2018.6014345102465,
                2019.0344486598983,
                2019.188017561212,
                2019.2780211454608,
                2019.3720093497705,
                2019.50309814653,
                2019.582129601193,
                2020.0259429801288,
                2020.1744424443832,
                2020.1853593324345,
                2020.356555243096,
                2020.501977694494,
                2020.611430395387,
                2020.9822197115168,
                2021.1272617594204,
                2021.3011750249552,
                2021.4663901786507,
                2021.5125551990932,
                2021.5916615698827,
                2022.00949550146,
                2022.133650142125,
                2022.3011694510303,
                2022.4079182141456,
                2022.5339626601296,
                2022.6202185131256,
                2023.037563914746,
                2023.1842956738003,
                2023.2850358775424,
                2012.137387976228,
                2012.2557238673,
                2012.4324454196708,
                2013.114035358652,
                2013.299683000904,
                2013.4541970068024,
                2013.9501019356796,
                2014.181160305666,
                2014.3927073605569,
                2014.5228556256443,
                2015.0070248563216,
                2015.176572323547,
                2015.329327758143,
                2015.4690148017496,
                2016.0123891290773,
                2016.1589505684565,
                2016.3334740928628,
                2016.46732136918,
                2017.0119532565643,
                2017.1609581239652,
                2017.323496269952,
                2017.503645998486,
                2017.600225647251,
                2018.0232272855224,
                2018.1228690728656,
                2018.2408149823232,
                2018.485845507703,
                2018.5970771479065,
                2018.8908735709388
            ],
            "date_format": [
                "decimalyear",
                "decimalyear",
                "decimalyear",
                "decimalyear",
                "decimalyear",
                "decimalyear",
                "decimalyear",
                "decimalyear",
                "decimalyear",
                "decimalyear",
                "decimalyear",
                "decimalyear",
                "decimalyear",
                "decimalyear",
                "decimalyear",
                "decimalyear",
                "decimalyear",
                "decimalyear",
                "decimalyear",
                "decimalyear",
                "decimalyear",
                "decimalyear",
                "decimalyear",
                "decimalyear",
                "decimalyear",
                "decimalyear",
                "decimalyear",
                "decimalyear",
                "decimalyear",
                "decimalyear",
                "decimalyear",
                "decimalyear",
                "decimalyear",
                "decimalyear",
                "decimalyear",
                "decimalyear",
                "decimalyear",
                "decimalyear",
                "decimalyear",
                "decimalyear",
                "decimalyear",
                "decimalyear",
                "decimalyear",
                "decimalyear",
                "decimalyear",
                "decimalyear",
                "decimalyear",
                "decimalyear",
                "decimalyear",
                "decimalyear",
                "decimalyear",
                "decimalyear",
                "decimalyear",
                "decimalyear",
                "decimalyear",
                "decimalyear",
                "decimalyear",
                "decimalyear",
                "decimalyear",
                "decimalyear",
                "decimalyear",
                "decimalyear"
            ],
            "filter_key": [
                "g",
                "g",
                "g",
                "g",
                "g",
                "g",
                "g",
                "g",
                "g",
                "g",
                "g",
                "g",
                "g",
                "g",
                "g",
                "g",
                "g",
                "g",
                "g",
                "g",
                "g",
                "g",
                "g",
                "g",
                "g",
                "g",
                "g",
                "g",
                "g",
                "g",
                "g",
                "g",
                "g",
                "V",
                "V",
                "V",
                "V",
                "V",
                "V",
                "V",
                "V",
                "V",
                "V",
                "V",
                "V",
                "V",
                "V",
                "V",
                "V",
                "V",
                "V",
                "V",
                "V",
                "V",
                "V",
                "V",
                "V",
                "V",
                "V",
                "V",
                "V",
                "V"
            ],
            "raw": [
                0.020839502140409763,
                0.02039344655142966,
                0.022734777422463152,
                0.07200394060448567,
                0.038621969290984645,
                0.10844099212768687,
                0.026335988943846842,
                0.024156963270023937,
                0.044429843073222036,
                0.029427169539550737,
                0.04289874333660576,
                0.04689456668951895,
                0.022823543076883467,
                0.02841741300182835,
                0.205337274725234,
                0.031051046194187013,
                0.029661163564807167,
                0.15803723669211572,
                0.03734295369441168,
                0.025691656524478322,
                0.028145418850220403,
                0.036638761654666833,
                0.27509511008998383,
                0.049475266308999594,
                0.047595791468870136,
                0.020098050692695324,
                0.014665520528372132,
                0.048575008063500597,
                0.03175500698200626,
                0.05839533665349474,
                0.0507526245995175,
                0.0225368140889703,
                0.02830508666647614,
                0.0512613214122056,
                0.07470967646653946,
                0.3015,
                0.06436450058712465,
                0.06713810580616884,
                0.09676836128760552,
                0.06596392571245119,
                0.1443386016755154,
                0.06556568337101082,
                0.17121860706021552,
                0.057667668301954446,
                0.07615104269728185,
                0.11075811197099514,
                0.07849091431617308,
                0.05218327516163439,
                0.05487259920901892,
                0.06009182056538549,
                0.06494548427066316,
                0.060240176251781734,
                0.052888482623959225,
                0.02567901267052719,
                0.06264433800450371,
                0.1468431387181794,
                0.06513792872340629,
                0.0715276338659922,
                0.07072352352900185,
                0.07826503369809609,
                0.0823800296353108,
                0.33571125885801645
            ],
            "raw_err": [
                0,
                0,
                0,
                0,
                0,
                0,
                0,
                0,
                0,
                0,
                0,
                0,
                0,
                0,
                0,
                0,
                0,
                0,
                0,
                0,
                0,
                0,
                0,
                0,
                0,
                0,
                0,
                0,
                0,
                0,
                0,
                0,
                0,
                0,
                0,
                0,
                0,
                0,
                0,
                0,
                0,
                0,
                0,
                0,
                0,
                0,
                0,
                0,
                0,
                0,
                0,
                0,
                0,
                0,
                0,
                0,
                0,
                0,
                0,
                0,
                0,
                0
            ],
            "raw_units": [
                "mJy",
                "mJy",
                "mJy",
                "mJy",
                "mJy",
                "mJy",
                "mJy",
                "mJy",
                "mJy",
                "mJy",
                "mJy",
                "mJy",
                "mJy",
                "mJy",
                "mJy",
                "mJy",
                "mJy",
                "mJy",
                "mJy",
                "mJy",
                "mJy",
                "mJy",
                "mJy",
                "mJy",
                "mJy",
                "mJy",
                "mJy",
                "mJy",
                "mJy",
                "mJy",
                "mJy",
                "mJy",
                "mJy",
                "mJy",
                "mJy",
                "mJy",
                "mJy",
                "mJy",
                "mJy",
                "mJy",
                "mJy",
                "mJy",
                "mJy",
                "mJy",
                "mJy",
                "mJy",
                "mJy",
                "mJy",
                "mJy",
                "mJy",
                "mJy",
                "mJy",
                "mJy",
                "mJy",
                "mJy",
                "mJy",
                "mJy",
                "mJy",
                "mJy",
                "mJy",
                "mJy",
                "mJy"
            ],
            "telescope": "ASASSN",
            "upperlimit": [
                true,
                true,
                true,
                true,
                true,
                true,
                true,
                true,
                true,
                true,
                true,
                true,
                true,
                true,
                true,
                true,
                true,
                true,
                true,
                true,
                true,
                true,
                true,
                true,
                true,
                true,
                true,
                true,
                true,
                true,
                true,
                true,
                true,
                true,
                true,
                true,
                true,
                true,
                true,
                true,
                true,
                true,
                true,
                true,
                true,
                true,
                true,
                true,
                true,
                true,
                true,
                true,
                true,
                true,
                true,
                true,
                true,
                true,
                true,
                true,
                true,
                true
            ],
            "corr_k": false,
            "corr_s": false,
            "corr_host": true,
            "corr_av": false,
            "corr_hostav": false,
            "val_host": [
                1.041,
                1.041,
                1.041,
                1.041,
                1.041,
                1.041,
                1.041,
                1.041,
                1.041,
                1.041,
                1.041,
                1.041,
                1.041,
                1.041,
                1.041,
                1.041,
                1.041,
                1.041,
                1.041,
                1.041,
                1.041,
                1.041,
                1.041,
                1.041,
                1.041,
                1.041,
                1.041,
                1.041,
                1.041,
                1.041,
                1.041,
                1.041,
                1.041,
                1.796,
                1.796,
                1.796,
                1.796,
                1.796,
                1.796,
                1.796,
                1.796,
                1.796,
                1.796,
                1.796,
                1.796,
                1.796,
                1.796,
                1.796,
                1.796,
                1.796,
                1.796,
                1.796,
                1.796,
                1.796,
                1.796,
                1.796,
                1.796,
                1.796,
                1.796,
                1.796,
                1.796,
                1.796
            ],
            "obs_type": "uvoir",
            "reference": [
                "2024ApJ...961..211M"
            ]
        },
        {
            "date": [
                55204.674079035,
                55378.608469605,
                55566.80079593,
                56664.466047645,
                56842.18866658,
                57031.26875191,
                57202.530991175,
                57391.98140437,
                57561.30003738,
                57757.851431245,
                57921.790616795,
                58122.013585155,
                58282.19730363,
                58489.004353865,
                58647.75362169,
                58853.313836175,
                59013.384595345,
                59218.93930649,
                59377.62825332,
                59584.488673325,
                55204.674079035,
                55378.608469605,
                55566.73464374,
                56664.466047645,
                56842.18866658,
                57028.70626307,
                57200.956332915,
                57393.620504205,
                57561.30003738,
                57757.851431245,
                57921.790616795,
                58122.013585155,
                58282.19730363,
                58489.004353865,
                58647.75362169,
                58853.313836175,
                59013.384595345,
                59218.93930649,
                59377.62825332,
                59584.488673325
            ],
            "date_format": [
                "mjd",
                "mjd",
                "mjd",
                "mjd",
                "mjd",
                "mjd",
                "mjd",
                "mjd",
                "mjd",
                "mjd",
                "mjd",
                "mjd",
                "mjd",
                "mjd",
                "mjd",
                "mjd",
                "mjd",
                "mjd",
                "mjd",
                "mjd",
                "mjd",
                "mjd",
                "mjd",
                "mjd",
                "mjd",
                "mjd",
                "mjd",
                "mjd",
                "mjd",
                "mjd",
                "mjd",
                "mjd",
                "mjd",
                "mjd",
                "mjd",
                "mjd",
                "mjd",
                "mjd",
                "mjd",
                "mjd"
            ],
            "filter_key": [
                "W1",
                "W1",
                "W1",
                "W1",
                "W1",
                "W1",
                "W1",
                "W1",
                "W1",
                "W1",
                "W1",
                "W1",
                "W1",
                "W1",
                "W1",
                "W1",
                "W1",
                "W1",
                "W1",
                "W1",
                "W2",
                "W2",
                "W2",
                "W2",
                "W2",
                "W2",
                "W2",
                "W2",
                "W2",
                "W2",
                "W2",
                "W2",
                "W2",
                "W2",
                "W2",
                "W2",
                "W2",
                "W2",
                "W2",
                "W2"
            ],
            "raw": [
                0.03549001524288582,
                0.026946463903260453,
                0.03240358425829122,
                0.03360646782148395,
                0.1108338999938965,
                0.03455698047554682,
                0.038554654184271814,
                0.03969890571609162,
                0.03489800532869983,
                0.03939407502459025,
                0.6373837148437499,
                0.4212163751220704,
                0.6498435212402344,
                0.2025815051879883,
                0.4130648404541016,
                0.04283173523624967,
                0.3171235843505859,
                0.042858399559892166,
                0.2607381756591796,
                0.042832350152072665,
                0.08478948725120544,
                0.05469168335526465,
                0.061830193516874306,
                0.07381864424023818,
                0.0728035975764885,
                0.08373997489395901,
                0.08623079083716201,
                0.08216769290415574,
                0.08775013253082276,
                0.08620307145579528,
                0.637562091796875,
                0.7989356328125001,
                0.797345220703125,
                0.5032277822265625,
                0.5388560117187501,
                0.418351787109375,
                0.361867591796875,
                0.09540112330587386,
                0.08922669810665129,
                0.09350023326714704
            ],
            "raw_err": [
                0,
                0,
                0,
                0,
                0.0001680783136225,
                0,
                0,
                0,
                0,
                0,
                0.0041345667760684,
                0.0018470017129497,
                0.0042877656539495,
                0.0004938223828444,
                0.0017737752166127,
                0,
                0.0010826614066379,
                0,
                0.00075788216311,
                0,
                0,
                0,
                0,
                0,
                0,
                0,
                0,
                0,
                0,
                0,
                0.0044213040799857,
                0.0067774823339511,
                0.0066770766072029,
                0.0028875012779646,
                0.0032954500654602,
                0.0021321237090785,
                0.0016769332863469,
                0,
                0,
                0
            ],
            "raw_units": [
                "mJy",
                "mJy",
                "mJy",
                "mJy",
                "mJy",
                "mJy",
                "mJy",
                "mJy",
                "mJy",
                "mJy",
                "mJy",
                "mJy",
                "mJy",
                "mJy",
                "mJy",
                "mJy",
                "mJy",
                "mJy",
                "mJy",
                "mJy",
                "mJy",
                "mJy",
                "mJy",
                "mJy",
                "mJy",
                "mJy",
                "mJy",
                "mJy",
                "mJy",
                "mJy",
                "mJy",
                "mJy",
                "mJy",
                "mJy",
                "mJy",
                "mJy",
                "mJy",
                "mJy",
                "mJy",
                "mJy"
            ],
            "telescope": "WISE",
            "upperlimit": [
                true,
                true,
                true,
                true,
                false,
                true,
                true,
                true,
                true,
                true,
                false,
                false,
                false,
                false,
                false,
                true,
                false,
                true,
                false,
                true,
                true,
                true,
                true,
                true,
                true,
                true,
                true,
                true,
                true,
                true,
                false,
                false,
                false,
                false,
                false,
                false,
                false,
                true,
                true,
                true
            ],
            "corr_k": false,
            "corr_s": false,
            "corr_host": true,
            "corr_av": false,
            "corr_hostav": false,
            "val_host": [
                1.6228007080078126,
                1.6228007080078126,
                1.6228007080078126,
                1.6228007080078126,
                1.6228007080078126,
                1.6228007080078126,
                1.6228007080078126,
                1.6228007080078126,
                1.6228007080078126,
                1.6228007080078126,
                1.6228007080078126,
                1.6228007080078126,
                1.6228007080078126,
                1.6228007080078126,
                1.6228007080078126,
                1.6228007080078126,
                1.6228007080078126,
                1.6228007080078126,
                1.6228007080078126,
                1.6228007080078126,
                1.0246291953125002,
                1.0246291953125002,
                1.0246291953125002,
                1.0246291953125002,
                1.0246291953125002,
                1.0246291953125002,
                1.0246291953125002,
                1.0246291953125002,
                1.0246291953125002,
                1.0246291953125002,
                1.0246291953125002,
                1.0246291953125002,
                1.0246291953125002,
                1.0246291953125002,
                1.0246291953125002,
                1.0246291953125002,
                1.0246291953125002,
                1.0246291953125002,
                1.0246291953125002,
                1.0246291953125002
            ],
            "obs_type": "uvoir",
            "reference": [
                "2024ApJ...961..211M"
            ]
        },
        {
            "date": [
                2019.9788102486048,
                2020.479749196772,
                2020.983307876695,
                2021.4875703957384,
                2021.9947920154743
            ],
            "date_format": [
                "decimalyear",
                "decimalyear",
                "decimalyear",
                "decimalyear",
                "decimalyear"
            ],
            "filter_key": [
                "0.2-2.3",
                "0.2-2.3",
                "0.2-2.3",
                "0.2-2.3",
                "0.2-2.3"
            ],
            "raw": [
                6.502740316395961e-14,
                1.1514031471817658e-13,
                9.492466117636365e-14,
                1.0793509280076877e-13,
                9.378324091945677e-14
            ],
            "raw_err": [
                0,
                0,
                0,
                0,
                0
            ],
            "raw_units": [
                "erg/s/cm^2",
                "erg/s/cm^2",
                "erg/s/cm^2",
                "erg/s/cm^2",
                "erg/s/cm^2"
            ],
            "telescope": "eROSITA",
            "upperlimit": [
                true,
                true,
                true,
                true,
                true
            ],
            "corr_k": false,
            "corr_s": false,
            "corr_host": false,
            "corr_av": false,
            "corr_hostav": false,
            "obs_type": "xray",
            "xray_model": [
                {
                    "model_name": "Absorbed Powerlaw",
                    "param_names": [
                        "Gamma",
                        "N_H"
                    ],
                    "param_values": [
                        2,
                        3e+20
                    ],
                    "param_units": [
                        "None",
                        "cm^-2"
                    ],
                    "min_energy": 0.2,
                    "max_energy": 2.3,
                    "energy_units": "keV",
                    "model_reference": "2024ApJ...961..211M"
                },
                {
                    "model_name": "Absorbed Powerlaw",
                    "param_names": [
                        "Gamma",
                        "N_H"
                    ],
                    "param_values": [
                        2,
                        3e+20
                    ],
                    "param_units": [
                        "None",
                        "cm^-2"
                    ],
                    "min_energy": 0.2,
                    "max_energy": 2.3,
                    "energy_units": "keV",
                    "model_reference": "2024ApJ...961..211M"
                },
                {
                    "model_name": "Absorbed Powerlaw",
                    "param_names": [
                        "Gamma",
                        "N_H"
                    ],
                    "param_values": [
                        2,
                        3e+20
                    ],
                    "param_units": [
                        "None",
                        "cm^-2"
                    ],
                    "min_energy": 0.2,
                    "max_energy": 2.3,
                    "energy_units": "keV",
                    "model_reference": "2024ApJ...961..211M"
                },
                {
                    "model_name": "Absorbed Powerlaw",
                    "param_names": [
                        "Gamma",
                        "N_H"
                    ],
                    "param_values": [
                        2,
                        3e+20
                    ],
                    "param_units": [
                        "None",
                        "cm^-2"
                    ],
                    "min_energy": 0.2,
                    "max_energy": 2.3,
                    "energy_units": "keV",
                    "model_reference": "2024ApJ...961..211M"
                },
                {
                    "model_name": "Absorbed Powerlaw",
                    "param_names": [
                        "Gamma",
                        "N_H"
                    ],
                    "param_values": [
                        2,
                        3e+20
                    ],
                    "param_units": [
                        "None",
                        "cm^-2"
                    ],
                    "min_energy": 0.2,
                    "max_energy": 2.3,
                    "energy_units": "keV",
                    "model_reference": "2024ApJ...961..211M"
                }
            ],
            "reference": [
                "2024ApJ...961..211M"
            ]
        }
    ],
    "filter_alias": [
        {
            "filter_key": "g",
            "filter_name": "g",
            "wave_eff": 471.8872246248687,
            "wave_units": "nm"
        },
        {
            "filter_key": "V",
            "filter_name": "V",
            "wave_eff": 553.7155963302753,
            "wave_units": "nm"
        },
        {
            "filter_key": "W1",
            "filter_name": "W1",
            "wave_eff": 261.3713060531025,
            "wave_units": "nm"
        },
        {
            "filter_key": "W2",
            "filter_name": "W2",
            "wave_eff": 207.98754332676123,
            "wave_units": "nm"
        },
        {
            "filter_key": "0.2-2.3",
            "filter_name": "0.2-2.3",
            "wave_eff": 0.5904009449200014,
            "wave_min": 0.539061732318262,
            "wave_max": 6.199209921660012,
            "wave_units": "nm"
        }
    ],
    "reference_alias": [
        {
            "name": "2021ApJS..252...32J",
            "human_readable_name": "Jiang, Ning et al. (2021)"
        },
        {
            "name": "2022ApJS..258...21W",
            "human_readable_name": "Wang, Yibo et al. (2022)"
        },
        {
            "name": "2024ApJ...961..211M",
            "human_readable_name": "Masterson, Megan et al. (2024)"
        }
    ]
}