{
    "_key": "884698",
    "_id": "transients/884698",
    "_rev": "_j6Y9OJi---",
    "name": {
        "alias": [
            {
                "value": "WTP16aaqrcr",
                "reference": [
                    "2024ApJ...961..211M"
                ]
            }
        ],
        "default_name": "WTP16aaqrcr"
    },
    "coordinate": [
        {
            "ra": 280.829573,
            "dec": -62.112048,
            "ra_units": "deg",
            "dec_units": "deg",
            "reference": [
                "2024ApJ...961..211M"
            ],
            "coordinate_type": "equatorial"
        }
    ],
    "distance": [
        {
            "value": 0.01509,
            "reference": [
                "2024ApJ...961..211M"
            ],
            "distance_type": "redshift"
        },
        {
            "value": 65,
            "reference": [
                "2024ApJ...961..211M"
            ],
            "unit": "Mpc",
            "distance_type": "luminosity"
        }
    ],
    "date_reference": [
        {
            "value": 57429,
            "reference": [
                "2024ApJ...961..211M"
            ],
            "date_format": "mjd",
            "date_type": "explosion"
        }
    ],
    "classification": {
        "spec_classed": 3,
        "unambiguous": true,
        "value": [
            {
                "object_class": "TDE",
                "confidence": 3.3,
                "reference": [
                    "2024ApJ...961..211M"
                ]
            }
        ],
        "discovery_method": "uvoir"
    },
    "photometry": [
        {
            "date": [
                2018.2305750237515,
                2018.41406787312,
                2018.5630814658216,
                2018.7505336752645,
                2018.8475806427784,
                2019.2440439259385,
                2019.3813718655847,
                2019.5464212738589,
                2019.6969730319404,
                2019.8235576094637,
                2019.8739969980973,
                2020.20291378137,
                2020.425694958644,
                2020.5822160038665,
                2020.806182355932,
                2020.8739594659712,
                2021.252332201482,
                2021.379988524712,
                2021.5477673271175,
                2021.716522749709,
                2021.828649092128,
                2021.8931908389145,
                2022.2432361418228,
                2022.365002960436,
                2022.5344902685624,
                2022.6843464022036,
                2022.8060392023267,
                2023.230568270936,
                2023.3075199049988,
                2023.2719740402715,
                2014.4443028184417,
                2014.5868909158185,
                2014.7231992007305,
                2014.8661733438016,
                2015.1999578778791,
                2015.4005606391709,
                2015.4735981397323,
                2015.6259307510472,
                2015.808879844028,
                2016.225314378004,
                2016.466530177644,
                2016.660389768499,
                2016.807572140442,
                2017.2436496399407,
                2017.3912302917656,
                2017.5617743275616,
                2017.732268091403,
                2018.2443992246397,
                2018.3406057120435,
                2018.618763833584,
                2018.7076118456691
            ],
            "date_format": [
                "decimalyear",
                "decimalyear",
                "decimalyear",
                "decimalyear",
                "decimalyear",
                "decimalyear",
                "decimalyear",
                "decimalyear",
                "decimalyear",
                "decimalyear",
                "decimalyear",
                "decimalyear",
                "decimalyear",
                "decimalyear",
                "decimalyear",
                "decimalyear",
                "decimalyear",
                "decimalyear",
                "decimalyear",
                "decimalyear",
                "decimalyear",
                "decimalyear",
                "decimalyear",
                "decimalyear",
                "decimalyear",
                "decimalyear",
                "decimalyear",
                "decimalyear",
                "decimalyear",
                "decimalyear",
                "decimalyear",
                "decimalyear",
                "decimalyear",
                "decimalyear",
                "decimalyear",
                "decimalyear",
                "decimalyear",
                "decimalyear",
                "decimalyear",
                "decimalyear",
                "decimalyear",
                "decimalyear",
                "decimalyear",
                "decimalyear",
                "decimalyear",
                "decimalyear",
                "decimalyear",
                "decimalyear",
                "decimalyear",
                "decimalyear",
                "decimalyear"
            ],
            "filter_key": [
                "g",
                "g",
                "g",
                "g",
                "g",
                "g",
                "g",
                "g",
                "g",
                "g",
                "g",
                "g",
                "g",
                "g",
                "g",
                "g",
                "g",
                "g",
                "g",
                "g",
                "g",
                "g",
                "g",
                "g",
                "g",
                "g",
                "g",
                "g",
                "g",
                "g",
                "V",
                "V",
                "V",
                "V",
                "V",
                "V",
                "V",
                "V",
                "V",
                "V",
                "V",
                "V",
                "V",
                "V",
                "V",
                "V",
                "V",
                "V",
                "V",
                "V",
                "V"
            ],
            "raw": [
                0.02061794718991089,
                0.02773142027269446,
                0.027122390989256465,
                0.02930144773404894,
                0.043798082813138337,
                0.025361476313217206,
                0.01876877958832572,
                0.02435622578448795,
                0.023026427636099973,
                0.03801542306071029,
                0.5646,
                0.04712339720791515,
                0.035812828735424254,
                0.028814757442446663,
                0.03516053098235619,
                0.11742457159249371,
                0.029191611525334768,
                0.01795799854433562,
                0.029360807272580374,
                0.02703557701557192,
                0.08319675594865489,
                0.48120000000000007,
                0.03481515679149738,
                0.01389456374056107,
                0.023774639686484553,
                0.028443077747730753,
                0.028255198884640353,
                0.020122380742108738,
                0.042895621104174594,
                1.9215,
                0.08253498947274501,
                0.0752318916149205,
                0.07602955447747328,
                0.41467436338439967,
                0.05767661527399622,
                0.08735197795162697,
                0.06880358359860272,
                0.06492103820817338,
                0.08393280940431125,
                0.0872859695070593,
                0.059965473954577346,
                0.04870660647592341,
                0.09643378131001946,
                0.10059232074421065,
                0.09037637447442318,
                0.0847648674014192,
                0.05007625628660772,
                0.102618584301734,
                0.2967,
                0.045394058224907274,
                0.26111997564533584
            ],
            "raw_err": [
                0,
                0,
                0,
                0,
                0,
                0,
                0,
                0,
                0,
                0,
                0,
                0,
                0,
                0,
                0,
                0,
                0,
                0,
                0,
                0,
                0,
                0,
                0,
                0,
                0,
                0,
                0,
                0,
                0,
                0,
                0,
                0,
                0,
                0,
                0,
                0,
                0,
                0,
                0,
                0,
                0,
                0,
                0,
                0,
                0,
                0,
                0,
                0,
                0,
                0,
                0
            ],
            "raw_units": [
                "mJy",
                "mJy",
                "mJy",
                "mJy",
                "mJy",
                "mJy",
                "mJy",
                "mJy",
                "mJy",
                "mJy",
                "mJy",
                "mJy",
                "mJy",
                "mJy",
                "mJy",
                "mJy",
                "mJy",
                "mJy",
                "mJy",
                "mJy",
                "mJy",
                "mJy",
                "mJy",
                "mJy",
                "mJy",
                "mJy",
                "mJy",
                "mJy",
                "mJy",
                "mJy",
                "mJy",
                "mJy",
                "mJy",
                "mJy",
                "mJy",
                "mJy",
                "mJy",
                "mJy",
                "mJy",
                "mJy",
                "mJy",
                "mJy",
                "mJy",
                "mJy",
                "mJy",
                "mJy",
                "mJy",
                "mJy",
                "mJy",
                "mJy",
                "mJy"
            ],
            "telescope": "ASASSN",
            "upperlimit": [
                true,
                true,
                true,
                true,
                true,
                true,
                true,
                true,
                true,
                true,
                true,
                true,
                true,
                true,
                true,
                true,
                true,
                true,
                true,
                true,
                true,
                true,
                true,
                true,
                true,
                true,
                true,
                true,
                true,
                true,
                true,
                true,
                true,
                true,
                true,
                true,
                true,
                true,
                true,
                true,
                true,
                true,
                true,
                true,
                true,
                true,
                true,
                true,
                true,
                true,
                true
            ],
            "corr_k": false,
            "corr_s": false,
            "corr_host": true,
            "corr_av": false,
            "corr_hostav": false,
            "val_host": [
                8.370999999999999,
                8.370999999999999,
                8.370999999999999,
                8.370999999999999,
                8.370999999999999,
                8.370999999999999,
                8.370999999999999,
                8.370999999999999,
                8.370999999999999,
                8.370999999999999,
                8.370999999999999,
                8.370999999999999,
                8.370999999999999,
                8.370999999999999,
                8.370999999999999,
                8.370999999999999,
                8.370999999999999,
                8.370999999999999,
                8.370999999999999,
                8.370999999999999,
                8.370999999999999,
                8.370999999999999,
                8.370999999999999,
                8.370999999999999,
                8.370999999999999,
                8.370999999999999,
                8.370999999999999,
                8.370999999999999,
                8.370999999999999,
                8.370999999999999,
                13.389,
                13.389,
                13.389,
                13.389,
                13.389,
                13.389,
                13.389,
                13.389,
                13.389,
                13.389,
                13.389,
                13.389,
                13.389,
                13.389,
                13.389,
                13.389,
                13.389,
                13.389,
                13.389,
                13.389,
                13.389
            ],
            "obs_type": "uvoir",
            "reference": [
                "2024ApJ...961..211M"
            ]
        },
        {
            "date": [
                55282.19616838,
                55464.45439038,
                56746.871574100005,
                56926.443922365,
                57108.78364547501,
                57286.94960142,
                57475.206196925,
                57647.243592685,
                57840.116064845,
                58007.808057665,
                58204.295680825,
                58368.23728346,
                58569.88075201,
                58733.69872063,
                58935.602858785,
                59099.49781276,
                59303.284132285,
                59467.287675695,
                59665.35856029501,
                59829.27797129,
                55282.19616838,
                55464.45439038,
                56746.871574100005,
                56926.37815231,
                57108.849224525,
                57286.94960142,
                57475.20626059,
                57647.243592685,
                57840.116064845,
                58007.74254237,
                58204.295680825,
                58368.30279878,
                58569.88075201,
                58733.829623865,
                58935.602858785,
                59099.56320068,
                59303.28406860501,
                59467.287675695,
                59665.35856029501,
                59829.27803494501
            ],
            "date_format": [
                "mjd",
                "mjd",
                "mjd",
                "mjd",
                "mjd",
                "mjd",
                "mjd",
                "mjd",
                "mjd",
                "mjd",
                "mjd",
                "mjd",
                "mjd",
                "mjd",
                "mjd",
                "mjd",
                "mjd",
                "mjd",
                "mjd",
                "mjd",
                "mjd",
                "mjd",
                "mjd",
                "mjd",
                "mjd",
                "mjd",
                "mjd",
                "mjd",
                "mjd",
                "mjd",
                "mjd",
                "mjd",
                "mjd",
                "mjd",
                "mjd",
                "mjd",
                "mjd",
                "mjd",
                "mjd",
                "mjd"
            ],
            "filter_key": [
                "W1",
                "W1",
                "W1",
                "W1",
                "W1",
                "W1",
                "W1",
                "W1",
                "W1",
                "W1",
                "W1",
                "W1",
                "W1",
                "W1",
                "W1",
                "W1",
                "W1",
                "W1",
                "W1",
                "W1",
                "W2",
                "W2",
                "W2",
                "W2",
                "W2",
                "W2",
                "W2",
                "W2",
                "W2",
                "W2",
                "W2",
                "W2",
                "W2",
                "W2",
                "W2",
                "W2",
                "W2",
                "W2",
                "W2",
                "W2"
            ],
            "raw": [
                0.020651675031515097,
                0.01931506201105497,
                0.023063833868853814,
                0.025431263292840955,
                0.031201394109908548,
                0.02416726696372746,
                1.8094542099609376,
                4.830795556640625,
                4.1252444501953125,
                4.582397276367187,
                2.5229715717773438,
                1.72540409765625,
                0.49428774609375,
                0.6864376157226563,
                0.247788559753418,
                0.2723038547973633,
                0.03056359083677814,
                0.2563744370727539,
                0.02966051605605984,
                0.3088373713989258,
                0.1515369655761718,
                0.029595925743358592,
                0.040672019622253405,
                0.0435977026968498,
                0.04994509731606672,
                0.04242785831101227,
                2.2986735078125,
                7.4609541875,
                7.1038049218750015,
                6.8555047812500005,
                5.167275734375001,
                3.3225861484375003,
                1.85946428515625,
                1.47929355859375,
                1.0684730703125,
                0.73070991796875,
                0.6740988222656251,
                0.52940121875,
                0.5183068828125,
                0.5040208046875001
            ],
            "raw_err": [
                0,
                0,
                0,
                0,
                0,
                0,
                0.0328408551640212,
                0.2334747284125369,
                0.1702583561652625,
                0.2101131991023226,
                0.0637290409987781,
                0.029872957431793,
                0.0025041604014362,
                0.0047888382911873,
                0.0006984931268009,
                0.0008472448792752,
                0,
                0.0007474123746708,
                0,
                0.0010518481192997,
                0.0003452039554291,
                0,
                0,
                0,
                0,
                0,
                0.0531102640617806,
                0.5569948274187869,
                0.5050012595230842,
                0.4705889079427307,
                0.2672886163253197,
                0.1107586082320843,
                0.0347637228415323,
                0.022117000033402,
                0.0117200814627444,
                0.0056541696387628,
                0.0048595651625927,
                0.0031298524397731,
                0.0029524240428391,
                0.0028861789136244
            ],
            "raw_units": [
                "mJy",
                "mJy",
                "mJy",
                "mJy",
                "mJy",
                "mJy",
                "mJy",
                "mJy",
                "mJy",
                "mJy",
                "mJy",
                "mJy",
                "mJy",
                "mJy",
                "mJy",
                "mJy",
                "mJy",
                "mJy",
                "mJy",
                "mJy",
                "mJy",
                "mJy",
                "mJy",
                "mJy",
                "mJy",
                "mJy",
                "mJy",
                "mJy",
                "mJy",
                "mJy",
                "mJy",
                "mJy",
                "mJy",
                "mJy",
                "mJy",
                "mJy",
                "mJy",
                "mJy",
                "mJy",
                "mJy"
            ],
            "telescope": "WISE",
            "upperlimit": [
                true,
                true,
                true,
                true,
                true,
                true,
                false,
                false,
                false,
                false,
                false,
                false,
                false,
                false,
                false,
                false,
                true,
                false,
                true,
                false,
                false,
                true,
                true,
                true,
                true,
                true,
                false,
                false,
                false,
                false,
                false,
                false,
                false,
                false,
                false,
                false,
                false,
                false,
                false,
                false
            ],
            "corr_k": false,
            "corr_s": false,
            "corr_host": true,
            "corr_av": false,
            "corr_hostav": false,
            "val_host": [
                13.891617644531252,
                13.891617644531252,
                13.891617644531252,
                13.891617644531252,
                13.891617644531252,
                13.891617644531252,
                13.891617644531252,
                13.891617644531252,
                13.891617644531252,
                13.891617644531252,
                13.891617644531252,
                13.891617644531252,
                13.891617644531252,
                13.891617644531252,
                13.891617644531252,
                13.891617644531252,
                13.891617644531252,
                13.891617644531252,
                13.891617644531252,
                13.891617644531252,
                8.702436078125,
                8.702436078125,
                8.702436078125,
                8.702436078125,
                8.702436078125,
                8.702436078125,
                8.702436078125,
                8.702436078125,
                8.702436078125,
                8.702436078125,
                8.702436078125,
                8.702436078125,
                8.702436078125,
                8.702436078125,
                8.702436078125,
                8.702436078125,
                8.702436078125,
                8.702436078125,
                8.702436078125,
                8.702436078125
            ],
            "obs_type": "uvoir",
            "reference": [
                "2024ApJ...961..211M"
            ]
        },
        {
            "date": [
                58976.5288702998,
                59083.7455127407,
                59262.2781293958,
                59264.9304909294,
                59365.625633625
            ],
            "date_format": [
                "mjd",
                "mjd",
                "mjd",
                "mjd",
                "mjd"
            ],
            "filter_key": [
                "0.3-10 ",
                "0.3-10 ",
                "0.3-10 ",
                "0.3-10 ",
                "0.3-10 "
            ],
            "raw": [
                1.069705e-11,
                1.8331250000000002e-12,
                4.5927e-12,
                1.01192e-12,
                1.52859e-12
            ],
            "raw_err": [
                0,
                0,
                0,
                0,
                0
            ],
            "raw_units": [
                "erg/s/cm^2",
                "erg/s/cm^2",
                "erg/s/cm^2",
                "erg/s/cm^2",
                "erg/s/cm^2"
            ],
            "telescope": "Swift",
            "upperlimit": [
                true,
                true,
                true,
                true,
                true
            ],
            "corr_k": false,
            "corr_s": false,
            "corr_host": false,
            "corr_av": false,
            "corr_hostav": false,
            "obs_type": "xray",
            "xray_model": [
                {
                    "model_name": "Powerlaw",
                    "param_names": [
                        "Gamma"
                    ],
                    "param_values": [
                        2
                    ],
                    "param_units": [
                        "None"
                    ],
                    "min_energy": 0.3,
                    "max_energy": 10,
                    "energy_units": "keV",
                    "model_reference": "2024ApJ...961..211M"
                },
                {
                    "model_name": "Powerlaw",
                    "param_names": [
                        "Gamma"
                    ],
                    "param_values": [
                        2
                    ],
                    "param_units": [
                        "None"
                    ],
                    "min_energy": 0.3,
                    "max_energy": 10,
                    "energy_units": "keV",
                    "model_reference": "2024ApJ...961..211M"
                },
                {
                    "model_name": "Powerlaw",
                    "param_names": [
                        "Gamma"
                    ],
                    "param_values": [
                        2
                    ],
                    "param_units": [
                        "None"
                    ],
                    "min_energy": 0.3,
                    "max_energy": 10,
                    "energy_units": "keV",
                    "model_reference": "2024ApJ...961..211M"
                },
                {
                    "model_name": "Powerlaw",
                    "param_names": [
                        "Gamma"
                    ],
                    "param_values": [
                        2
                    ],
                    "param_units": [
                        "None"
                    ],
                    "min_energy": 0.3,
                    "max_energy": 10,
                    "energy_units": "keV",
                    "model_reference": "2024ApJ...961..211M"
                },
                {
                    "model_name": "Powerlaw",
                    "param_names": [
                        "Gamma"
                    ],
                    "param_values": [
                        2
                    ],
                    "param_units": [
                        "None"
                    ],
                    "min_energy": 0.3,
                    "max_energy": 10,
                    "energy_units": "keV",
                    "model_reference": "2024ApJ...961..211M"
                }
            ],
            "reference": [
                "2024ApJ...961..211M"
            ],
            "raw_err_detail": {
                "upper": [
                    0,
                    0,
                    0,
                    0,
                    0
                ],
                "lower": [
                    0,
                    0,
                    0,
                    0,
                    0
                ]
            }
        },
        {
            "date": [
                2020.263709965088,
                2020.774768170664,
                2021.255414478691,
                2021.7619367072552
            ],
            "date_format": [
                "decimalyear",
                "decimalyear",
                "decimalyear",
                "decimalyear"
            ],
            "filter_key": [
                "0.2-2.3",
                "0.2-2.3",
                "0.2-2.3",
                "0.2-2.3"
            ],
            "raw": [
                1.0563153337602793e-13,
                7.373548121383883e-14,
                1.1223701618720618e-13,
                8.071002291974517e-14
            ],
            "raw_err": [
                0,
                0,
                0,
                0
            ],
            "raw_units": [
                "erg/s/cm^2",
                "erg/s/cm^2",
                "erg/s/cm^2",
                "erg/s/cm^2"
            ],
            "telescope": "eROSITA",
            "upperlimit": [
                true,
                true,
                true,
                true
            ],
            "corr_k": false,
            "corr_s": false,
            "corr_host": false,
            "corr_av": false,
            "corr_hostav": false,
            "obs_type": "xray",
            "xray_model": [
                {
                    "model_name": "Absorbed Powerlaw",
                    "param_names": [
                        "Gamma",
                        "N_H"
                    ],
                    "param_values": [
                        2,
                        3e+20
                    ],
                    "param_units": [
                        "None",
                        "cm^-2"
                    ],
                    "min_energy": 0.2,
                    "max_energy": 2.3,
                    "energy_units": "keV",
                    "model_reference": "2024ApJ...961..211M"
                },
                {
                    "model_name": "Absorbed Powerlaw",
                    "param_names": [
                        "Gamma",
                        "N_H"
                    ],
                    "param_values": [
                        2,
                        3e+20
                    ],
                    "param_units": [
                        "None",
                        "cm^-2"
                    ],
                    "min_energy": 0.2,
                    "max_energy": 2.3,
                    "energy_units": "keV",
                    "model_reference": "2024ApJ...961..211M"
                },
                {
                    "model_name": "Absorbed Powerlaw",
                    "param_names": [
                        "Gamma",
                        "N_H"
                    ],
                    "param_values": [
                        2,
                        3e+20
                    ],
                    "param_units": [
                        "None",
                        "cm^-2"
                    ],
                    "min_energy": 0.2,
                    "max_energy": 2.3,
                    "energy_units": "keV",
                    "model_reference": "2024ApJ...961..211M"
                },
                {
                    "model_name": "Absorbed Powerlaw",
                    "param_names": [
                        "Gamma",
                        "N_H"
                    ],
                    "param_values": [
                        2,
                        3e+20
                    ],
                    "param_units": [
                        "None",
                        "cm^-2"
                    ],
                    "min_energy": 0.2,
                    "max_energy": 2.3,
                    "energy_units": "keV",
                    "model_reference": "2024ApJ...961..211M"
                }
            ],
            "reference": [
                "2024ApJ...961..211M"
            ]
        }
    ],
    "filter_alias": [
        {
            "filter_key": "g",
            "filter_name": "g",
            "wave_eff": 471.8872246248687,
            "wave_units": "nm"
        },
        {
            "filter_key": "V",
            "filter_name": "V",
            "wave_eff": 553.7155963302753,
            "wave_units": "nm"
        },
        {
            "filter_key": "W1",
            "filter_name": "W1",
            "wave_eff": 261.3713060531025,
            "wave_units": "nm"
        },
        {
            "filter_key": "W2",
            "filter_name": "W2",
            "wave_eff": 207.98754332676123,
            "wave_units": "nm"
        },
        {
            "filter_key": "0.3-10 ",
            "filter_name": "0.3-10 ",
            "wave_eff": 0.12781876127134048,
            "wave_min": 0.12398419843320027,
            "wave_max": 4.132806614440009,
            "wave_units": "nm"
        },
        {
            "filter_key": "0.2-2.3",
            "filter_name": "0.2-2.3",
            "wave_eff": 0.5904009449200014,
            "wave_min": 0.539061732318262,
            "wave_max": 6.199209921660012,
            "wave_units": "nm"
        }
    ],
    "reference_alias": [
        {
            "name": "2024ApJ...961..211M",
            "human_readable_name": "Masterson, Megan et al. (2024)"
        }
    ]
}