{
    "_key": "7536190",
    "_id": "transients/7536190",
    "_rev": "_kk4VXdC---",
    "classification": {
        "discovery_method": "optical",
        "spec_classed": 3,
        "unambiguous": true,
        "value": [
            {
                "object_class": "TDE",
                "confidence": 3.3,
                "reference": [
                    "2016TNSTR.480....1D",
                    "2017IAUS..324..127W",
                    "2018MNRAS.481..307K",
                    "2023PASP..135c4101G"
                ],
                "default": true
            }
        ]
    },
    "name": {
        "alias": [
            {
                "value": "GNTJ145301.70+422127.82",
                "reference": [
                    "2016TNSTR.481....1D"
                ]
            },
            {
                "value": "Gaia 16ajq",
                "reference": [
                    "2023PASP..135c4101G"
                ]
            }
        ],
        "default_name": "Gaia 16ajq"
    },
    "coordinate": [
        {
            "ra": "14:53:01.700",
            "dec": "+42:21:27.70",
            "ra_units": "hour",
            "dec_units": "degree",
            "coordinate_type": "equatorial",
            "default": false,
            "reference": [
                "2016TNSTR.481....1D"
            ]
        },
        {
            "ra": "223.2583333333333",
            "dec": "42.35777777777778",
            "ra_units": "deg",
            "dec_units": "deg",
            "coordinate_type": "equatorial",
            "default": true,
            "reference": [
                "2016TNSTR.480....1D",
                "2017IAUS..324..127W",
                "2023PASP..135c4101G"
            ]
        }
    ],
    "host": [
        {
            "host_ra": "223.2583333333333",
            "host_dec": "42.35777777777778",
            "host_ra_units": "deg",
            "host_dec_units": "deg",
            "host_name": "SDSS J145301.70+422127.8",
            "reference": [
                "2016TNSTR.480....1D",
                "2017IAUS..324..127W",
                "2023PASP..135c4101G"
            ],
            "default": true
        },
        {
            "host_name": "SDSSJ145301.70+422127.82",
            "reference": [
                "2018MNRAS.481..307K"
            ],
            "default": false
        }
    ],
    "reference_alias": [
        {
            "name": "2023PASP..135c4101G",
            "human_readable_name": "Goldtooth, Aaron et al. (2023)"
        },
        {
            "name": "2016TNSTR.480....1D",
            "human_readable_name": "Delgado, A. et al. (2016)"
        },
        {
            "name": "2017IAUS..324..127W",
            "human_readable_name": "Wyrzykowski, \u0141ukasz et al. (2017)"
        },
        {
            "name": "2016TNSTR.481....1D",
            "human_readable_name": "Delgado, A. et al. (2016)"
        },
        {
            "name": "2018MNRAS.481..307K",
            "human_readable_name": "Kostrzewa-Rutkowska, Z. et al. (2018)"
        }
    ],
    "date_reference": [
        {
            "value": "2016-03-29 ",
            "date_format": "iso",
            "date_type": "discovery",
            "reference": [
                "2016TNSTR.480....1D",
                "2017IAUS..324..127W",
                "2023PASP..135c4101G"
            ],
            "default": true
        },
        {
            "value": "2457477.111",
            "date_format": "jd",
            "date_type": "discovery",
            "reference": [
                "2016TNSTR.481....1D"
            ],
            "default": false
        }
    ],
    "distance": [
        {
            "value": "0.28",
            "reference": [
                "2023PASP..135c4101G",
                "2016TNSTR.480....1D",
                "2017IAUS..324..127W"
            ],
            "computed": false,
            "default": true,
            "distance_type": "redshift"
        }
    ],
    "schema_version": {
        "comments": "From Goldtooth et al. (2023)",
        "value": 0
    },
    "filter_alias": [
        {
            "filter_key": "G",
            "filter_name": "G",
            "freq_eff": 512388.6629,
            "freq_units": "GHz"
        }
    ],
    "photometry": [
        {
            "reference": "2018MNRAS.481..307K",
            "raw": [
                20.07,
                20.09,
                20.08,
                20.08,
                19.96,
                20.04,
                20.04,
                20.03,
                20.1,
                20.13,
                20.14,
                20.07,
                20.08,
                20.07,
                20.1,
                20.09,
                20.03,
                20.01,
                19.78,
                19.52,
                19.38,
                19.1,
                19.06,
                19.05,
                18.9,
                19.13,
                19.31,
                19.44,
                19.4,
                19.31,
                19.02,
                19.03,
                18.86,
                18.9,
                19.08,
                19.13,
                19.27,
                19.1,
                19.12,
                18.99,
                19.05,
                18.94,
                18.96,
                18.98,
                19.31,
                19.28,
                19.36,
                19.41,
                19.5,
                19.47,
                19.5,
                19.56,
                19.52
            ],
            "raw_err": [
                0.05,
                0.05,
                0.08,
                0.2,
                0.13,
                0.08,
                0.09,
                0.01,
                0.1,
                0.1,
                0.1,
                0.11,
                0.1,
                0.09,
                0.03,
                0.13,
                0.07,
                0.1,
                0.02,
                0.05,
                0.05,
                0.03,
                0.03,
                0.06,
                0.04,
                0.05,
                0.06,
                0.12,
                0.03,
                0.05,
                0.04,
                0.11,
                0.05,
                0.04,
                0.03,
                0.05,
                0.09,
                0.03,
                0.07,
                0.04,
                0.07,
                0.06,
                0.04,
                0.01,
                0.03,
                0.1,
                0.04,
                0.03,
                0.08,
                0.02,
                0.02,
                0.03,
                0.12
            ],
            "raw_units": "vega",
            "date": [
                2456941.98,
                2456942.15,
                2456942.23,
                2456942.4,
                2456963.91,
                2456964.23,
                2457035.88,
                2457035.95,
                2457060.12,
                2457099.82,
                2457099.89,
                2457113.15,
                2457156.76,
                2457156.84,
                2457174.77,
                2457174.84,
                2457344.71,
                2457344.78,
                2457381.51,
                2457435.91,
                2457435.99,
                2457477.11,
                2457477.18,
                2457489.69,
                2457553.63,
                2457590.1,
                2457626.01,
                2457626.09,
                2457651.59,
                2457651.77,
                2457699.75,
                2457699.83,
                2457724.75,
                2457724.83,
                2457757.99,
                2457758.06,
                2457792.53,
                2457811.76,
                2457854.03,
                2457866.71,
                2457866.78,
                2457932.73,
                2457967.38,
                2457967.46,
                2458006.87,
                2458007.12,
                2458030.37,
                2458030.45,
                2458077.36,
                2458104.35,
                2458104.43,
                2458134.16,
                2458134.34
            ],
            "date_format": [
                "jd",
                "jd",
                "jd",
                "jd",
                "jd",
                "jd",
                "jd",
                "jd",
                "jd",
                "jd",
                "jd",
                "jd",
                "jd",
                "jd",
                "jd",
                "jd",
                "jd",
                "jd",
                "jd",
                "jd",
                "jd",
                "jd",
                "jd",
                "jd",
                "jd",
                "jd",
                "jd",
                "jd",
                "jd",
                "jd",
                "jd",
                "jd",
                "jd",
                "jd",
                "jd",
                "jd",
                "jd",
                "jd",
                "jd",
                "jd",
                "jd",
                "jd",
                "jd",
                "jd",
                "jd",
                "jd",
                "jd",
                "jd",
                "jd",
                "jd",
                "jd",
                "jd",
                "jd"
            ],
            "upperlimit": [
                false,
                false,
                false,
                false,
                false,
                false,
                false,
                false,
                false,
                false,
                false,
                false,
                false,
                false,
                false,
                false,
                false,
                false,
                false,
                false,
                false,
                false,
                false,
                false,
                false,
                false,
                false,
                false,
                false,
                false,
                false,
                false,
                false,
                false,
                false,
                false,
                false,
                false,
                false,
                false,
                false,
                false,
                false,
                false,
                false,
                false,
                false,
                false,
                false,
                false,
                false,
                false,
                false
            ],
            "filter_key": [
                "G",
                "G",
                "G",
                "G",
                "G",
                "G",
                "G",
                "G",
                "G",
                "G",
                "G",
                "G",
                "G",
                "G",
                "G",
                "G",
                "G",
                "G",
                "G",
                "G",
                "G",
                "G",
                "G",
                "G",
                "G",
                "G",
                "G",
                "G",
                "G",
                "G",
                "G",
                "G",
                "G",
                "G",
                "G",
                "G",
                "G",
                "G",
                "G",
                "G",
                "G",
                "G",
                "G",
                "G",
                "G",
                "G",
                "G",
                "G",
                "G",
                "G",
                "G",
                "G",
                "G"
            ],
            "obs_type": "uvoir",
            "telescope": "gaia",
            "corr_k": false,
            "corr_s": false,
            "corr_host": false,
            "corr_av": false,
            "corr_hostav": false
        }
    ]
}