{
    "_key": "7535993",
    "_id": "transients/7535993",
    "_rev": "_kk4VIjq---",
    "classification": {
        "discovery_method": "xray",
        "spec_classed": 1,
        "unambiguous": true,
        "value": [
            {
                "object_class": "TDE",
                "confidence": 3.1,
                "reference": [
                    "2011ATel.3463....1K",
                    "2015MNRAS.452.4297B",
                    "2017ApJ...835...64G",
                    "2017ApJ...838..149A",
                    "2017MNRAS.472.4469B",
                    "2023PASP..135c4101G"
                ],
                "default": true
            }
        ]
    },
    "name": {
        "alias": [
            {
                "value": "Swift J1112.2-8238",
                "reference": [
                    "2017ApJ...838..149A",
                    "2017ApJ...835...64G"
                ]
            },
            {
                "value": "Swift J1112-82",
                "reference": [
                    "2017ApJ...838..149A",
                    "2017ApJ...835...64G",
                    "2023PASP..135c4101G"
                ]
            },
            {
                "value": "Sw J1112-82",
                "reference": [
                    "Swift",
                    "2015MNRAS.452.4297B"
                ]
            }
        ],
        "default_name": "Sw J1112-82"
    },
    "reference_alias": [
        {
            "name": "2017MNRAS.472.4469B",
            "human_readable_name": "Brown et al. (2017)"
        },
        {
            "name": "2017ApJ...838..149A",
            "human_readable_name": "Auchettl, Guillochon, & Ramirez-Ruiz (2017)"
        },
        {
            "name": "2016A&A...594A..13P",
            "human_readable_name": "Planck Collaboration et al. (2016)"
        },
        {
            "name": "2015arXiv150703582B",
            "human_readable_name": "Brown et al. (2015)"
        },
        {
            "name": "2011ApJ...737..103S",
            "human_readable_name": "Schlafly & Finkbeiner (2011)"
        },
        {
            "name": "2017ApJ...835...64G",
            "human_readable_name": "Guillochon et al. (2017)"
        },
        {
            "name": "2023PASP..135c4101G",
            "human_readable_name": "Goldtooth, Aaron et al. (2023)"
        },
        {
            "name": "2011ATel.3463....1K",
            "human_readable_name": "Krimm, H. A. et al. (2011)"
        },
        {
            "name": "2015MNRAS.452.4297B",
            "human_readable_name": "Brown, G. C. et al. (2015)"
        }
    ],
    "date_reference": [
        {
            "value": "2011-12-27",
            "date_format": "iso",
            "date_type": "discovery",
            "reference": [
                "2017ApJ...835...64G",
                "2017ApJ...838..149A"
            ],
            "default": false
        },
        {
            "value": "2011-12-27 ",
            "date_format": "iso",
            "date_type": "discovery",
            "reference": [
                "2011ATel.3463....1K",
                "2015MNRAS.452.4297B",
                "2017ApJ...838..149A",
                "2023PASP..135c4101G"
            ],
            "default": true
        },
        {
            "value": "55729.5",
            "date_format": "mjd",
            "date_type": "discovery",
            "reference": [
                "2017MNRAS.472.4469B"
            ],
            "default": false
        },
        {
            "value": "55731",
            "date_format": "mjd",
            "date_type": "discovery",
            "reference": [
                "2015MNRAS.452.4297B"
            ],
            "default": false
        }
    ],
    "photometry": [
        {
            "reference": [
                "2017MNRAS.472.4469B"
            ],
            "raw": [
                0.076,
                0.07
            ],
            "raw_units": [
                "mJy",
                "mJy"
            ],
            "date": [
                57052,
                57521.5
            ],
            "date_format": [
                "mjd",
                "mjd"
            ],
            "filter_key": [
                "5.5GHz",
                "5.5GHz"
            ],
            "computed": [
                false,
                false
            ],
            "obs_type": [
                "radio",
                "radio"
            ],
            "upperlimit": [
                false,
                false
            ],
            "corr_k": false,
            "corr_s": false,
            "corr_av": false,
            "corr_host": false,
            "corr_hostav": false
        },
        {
            "raw": [
                0.0335
            ],
            "raw_units": [
                "ct"
            ],
            "value": [
                3.91e-13
            ],
            "value_units": [
                "ergs/cm^2/s"
            ],
            "filter_key": [
                "0.3 - 2.0"
            ],
            "obs_type": [
                "xray"
            ],
            "date": [
                "48100"
            ],
            "date_format": "MJD",
            "upperlimit": [
                true
            ],
            "telescope": "ROSAT",
            "corr_k": null,
            "corr_av": null,
            "corr_host": null,
            "corr_hostav": null,
            "reference": [
                "2017ApJ...838..149A"
            ],
            "xray_model": [
                {
                    "model_name": "Absorbed Powerlaw",
                    "param_names": [
                        "photonindex",
                        "nhmw"
                    ],
                    "param_values": [
                        "4.5",
                        "0.0909"
                    ],
                    "param_units": [
                        "None",
                        "10^22 cm^-2"
                    ],
                    "min_energy": 0.3,
                    "max_energy": 2,
                    "energy_units": "keV"
                }
            ],
            "corr_s": null
        },
        {
            "raw": [
                0.0681
            ],
            "raw_err": [
                0.00147
            ],
            "raw_units": [
                "ct"
            ],
            "value": [
                7.03e-13
            ],
            "value_units": [
                "ergs/cm^2/s"
            ],
            "filter_key": [
                "0.3 - 2.0"
            ],
            "obs_type": [
                "xray"
            ],
            "date": [
                "55922.7"
            ],
            "date_format": "MJD",
            "upperlimit": [
                false
            ],
            "telescope": "Swift",
            "corr_k": null,
            "corr_av": null,
            "corr_host": null,
            "corr_hostav": null,
            "reference": [
                "2017ApJ...838..149A"
            ],
            "xray_model": [
                {
                    "model_name": "Powerlaw",
                    "param_names": [
                        "photonindex"
                    ],
                    "param_values": [
                        "1.314"
                    ],
                    "param_units": [
                        "None"
                    ],
                    "min_energy": 0.3,
                    "max_energy": 2,
                    "energy_units": "keV"
                }
            ],
            "corr_s": null
        },
        {
            "raw": [
                1.21,
                0.514,
                0.308
            ],
            "raw_units": [
                "ct",
                "ct",
                "ct"
            ],
            "value": [
                6.64e-12,
                8.2e-13,
                1.69e-12
            ],
            "value_units": [
                "ergs/cm^2/s",
                "ergs/cm^2/s",
                "ergs/cm^2/s"
            ],
            "filter_key": [
                "0.3 - 2.0",
                "0.3 - 2.0",
                "0.3 - 2.0"
            ],
            "obs_type": [
                "xray",
                "xray",
                "xray"
            ],
            "date": [
                "54946.4",
                "56140.8",
                "56356.1"
            ],
            "date_format": "MJD",
            "upperlimit": [
                true,
                true,
                true
            ],
            "telescope": "XMM",
            "corr_k": null,
            "corr_av": null,
            "corr_host": null,
            "corr_hostav": null,
            "reference": [
                "2017ApJ...838..149A"
            ],
            "xray_model": [
                {
                    "model_name": "Absorbed Powerlaw",
                    "param_names": [
                        "photonindex",
                        "nhmw"
                    ],
                    "param_values": [
                        "4.5",
                        "0.0909"
                    ],
                    "param_units": [
                        "None",
                        "10^22 cm^-2"
                    ],
                    "min_energy": 0.3,
                    "max_energy": 2,
                    "energy_units": "keV"
                },
                {
                    "model_name": "Absorbed Powerlaw",
                    "param_names": [
                        "photonindex",
                        "nhmw"
                    ],
                    "param_values": [
                        "4.5",
                        "0.0909"
                    ],
                    "param_units": [
                        "None",
                        "10^22 cm^-2"
                    ],
                    "min_energy": 0.3,
                    "max_energy": 2,
                    "energy_units": "keV"
                },
                {
                    "model_name": "Absorbed Powerlaw",
                    "param_names": [
                        "photonindex",
                        "nhmw"
                    ],
                    "param_values": [
                        "4.5",
                        "0.0909"
                    ],
                    "param_units": [
                        "None",
                        "10^22 cm^-2"
                    ],
                    "min_energy": 0.3,
                    "max_energy": 2,
                    "energy_units": "keV"
                }
            ],
            "corr_s": null
        },
        {
            "reference": "2017MNRAS.472.4469B",
            "raw": [
                76,
                70,
                70,
                54
            ],
            "raw_err": [
                15,
                29,
                11,
                0
            ],
            "raw_units": "uJy",
            "date": [
                "57052",
                "57052",
                "57521.5",
                "57521.5"
            ],
            "date_format": [
                "mjd",
                "mjd",
                "mjd",
                "mjd"
            ],
            "upperlimit": [
                false,
                false,
                false,
                true
            ],
            "filter_key": [
                "5.5GHz",
                "9.0GHz",
                "5.5GHz",
                "9.0GHz"
            ],
            "obs_type": "radio",
            "telescope": "ATCA",
            "corr_k": false,
            "corr_s": false,
            "corr_host": false,
            "corr_av": false,
            "corr_hostav": false
        }
    ],
    "distance": [
        {
            "value": "0.89",
            "distance_type": "redshift",
            "reference": [
                "2011ATel.3463....1K",
                "2015MNRAS.452.4297B",
                "2015arXiv150703582B",
                "2017ApJ...838..149A",
                "2017MNRAS.472.4469B",
                "2023PASP..135c4101G"
            ],
            "default": true
        },
        {
            "value": "0.8901",
            "distance_type": "redshift",
            "reference": [
                "2015MNRAS.452.4297B"
            ],
            "default": false
        },
        {
            "value": "3100",
            "distance_type": "comoving",
            "unit": "Mpc",
            "reference": [
                "2015arXiv150703582B",
                "2016A&A...594A..13P",
                "2017ApJ...835...64G",
                "2017ApJ...838..149A"
            ],
            "default": true
        },
        {
            "value": "5900",
            "distance_type": "luminosity",
            "unit": "Mpc",
            "reference": [
                "2015arXiv150703582B",
                "2016A&A...594A..13P",
                "2017ApJ...835...64G",
                "2017ApJ...838..149A"
            ],
            "default": true
        }
    ],
    "coordinate": [
        {
            "ra": "11 11 47.6",
            "dec": "-82 38 44.44",
            "epoch": "J2000",
            "system": "ICRS",
            "ra_units": "hourangle",
            "dec_units": "deg",
            "computed": "False",
            "default": true,
            "uuid": "fdc185c9-4474-46ae-88ea-a624534c2081",
            "coordinate_type": "equatorial",
            "reference": [
                "2017MNRAS.472.4469B"
            ]
        },
        {
            "ra": "11:11:47.32",
            "dec": "-82:38:44.2",
            "ra_units": "hour",
            "dec_units": "degree",
            "default": false,
            "coordinate_type": "equatorial",
            "reference": [
                "2015MNRAS.452.4297B"
            ]
        },
        {
            "ra": "11:11:47.32",
            "dec": "-82:38:44.20",
            "ra_units": "hour",
            "dec_units": "deg",
            "default": false,
            "coordinate_type": "equatorial",
            "reference": [
                "2017ApJ...838..149A"
            ]
        },
        {
            "computed": "True",
            "default": true,
            "coordinate_type": "galactic",
            "l": "299.6337165869646",
            "b": "-20.420594756871676",
            "l_units": "deg",
            "b_units": "deg",
            "reference": [
                "fdc185c9-4474-46ae-88ea-a624534c2081"
            ]
        }
    ],
    "filter_alias": [
        {
            "filter_key": "5.5GHz",
            "filter_name": "C",
            "freq_eff": 5.5,
            "freq_units": "GHz"
        },
        {
            "filter_key": "0.3 - 2.0",
            "wave_eff": 0.7293188143129428,
            "wave_min": 0.6199209921660013,
            "wave_max": 4.132806614440009,
            "wave_units": "nm",
            "filter_name": "0.3 - 2.0"
        },
        {
            "filter_key": "9.0GHz",
            "filter_name": "X",
            "freq_eff": 9,
            "freq_units": "GHz"
        }
    ],
    "schema_version": {
        "comment": "Original Dataset;Copied from tde.space;",
        "comments": "From Goldtooth et al. (2023)",
        "value": 0
    },
    "host": [
        {
            "host_name": "Swift J1112.2-8238",
            "host_ra": 167.95,
            "host_dec": -82.64583333333334,
            "host_ra_units": "deg",
            "host_dec_units": "deg",
            "reference": [
                "2023PASP..135c4101G",
                "2011ATel.3463....1K",
                "2015MNRAS.452.4297B",
                "2017ApJ...838..149A"
            ]
        }
    ]
}