{
    "_key": "7535957",
    "_id": "transients/7535957",
    "_rev": "_kk4VGVa---",
    "name": {
        "alias": [
            {
                "value": "VT J2012",
                "reference": [
                    "2025ApJ...982..163S"
                ]
            }
        ],
        "default_name": "VT J2012"
    },
    "coordinate": [
        {
            "ra": "20h12m29.9s",
            "dec": "\u221217d05m56.3s",
            "ra_units": "hourangle",
            "dec_units": "deg",
            "reference": [
                "2025ApJ...982..163S"
            ],
            "coordinate_type": "equatorial"
        }
    ],
    "distance": [
        {
            "value": 0.053,
            "reference": [
                "2025ApJ...982..163S"
            ],
            "computed": false,
            "distance_type": "redshift"
        }
    ],
    "classification": {
        "value": [
            {
                "object_class": "TDE",
                "confidence": 1,
                "reference": [
                    "2025ApJ...982..163S"
                ]
            }
        ],
        "discovery_method": "radio"
    },
    "schema_version": {
        "comment": "Uploader:Noah Franz | Email:nfranz@arizona.edu"
    },
    "reference_alias": [
        {
            "name": "2025ApJ...982..163S",
            "human_readable_name": "Somalwar, Jean J. et al. (2025)"
        }
    ]
}