{
    "_key": "7536260",
    "_id": "transients/7536260",
    "_rev": "_kk4Vig6---",
    "classification": {
        "discovery_method": "xray",
        "spec_classed": 0,
        "unambiguous": false,
        "value": [
            {
                "object_class": "TDE",
                "confidence": 0,
                "reference": [
                    "2012ApJ...756...27L",
                    "2012ApJ...759L..16H",
                    "2013ApJ...776L..10L",
                    "2017ApJ...835...64G",
                    "2017MNRAS.468..783L",
                    "2023PASP..135c4101G"
                ],
                "default": true
            }
        ]
    },
    "coordinate": [
        {
            "ra": "12:31:03.2",
            "dec": "+11:06:48",
            "ra_units": "hour",
            "dec_units": "deg",
            "reference": [
                "2017arXiv170206956L"
            ],
            "coordinate_type": "equatorial"
        }
    ],
    "distance": [
        {
            "value": "0.118",
            "distance_type": "redshift",
            "reference": [
                "2017arXiv170206956L"
            ],
            "default": false
        },
        {
            "value": "0.11871",
            "distance_type": "redshift",
            "reference": [
                "2012ApJ...756...27L",
                "2012ApJ...759L..16H",
                "2013ApJ...776L..10L",
                "2017MNRAS.468..783L",
                "2023PASP..135c4101G"
            ],
            "default": true
        },
        {
            "value": "508",
            "distance_type": "comoving",
            "unit": "Mpc",
            "reference": [
                "2016A&A...594A..13P",
                "2017ApJ...835...64G",
                "2017arXiv170206956L"
            ],
            "default": true
        },
        {
            "value": "568",
            "distance_type": "luminosity",
            "unit": "Mpc",
            "reference": [
                "2016A&A...594A..13P",
                "2017ApJ...835...64G",
                "2017arXiv170206956L"
            ],
            "default": true
        }
    ],
    "schema_version": {
        "comment": "Copied from tde.space;",
        "comments": "From Goldtooth et al. (2023)",
        "value": 0
    },
    "name": {
        "alias": [
            {
                "value": "XJ1231+1106",
                "reference": [
                    "2017arXiv170206956L"
                ]
            },
            {
                "value": "2XMM J123103.2+110648",
                "reference": [
                    "2017arXiv170206956L",
                    "2023PASP..135c4101G"
                ]
            }
        ],
        "default_name": "2XMM J123103.2+110648"
    },
    "reference_alias": [
        {
            "name": "2017arXiv170206956L",
            "human_readable_name": "Lin et al. (2017)"
        },
        {
            "name": "2016A&A...594A..13P",
            "human_readable_name": "Planck Collaboration et al. (2016)"
        },
        {
            "name": "2011ApJ...737..103S",
            "human_readable_name": "Schlafly & Finkbeiner (2011)"
        },
        {
            "name": "2017ApJ...835...64G",
            "human_readable_name": "Guillochon et al. (2017)"
        },
        {
            "name": "2023PASP..135c4101G",
            "human_readable_name": "Goldtooth, Aaron et al. (2023)"
        },
        {
            "name": "2012ApJ...756...27L",
            "human_readable_name": "Lin, Dacheng et al. (2012)"
        },
        {
            "name": "2013ApJ...776L..10L",
            "human_readable_name": "Lin, Dacheng et al. (2013)"
        },
        {
            "name": "2017MNRAS.468..783L",
            "human_readable_name": "Lin, Dacheng et al. (2017)"
        },
        {
            "name": "2012ApJ...759L..16H",
            "human_readable_name": "Ho, Luis C. et al. (2012)"
        }
    ],
    "date_reference": [
        {
            "value": "2003-07-13 ",
            "date_format": "iso",
            "date_type": "discovery",
            "reference": [
                "2023PASP..135c4101G",
                "2012ApJ...756...27L",
                "2013ApJ...776L..10L",
                "2017MNRAS.468..783L",
                "2012ApJ...759L..16H"
            ],
            "default": true
        }
    ],
    "host": [
        {
            "host_name": "GJ1231+1106",
            "host_ra": 187.7625,
            "host_dec": 11.11351111111111,
            "host_ra_units": "deg",
            "host_dec_units": "deg",
            "reference": [
                "2023PASP..135c4101G",
                "2012ApJ...756...27L",
                "2013ApJ...776L..10L",
                "2017MNRAS.468..783L",
                "2012ApJ...759L..16H"
            ]
        }
    ]
}