{
    "_key": "7536238",
    "_id": "transients/7536238",
    "_rev": "_kk4Ve1m---",
    "schema_version": {
        "comments": "From Goldtooth et al. (2023)",
        "value": 0
    },
    "name": {
        "alias": [
            {
                "value": "SRGE J144738.4+671821",
                "reference": [
                    "2023PASP..135c4101G"
                ]
            }
        ],
        "default_name": "SRGE J144738.4+671821"
    },
    "classification": {
        "discovery_method": "xray",
        "spec_classed": 0,
        "unambiguous": false,
        "value": [
            {
                "object_class": "TDE",
                "confidence": 0,
                "reference": [
                    "2023PASP..135c4101G",
                    "2021MNRAS.508.3820S"
                ]
            }
        ]
    },
    "distance": [
        {
            "value": "0.125",
            "reference": [
                "2023PASP..135c4101G",
                "2021MNRAS.508.3820S"
            ],
            "computed": false,
            "default": true,
            "distance_type": "redshift"
        }
    ],
    "coordinate": [
        {
            "ra": 221.91277099999996,
            "dec": 67.305094,
            "ra_units": "deg",
            "dec_units": "deg",
            "coordinate_type": "equatorial",
            "reference": [
                "2023PASP..135c4101G",
                "2021MNRAS.508.3820S"
            ],
            "default": true
        }
    ],
    "date_reference": [
        {
            "value": "2020-11-19 ",
            "date_format": "iso",
            "date_type": "discovery",
            "reference": [
                "2023PASP..135c4101G",
                "2021MNRAS.508.3820S"
            ],
            "default": true
        }
    ],
    "host": [
        {
            "host_name": null,
            "host_ra": 221.91277099999996,
            "host_dec": 67.305094,
            "host_ra_units": "deg",
            "host_dec_units": "deg",
            "reference": [
                "2023PASP..135c4101G",
                "2021MNRAS.508.3820S"
            ]
        }
    ],
    "reference_alias": [
        {
            "name": "2023PASP..135c4101G",
            "human_readable_name": "Goldtooth, Aaron et al. (2023)"
        },
        {
            "name": "2021MNRAS.508.3820S",
            "human_readable_name": "Sazonov, S. et al. (2021)"
        }
    ]
}