{
    "_key": "2450482",
    "_id": "vetting/2450482",
    "_rev": "_j7A4SzW---",
    "name": {
        "default_name": "AT 2019azh",
        "alias": [
            {
                "value": "AT 2019azh",
                "reference": [
                    "2019TNSCR.287....1B"
                ]
            }
        ]
    },
    "coordinate": [
        {
            "ra": "08:13:16.945",
            "dec": "+22:38:54.03",
            "ra_units": "hourangle",
            "dec_units": "deg",
            "reference": [
                "2019TNSCR.287....1B"
            ],
            "coordinate_type": "equatorial"
        }
    ],
    "schema_version": {
        "comment": "Uploader:Sara Faris | Email:sarafaris452@gmail.com"
    },
    "reference_alias": [
        {
            "name": "2019TNSCR.287....1B",
            "human_readable_name": "Barbarino, C. et al. (2019)"
        }
    ]
}