{
    "_key": "7535804",
    "_id": "transients/7535804",
    "_rev": "_kk4U7m----",
    "classification": {
        "discovery_method": "xray",
        "spec_classed": 0,
        "unambiguous": true,
        "value": [
            {
                "object_class": "TDE",
                "confidence": 1,
                "reference": [
                    "2007A&A...462L..49E",
                    "2017ApJ...838..149A",
                    "2017IAUS..324..123S",
                    "2023PASP..135c4101G",
                    "['2013ApJ...763...84B', '2020SSRv..216...81A']"
                ],
                "default": true
            }
        ]
    },
    "name": {
        "alias": [
            {
                "value": "SDSSJ1323+48",
                "reference": [
                    "2017ApJ...838..149A"
                ]
            },
            {
                "value": "SDSS J1323",
                "reference": [
                    "2023PASP..135c4101G"
                ]
            },
            {
                "value": "SDSSJ1323",
                "reference": [
                    "2017ApJ...838..149A"
                ]
            }
        ],
        "default_name": "SDSSJ1323"
    },
    "reference_alias": [
        {
            "name": "2017ApJ...838..149A",
            "human_readable_name": "Auchettl, Guillochon, & Ramirez-Ruiz (2017)"
        },
        {
            "name": "2016A&A...594A..13P",
            "human_readable_name": "Planck Collaboration et al. (2016)"
        },
        {
            "name": "2007A&A...462L..49E",
            "human_readable_name": "Esquej et al. (2007)"
        },
        {
            "name": "2017ApJ...835...64G",
            "human_readable_name": "Guillochon et al. (2017)"
        },
        {
            "name": "2023PASP..135c4101G",
            "human_readable_name": "Goldtooth, Aaron et al. (2023)"
        },
        {
            "name": "2017IAUS..324..123S",
            "human_readable_name": "Saxton, Richard et al. (2017)"
        },
        {
            "name": "2013ApJ...763...84B",
            "human_readable_name": "Bower, Geoffrey C. et al. (2013)"
        },
        {
            "name": "2020SSRv..216...81A",
            "human_readable_name": "Alexander, Kate D. et al. (2020)"
        },
        {
            "name": "2013ApJ...763...84B",
            "human_readable_name": "Bower, Geoffrey C. et al. (2013)"
        }
    ],
    "photometry": [
        {
            "raw": [
                0.0289287
            ],
            "raw_units": [
                "ct"
            ],
            "value": [
                4.16e-13
            ],
            "value_units": [
                "ergs/cm^2/s"
            ],
            "filter_key": [
                "0.3 - 2.0"
            ],
            "obs_type": [
                "xray"
            ],
            "date": [
                "48100"
            ],
            "date_format": "MJD",
            "upperlimit": [
                true
            ],
            "telescope": "ROSAT",
            "corr_k": null,
            "corr_av": null,
            "corr_host": null,
            "corr_hostav": null,
            "reference": [
                "2017ApJ...838..149A"
            ],
            "xray_model": [
                {
                    "model_name": "Absorbed Powerlaw",
                    "param_names": [
                        "photonindex",
                        "nhmw"
                    ],
                    "param_values": [
                        "4.5",
                        "0.01"
                    ],
                    "param_units": [
                        "None",
                        "10^22 cm^-2"
                    ],
                    "min_energy": 0.3,
                    "max_energy": 2,
                    "energy_units": "keV"
                }
            ],
            "corr_s": null
        },
        {
            "raw": [
                0.0228611,
                0.00412274,
                0.00333773,
                0.00194906
            ],
            "raw_units": [
                "ct",
                "ct",
                "ct",
                "ct"
            ],
            "value": [
                5.21e-13,
                9.37e-14,
                7.6e-14,
                3.13e-14
            ],
            "value_units": [
                "ergs/cm^2/s",
                "ergs/cm^2/s",
                "ergs/cm^2/s",
                "ergs/cm^2/s"
            ],
            "filter_key": [
                "0.3 - 2.0",
                "0.3 - 2.0",
                "0.3 - 2.0",
                "0.3 - 2.0"
            ],
            "obs_type": [
                "xray",
                "xray",
                "xray",
                "xray"
            ],
            "date": [
                "54112",
                "54237.9",
                "55596",
                "56595.4"
            ],
            "date_format": "MJD",
            "upperlimit": [
                true,
                true,
                true,
                true
            ],
            "telescope": "Swift",
            "corr_k": null,
            "corr_av": null,
            "corr_host": null,
            "corr_hostav": null,
            "reference": [
                "2017ApJ...838..149A"
            ],
            "xray_model": [
                {
                    "model_name": "Absorbed Powerlaw",
                    "param_names": [
                        "photonindex",
                        "nhmw"
                    ],
                    "param_values": [
                        "4.5",
                        "0.01"
                    ],
                    "param_units": [
                        "None",
                        "10^22 cm^-2"
                    ],
                    "min_energy": 0.3,
                    "max_energy": 2,
                    "energy_units": "keV"
                },
                {
                    "model_name": "Absorbed Powerlaw",
                    "param_names": [
                        "photonindex",
                        "nhmw"
                    ],
                    "param_values": [
                        "4.5",
                        "0.01"
                    ],
                    "param_units": [
                        "None",
                        "10^22 cm^-2"
                    ],
                    "min_energy": 0.3,
                    "max_energy": 2,
                    "energy_units": "keV"
                },
                {
                    "model_name": "Absorbed Powerlaw",
                    "param_names": [
                        "photonindex",
                        "nhmw"
                    ],
                    "param_values": [
                        "4.5",
                        "0.01"
                    ],
                    "param_units": [
                        "None",
                        "10^22 cm^-2"
                    ],
                    "min_energy": 0.3,
                    "max_energy": 2,
                    "energy_units": "keV"
                },
                {
                    "model_name": "Absorbed Powerlaw",
                    "param_names": [
                        "photonindex",
                        "nhmw"
                    ],
                    "param_values": [
                        "4.5",
                        "0.01"
                    ],
                    "param_units": [
                        "None",
                        "10^22 cm^-2"
                    ],
                    "min_energy": 0.3,
                    "max_energy": 2,
                    "energy_units": "keV"
                }
            ],
            "corr_s": null
        },
        {
            "raw": [
                3.13,
                0.39,
                0.0083221,
                1.4
            ],
            "raw_units": [
                "ct",
                "ct",
                "ct",
                "ct"
            ],
            "value": [
                1.03e-11,
                1.28e-12,
                3.75e-15,
                4.61e-12
            ],
            "value_units": [
                "ergs/cm^2/s",
                "ergs/cm^2/s",
                "ergs/cm^2/s",
                "ergs/cm^2/s"
            ],
            "filter_key": [
                "0.3 - 2.0",
                "0.3 - 2.0",
                "0.3 - 2.0",
                "0.3 - 2.0"
            ],
            "obs_type": [
                "xray",
                "xray",
                "xray",
                "xray"
            ],
            "date": [
                "52975",
                "53521.7",
                "53931.1",
                "56479.5"
            ],
            "date_format": "MJD",
            "upperlimit": [
                false,
                false,
                false,
                false
            ],
            "telescope": "XMM",
            "corr_k": null,
            "corr_av": null,
            "corr_host": null,
            "corr_hostav": null,
            "reference": [
                "2017ApJ...838..149A"
            ],
            "xray_model": [
                {
                    "model_name": "Absorbed Powerlaw",
                    "param_names": [
                        "photonindex",
                        "nhmw"
                    ],
                    "param_values": [
                        "4.5",
                        "0.01"
                    ],
                    "param_units": [
                        "None",
                        "10^22 cm^-2"
                    ],
                    "min_energy": 0.3,
                    "max_energy": 2,
                    "energy_units": "keV"
                },
                {
                    "model_name": "Absorbed Powerlaw",
                    "param_names": [
                        "photonindex",
                        "nhmw"
                    ],
                    "param_values": [
                        "4.5",
                        "0.01"
                    ],
                    "param_units": [
                        "None",
                        "10^22 cm^-2"
                    ],
                    "min_energy": 0.3,
                    "max_energy": 2,
                    "energy_units": "keV"
                },
                {
                    "model_name": "Absorbed Powerlaw",
                    "param_names": [
                        "photonindex",
                        "nhmw"
                    ],
                    "param_values": [
                        "4.5",
                        "0.01"
                    ],
                    "param_units": [
                        "None",
                        "10^22 cm^-2"
                    ],
                    "min_energy": 0.3,
                    "max_energy": 2,
                    "energy_units": "keV"
                },
                {
                    "model_name": "Absorbed Powerlaw",
                    "param_names": [
                        "photonindex",
                        "nhmw"
                    ],
                    "param_values": [
                        "4.5",
                        "0.01"
                    ],
                    "param_units": [
                        "None",
                        "10^22 cm^-2"
                    ],
                    "min_energy": 0.3,
                    "max_energy": 2,
                    "energy_units": "keV"
                }
            ],
            "corr_s": null
        },
        {
            "reference": "['2013ApJ...763...84B', '2020SSRv..216...81A']",
            "raw": [
                102
            ],
            "raw_err": [
                0
            ],
            "raw_units": "uJy",
            "date": [
                "56082.301"
            ],
            "date_format": [
                "mjd"
            ],
            "upperlimit": [
                true
            ],
            "filter_key": [
                "3.0GHz"
            ],
            "obs_type": "radio",
            "corr_k": false,
            "corr_s": false,
            "corr_host": false,
            "corr_av": false,
            "corr_hostav": false
        }
    ],
    "distance": [
        {
            "value": "0.08",
            "distance_type": "redshift",
            "reference": [
                "2013ApJ...763...84B"
            ],
            "default": false
        },
        {
            "value": "0.08754",
            "distance_type": "redshift",
            "reference": [
                "2007A&A...462L..49E",
                "2017ApJ...838..149A",
                "2017IAUS..324..123S",
                "2023PASP..135c4101G"
            ],
            "default": true
        },
        {
            "value": "379.4",
            "distance_type": "comoving",
            "unit": "Mpc",
            "reference": [
                "2007A&A...462L..49E",
                "2016A&A...594A..13P",
                "2017ApJ...835...64G",
                "2017ApJ...838..149A"
            ],
            "default": true
        },
        {
            "value": "412.7",
            "distance_type": "luminosity",
            "unit": "Mpc",
            "reference": [
                "2007A&A...462L..49E",
                "2016A&A...594A..13P",
                "2017ApJ...835...64G",
                "2017ApJ...838..149A"
            ],
            "default": true
        }
    ],
    "coordinate": [
        {
            "ra": "13:23:41.97",
            "dec": "+48:27:01.26",
            "ra_units": "hour",
            "dec_units": "deg",
            "coordinate_type": "equatorial",
            "reference": [
                "2017ApJ...838..149A"
            ],
            "default": true
        },
        {
            "ra": "13:23:41.97",
            "dec": "+48:27:01.26",
            "ra_units": "hour",
            "dec_units": "degree",
            "coordinate_type": "equatorial",
            "reference": [
                "2017ApJ...838..149A"
            ],
            "default": false
        }
    ],
    "filter_alias": [
        {
            "filter_key": "0.3 - 2.0",
            "wave_eff": 0.7293188143129428,
            "wave_min": 0.6199209921660013,
            "wave_max": 4.132806614440009,
            "wave_units": "nm",
            "filter_name": "0.3 - 2.0"
        },
        {
            "filter_key": "3.0GHz",
            "filter_name": "S",
            "freq_eff": 3,
            "freq_units": "GHz"
        }
    ],
    "date_reference": [
        {
            "value": "2003-12-02",
            "date_format": "iso",
            "date_type": "discovery",
            "reference": [
                "2017ApJ...835...64G",
                "2017ApJ...838..149A"
            ],
            "default": false
        },
        {
            "value": "2003-12-02 ",
            "date_format": "iso",
            "date_type": "discovery",
            "reference": [
                "2007A&A...462L..49E",
                "2017ApJ...838..149A",
                "2017IAUS..324..123S",
                "2023PASP..135c4101G"
            ],
            "default": true
        }
    ],
    "host": [
        {
            "host_name": "SDSS J132341.97+482701.3",
            "host_ra": 200.92499999999998,
            "host_dec": 48.45035,
            "host_ra_units": "deg",
            "host_dec_units": "deg",
            "reference": [
                "2023PASP..135c4101G",
                "2007A&A...462L..49E",
                "2017IAUS..324..123S",
                "2017ApJ...838..149A"
            ]
        }
    ],
    "schema_version": {
        "comment": "Copied from tde.space;",
        "comments": "From Goldtooth et al. (2023)",
        "value": 0
    }
}