{
    "_key": "7535967",
    "_id": "transients/7535967",
    "_rev": "_kk4VGxG---",
    "name": {
        "alias": [
            {
                "value": "WTP15acbgpn",
                "reference": [
                    "2021ApJS..252...32J",
                    "2022ApJS..258...21W",
                    "2024ApJ...961..211M"
                ]
            }
        ],
        "default_name": "WTP15acbgpn"
    },
    "coordinate": [
        {
            "ra": 166.258054,
            "dec": 59.684626,
            "ra_units": "deg",
            "dec_units": "deg",
            "reference": [
                "2021ApJS..252...32J",
                "2022ApJS..258...21W",
                "2024ApJ...961..211M"
            ],
            "coordinate_type": "equatorial"
        }
    ],
    "distance": [
        {
            "value": 0.03369,
            "reference": [
                "2021ApJS..252...32J",
                "2022ApJS..258...21W",
                "2024ApJ...961..211M"
            ],
            "distance_type": "redshift"
        },
        {
            "value": 150.2,
            "reference": [
                "2021ApJS..252...32J",
                "2022ApJS..258...21W",
                "2024ApJ...961..211M"
            ],
            "unit": "Mpc",
            "distance_type": "luminosity"
        }
    ],
    "date_reference": [
        {
            "value": 57310,
            "reference": [
                "2021ApJS..252...32J",
                "2022ApJS..258...21W",
                "2024ApJ...961..211M"
            ],
            "date_format": "mjd",
            "date_type": "explosion"
        }
    ],
    "classification": {
        "discovery_method": "ir",
        "spec_classed": 0,
        "unambiguous": true,
        "value": [
            {
                "object_class": "TDE",
                "confidence": 1,
                "reference": [
                    "2021ApJS..252...32J",
                    "2022ApJS..258...21W",
                    "2024ApJ...961..211M"
                ]
            }
        ]
    },
    "photometry": [
        {
            "date": [
                2017.9325083224448,
                2017.89731841562,
                2018.219682200163,
                2018.4256814558723,
                2018.5161269080463,
                2018.929314295212,
                2019.0470014815205,
                2019.2526976035615,
                2019.3439881398965,
                2019.4302158664009,
                2019.922231100193,
                2020.124784042257,
                2020.2839098633524,
                2020.4252992886268,
                2020.543938280737,
                2020.892446003177,
                2021.0671789781356,
                2021.2521105105343,
                2021.386049985856,
                2021.5162902077516,
                2021.8686031919087,
                2022.06192324374,
                2022.1886958201744,
                2022.3549929079888,
                2022.5171564312425,
                2022.9079399813577,
                2023.1324630588197,
                2023.2857105293256,
                2013.029059419457,
                2013.2722018986235,
                2013.8420117684932,
                2014.0206442185925,
                2014.2931347058925,
                2014.42196668463,
                2014.9422769348328,
                2015.0813559372864,
                2015.2604174739365,
                2015.405505300106,
                2015.940856705358,
                2016.094411888467,
                2016.2473333699547,
                2016.3975597072392,
                2016.8926328401265,
                2017.077777714981,
                2017.2604047967884,
                2017.3955536637925,
                2017.9495855169632,
                2018.151169875438,
                2018.3693028541643,
                2018.872920638628
            ],
            "date_format": [
                "decimalyear",
                "decimalyear",
                "decimalyear",
                "decimalyear",
                "decimalyear",
                "decimalyear",
                "decimalyear",
                "decimalyear",
                "decimalyear",
                "decimalyear",
                "decimalyear",
                "decimalyear",
                "decimalyear",
                "decimalyear",
                "decimalyear",
                "decimalyear",
                "decimalyear",
                "decimalyear",
                "decimalyear",
                "decimalyear",
                "decimalyear",
                "decimalyear",
                "decimalyear",
                "decimalyear",
                "decimalyear",
                "decimalyear",
                "decimalyear",
                "decimalyear",
                "decimalyear",
                "decimalyear",
                "decimalyear",
                "decimalyear",
                "decimalyear",
                "decimalyear",
                "decimalyear",
                "decimalyear",
                "decimalyear",
                "decimalyear",
                "decimalyear",
                "decimalyear",
                "decimalyear",
                "decimalyear",
                "decimalyear",
                "decimalyear",
                "decimalyear",
                "decimalyear",
                "decimalyear",
                "decimalyear",
                "decimalyear",
                "decimalyear"
            ],
            "filter_key": [
                "g",
                "g",
                "g",
                "g",
                "g",
                "g",
                "g",
                "g",
                "g",
                "g",
                "g",
                "g",
                "g",
                "g",
                "g",
                "g",
                "g",
                "g",
                "g",
                "g",
                "g",
                "g",
                "g",
                "g",
                "g",
                "g",
                "g",
                "g",
                "V",
                "V",
                "V",
                "V",
                "V",
                "V",
                "V",
                "V",
                "V",
                "V",
                "V",
                "V",
                "V",
                "V",
                "V",
                "V",
                "V",
                "V",
                "V",
                "V",
                "V",
                "V"
            ],
            "raw": [
                0.04813012284070953,
                0.1461,
                0.03626524625381988,
                0.06515043039328802,
                0.11362125348677404,
                0.03246017636214609,
                0.0813478904878097,
                0.022658535168913863,
                0.027813573667138474,
                0.02480941878191925,
                0.027804531861566104,
                0.02585733526048608,
                0.046645728208467324,
                0.03695186613495237,
                0.8488855335645786,
                0.02149751752636707,
                0.01762212031161474,
                0.012496387285700492,
                0.022697929356694256,
                0.09754859528845362,
                0.03134062175628858,
                0.015639747728936698,
                0.01146819017477484,
                0.037218013472135256,
                0.04651039690863243,
                0.030465131581360917,
                0.05726784277870329,
                0.017440617936908667,
                0.15749999999999997,
                0.1242,
                0.09775018465838917,
                0.11321212789375676,
                0.05681520029294613,
                0.049471865544585304,
                0.034681841773867496,
                0.03155950676008986,
                0.005392629305298661,
                0.03752289174559338,
                0.04779614521748939,
                0.037493375998046016,
                0.06485776381721453,
                0.09993478102463882,
                0.1743596517215445,
                0.10732872969185614,
                0.0785916840309808,
                0.14528761299992926,
                0.11270898119830676,
                0.11322206158663009,
                0.07703975199197877,
                0.14623861841421681
            ],
            "raw_err": [
                0,
                0,
                0,
                0,
                0,
                0,
                0.0076150499964197,
                0,
                0,
                0,
                0,
                0,
                0,
                0,
                0.0494823241984446,
                0,
                0,
                0,
                0,
                0,
                0,
                0,
                0,
                0,
                0,
                0,
                0,
                0,
                0,
                0,
                0,
                0,
                0,
                0,
                0,
                0,
                0,
                0,
                0,
                0,
                0,
                0,
                0,
                0,
                0,
                0,
                0,
                0,
                0,
                0
            ],
            "raw_units": [
                "mJy",
                "mJy",
                "mJy",
                "mJy",
                "mJy",
                "mJy",
                "mJy",
                "mJy",
                "mJy",
                "mJy",
                "mJy",
                "mJy",
                "mJy",
                "mJy",
                "mJy",
                "mJy",
                "mJy",
                "mJy",
                "mJy",
                "mJy",
                "mJy",
                "mJy",
                "mJy",
                "mJy",
                "mJy",
                "mJy",
                "mJy",
                "mJy",
                "mJy",
                "mJy",
                "mJy",
                "mJy",
                "mJy",
                "mJy",
                "mJy",
                "mJy",
                "mJy",
                "mJy",
                "mJy",
                "mJy",
                "mJy",
                "mJy",
                "mJy",
                "mJy",
                "mJy",
                "mJy",
                "mJy",
                "mJy",
                "mJy",
                "mJy"
            ],
            "telescope": "ASASSN",
            "upperlimit": [
                true,
                true,
                true,
                true,
                true,
                true,
                false,
                true,
                true,
                true,
                true,
                true,
                true,
                true,
                false,
                true,
                true,
                true,
                true,
                true,
                true,
                true,
                true,
                true,
                true,
                true,
                true,
                true,
                true,
                true,
                true,
                true,
                true,
                true,
                true,
                true,
                true,
                true,
                true,
                true,
                true,
                true,
                true,
                true,
                true,
                true,
                true,
                true,
                true,
                true
            ],
            "corr_k": false,
            "corr_s": false,
            "corr_host": true,
            "corr_av": false,
            "corr_hostav": false,
            "val_host": [
                3.744,
                3.744,
                3.744,
                3.744,
                3.744,
                3.744,
                3.744,
                3.744,
                3.744,
                3.744,
                3.744,
                3.744,
                3.744,
                3.744,
                3.744,
                3.744,
                3.744,
                3.744,
                3.744,
                3.744,
                3.744,
                3.744,
                3.744,
                3.744,
                3.744,
                3.744,
                3.744,
                3.744,
                5.099,
                5.099,
                5.099,
                5.099,
                5.099,
                5.099,
                5.099,
                5.099,
                5.099,
                5.099,
                5.099,
                5.099,
                5.099,
                5.099,
                5.099,
                5.099,
                5.099,
                5.099,
                5.099,
                5.099,
                5.099,
                5.099
            ],
            "obs_type": "uvoir",
            "reference": [
                "2024ApJ...961..211M"
            ]
        },
        {
            "date": [
                55320.138635445,
                55511.1764273,
                56783.634734775,
                56974.5427493,
                57143.939116635,
                57337.942794245,
                57502.92795509,
                57702.16929905,
                57863.461248855,
                58067.74012639,
                58227.170057615,
                58433.378387525,
                58589.606367305,
                58801.107869695,
                58955.19087552501,
                59163.28763345,
                59321.718907535,
                59528.748053705,
                59686.54601686,
                59895.28306483,
                55320.072483315,
                55511.1764273,
                56783.634734775,
                56974.5427493,
                57143.939116635,
                57337.942794245,
                57502.92795509,
                57702.16929905,
                57863.461248855,
                58067.74012639,
                58227.170057615,
                58433.378387525,
                58589.606367305,
                58801.107869695,
                58955.19093918,
                59163.28763345,
                59321.718907535,
                59528.748053705,
                59686.54601686,
                59895.28306483
            ],
            "date_format": [
                "mjd",
                "mjd",
                "mjd",
                "mjd",
                "mjd",
                "mjd",
                "mjd",
                "mjd",
                "mjd",
                "mjd",
                "mjd",
                "mjd",
                "mjd",
                "mjd",
                "mjd",
                "mjd",
                "mjd",
                "mjd",
                "mjd",
                "mjd",
                "mjd",
                "mjd",
                "mjd",
                "mjd",
                "mjd",
                "mjd",
                "mjd",
                "mjd",
                "mjd",
                "mjd",
                "mjd",
                "mjd",
                "mjd",
                "mjd",
                "mjd",
                "mjd",
                "mjd",
                "mjd",
                "mjd",
                "mjd"
            ],
            "filter_key": [
                "W1",
                "W1",
                "W1",
                "W1",
                "W1",
                "W1",
                "W1",
                "W1",
                "W1",
                "W1",
                "W1",
                "W1",
                "W1",
                "W1",
                "W1",
                "W1",
                "W1",
                "W1",
                "W1",
                "W1",
                "W2",
                "W2",
                "W2",
                "W2",
                "W2",
                "W2",
                "W2",
                "W2",
                "W2",
                "W2",
                "W2",
                "W2",
                "W2",
                "W2",
                "W2",
                "W2",
                "W2",
                "W2",
                "W2",
                "W2"
            ],
            "raw": [
                0.0884756452331543,
                0.01572721329667638,
                0.0863492145080566,
                0.0138564579391608,
                0.01948169017839573,
                1.7103833481445312,
                2.6870446875000003,
                4.119496567382813,
                5.96678879296875,
                4.821614575195313,
                4.5964160390625,
                3.4168906171875006,
                3.4812718535156257,
                2.216432557617188,
                2.765728942382813,
                2.2199009619140626,
                2.4220918227539063,
                1.4206443984375,
                1.5299045654296877,
                0.813298938720703,
                0.03179933491754151,
                0.030038399330245977,
                0.023523813368957522,
                0.02726665945214079,
                0.04020837022112274,
                1.87526409765625,
                2.4729872773437505,
                4.9116323359375,
                6.451554046875001,
                6.4625210625000005,
                5.8026699375,
                5.094408875,
                4.569220984375,
                3.7361252109375,
                3.6882688984375,
                3.6920421484375,
                3.3069448984375005,
                2.5256476640625003,
                2.15301050390625,
                1.6554682539062502
            ],
            "raw_err": [
                0.000110118518614,
                0,
                8.958722491727664e-05,
                0,
                0,
                0.029297782381328,
                0.0722417334127949,
                0.1697466766682063,
                0.3560704997201652,
                0.2325149939615435,
                0.2113089878992318,
                0.1168029209579398,
                0.1212450501579153,
                0.0491796243948327,
                0.0765437691550817,
                0.049324663518219,
                0.0587100451712843,
                0.0202249472371723,
                0.0234627933431247,
                0.0066588518414256,
                0,
                0,
                0,
                0,
                0,
                0.0353666936697176,
                0.0613415818248716,
                0.2414579720055399,
                0.41639955974954,
                0.4177554547988151,
                0.3368954160790981,
                0.2597449929324603,
                0.2089582773474662,
                0.1398376925911518,
                0.1361957460281125,
                0.1364808504786585,
                0.1095218839633528,
                0.063999556132598,
                0.0465393016439062,
                0.0276139836276324
            ],
            "raw_units": [
                "mJy",
                "mJy",
                "mJy",
                "mJy",
                "mJy",
                "mJy",
                "mJy",
                "mJy",
                "mJy",
                "mJy",
                "mJy",
                "mJy",
                "mJy",
                "mJy",
                "mJy",
                "mJy",
                "mJy",
                "mJy",
                "mJy",
                "mJy",
                "mJy",
                "mJy",
                "mJy",
                "mJy",
                "mJy",
                "mJy",
                "mJy",
                "mJy",
                "mJy",
                "mJy",
                "mJy",
                "mJy",
                "mJy",
                "mJy",
                "mJy",
                "mJy",
                "mJy",
                "mJy",
                "mJy",
                "mJy"
            ],
            "telescope": "WISE",
            "upperlimit": [
                false,
                true,
                false,
                true,
                true,
                false,
                false,
                false,
                false,
                false,
                false,
                false,
                false,
                false,
                false,
                false,
                false,
                false,
                false,
                false,
                true,
                true,
                true,
                true,
                true,
                false,
                false,
                false,
                false,
                false,
                false,
                false,
                false,
                false,
                false,
                false,
                false,
                false,
                false,
                false
            ],
            "corr_k": false,
            "corr_s": false,
            "corr_host": true,
            "corr_av": false,
            "corr_hostav": false,
            "val_host": [
                3.949115958984375,
                3.949115958984375,
                3.949115958984375,
                3.949115958984375,
                3.949115958984375,
                3.949115958984375,
                3.949115958984375,
                3.949115958984375,
                3.949115958984375,
                3.949115958984375,
                3.949115958984375,
                3.949115958984375,
                3.949115958984375,
                3.949115958984375,
                3.949115958984375,
                3.949115958984375,
                3.949115958984375,
                3.949115958984375,
                3.949115958984375,
                3.949115958984375,
                3.0751513828125,
                3.0751513828125,
                3.0751513828125,
                3.0751513828125,
                3.0751513828125,
                3.0751513828125,
                3.0751513828125,
                3.0751513828125,
                3.0751513828125,
                3.0751513828125,
                3.0751513828125,
                3.0751513828125,
                3.0751513828125,
                3.0751513828125,
                3.0751513828125,
                3.0751513828125,
                3.0751513828125,
                3.0751513828125,
                3.0751513828125,
                3.0751513828125
            ],
            "obs_type": "uvoir",
            "reference": [
                "2024ApJ...961..211M"
            ]
        },
        {
            "date": [
                55424.364387,
                55374.843319
            ],
            "date_format": [
                "mjd",
                "mjd"
            ],
            "filter_key": [
                "0.5-7 ",
                "0.5-7 "
            ],
            "raw": [
                7.82e-13,
                7.43e-13
            ],
            "raw_err": [
                9.949999999999999e-14,
                5.5500000000000016e-14
            ],
            "raw_units": [
                "erg/s/cm^2",
                "erg/s/cm^2"
            ],
            "telescope": "Chandra",
            "upperlimit": [
                false,
                false
            ],
            "corr_k": false,
            "corr_s": false,
            "corr_host": false,
            "corr_av": false,
            "corr_hostav": false,
            "obs_type": "xray",
            "xray_model": [
                {
                    "model_name": "Powerlaw",
                    "param_names": [
                        "Gamma"
                    ],
                    "param_values": [
                        2
                    ],
                    "param_units": [
                        "None"
                    ],
                    "min_energy": 0.5,
                    "max_energy": 7,
                    "energy_units": "keV",
                    "model_reference": "2024ApJ...961..211M"
                },
                {
                    "model_name": "Powerlaw",
                    "param_names": [
                        "Gamma"
                    ],
                    "param_values": [
                        2
                    ],
                    "param_units": [
                        "None"
                    ],
                    "min_energy": 0.5,
                    "max_energy": 7,
                    "energy_units": "keV",
                    "model_reference": "2024ApJ...961..211M"
                }
            ],
            "reference": [
                "2024ApJ...961..211M"
            ],
            "raw_err_detail": {
                "upper": [
                    9.999999999999999e-14,
                    5.6000000000000064e-14
                ],
                "lower": [
                    9.9e-14,
                    5.4999999999999974e-14
                ]
            }
        },
        {
            "date": [
                58078.0839192685
            ],
            "date_format": [
                "mjd"
            ],
            "filter_key": [
                "0.3-10 "
            ],
            "raw": [
                7.8974945e-13
            ],
            "raw_err": [
                2.218965875e-13
            ],
            "raw_units": [
                "erg/s/cm^2"
            ],
            "telescope": "Swift",
            "upperlimit": [
                false
            ],
            "corr_k": false,
            "corr_s": false,
            "corr_host": false,
            "corr_av": false,
            "corr_hostav": false,
            "obs_type": "xray",
            "xray_model": [
                {
                    "model_name": "Powerlaw",
                    "param_names": [
                        "Gamma"
                    ],
                    "param_values": [
                        2
                    ],
                    "param_units": [
                        "None"
                    ],
                    "min_energy": 0.3,
                    "max_energy": 10,
                    "energy_units": "keV",
                    "model_reference": "2024ApJ...961..211M"
                }
            ],
            "reference": [
                "2024ApJ...961..211M"
            ],
            "raw_err_detail": {
                "upper": [
                    2.41769675e-13
                ],
                "lower": [
                    2.020235e-13
                ]
            }
        }
    ],
    "filter_alias": [
        {
            "filter_key": "g",
            "filter_name": "g",
            "wave_eff": 471.8872246248687,
            "wave_units": "nm"
        },
        {
            "filter_key": "V",
            "filter_name": "V",
            "wave_eff": 553.7155963302753,
            "wave_units": "nm"
        },
        {
            "filter_key": "W1",
            "filter_name": "W1",
            "wave_eff": 261.3713060531025,
            "wave_units": "nm"
        },
        {
            "filter_key": "W2",
            "filter_name": "W2",
            "wave_eff": 207.98754332676123,
            "wave_units": "nm"
        },
        {
            "filter_key": "0.5-7 ",
            "filter_name": "0.5-7 ",
            "wave_eff": 0.19074492066646195,
            "wave_min": 0.1771202834760004,
            "wave_max": 2.479683968664005,
            "wave_units": "nm"
        },
        {
            "filter_key": "0.3-10 ",
            "filter_name": "0.3-10 ",
            "wave_eff": 0.12781876127134048,
            "wave_min": 0.12398419843320027,
            "wave_max": 4.132806614440009,
            "wave_units": "nm"
        }
    ],
    "reference_alias": [
        {
            "name": "2021ApJS..252...32J",
            "human_readable_name": "Jiang, Ning et al. (2021)"
        },
        {
            "name": "2022ApJS..258...21W",
            "human_readable_name": "Wang, Yibo et al. (2022)"
        },
        {
            "name": "2024ApJ...961..211M",
            "human_readable_name": "Masterson, Megan et al. (2024)"
        }
    ]
}