{
    "_key": "7535981",
    "_id": "transients/7535981",
    "_rev": "_kk4VHm----",
    "name": {
        "alias": [
            {
                "value": "WTP15abymdq",
                "reference": [
                    "2024ApJ...961..211M"
                ]
            }
        ],
        "default_name": "WTP15abymdq"
    },
    "coordinate": [
        {
            "ra": 57.219702,
            "dec": -55.426525,
            "ra_units": "deg",
            "dec_units": "deg",
            "reference": [
                "2024ApJ...961..211M"
            ],
            "coordinate_type": "equatorial"
        }
    ],
    "distance": [
        {
            "value": 0.03742,
            "reference": [
                "2024ApJ...961..211M"
            ],
            "distance_type": "redshift"
        },
        {
            "value": 164.3,
            "reference": [
                "2024ApJ...961..211M"
            ],
            "unit": "Mpc",
            "distance_type": "luminosity"
        }
    ],
    "date_reference": [
        {
            "value": 57303,
            "reference": [
                "2024ApJ...961..211M"
            ],
            "date_format": "mjd",
            "date_type": "explosion"
        }
    ],
    "classification": {
        "discovery_method": "ir",
        "spec_classed": 3,
        "unambiguous": true,
        "value": [
            {
                "object_class": "TDE",
                "confidence": 3.3,
                "reference": [
                    "2024ApJ...961..211M"
                ]
            }
        ]
    },
    "photometry": [
        {
            "date": [
                2017.7901596313268,
                2017.926740310486,
                2018.110865386869,
                2018.090372437883,
                2018.2197778465556,
                2018.6386790247109,
                2018.8098713386064,
                2018.915955130012,
                2019.0178154280936,
                2019.096213735836,
                2019.1984337136005,
                2019.310441914313,
                2019.5579879053705,
                2019.7207147617787,
                2019.8781332682213,
                2020.011231405704,
                2020.1474198311407,
                2020.209757041628,
                2020.558264717536,
                2020.750112208604,
                2020.9198099601292,
                2021.0721990195589,
                2021.1860001737516,
                2021.271363137272,
                2021.569119939716,
                2021.6789249331584,
                2021.7965130299283,
                2021.729316809329,
                2021.9565375433413,
                2022.135271020397,
                2022.269428501752,
                2022.556687207892,
                2022.6953919461928,
                2022.8235371776584,
                2022.9265343473544,
                2023.1073872448155,
                2023.208687079852,
                2015.0762834335787,
                2015.2318118695407,
                2015.5862226027868,
                2015.7409280980955,
                2015.9188337685523,
                2016.090214165614,
                2016.220058261288,
                2016.63539360431,
                2016.799077757405,
                2016.980430766325,
                2017.1441154355523,
                2017.261330029835,
                2017.576061306169,
                2017.723411337143,
                2017.9372299888903,
                2018.1787659175984,
                2018.2674857186485,
                2018.6080868864383,
                2018.6967995199363
            ],
            "date_format": [
                "decimalyear",
                "decimalyear",
                "decimalyear",
                "decimalyear",
                "decimalyear",
                "decimalyear",
                "decimalyear",
                "decimalyear",
                "decimalyear",
                "decimalyear",
                "decimalyear",
                "decimalyear",
                "decimalyear",
                "decimalyear",
                "decimalyear",
                "decimalyear",
                "decimalyear",
                "decimalyear",
                "decimalyear",
                "decimalyear",
                "decimalyear",
                "decimalyear",
                "decimalyear",
                "decimalyear",
                "decimalyear",
                "decimalyear",
                "decimalyear",
                "decimalyear",
                "decimalyear",
                "decimalyear",
                "decimalyear",
                "decimalyear",
                "decimalyear",
                "decimalyear",
                "decimalyear",
                "decimalyear",
                "decimalyear",
                "decimalyear",
                "decimalyear",
                "decimalyear",
                "decimalyear",
                "decimalyear",
                "decimalyear",
                "decimalyear",
                "decimalyear",
                "decimalyear",
                "decimalyear",
                "decimalyear",
                "decimalyear",
                "decimalyear",
                "decimalyear",
                "decimalyear",
                "decimalyear",
                "decimalyear",
                "decimalyear",
                "decimalyear"
            ],
            "filter_key": [
                "g",
                "g",
                "g",
                "g",
                "g",
                "g",
                "g",
                "g",
                "g",
                "g",
                "g",
                "g",
                "g",
                "g",
                "g",
                "g",
                "g",
                "g",
                "g",
                "g",
                "g",
                "g",
                "g",
                "g",
                "g",
                "g",
                "g",
                "g",
                "g",
                "g",
                "g",
                "g",
                "g",
                "g",
                "g",
                "g",
                "g",
                "V",
                "V",
                "V",
                "V",
                "V",
                "V",
                "V",
                "V",
                "V",
                "V",
                "V",
                "V",
                "V",
                "V",
                "V",
                "V",
                "V",
                "V",
                "V"
            ],
            "raw": [
                0.01020904727109843,
                0.01295079581252937,
                0.02213322408642651,
                0.19896070591261728,
                0.022287327150004137,
                0.02646896883970023,
                0.01384832175824982,
                0.013330403596265071,
                0.01316580549223833,
                0.01627060273362696,
                0.012493115952802229,
                0.058997789747610094,
                0.01863608412273114,
                0.03507663163940265,
                0.01884721822231851,
                0.019339389269425827,
                0.03837191341135218,
                0.0609805710202878,
                0.03285146129919375,
                0.027455502665476594,
                0.023864182538907243,
                0.02223795872389956,
                0.05036778491911389,
                0.041471051206639076,
                0.01760502125492571,
                0.034591258495006084,
                0.02042029339211064,
                0.11879999999999996,
                0.0200669527476513,
                0.01940890031532219,
                0.028597234724468342,
                0.02814551009921097,
                0.01072739030229504,
                0.01722274854339969,
                0.015336937819994309,
                0.02149075044782052,
                0.12261128356738081,
                0.06902429620649919,
                0.078733359473633,
                0.06106132938673251,
                0.07722545253420379,
                0.053197972952384064,
                0.04130028816659592,
                0.0753687687471194,
                0.05049564082058156,
                0.0553421585114193,
                0.03772956322234719,
                0.05173633919033397,
                0.12717682637174105,
                0.08697652324526997,
                0.05832035944206669,
                0.06277721817109258,
                0.04381053367144605,
                0.07615430189113798,
                0.05054149331042064,
                0.046788995291719024
            ],
            "raw_err": [
                0,
                0,
                0,
                0,
                0,
                0,
                0,
                0,
                0,
                0,
                0,
                0,
                0,
                0,
                0,
                0,
                0,
                0,
                0,
                0,
                0,
                0,
                0,
                0,
                0,
                0,
                0,
                0,
                0,
                0,
                0,
                0,
                0,
                0,
                0,
                0,
                0,
                0,
                0,
                0,
                0,
                0,
                0,
                0,
                0,
                0,
                0,
                0,
                0,
                0,
                0,
                0,
                0,
                0,
                0,
                0
            ],
            "raw_units": [
                "mJy",
                "mJy",
                "mJy",
                "mJy",
                "mJy",
                "mJy",
                "mJy",
                "mJy",
                "mJy",
                "mJy",
                "mJy",
                "mJy",
                "mJy",
                "mJy",
                "mJy",
                "mJy",
                "mJy",
                "mJy",
                "mJy",
                "mJy",
                "mJy",
                "mJy",
                "mJy",
                "mJy",
                "mJy",
                "mJy",
                "mJy",
                "mJy",
                "mJy",
                "mJy",
                "mJy",
                "mJy",
                "mJy",
                "mJy",
                "mJy",
                "mJy",
                "mJy",
                "mJy",
                "mJy",
                "mJy",
                "mJy",
                "mJy",
                "mJy",
                "mJy",
                "mJy",
                "mJy",
                "mJy",
                "mJy",
                "mJy",
                "mJy",
                "mJy",
                "mJy",
                "mJy",
                "mJy",
                "mJy",
                "mJy"
            ],
            "telescope": "ASASSN",
            "upperlimit": [
                true,
                true,
                true,
                true,
                true,
                true,
                true,
                true,
                true,
                true,
                true,
                true,
                true,
                true,
                true,
                true,
                true,
                true,
                true,
                true,
                true,
                true,
                true,
                true,
                true,
                true,
                true,
                true,
                true,
                true,
                true,
                true,
                true,
                true,
                true,
                true,
                true,
                true,
                true,
                true,
                true,
                true,
                true,
                true,
                true,
                true,
                true,
                true,
                true,
                true,
                true,
                true,
                true,
                true,
                true,
                true
            ],
            "corr_k": false,
            "corr_s": false,
            "corr_host": true,
            "corr_av": false,
            "corr_hostav": false,
            "val_host": [
                2.139,
                2.139,
                2.139,
                2.139,
                2.139,
                2.139,
                2.139,
                2.139,
                2.139,
                2.139,
                2.139,
                2.139,
                2.139,
                2.139,
                2.139,
                2.139,
                2.139,
                2.139,
                2.139,
                2.139,
                2.139,
                2.139,
                2.139,
                2.139,
                2.139,
                2.139,
                2.139,
                2.139,
                2.139,
                2.139,
                2.139,
                2.139,
                2.139,
                2.139,
                2.139,
                2.139,
                2.139,
                3.106,
                3.106,
                3.106,
                3.106,
                3.106,
                3.106,
                3.106,
                3.106,
                3.106,
                3.106,
                3.106,
                3.106,
                3.106,
                3.106,
                3.106,
                3.106,
                3.106,
                3.106,
                3.106
            ],
            "obs_type": "uvoir",
            "reference": [
                "2024ApJ...961..211M"
            ]
        },
        {
            "date": [
                55204.299049165,
                55386.060961895,
                55566.426166965,
                56662.31365072999,
                56851.37709366,
                57025.837012495,
                57212.5470504,
                57387.15139255,
                57578.181016450006,
                57746.41110864,
                57944.421278375,
                58108.91100068,
                58307.95723268,
                58469.19971781,
                58673.57013947,
                58834.75877736,
                59039.38900204,
                59195.61880566,
                59403.063366365,
                59559.748551175,
                55204.299049165,
                55386.060961895,
                55566.426103275,
                56662.31365072999,
                56851.37709366,
                57025.837012495,
                57212.5470504,
                57387.216971805,
                57578.181016450006,
                57746.41110864,
                57944.421278375,
                58108.91100068,
                58308.088072135,
                58469.19971781,
                58673.57013947,
                58834.75877736,
                59039.38900204,
                59195.61880566,
                59403.063366365,
                59559.748551175
            ],
            "date_format": [
                "mjd",
                "mjd",
                "mjd",
                "mjd",
                "mjd",
                "mjd",
                "mjd",
                "mjd",
                "mjd",
                "mjd",
                "mjd",
                "mjd",
                "mjd",
                "mjd",
                "mjd",
                "mjd",
                "mjd",
                "mjd",
                "mjd",
                "mjd",
                "mjd",
                "mjd",
                "mjd",
                "mjd",
                "mjd",
                "mjd",
                "mjd",
                "mjd",
                "mjd",
                "mjd",
                "mjd",
                "mjd",
                "mjd",
                "mjd",
                "mjd",
                "mjd",
                "mjd",
                "mjd",
                "mjd",
                "mjd"
            ],
            "filter_key": [
                "W1",
                "W1",
                "W1",
                "W1",
                "W1",
                "W1",
                "W1",
                "W1",
                "W1",
                "W1",
                "W1",
                "W1",
                "W1",
                "W1",
                "W1",
                "W1",
                "W1",
                "W1",
                "W1",
                "W1",
                "W2",
                "W2",
                "W2",
                "W2",
                "W2",
                "W2",
                "W2",
                "W2",
                "W2",
                "W2",
                "W2",
                "W2",
                "W2",
                "W2",
                "W2",
                "W2",
                "W2",
                "W2",
                "W2",
                "W2"
            ],
            "raw": [
                0.03912735715416096,
                0.01365294740432739,
                0.012058433717036581,
                0.0432505936431884,
                0.014900283033800102,
                0.0620990749969482,
                0.1353530801696777,
                1.65592737890625,
                2.4964743691406253,
                3.707101666992188,
                2.293702624511719,
                1.9434042011718755,
                1.2716010849609376,
                1.4219001635742188,
                0.9885097844238284,
                0.939191543701172,
                0.4922099172363281,
                0.04735026504659127,
                0.2388210531005859,
                0.06124034818892024,
                0.055737457475875864,
                0.02370900450702666,
                0.02140307768735502,
                0.022780276441612228,
                0.02788659774319839,
                0.03191193870181272,
                0.1475802727050781,
                1.4396141328125,
                3.1315969453125,
                4.792403078125001,
                3.788967171875,
                3.02478528125,
                2.3534924609375003,
                2.3014582617187505,
                2.03302437890625,
                1.7183817890625004,
                1.23312897265625,
                0.05903139283408357,
                0.79807378515625,
                0.06330277529280855
            ],
            "raw_err": [
                0,
                0,
                0,
                3.676443647968021e-05,
                0,
                6.733130858791299e-05,
                0.0002034946206684,
                0.0274487713015408,
                0.0623580555669709,
                0.1374534504225289,
                0.0526432326636965,
                0.0377935138513125,
                0.0161960161751407,
                0.0202432761439327,
                0.0098083717709093,
                0.0088483289771979,
                0.0024514421824726,
                0,
                0.0006031032307437,
                0,
                0,
                0,
                0,
                0,
                0,
                0,
                0.0003022001078897,
                0.0208479752669065,
                0.0981928478069621,
                0.2297654834545359,
                0.1436912616401284,
                0.0916099001429201,
                0.0555106625826431,
                0.0530517667992512,
                0.0414897266528666,
                0.0296537653089778,
                0.0153833311374043,
                0,
                0.0065570110336658,
                0
            ],
            "raw_units": [
                "mJy",
                "mJy",
                "mJy",
                "mJy",
                "mJy",
                "mJy",
                "mJy",
                "mJy",
                "mJy",
                "mJy",
                "mJy",
                "mJy",
                "mJy",
                "mJy",
                "mJy",
                "mJy",
                "mJy",
                "mJy",
                "mJy",
                "mJy",
                "mJy",
                "mJy",
                "mJy",
                "mJy",
                "mJy",
                "mJy",
                "mJy",
                "mJy",
                "mJy",
                "mJy",
                "mJy",
                "mJy",
                "mJy",
                "mJy",
                "mJy",
                "mJy",
                "mJy",
                "mJy",
                "mJy",
                "mJy"
            ],
            "telescope": "WISE",
            "upperlimit": [
                true,
                true,
                true,
                false,
                true,
                false,
                false,
                false,
                false,
                false,
                false,
                false,
                false,
                false,
                false,
                false,
                false,
                true,
                false,
                true,
                true,
                true,
                true,
                true,
                true,
                true,
                false,
                false,
                false,
                false,
                false,
                false,
                false,
                false,
                false,
                false,
                false,
                true,
                false,
                true
            ],
            "corr_k": false,
            "corr_s": false,
            "corr_host": true,
            "corr_av": false,
            "corr_hostav": false,
            "val_host": [
                1.857320392089844,
                1.857320392089844,
                1.857320392089844,
                1.857320392089844,
                1.857320392089844,
                1.857320392089844,
                1.857320392089844,
                1.857320392089844,
                1.857320392089844,
                1.857320392089844,
                1.857320392089844,
                1.857320392089844,
                1.857320392089844,
                1.857320392089844,
                1.857320392089844,
                1.857320392089844,
                1.857320392089844,
                1.857320392089844,
                1.857320392089844,
                1.857320392089844,
                1.2938434609375,
                1.2938434609375,
                1.2938434609375,
                1.2938434609375,
                1.2938434609375,
                1.2938434609375,
                1.2938434609375,
                1.2938434609375,
                1.2938434609375,
                1.2938434609375,
                1.2938434609375,
                1.2938434609375,
                1.2938434609375,
                1.2938434609375,
                1.2938434609375,
                1.2938434609375,
                1.2938434609375,
                1.2938434609375,
                1.2938434609375,
                1.2938434609375
            ],
            "obs_type": "uvoir",
            "reference": [
                "2024ApJ...961..211M"
            ]
        },
        {
            "date": [
                60007.1668267222
            ],
            "date_format": [
                "mjd"
            ],
            "filter_key": [
                "0.3-10 "
            ],
            "raw": [
                7.91525e-13
            ],
            "raw_err": [
                0
            ],
            "raw_units": [
                "erg/s/cm^2"
            ],
            "telescope": "Swift",
            "upperlimit": [
                true
            ],
            "corr_k": false,
            "corr_s": false,
            "corr_host": false,
            "corr_av": false,
            "corr_hostav": false,
            "obs_type": "xray",
            "xray_model": [
                {
                    "model_name": "Powerlaw",
                    "param_names": [
                        "Gamma"
                    ],
                    "param_values": [
                        2
                    ],
                    "param_units": [
                        "None"
                    ],
                    "min_energy": 0.3,
                    "max_energy": 10,
                    "energy_units": "keV",
                    "model_reference": "2024ApJ...961..211M"
                }
            ],
            "reference": [
                "2024ApJ...961..211M"
            ],
            "raw_err_detail": {
                "upper": [
                    0
                ],
                "lower": [
                    0
                ]
            }
        },
        {
            "date": [
                2019.9963139269407,
                2020.4909819305303,
                2020.997121028132,
                2021.4997472729576,
                2022.009099410198
            ],
            "date_format": [
                "decimalyear",
                "decimalyear",
                "decimalyear",
                "decimalyear",
                "decimalyear"
            ],
            "filter_key": [
                "0.2-2.3",
                "0.2-2.3",
                "0.2-2.3",
                "0.2-2.3",
                "0.2-2.3"
            ],
            "raw": [
                1.9318269586007106e-13,
                4.086890060314014e-13,
                3.8165052173265445e-13,
                9.182050600539325e-14,
                8.064991003590288e-14
            ],
            "raw_err": [
                2.312580194615416e-14,
                3.5866810552381146e-14,
                3.684296859024668e-14,
                1.8617563952083235e-14,
                1.6603483927904276e-14
            ],
            "raw_units": [
                "erg/s/cm^2",
                "erg/s/cm^2",
                "erg/s/cm^2",
                "erg/s/cm^2",
                "erg/s/cm^2"
            ],
            "telescope": "eROSITA",
            "upperlimit": [
                false,
                false,
                false,
                false,
                false
            ],
            "corr_k": false,
            "corr_s": false,
            "corr_host": false,
            "corr_av": false,
            "corr_hostav": false,
            "obs_type": "xray",
            "xray_model": [
                {
                    "model_name": "Absorbed Powerlaw",
                    "param_names": [
                        "Gamma",
                        "N_H"
                    ],
                    "param_values": [
                        2,
                        3e+20
                    ],
                    "param_units": [
                        "None",
                        "cm^-2"
                    ],
                    "min_energy": 0.2,
                    "max_energy": 2.3,
                    "energy_units": "keV",
                    "model_reference": "2024ApJ...961..211M"
                },
                {
                    "model_name": "Absorbed Powerlaw",
                    "param_names": [
                        "Gamma",
                        "N_H"
                    ],
                    "param_values": [
                        2,
                        3e+20
                    ],
                    "param_units": [
                        "None",
                        "cm^-2"
                    ],
                    "min_energy": 0.2,
                    "max_energy": 2.3,
                    "energy_units": "keV",
                    "model_reference": "2024ApJ...961..211M"
                },
                {
                    "model_name": "Absorbed Powerlaw",
                    "param_names": [
                        "Gamma",
                        "N_H"
                    ],
                    "param_values": [
                        2,
                        3e+20
                    ],
                    "param_units": [
                        "None",
                        "cm^-2"
                    ],
                    "min_energy": 0.2,
                    "max_energy": 2.3,
                    "energy_units": "keV",
                    "model_reference": "2024ApJ...961..211M"
                },
                {
                    "model_name": "Absorbed Powerlaw",
                    "param_names": [
                        "Gamma",
                        "N_H"
                    ],
                    "param_values": [
                        2,
                        3e+20
                    ],
                    "param_units": [
                        "None",
                        "cm^-2"
                    ],
                    "min_energy": 0.2,
                    "max_energy": 2.3,
                    "energy_units": "keV",
                    "model_reference": "2024ApJ...961..211M"
                },
                {
                    "model_name": "Absorbed Powerlaw",
                    "param_names": [
                        "Gamma",
                        "N_H"
                    ],
                    "param_values": [
                        2,
                        3e+20
                    ],
                    "param_units": [
                        "None",
                        "cm^-2"
                    ],
                    "min_energy": 0.2,
                    "max_energy": 2.3,
                    "energy_units": "keV",
                    "model_reference": "2024ApJ...961..211M"
                }
            ],
            "reference": [
                "2024ApJ...961..211M"
            ]
        }
    ],
    "filter_alias": [
        {
            "filter_key": "g",
            "filter_name": "g",
            "wave_eff": 471.8872246248687,
            "wave_units": "nm"
        },
        {
            "filter_key": "V",
            "filter_name": "V",
            "wave_eff": 553.7155963302753,
            "wave_units": "nm"
        },
        {
            "filter_key": "W1",
            "filter_name": "W1",
            "wave_eff": 261.3713060531025,
            "wave_units": "nm"
        },
        {
            "filter_key": "W2",
            "filter_name": "W2",
            "wave_eff": 207.98754332676123,
            "wave_units": "nm"
        },
        {
            "filter_key": "0.3-10 ",
            "filter_name": "0.3-10 ",
            "wave_eff": 0.12781876127134048,
            "wave_min": 0.12398419843320027,
            "wave_max": 4.132806614440009,
            "wave_units": "nm"
        },
        {
            "filter_key": "0.2-2.3",
            "filter_name": "0.2-2.3",
            "wave_eff": 0.5904009449200014,
            "wave_min": 0.539061732318262,
            "wave_max": 6.199209921660012,
            "wave_units": "nm"
        }
    ],
    "reference_alias": [
        {
            "name": "2024ApJ...961..211M",
            "human_readable_name": "Masterson, Megan et al. (2024)"
        }
    ]
}