{
    "_key": "884662",
    "_id": "transients/884662",
    "_rev": "_j6Y82Ie---",
    "classification": {
        "spec_classed": 3,
        "unambiguous": true,
        "value": [
            {
                "object_class": "TDE",
                "confidence": 3.3,
                "reference": [
                    "2017NatAs...1..865K",
                    "2017arXiv171104577K",
                    "2023PASP..135c4101G"
                ],
                "default": true
            },
            {
                "object_class": "TDE",
                "confidence": 0,
                "reference": [
                    "2017arXiv171104577K"
                ],
                "default": false
            },
            {
                "object_class": "TDE",
                "confidence": 0,
                "reference": [
                    "2017arXiv171104577K"
                ],
                "default": false
            }
        ],
        "discovery_method": "uvoir"
    },
    "coordinate": [
        {
            "ra": "08:44:53.56",
            "dec": "+42:57:44.8",
            "ra_units": "hour",
            "dec_units": "deg",
            "reference": [
                "2017arXiv171104577K"
            ],
            "coordinate_type": "equatorial"
        }
    ],
    "distance": [
        {
            "value": "0.345",
            "distance_type": "redshift",
            "reference": [
                "2017NatAs...1..865K",
                "2017arXiv171104577K",
                "2023PASP..135c4101G"
            ],
            "default": true
        },
        {
            "value": "1400",
            "distance_type": "comoving",
            "unit": "Mpc",
            "reference": [
                "2016A&A...594A..13P",
                "2017ApJ...835...64G",
                "2017arXiv171104577K"
            ],
            "default": true
        },
        {
            "value": "1880",
            "distance_type": "luminosity",
            "unit": "Mpc",
            "reference": [
                "2016A&A...594A..13P",
                "2017ApJ...835...64G",
                "2017arXiv171104577K"
            ],
            "default": true
        }
    ],
    "date_reference": [
        {
            "value": "2013-01-01",
            "date_format": "iso",
            "date_type": "discovery",
            "reference": [
                "2017ApJ...835...64G"
            ],
            "default": false
        },
        {
            "value": "2013-02-06 ",
            "date_format": "iso",
            "date_type": "discovery",
            "reference": [
                "2017NatAs...1..865K",
                "2023PASP..135c4101G"
            ],
            "default": true
        }
    ],
    "schema_version": {
        "comment": "Copied from tde.space;",
        "comments": "From Goldtooth et al. (2023)",
        "value": 0
    },
    "name": {
        "alias": [
            {
                "value": "PS1-13jw",
                "reference": [
                    "2017arXiv171104577K",
                    "2023PASP..135c4101G"
                ]
            }
        ],
        "default_name": "PS1-13jw"
    },
    "reference_alias": [
        {
            "name": "2017arXiv171104577K",
            "human_readable_name": "Kankare et al. (2017)"
        },
        {
            "name": "2016A&A...594A..13P",
            "human_readable_name": "Planck Collaboration et al. (2016)"
        },
        {
            "name": "2011ApJ...737..103S",
            "human_readable_name": "Schlafly & Finkbeiner (2011)"
        },
        {
            "name": "2017ApJ...835...64G",
            "human_readable_name": "Guillochon et al. (2017)"
        },
        {
            "name": "2023PASP..135c4101G",
            "human_readable_name": "Goldtooth, Aaron et al. (2023)"
        },
        {
            "name": "2017NatAs...1..865K",
            "human_readable_name": "Kankare, E. et al. (2017)"
        },
        {
            "name": "2017NatAs...1..865K",
            "human_readable_name": "Kankare, E. et al. (2017)"
        }
    ],
    "host": [
        {
            "host_name": "SDSS J084453.56+425744.8",
            "host_ra": 131.225,
            "host_dec": 42.96244444444445,
            "host_ra_units": "deg",
            "host_dec_units": "deg",
            "reference": [
                "2023PASP..135c4101G",
                "2017NatAs...1..865K",
                "2017NatAs...1..865K"
            ]
        }
    ]
}