{
    "_key": "7536158",
    "_id": "transients/7536158",
    "_rev": "_kk4VUni---",
    "name": {
        "alias": [
            {
                "value": "FIRST J153350.8+272729",
                "reference": [
                    "2022ApJ...925..220R"
                ]
            }
        ],
        "default_name": "FIRST J153350.8+272729"
    },
    "coordinate": [
        {
            "ra": "15:33:50.880",
            "dec": "+27:27:29.618",
            "ra_units": "hour",
            "dec_units": "degree",
            "reference": [
                "2022ApJ...925..220R"
            ],
            "coordinate_type": "equatorial"
        }
    ],
    "distance": [
        {
            "value": 0.03243,
            "reference": [
                "2022ApJ...925..220R"
            ],
            "compute": false,
            "distance_type": "redshift"
        }
    ],
    "classification": {
        "discovery_method": "xray",
        "spec_classed": 0,
        "unambiguous": true,
        "value": [
            {
                "object_class": "TDE",
                "confidence": 1,
                "reference": [
                    "2022ApJ...925..220R"
                ]
            }
        ]
    },
    "date_reference": [
        {
            "value": "1995-04-16",
            "date_format": "iso",
            "reference": [
                "2022ApJ...925..220R",
                "2022ApJ...925..220R",
                "2022ApJ...925..220R",
                "2022ApJ...925..220R",
                "2022ApJ...925..220R",
                "2022ApJ...925..220R",
                "2022ApJ...925..220R",
                "2022ApJ...925..220R",
                "2022ApJ...925..220R",
                "2022ApJ...925..220R",
                "2022ApJ...925..220R",
                "2022ApJ...925..220R",
                "2022ApJ...925..220R",
                "2022ApJ...925..220R",
                "2022ApJ...925..220R",
                "2022ApJ...925..220R",
                "2022ApJ...925..220R",
                "2022ApJ...925..220R",
                "2022ApJ...925..220R",
                "2022ApJ...925..220R"
            ],
            "computed": false,
            "date_type": "discovery"
        }
    ],
    "photometry": [
        {
            "reference": "2022ApJ...925..220R",
            "raw": [
                750
            ],
            "raw_err": [
                0
            ],
            "raw_units": "mJy",
            "date": [
                "1968-01-01"
            ],
            "date_format": [
                "iso"
            ],
            "upperlimit": [
                true
            ],
            "filter_key": [
                "0.408GHz"
            ],
            "obs_type": "radio",
            "telescope": "Bologna",
            "corr_k": false,
            "corr_s": false,
            "corr_host": false,
            "corr_av": false,
            "corr_hostav": false
        },
        {
            "reference": "2022ApJ...925..220R",
            "raw": [
                1.5,
                3,
                1.5,
                1.5,
                7.5
            ],
            "raw_err": [
                0,
                0,
                0,
                0,
                0
            ],
            "raw_units": "mJy",
            "date": [
                "1998-05-22",
                "2001-09-14",
                "2001-09-14",
                "2001-09-14",
                "2001-09-14"
            ],
            "date_format": [
                "iso",
                "iso",
                "iso",
                "iso",
                "iso"
            ],
            "upperlimit": [
                true,
                true,
                true,
                true,
                true
            ],
            "filter_key": [
                "8.46GHz",
                "1.425GHz",
                "4.86GHz",
                "8.46GHz",
                "22.46GHz"
            ],
            "obs_type": "radio",
            "telescope": "CLASS",
            "corr_k": false,
            "corr_s": false,
            "corr_host": false,
            "corr_av": false,
            "corr_hostav": false
        },
        {
            "reference": "2022ApJ...925..220R",
            "raw": [
                9.7
            ],
            "raw_err": [
                0.1
            ],
            "raw_units": "mJy",
            "date": [
                "1995-11-06"
            ],
            "date_format": [
                "iso"
            ],
            "upperlimit": [
                false
            ],
            "filter_key": [
                "1.4GHz"
            ],
            "obs_type": "radio",
            "telescope": "FIRST",
            "corr_k": false,
            "corr_s": false,
            "corr_host": false,
            "corr_av": false,
            "corr_hostav": false
        },
        {
            "reference": "2022ApJ...925..220R",
            "raw": [
                65,
                42
            ],
            "raw_err": [
                8,
                8
            ],
            "raw_units": "mJy",
            "date": [
                "1986-11-24",
                "1987-10-16"
            ],
            "date_format": [
                "iso",
                "iso"
            ],
            "upperlimit": [
                false,
                false
            ],
            "filter_key": [
                "4.85GHz",
                "4.85GHz"
            ],
            "obs_type": "radio",
            "telescope": "GB6",
            "corr_k": false,
            "corr_s": false,
            "corr_host": false,
            "corr_av": false,
            "corr_hostav": false
        },
        {
            "reference": "2022ApJ...925..220R",
            "raw": [
                300
            ],
            "raw_err": [
                0
            ],
            "raw_units": "mJy",
            "date": [
                "1983-04-11"
            ],
            "date_format": [
                "iso"
            ],
            "upperlimit": [
                true
            ],
            "filter_key": [
                "1.4GHz"
            ],
            "obs_type": "radio",
            "telescope": "GBNSS",
            "corr_k": false,
            "corr_s": false,
            "corr_host": false,
            "corr_av": false,
            "corr_hostav": false
        },
        {
            "reference": "2022ApJ...925..220R",
            "raw": [
                15000
            ],
            "raw_err": [
                0
            ],
            "raw_units": "mJy",
            "date": [
                "1987-01-01"
            ],
            "date_format": [
                "iso"
            ],
            "upperlimit": [
                true
            ],
            "filter_key": [
                "0.0345GHz"
            ],
            "obs_type": "radio",
            "telescope": "GEETEE",
            "corr_k": false,
            "corr_s": false,
            "corr_host": false,
            "corr_av": false,
            "corr_hostav": false
        },
        {
            "reference": "2022ApJ...925..220R",
            "raw": [
                9.1
            ],
            "raw_err": [
                0.5
            ],
            "raw_units": "mJy",
            "date": [
                "1995-04-16"
            ],
            "date_format": [
                "iso"
            ],
            "upperlimit": [
                false
            ],
            "filter_key": [
                "1.4GHz"
            ],
            "obs_type": "radio",
            "telescope": "NVSS",
            "corr_k": false,
            "corr_s": false,
            "corr_host": false,
            "corr_av": false,
            "corr_hostav": false
        },
        {
            "reference": "2022ApJ...925..220R",
            "raw": [
                15
            ],
            "raw_err": [
                0
            ],
            "raw_units": "mJy",
            "date": [
                "2011-03-17"
            ],
            "date_format": [
                "iso"
            ],
            "upperlimit": [
                true
            ],
            "filter_key": [
                "0.15GHz"
            ],
            "obs_type": "radio",
            "telescope": "TGSS",
            "corr_k": false,
            "corr_s": false,
            "corr_host": false,
            "corr_av": false,
            "corr_hostav": false
        },
        {
            "reference": "2022ApJ...925..220R",
            "raw": [
                1200
            ],
            "raw_err": [
                0
            ],
            "raw_units": "mJy",
            "date": [
                "1978-06-15"
            ],
            "date_format": [
                "iso"
            ],
            "upperlimit": [
                true
            ],
            "filter_key": [
                "0.365GHz"
            ],
            "obs_type": "radio",
            "telescope": "Texas",
            "corr_k": false,
            "corr_s": false,
            "corr_host": false,
            "corr_av": false,
            "corr_hostav": false
        },
        {
            "reference": "2022ApJ...925..220R",
            "raw": [
                0.36,
                0.132,
                0.1
            ],
            "raw_err": [
                0.03,
                0.009,
                0.009
            ],
            "raw_units": "mJy",
            "date": [
                "2019-05-14",
                "2019-05-14",
                "2019-05-14"
            ],
            "date_format": [
                "iso",
                "iso",
                "iso"
            ],
            "upperlimit": [
                false,
                false,
                false
            ],
            "filter_key": [
                "1.52GHz",
                "5.0GHz",
                "7.0GHz"
            ],
            "obs_type": "radio",
            "telescope": "VLA",
            "corr_k": false,
            "corr_s": false,
            "corr_host": false,
            "corr_av": false,
            "corr_hostav": false
        },
        {
            "reference": "2022ApJ...925..220R",
            "raw": [
                0.46,
                0.57
            ],
            "raw_err": [
                0,
                0
            ],
            "raw_units": "mJy",
            "date": [
                "2017-10-02",
                "2020-09-06"
            ],
            "date_format": [
                "iso",
                "iso"
            ],
            "upperlimit": [
                true,
                true
            ],
            "filter_key": [
                "3.0GHz",
                "3.0GHz"
            ],
            "obs_type": "radio",
            "telescope": "VLASS",
            "corr_k": false,
            "corr_s": false,
            "corr_host": false,
            "corr_av": false,
            "corr_hostav": false
        },
        {
            "reference": "2022ApJ...925..220R",
            "raw": [
                300
            ],
            "raw_err": [
                0
            ],
            "raw_units": "mJy",
            "date": [
                "2006-01-01"
            ],
            "date_format": [
                "iso"
            ],
            "upperlimit": [
                true
            ],
            "filter_key": [
                "0.074GHz"
            ],
            "obs_type": "radio",
            "telescope": "VLSSr",
            "corr_k": false,
            "corr_s": false,
            "corr_host": false,
            "corr_av": false,
            "corr_hostav": false
        }
    ],
    "filter_alias": [
        {
            "filter_key": "0.408GHz",
            "filter_name": "gmrt.3",
            "freq_eff": 0.408,
            "freq_units": "GHz"
        },
        {
            "filter_key": "0.365GHz",
            "filter_name": "gmrt.3",
            "freq_eff": 0.365,
            "freq_units": "GHz"
        },
        {
            "filter_key": "1.4GHz",
            "filter_name": "L",
            "freq_eff": 1.4,
            "freq_units": "GHz"
        },
        {
            "filter_key": "4.85GHz",
            "filter_name": "C",
            "freq_eff": 4.85,
            "freq_units": "GHz"
        },
        {
            "filter_key": "0.0345GHz",
            "filter_name": "VHF",
            "freq_eff": 0.0345,
            "freq_units": "GHz"
        },
        {
            "filter_key": "8.46GHz",
            "filter_name": "X",
            "freq_eff": 8.46,
            "freq_units": "GHz"
        },
        {
            "filter_key": "1.425GHz",
            "filter_name": "L",
            "freq_eff": 1.425,
            "freq_units": "GHz"
        },
        {
            "filter_key": "4.86GHz",
            "filter_name": "C",
            "freq_eff": 4.86,
            "freq_units": "GHz"
        },
        {
            "filter_key": "22.46GHz",
            "filter_name": "K",
            "freq_eff": 22.46,
            "freq_units": "GHz"
        },
        {
            "filter_key": "0.074GHz",
            "filter_name": "VHF",
            "freq_eff": 0.074,
            "freq_units": "GHz"
        },
        {
            "filter_key": "0.15GHz",
            "filter_name": "gmrt.2",
            "freq_eff": 0.15,
            "freq_units": "GHz"
        },
        {
            "filter_key": "3.0GHz",
            "filter_name": "S",
            "freq_eff": 3,
            "freq_units": "GHz"
        },
        {
            "filter_key": "1.52GHz",
            "filter_name": "L",
            "freq_eff": 1.52,
            "freq_units": "GHz"
        },
        {
            "filter_key": "5.0GHz",
            "filter_name": "C",
            "freq_eff": 5,
            "freq_units": "GHz"
        },
        {
            "filter_key": "7.0GHz",
            "filter_name": "C",
            "freq_eff": 7,
            "freq_units": "GHz"
        }
    ],
    "reference_alias": [
        {
            "name": "2022ApJ...925..220R",
            "human_readable_name": "Ravi, Vikram et al. (2022)"
        },
        {
            "name": "2022ApJ...925..220R",
            "human_readable_name": "Ravi, Vikram et al. (2022)"
        }
    ]
}