{
    "_key": "7535828",
    "_id": "transients/7535828",
    "_rev": "_kk4U9c6---",
    "classification": {
        "discovery_method": "optical",
        "spec_classed": 0,
        "unambiguous": true,
        "value": [
            {
                "object_class": "TDE",
                "confidence": 1,
                "reference": [
                    "2017ApJ...835...64G",
                    "2018MNRAS.477.2943W",
                    "2023PASP..135c4101G"
                ],
                "default": true
            }
        ]
    },
    "coordinate": [
        {
            "ra": "03:02:57.14",
            "dec": "-08:29:42.9",
            "ra_units": "hour",
            "dec_units": "deg",
            "reference": [
                "2018arXiv180205105W"
            ],
            "coordinate_type": "equatorial"
        }
    ],
    "distance": [
        {
            "value": "0.1056",
            "distance_type": "redshift",
            "reference": [
                "2018MNRAS.477.2943W",
                "2018arXiv180205105W",
                "2023PASP..135c4101G"
            ],
            "default": true
        },
        {
            "value": "455.7",
            "distance_type": "comoving",
            "unit": "Mpc",
            "reference": [
                "2016A&A...594A..13P",
                "2017ApJ...835...64G",
                "2018arXiv180205105W"
            ],
            "default": true
        },
        {
            "value": "503.8",
            "distance_type": "luminosity",
            "unit": "Mpc",
            "reference": [
                "2016A&A...594A..13P",
                "2017ApJ...835...64G",
                "2018arXiv180205105W"
            ],
            "default": true
        }
    ],
    "date_reference": [
        {
            "value": "2009-11-08",
            "date_format": "iso",
            "date_type": "discovery",
            "reference": [
                "2017ApJ...835...64G",
                "2018arXiv180205105W"
            ],
            "default": true
        },
        {
            "value": "2009-11-08 ",
            "date_format": "iso",
            "date_type": "discovery",
            "reference": [
                "2018MNRAS.477.2943W",
                "2023PASP..135c4101G"
            ],
            "default": false
        }
    ],
    "schema_version": {
        "comment": "Copied from tde.space;",
        "comments": "From Goldtooth et al. (2023)",
        "value": 0
    },
    "name": {
        "alias": [
            {
                "value": "J030257",
                "reference": [
                    "2018arXiv180205105W",
                    "2023PASP..135c4101G"
                ]
            }
        ],
        "default_name": "J030257"
    },
    "reference_alias": [
        {
            "name": "2018arXiv180205105W",
            "human_readable_name": "Wang et al. (2018)"
        },
        {
            "name": "2016A&A...594A..13P",
            "human_readable_name": "Planck Collaboration et al. (2016)"
        },
        {
            "name": "2011ApJ...737..103S",
            "human_readable_name": "Schlafly & Finkbeiner (2011)"
        },
        {
            "name": "2017ApJ...835...64G",
            "human_readable_name": "Guillochon et al. (2017)"
        },
        {
            "name": "2023PASP..135c4101G",
            "human_readable_name": "Goldtooth, Aaron et al. (2023)"
        },
        {
            "name": "2018MNRAS.477.2943W",
            "human_readable_name": "Wang, Tinggui et al. (2018)"
        }
    ],
    "filter_alias": [
        {
            "filter_key": "V",
            "wave_eff": 551,
            "wave_units": "nm",
            "filter_name": "V"
        },
        {
            "filter_key": "W1",
            "wave_eff": 3352.6,
            "wave_units": "nm",
            "filter_name": "W1"
        },
        {
            "filter_key": "W2",
            "wave_eff": 4602.8,
            "wave_units": "nm",
            "filter_name": "W2"
        }
    ],
    "photometry": [
        {
            "raw": [
                16.744
            ],
            "raw_err": [
                0.011
            ],
            "raw_units": "vega",
            "filter_key": [
                "V"
            ],
            "obs_type": [
                "uvoir"
            ],
            "date": [
                "55143.3"
            ],
            "date_format": "MJD",
            "upperlimit": [
                false
            ],
            "telescope": "CRTS",
            "corr_k": null,
            "corr_av": null,
            "corr_host": null,
            "corr_hostav": null,
            "reference": [
                "2018arXiv180205105W"
            ],
            "corr_s": null
        },
        {
            "raw": [
                12.963,
                12.046,
                13.066,
                12.179,
                13.225,
                12.393,
                13.322,
                12.765,
                13.305,
                12.687,
                13.28,
                12.703,
                13.29,
                12.763,
                13.306,
                12.73
            ],
            "raw_err": [
                0.016,
                0.018,
                0.014,
                0.012,
                0.016,
                0.02,
                0.019,
                0.027,
                0.023,
                0.037,
                0.015,
                0.026,
                0.014,
                0.056,
                0.017,
                0.034
            ],
            "raw_units": "vega",
            "filter_key": [
                "W1",
                "W2",
                "W1",
                "W2",
                "W1",
                "W2",
                "W1",
                "W2",
                "W1",
                "W2",
                "W1",
                "W2",
                "W1",
                "W2",
                "W1",
                "W2"
            ],
            "obs_type": [
                "uvoir",
                "uvoir",
                "uvoir",
                "uvoir",
                "uvoir",
                "uvoir",
                "uvoir",
                "uvoir",
                "uvoir",
                "uvoir",
                "uvoir",
                "uvoir",
                "uvoir",
                "uvoir",
                "uvoir",
                "uvoir"
            ],
            "date": [
                "55222.6",
                "55222.6",
                "55411.2",
                "55411.2",
                "55587.1",
                "55587.1",
                "56684.9",
                "56684.9",
                "56874.7",
                "56874.7",
                "57046.4",
                "57046.4",
                "57236.7",
                "57236.7",
                "57408.9",
                "57408.9"
            ],
            "date_format": "MJD",
            "upperlimit": [
                false,
                false,
                false,
                false,
                false,
                false,
                false,
                false,
                false,
                false,
                false,
                false,
                false,
                false,
                false,
                false
            ],
            "telescope": "WISE",
            "corr_k": null,
            "corr_av": null,
            "corr_host": null,
            "corr_hostav": null,
            "reference": [
                "2018arXiv180205105W"
            ],
            "corr_s": null
        }
    ],
    "host": [
        {
            "host_name": "SDSS J030257.14-082942.6",
            "host_ra": 45.73749999999999,
            "host_dec": -8.495277777777776,
            "host_ra_units": "deg",
            "host_dec_units": "deg",
            "reference": [
                "2023PASP..135c4101G",
                "2018MNRAS.477.2943W"
            ]
        }
    ]
}