{
    "_key": "7536154",
    "_id": "transients/7536154",
    "_rev": "_kk4VUHO---",
    "classification": {
        "discovery_method": "optical",
        "spec_classed": 3,
        "unambiguous": true,
        "value": [
            {
                "object_class": "TDE",
                "confidence": 3.3,
                "reference": [
                    "2011ApJ...741...73V",
                    "2017ApJ...835...64G",
                    "2017ApJ...838..149A",
                    "2023PASP..135c4101G",
                    "2024MNRAS.527.2452M",
                    "['2011MNRAS.417L..51V', '2020SSRv..216...81A']"
                ],
                "default": true
            }
        ]
    },
    "name": {
        "alias": [
            {
                "value": "TDE2",
                "reference": [
                    "2017ApJ...838..149A",
                    "2011ApJ...741...73V",
                    "2000A&AS..143....9W",
                    "2023PASP..135c4101G"
                ]
            },
            {
                "value": "SDSS-TDE2",
                "reference": [
                    "2011ApJ...741...73V",
                    "2024MNRAS.527.2452M",
                    "2000A&AS..143....9W"
                ]
            }
        ],
        "default_name": "TDE2"
    },
    "reference_alias": [
        {
            "name": "2017ApJ...838..149A",
            "human_readable_name": "Auchettl, Guillochon, & Ramirez-Ruiz (2017)"
        },
        {
            "name": "2016A&A...594A..13P",
            "human_readable_name": "Planck Collaboration et al. (2016)"
        },
        {
            "name": "2011ApJ...741...73V",
            "human_readable_name": "van Velzen et al. (2011)"
        },
        {
            "name": "2011ApJ...737..103S",
            "human_readable_name": "Schlafly & Finkbeiner (2011)"
        },
        {
            "name": "2017ApJ...835...64G",
            "human_readable_name": "Guillochon et al. (2017)"
        },
        {
            "name": "2000A&AS..143....9W",
            "human_readable_name": "Wenger et al. (2000)"
        },
        {
            "name": "van Velzen, Sjoert et al. (2011)",
            "human_readable_name": "2011ApJ...741...73V"
        },
        {
            "name": "2024MNRAS.527.2452M",
            "human_readable_name": "Mummery et al. (2023)"
        },
        {
            "name": "2023PASP..135c4101G",
            "human_readable_name": "Goldtooth, Aaron et al. (2023)"
        },
        {
            "name": "2011MNRAS.417L..51V",
            "human_readable_name": "van Velzen, Sjoert et al. (2011)"
        },
        {
            "name": "2020SSRv..216...81A",
            "human_readable_name": "Alexander, Kate D. et al. (2020)"
        },
        {
            "name": "2013A&A...552A...5V",
            "human_readable_name": "van Velzen, S. et al. (2013)"
        },
        {
            "name": "2011MNRAS.417L..51V",
            "human_readable_name": "van Velzen, Sjoert et al. (2011)"
        }
    ],
    "photometry": [
        {
            "raw": [
                0.024
            ],
            "raw_units": [
                "ct"
            ],
            "value": [
                1.06e-13
            ],
            "value_units": [
                "ergs/cm^2/s"
            ],
            "filter_key": [
                "0.3 - 2.0"
            ],
            "obs_type": [
                "xray"
            ],
            "date": [
                "48200"
            ],
            "date_format": "MJD",
            "upperlimit": [
                true
            ],
            "telescope": "ROSAT",
            "corr_k": null,
            "corr_av": null,
            "corr_host": null,
            "corr_hostav": null,
            "reference": [
                "2017ApJ...838..149A"
            ],
            "xray_model": [
                {
                    "model_name": "Absorbed Powerlaw",
                    "param_names": [
                        "photonindex",
                        "nhmw"
                    ],
                    "param_values": [
                        "4.5",
                        "0.0423"
                    ],
                    "param_units": [
                        "None",
                        "10^22 cm^-2"
                    ],
                    "min_energy": 0.3,
                    "max_energy": 2,
                    "energy_units": "keV"
                }
            ],
            "corr_s": null
        },
        {
            "raw": [
                0.563
            ],
            "raw_units": [
                "ct"
            ],
            "value": [
                2.82e-12
            ],
            "value_units": [
                "ergs/cm^2/s"
            ],
            "filter_key": [
                "0.3 - 2.0"
            ],
            "obs_type": [
                "xray"
            ],
            "date": [
                "56995.9"
            ],
            "date_format": "MJD",
            "upperlimit": [
                true
            ],
            "telescope": "XMM",
            "corr_k": null,
            "corr_av": null,
            "corr_host": null,
            "corr_hostav": null,
            "reference": [
                "2017ApJ...838..149A"
            ],
            "xray_model": [
                {
                    "model_name": "Absorbed Powerlaw",
                    "param_names": [
                        "photonindex",
                        "nhmw"
                    ],
                    "param_values": [
                        "4.5",
                        "0.0423"
                    ],
                    "param_units": [
                        "None",
                        "10^22 cm^-2"
                    ],
                    "min_energy": 0.3,
                    "max_energy": 2,
                    "energy_units": "keV"
                }
            ],
            "corr_s": null
        },
        {
            "raw": [
                19.26
            ],
            "raw_err": [
                0.3
            ],
            "raw_units": "mag(AB)",
            "filter_key": [
                "C"
            ],
            "obs_type": [
                "uvoir"
            ],
            "date": [
                "54269.052"
            ],
            "date_format": "MJD",
            "upperlimit": [
                false
            ],
            "telescope": "CSS",
            "corr_k": null,
            "corr_av": null,
            "corr_host": null,
            "corr_hostav": null,
            "reference": [
                "2011ApJ...741...73V"
            ],
            "corr_s": null
        },
        {
            "raw": [
                21.184,
                21.4025,
                21.099
            ],
            "raw_err": [
                0.1,
                0.16,
                0.096
            ],
            "raw_units": "mag(AB)",
            "filter_key": [
                "NUV",
                "FUV",
                "NUV"
            ],
            "obs_type": [
                "uvoir",
                "uvoir",
                "uvoir"
            ],
            "date": [
                "54708.074",
                "54753.806",
                "54753.806"
            ],
            "date_format": "MJD",
            "upperlimit": [
                false,
                false,
                false
            ],
            "telescope": "GALEX",
            "corr_k": null,
            "corr_av": null,
            "corr_host": null,
            "corr_hostav": null,
            "reference": [
                "2011ApJ...741...73V"
            ],
            "corr_s": null
        },
        {
            "raw": [
                21.9897,
                21.9897,
                21.9897,
                21.9897,
                21.9897,
                21.9897,
                20.0545,
                20.368,
                19.9268,
                20.0966,
                20.4993,
                19.8738,
                20.2025,
                20.582,
                20.2274,
                20.4859,
                20.2824,
                20.3985,
                20.4621,
                20.1077,
                20.5392,
                20.3892,
                20.4063,
                20.6483,
                20.135,
                20.491,
                20.8167,
                20.7446,
                20.4937,
                20.6341,
                20.5019,
                20.4172,
                20.7091,
                20.4613,
                20.766,
                20.3943
            ],
            "raw_units": "mag(AB)",
            "filter_key": [
                "g",
                "r",
                "u",
                "g",
                "r",
                "u",
                "g",
                "r",
                "u",
                "g",
                "r",
                "u",
                "g",
                "r",
                "g",
                "r",
                "u",
                "g",
                "r",
                "u",
                "g",
                "g",
                "g",
                "r",
                "u",
                "g",
                "r",
                "u",
                "g",
                "r",
                "u",
                "g",
                "r",
                "g",
                "r",
                "u"
            ],
            "obs_type": [
                "uvoir",
                "uvoir",
                "uvoir",
                "uvoir",
                "uvoir",
                "uvoir",
                "uvoir",
                "uvoir",
                "uvoir",
                "uvoir",
                "uvoir",
                "uvoir",
                "uvoir",
                "uvoir",
                "uvoir",
                "uvoir",
                "uvoir",
                "uvoir",
                "uvoir",
                "uvoir",
                "uvoir",
                "uvoir",
                "uvoir",
                "uvoir",
                "uvoir",
                "uvoir",
                "uvoir",
                "uvoir",
                "uvoir",
                "uvoir",
                "uvoir",
                "uvoir",
                "uvoir",
                "uvoir",
                "uvoir",
                "uvoir"
            ],
            "date": [
                "54059.208",
                "54059.208",
                "54059.208",
                "54062.213",
                "54062.213",
                "54062.213",
                "54357.252",
                "54357.252",
                "54357.252",
                "54362.301",
                "54362.301",
                "54362.301",
                "54379.292",
                "54379.292",
                "54385.299",
                "54385.299",
                "54385.299",
                "54387.300",
                "54387.300",
                "54387.300",
                "54394.283",
                "54402.293",
                "54411.165",
                "54411.165",
                "54411.165",
                "54413.206",
                "54413.206",
                "54413.206",
                "54415.203",
                "54415.203",
                "54415.203",
                "54418.206",
                "54418.206",
                "54422.211",
                "54422.211",
                "54422.211"
            ],
            "date_format": "MJD",
            "upperlimit": [
                false,
                false,
                false,
                false,
                false,
                false,
                false,
                false,
                false,
                false,
                false,
                false,
                false,
                false,
                false,
                false,
                false,
                false,
                false,
                false,
                false,
                false,
                false,
                false,
                false,
                false,
                false,
                false,
                false,
                false,
                false,
                false,
                false,
                false,
                false,
                false
            ],
            "telescope": "SDSS",
            "corr_k": null,
            "corr_av": null,
            "corr_host": null,
            "corr_hostav": null,
            "reference": [
                "2011ApJ...741...73V"
            ],
            "corr_s": null
        },
        {
            "raw": [
                -2.2703e-08,
                1.291e-06,
                9.7817e-07,
                -4.7137e-07,
                1.8289e-06,
                3.0512e-06,
                1.2443e-05,
                -3.9217e-06,
                1.4577e-06,
                2.3427718184966275e-05,
                3.159553373643259e-05,
                1.8971560336820317e-05,
                3.142835305503652e-05,
                4.0132973401610666e-05,
                2.527619600848826e-05,
                3.123781559586203e-05,
                3.779203072493774e-05,
                4.084739317870077e-05,
                2.1446835125311008e-05,
                1.5640866782903224e-05,
                3.384685797006426e-05,
                3.700959407300463e-05,
                3.4149704792047085e-05,
                3.1222251727518835e-05,
                1.4671133448213897e-05,
                2.303037610037956e-05,
                2.4553896797297864e-05,
                3.246646332825693e-05,
                4.967809571895841e-05,
                4.628848189141615e-05,
                4.491876037385868e-06,
                -1.4399425245898985e-05,
                -1.774488239272746e-05,
                1.4857477135312627e-05,
                -2.2684227403448382e-05,
                5.1230730414354314e-05,
                -1.538913040353823e-05,
                2.4780331117750507e-05,
                1.3448148823144989e-05,
                2.946763887063409e-05,
                1.2967656326382063e-05,
                3.285204151866854e-05,
                -2.555542327794305e-05,
                1.172438246508808e-05,
                -3.1371320885357824e-05,
                -5.515999381973775e-06,
                -4.027736714989496e-05,
                3.762162735047963e-05,
                2.6311410955478082e-05,
                5.764293145849211e-05,
                4.877106486837456e-05,
                7.18121e-07,
                9.87203e-07,
                1.2487e-05,
                1.52706e-05,
                1.65142e-05,
                4.86113e-05,
                5.10431e-05,
                3.50346e-05,
                4.11507e-05,
                4.01289e-05,
                2.28885e-05,
                2.86218e-05,
                3.16036e-05,
                4.32172e-05,
                4.15735e-05,
                3.771e-05,
                3.68551e-05,
                3.14816e-05,
                2.76552e-05,
                3.17524e-05,
                3.12563e-05,
                2.89106e-05,
                2.88388e-05,
                3.0944e-05,
                2.97124e-05,
                3.23785e-05,
                2.86904e-05,
                2.65863e-05,
                2.90467e-05,
                2.96905e-05,
                2.50113e-05,
                2.14179e-05,
                2.53406e-05,
                2.36492e-05,
                2.24418e-05
            ],
            "raw_err": [
                9.7827e-07,
                1.1991e-06,
                1.3345e-06,
                1.7073e-06,
                2.0418e-06,
                2.5467e-06,
                5.1273e-06,
                8.8297e-06,
                1.135e-05,
                1.098021392938153e-05,
                1.0917242636783945e-05,
                1.190195554294405e-05,
                1.0812802352959195e-05,
                1.1727518288649398e-05,
                1.0748698735129274e-05,
                1.1364971003006772e-05,
                1.1118626276114868e-05,
                1.1153859011145057e-05,
                1.2171249021569559e-05,
                1.4750129197564145e-05,
                1.1196472384473351e-05,
                1.2381868194366697e-05,
                1.04105081648593e-05,
                1.1620268948624987e-05,
                1.0842664524658713e-05,
                1.2830424917656897e-05,
                1.0707009044633817e-05,
                1.332116359294933e-05,
                1.017341777006957e-05,
                1.7716532505723067e-05,
                2.338400483800085e-05,
                2.1790889877204256e-05,
                2.4555515671802705e-05,
                2.0566285381267516e-05,
                2.2442658774158552e-05,
                2.217015336300836e-05,
                2.398937572801436e-05,
                2.0759073963896157e-05,
                2.2334642324213566e-05,
                2.415153708637366e-05,
                3.431933689566427e-05,
                2.2456776712687246e-05,
                3.2309656729158615e-05,
                1.9819099121332728e-05,
                2.5530624296150384e-05,
                2.1906389995774976e-05,
                2.6160026861861057e-05,
                2.1125613084243643e-05,
                2.9945681020891615e-05,
                2.3302608442399584e-05,
                3.864535391866106e-05,
                4.0422996784554887e-08,
                5.55696251415626e-08,
                1.8401516743738655e-06,
                1.4064730349027286e-06,
                1.4601729816304646e-06,
                2.6564570942995772e-06,
                2.4742450055591168e-06,
                2.5564627083587136e-06,
                1.6303695891382739e-06,
                2.266245418828918e-06,
                1.4744236649630499e-06,
                1.8256932909651584e-06,
                3.0897243892670937e-06,
                1.6685422819913624e-06,
                1.551698582452767e-06,
                1.3611040779477397e-06,
                1.3774609148601595e-06,
                1.4023321403714007e-06,
                2.0886286537488774e-06,
                2.381055293673378e-06,
                1.217720267668349e-06,
                1.6293397927739994e-06,
                1.2067204127120048e-06,
                1.3294351936082076e-06,
                1.7709117988556275e-06,
                1.4756068383865193e-06,
                1.46049264577959e-06,
                1.4249942002835276e-06,
                1.3928175956945437e-06,
                1.5461955027690448e-06,
                1.3598304653042104e-06,
                1.296831958714948e-06,
                1.3943496059369546e-06,
                1.2907002124646479e-06,
                1.6332449134607854e-06
            ],
            "raw_units": "Jy",
            "date": [
                "58054.169521",
                "60476.068775",
                "58054.174828",
                "60476.074543",
                "58054.164343",
                "60476.062276",
                "60476.064247",
                "58054.167438",
                "60476.065574",
                "56822.21824627",
                "57002.35723608",
                "57186.847561375",
                "57361.592717089996",
                "57551.01152339",
                "57720.71578341",
                "57915.208460515",
                "58081.36567941",
                "58282.39111219",
                "58444.90387664",
                "58646.442615295",
                "58809.065089325",
                "59010.79887446",
                "59173.10583655",
                "59377.855042434996",
                "59540.35522883",
                "59742.07439024",
                "59904.61095376",
                "60109.053593375",
                "60269.01408148",
                "60473.36031531",
                "56822.21824627",
                "57002.35723608",
                "57186.847561375",
                "57361.592717089996",
                "57551.01152339",
                "57720.71578341",
                "57915.208460515",
                "58081.36567941",
                "58282.39111219",
                "58444.90387664",
                "58646.442615295",
                "58809.065089325",
                "59010.79887446",
                "59173.10583655",
                "59377.855042434996",
                "59540.35522883",
                "59742.07439024",
                "59904.61095376",
                "60109.053593375",
                "60269.01408148",
                "60473.36031531",
                "57615.74873",
                "57615.74873",
                "54751.71601",
                "54705.9862",
                "54751.71601",
                "54355.16572",
                "54360.209265",
                "54383.211835",
                "54385.214235",
                "54409.067825",
                "54411.10777",
                "54413.11017",
                "54420.11857",
                "54355.16572",
                "54360.209265",
                "54377.204635",
                "54383.211835",
                "54385.214235",
                "54392.18509",
                "54400.207205",
                "54409.067825",
                "54411.10777",
                "54413.11017",
                "54416.113769999996",
                "54420.11857",
                "54355.16572",
                "54360.209265",
                "54377.204635",
                "54383.211835",
                "54385.214235",
                "54409.067825",
                "54411.10777",
                "54413.11017",
                "54416.113769999996",
                "54420.11857"
            ],
            "date_format": "mjd",
            "filter_key": [
                "UVW2.uvot",
                "UVW2.uvot",
                "UVM2.uvot",
                "UVM2.uvot",
                "UVW1.uvot",
                "UVW1.uvot",
                "U.uvot",
                "B.uvot",
                "B.uvot",
                "W1.wise",
                "W1.wise",
                "W1.wise",
                "W1.wise",
                "W1.wise",
                "W1.wise",
                "W1.wise",
                "W1.wise",
                "W1.wise",
                "W1.wise",
                "W1.wise",
                "W1.wise",
                "W1.wise",
                "W1.wise",
                "W1.wise",
                "W1.wise",
                "W1.wise",
                "W1.wise",
                "W1.wise",
                "W1.wise",
                "W1.wise",
                "W2.wise",
                "W2.wise",
                "W2.wise",
                "W2.wise",
                "W2.wise",
                "W2.wise",
                "W2.wise",
                "W2.wise",
                "W2.wise",
                "W2.wise",
                "W2.wise",
                "W2.wise",
                "W2.wise",
                "W2.wise",
                "W2.wise",
                "W2.wise",
                "W2.wise",
                "W2.wise",
                "W2.wise",
                "W2.wise",
                "W2.wise",
                "F125LP",
                "F150LP",
                "FUV",
                "NUV",
                "NUV",
                "u.sdss",
                "u.sdss",
                "u.sdss",
                "u.sdss",
                "u.sdss",
                "u.sdss",
                "u.sdss",
                "u.sdss",
                "g.sdss",
                "g.sdss",
                "g.sdss",
                "g.sdss",
                "g.sdss",
                "g.sdss",
                "g.sdss",
                "g.sdss",
                "g.sdss",
                "g.sdss",
                "g.sdss",
                "g.sdss",
                "r.sdss",
                "r.sdss",
                "r.sdss",
                "r.sdss",
                "r.sdss",
                "r.sdss",
                "r.sdss",
                "r.sdss",
                "r.sdss",
                "r.sdss"
            ],
            "obs_type": "uvoir",
            "reference": [
                "2011ApJ...741...73V",
                "2024MNRAS.527.2452M"
            ],
            "upperlimit": [
                true,
                true,
                true,
                true,
                true,
                true,
                true,
                true,
                true,
                true,
                true,
                true,
                true,
                false,
                true,
                true,
                false,
                false,
                true,
                true,
                false,
                true,
                false,
                true,
                true,
                true,
                true,
                true,
                false,
                true,
                true,
                true,
                true,
                true,
                true,
                true,
                true,
                true,
                true,
                true,
                true,
                true,
                true,
                true,
                true,
                true,
                true,
                true,
                true,
                true,
                true,
                false,
                false,
                false,
                false,
                false,
                false,
                false,
                false,
                false,
                false,
                false,
                false,
                false,
                false,
                false,
                false,
                false,
                false,
                false,
                false,
                false,
                false,
                false,
                false,
                false,
                false,
                false,
                false,
                false,
                false,
                false,
                false,
                false,
                false,
                false
            ],
            "corr_k": false,
            "corr_s": false,
            "corr_av": false,
            "corr_host": false,
            "corr_hostav": false,
            "val_av": 0.10605240929343614
        },
        {
            "reference": "['2011MNRAS.417L..51V', '2020SSRv..216...81A']",
            "raw": [
                255
            ],
            "raw_err": [
                0
            ],
            "raw_units": "uJy",
            "date": [
                "54407.071"
            ],
            "date_format": [
                "mjd"
            ],
            "upperlimit": [
                true
            ],
            "filter_key": [
                "8.4GHz"
            ],
            "obs_type": "radio",
            "corr_k": false,
            "corr_s": false,
            "corr_host": false,
            "corr_av": false,
            "corr_hostav": false
        },
        {
            "reference": "['2013A&A...552A...5V', '2020SSRv..216...81A']",
            "raw": [
                36
            ],
            "raw_err": [
                0
            ],
            "raw_units": "uJy",
            "date": [
                "55955.935"
            ],
            "date_format": [
                "mjd"
            ],
            "upperlimit": [
                true
            ],
            "filter_key": [
                "5.0GHz"
            ],
            "obs_type": "radio",
            "corr_k": false,
            "corr_s": false,
            "corr_host": false,
            "corr_av": false,
            "corr_hostav": false
        }
    ],
    "distance": [
        {
            "value": "0.2515",
            "distance_type": "redshift",
            "reference": [
                "2011ApJ...741...73V",
                "2017ApJ...838..149A",
                "2023PASP..135c4101G",
                "2024MNRAS.527.2452M"
            ],
            "default": true
        },
        {
            "value": "0.252",
            "distance_type": "redshift",
            "reference": [
                "2011MNRAS.417L..51V"
            ],
            "default": false
        },
        {
            "value": "1046",
            "distance_type": "comoving",
            "unit": "Mpc",
            "reference": [
                "2016A&A...594A..13P",
                "2017ApJ...835...64G",
                "2017ApJ...838..149A"
            ],
            "default": true
        },
        {
            "value": "1309",
            "distance_type": "luminosity",
            "unit": "Mpc",
            "reference": [
                "2016A&A...594A..13P",
                "2017ApJ...835...64G",
                "2017ApJ...838..149A"
            ],
            "default": true
        }
    ],
    "coordinate": [
        {
            "ra": "23:23:48.615",
            "dec": "-01:08:10.34",
            "ra_units": "hour",
            "dec_units": "deg",
            "coordinate_type": "equatorial",
            "default": true,
            "reference": [
                "2000A&AS..143....9W",
                "2011ApJ...741...73V"
            ]
        },
        {
            "ra": "23:23:48.615",
            "dec": "-01:08:10.34",
            "ra_units": "hour",
            "dec_units": "degree",
            "coordinate_type": "equatorial",
            "default": false,
            "reference": [
                "2000A&AS..143....9W"
            ]
        },
        {
            "ra": "350.95256",
            "dec": "-1.13618",
            "ra_units": "deg",
            "dec_units": "deg",
            "coordinate_type": "equatorial",
            "default": false,
            "reference": [
                "2011ApJ...741...73V",
                "2024MNRAS.527.2452M"
            ]
        }
    ],
    "filter_alias": [
        {
            "filter_key": "0.3 - 2.0",
            "wave_eff": 0.7293188143129428,
            "wave_min": 0.6199209921660013,
            "wave_max": 4.132806614440009,
            "wave_units": "nm",
            "filter_name": "0.3 - 2.0"
        },
        {
            "filter_key": "C",
            "wave_eff": 616.690135,
            "wave_units": "nm",
            "filter_name": "C"
        },
        {
            "filter_key": "FUV",
            "wave_eff": 153.8620701901866,
            "wave_units": "nm",
            "filter_name": "FUV"
        },
        {
            "filter_key": "NUV",
            "wave_eff": 231.56631043707714,
            "wave_units": "nm",
            "filter_name": "NUV"
        },
        {
            "filter_key": "g",
            "wave_eff": 475,
            "wave_units": "nm",
            "filter_name": "g"
        },
        {
            "filter_key": "r",
            "wave_eff": 622,
            "wave_units": "nm",
            "filter_name": "r"
        },
        {
            "filter_key": "u",
            "wave_eff": 354,
            "wave_units": "nm",
            "filter_name": "u"
        },
        {
            "filter_key": "B.uvot",
            "filter_name": "B.uvot",
            "freq_eff": 695280559412463.5,
            "freq_units": "Hz"
        },
        {
            "filter_key": "F125LP",
            "filter_name": "F125LP",
            "freq_eff": 2105859020713276.5,
            "freq_units": "Hz"
        },
        {
            "filter_key": "F150LP",
            "filter_name": "F150LP",
            "freq_eff": 1872747059283952.8,
            "freq_units": "Hz"
        },
        {
            "filter_key": "U.uvot",
            "filter_name": "U.uvot",
            "freq_eff": 872815357550259.6,
            "freq_units": "Hz"
        },
        {
            "filter_key": "UVM2.uvot",
            "filter_name": "UVM2.uvot",
            "freq_eff": 1346484181597652,
            "freq_units": "Hz"
        },
        {
            "filter_key": "UVW1.uvot",
            "filter_name": "UVW1.uvot",
            "freq_eff": 1198891057872408,
            "freq_units": "Hz"
        },
        {
            "filter_key": "UVW2.uvot",
            "filter_name": "UVW2.uvot",
            "freq_eff": 1492659946412262.2,
            "freq_units": "Hz"
        },
        {
            "filter_key": "W1.wise",
            "filter_name": "W1.wise",
            "freq_eff": 89917740678395.33,
            "freq_units": "Hz"
        },
        {
            "filter_key": "W2.wise",
            "filter_name": "W2.wise",
            "freq_eff": 65429370473910.305,
            "freq_units": "Hz"
        },
        {
            "filter_key": "g.sdss",
            "filter_name": "g.sdss",
            "freq_eff": 646569472243250,
            "freq_units": "Hz"
        },
        {
            "filter_key": "r.sdss",
            "filter_name": "r.sdss",
            "freq_eff": 488925642232043.75,
            "freq_units": "Hz"
        },
        {
            "filter_key": "u.sdss",
            "filter_name": "u.sdss",
            "freq_eff": 847747991775816.2,
            "freq_units": "Hz"
        },
        {
            "filter_key": "8.4GHz",
            "filter_name": "X",
            "freq_eff": 8.4,
            "freq_units": "GHz"
        },
        {
            "filter_key": "5.0GHz",
            "filter_name": "C",
            "freq_eff": 5,
            "freq_units": "GHz"
        }
    ],
    "date_reference": [
        {
            "value": "2007-06-18",
            "date_format": "iso",
            "date_type": "discovery",
            "reference": [
                "2011ApJ...741...73V",
                "2017ApJ...835...64G"
            ],
            "default": false
        },
        {
            "value": "2007-06-18 ",
            "date_format": "iso",
            "date_type": "discovery",
            "reference": [
                "2011ApJ...741...73V",
                "2017ApJ...838..149A",
                "2023PASP..135c4101G"
            ],
            "default": true
        },
        {
            "value": "54266.95833333332",
            "date_format": "mjd",
            "date_type": "peak",
            "reference": [
                "2011ApJ...741...73V",
                "2024MNRAS.527.2452M"
            ],
            "default": true
        }
    ],
    "host": [
        {
            "host_name": "SDSS J232348.61-010810.3",
            "host_ra": 350.9541666666666,
            "host_dec": -1.136111111111111,
            "host_ra_units": "deg",
            "host_dec_units": "deg",
            "reference": [
                "2023PASP..135c4101G",
                "2011ApJ...741...73V",
                "2017ApJ...838..149A"
            ]
        }
    ],
    "schema_version": {
        "comment": "Copied from tde.space;",
        "comments": "From Goldtooth et al. (2023)",
        "value": 0
    }
}