{
    "_key": "7553067",
    "_id": "vetting/7553067",
    "_rev": "_kl-4xKq---",
    "name": {
        "default_name": "2021qth",
        "alias": [
            {
                "value": "2021qth",
                "reference": [
                    "2021TNSTR2141....1F"
                ]
            }
        ]
    },
    "coordinate": [
        {
            "ra": 302.912191,
            "dec": -21.160179,
            "ra_units": "deg",
            "dec_units": "deg",
            "reference": [
                "2021TNSTR2141....1F"
            ],
            "coordinate_type": "equatorial"
        }
    ],
    "distance": [
        {
            "value": 0.0805,
            "reference": [
                "2023TNSCR2004....1Y"
            ],
            "computed": false,
            "distance_type": "redshift"
        }
    ],
    "classification": {
        "value": [
            {
                "object_class": "TDE",
                "confidence": 3,
                "reference": [
                    "2023TNSCR2004....1Y, 2024ApJ...974..172A"
                ]
            }
        ]
    },
    "schema_version": {
        "comment": "Uploader:NF | Email:nfranz@arizona.edu"
    },
    "reference_alias": [
        {
            "name": "2024ApJ...974..172A",
            "human_readable_name": "Aleo, P. D. et al. (2024)"
        },
        {
            "name": "2023TNSCR2004....1Y",
            "human_readable_name": "Yao, Y. (2023)"
        },
        {
            "name": "2021TNSTR2141....1F",
            "human_readable_name": "Forster, F. et al. (2021)"
        }
    ]
}