{
    "_key": "7553087",
    "_id": "vetting/7553087",
    "_rev": "_kl-42FO---",
    "name": {
        "default_name": "2023kvy",
        "alias": [
            {
                "value": "2023kvy",
                "reference": [
                    "2023TNSTR1398....1T"
                ]
            }
        ]
    },
    "coordinate": [
        {
            "ra": 354.949849,
            "dec": 8.164896,
            "ra_units": "deg",
            "dec_units": "deg",
            "reference": [
                "2023TNSTR1398....1T"
            ],
            "coordinate_type": "equatorial"
        }
    ],
    "distance": [
        {
            "value": 0.16,
            "reference": [
                "2023TNSCR2347....1G"
            ],
            "computed": false,
            "distance_type": "redshift"
        }
    ],
    "classification": {
        "value": [
            {
                "object_class": "TDE",
                "confidence": 3,
                "reference": [
                    "2023TNSCR2347....1G, 2024ApJ...974..172A"
                ]
            }
        ]
    },
    "schema_version": {
        "comment": "Uploader:NF | Email:nfranz@arizona.edu"
    },
    "reference_alias": [
        {
            "name": "2024ApJ...974..172A",
            "human_readable_name": "Aleo, P. D. et al. (2024)"
        },
        {
            "name": "2023TNSCR2347....1G",
            "human_readable_name": "Gomez, S. et al. (2023)"
        },
        {
            "name": "2023TNSTR1398....1T",
            "human_readable_name": "Tonry, J. et al. (2023)"
        }
    ]
}