{
    "_key": "7536174",
    "_id": "transients/7536174",
    "_rev": "_kk4VVqO---",
    "coordinate": [
        {
            "ra": "22:26:48.37",
            "dec": "+17:08:52.4",
            "ra_units": "hour",
            "dec_units": "deg",
            "coordinate_type": "equatorial",
            "default": false,
            "reference": [
                "2019MNRAS.488.1878N"
            ]
        },
        {
            "ra": "22:26:48.370",
            "dec": "+17:08:52.40",
            "ra_units": "hour",
            "dec_units": "degree",
            "coordinate_type": "equatorial",
            "default": false,
            "reference": [
                "2017TNSTR.646....1C"
            ]
        },
        {
            "ra": "336.701543422",
            "dec": "17.1478884031",
            "ra_units": "deg",
            "dec_units": "deg",
            "coordinate_type": "equatorial",
            "default": true,
            "reference": [
                "2019MNRAS.488.1878N",
                "2024MNRAS.527.2452M"
            ]
        },
        {
            "ra": "336.701543422",
            "dec": "17.1478884031",
            "ra_units": "deg",
            "dec_units": "deg",
            "coordinate_type": "equatorial",
            "default": false,
            "epoch": "J2000",
            "frame": "ICRS",
            "reference": [
                "2017TNSTR.646....1C"
            ]
        }
    ],
    "name": {
        "alias": [
            {
                "value": "PS17dhz",
                "reference": [
                    "TNS"
                ]
            },
            {
                "value": "2017eqx",
                "reference": [
                    "TNS"
                ]
            },
            {
                "value": "AT2017eqx",
                "reference": [
                    "2019MNRAS.488.1878N",
                    "2019MNRAS.488.1878N",
                    "2024MNRAS.527.2452M",
                    "2017TNSTR.646....1C"
                ]
            },
            {
                "value": "AT 2017eqx",
                "reference": [
                    "2023PASP..135c4101G"
                ]
            }
        ],
        "default_name": "2017eqx"
    },
    "reference_alias": [
        {
            "name": "2019MNRAS.488.1878N",
            "human_readable_name": "Nicholl et al. 2019"
        },
        {
            "name": "2016A&A...594A..13P",
            "human_readable_name": "Planck Collaboration et al. (2016)"
        },
        {
            "name": "2017ApJ...835...64G",
            "human_readable_name": "Guillochon et al. (2017)"
        },
        {
            "name": "Nicholl, M. et al. (2019)",
            "human_readable_name": "2019MNRAS.488.1878N"
        },
        {
            "name": "2024MNRAS.527.2452M",
            "human_readable_name": "Mummery et al. (2023)"
        },
        {
            "name": "2023PASP..135c4101G",
            "human_readable_name": "Goldtooth, Aaron et al. (2023)"
        },
        {
            "name": "2017TNSTR.646....1C",
            "human_readable_name": "Chambers, K. C. et al. (2017)"
        },
        {
            "name": "2023arXiv230813595C",
            "human_readable_name": "Cendes, Y. et al. (2024)"
        },
        {
            "name": "2020SSRv..216...81A",
            "human_readable_name": "Alexander, Kate D. et al. (2020)"
        }
    ],
    "date_reference": [
        {
            "value": "2017-06-01",
            "date_format": "iso",
            "date_type": "discovery",
            "reference": [
                "2017ApJ...835...64G",
                "2019MNRAS.488.1878N"
            ],
            "default": true
        },
        {
            "value": "2017-06-07 ",
            "date_format": "iso",
            "date_type": "discovery",
            "reference": [
                "2019MNRAS.488.1878N",
                "2023PASP..135c4101G"
            ],
            "default": false
        },
        {
            "value": "57911.56",
            "date_format": "mjd",
            "date_type": "discovery",
            "reference": [
                "2017TNSTR.646....1C"
            ],
            "default": false
        },
        {
            "value": "57912.22750000004",
            "date_format": "mjd",
            "date_type": "peak",
            "reference": [
                "2019MNRAS.488.1878N",
                "2024MNRAS.527.2452M"
            ],
            "default": true
        }
    ],
    "classification": {
        "discovery_method": "optical",
        "spec_classed": 3,
        "unambiguous": true,
        "value": [
            {
                "object_class": "TDE",
                "confidence": 3.3,
                "reference": [
                    "2017ApJ...835...64G",
                    "2019MNRAS.488.1878N",
                    "2023PASP..135c4101G",
                    "2023arXiv230813595C",
                    "2024MNRAS.527.2452M"
                ],
                "default": true
            }
        ]
    },
    "host": [
        {
            "host_name": "SDSS J222648.38+170852.2",
            "host_ra": 336.69999999999993,
            "host_dec": 17.147777777777776,
            "host_ra_units": "deg",
            "host_dec_units": "deg",
            "reference": [
                "2023PASP..135c4101G",
                "2019MNRAS.488.1878N"
            ]
        }
    ],
    "schema_version": {
        "comment": "Copied from tde.space;",
        "comments": "From Goldtooth et al. (2023)",
        "value": 0
    },
    "filter_alias": [
        {
            "filter_key": "o",
            "wave_eff": 686.6260690394873,
            "wave_units": "nm",
            "filter_name": "o"
        },
        {
            "filter_key": "g",
            "wave_eff": 475,
            "wave_units": "nm",
            "filter_name": "g"
        },
        {
            "filter_key": "i",
            "wave_eff": 763,
            "wave_units": "nm",
            "filter_name": "i"
        },
        {
            "filter_key": "r",
            "wave_eff": 622,
            "wave_units": "nm",
            "filter_name": "r"
        },
        {
            "filter_key": "z",
            "wave_eff": 905,
            "wave_units": "nm",
            "filter_name": "z"
        },
        {
            "filter_key": "U",
            "wave_eff": 365,
            "wave_units": "nm",
            "filter_name": "U"
        },
        {
            "filter_key": "UVM2",
            "wave_eff": 260,
            "wave_units": "nm",
            "filter_name": "UVM2"
        },
        {
            "filter_key": "UVW1",
            "wave_eff": 224.6,
            "wave_units": "nm",
            "filter_name": "UVW1"
        },
        {
            "filter_key": "UVW2",
            "wave_eff": 192.8,
            "wave_units": "nm",
            "filter_name": "UVW2"
        },
        {
            "filter_key": "B.uvot",
            "filter_name": "B.uvot",
            "freq_eff": 695280559412463.5,
            "freq_units": "Hz"
        },
        {
            "filter_key": "U.uvot",
            "filter_name": "U.uvot",
            "freq_eff": 872815357550259.6,
            "freq_units": "Hz"
        },
        {
            "filter_key": "UVM2.uvot",
            "filter_name": "UVM2.uvot",
            "freq_eff": 1346484181597652,
            "freq_units": "Hz"
        },
        {
            "filter_key": "UVW1.uvot",
            "filter_name": "UVW1.uvot",
            "freq_eff": 1198891057872408,
            "freq_units": "Hz"
        },
        {
            "filter_key": "UVW2.uvot",
            "filter_name": "UVW2.uvot",
            "freq_eff": 1492659946412262.2,
            "freq_units": "Hz"
        },
        {
            "filter_key": "g.sdss",
            "filter_name": "g.sdss",
            "freq_eff": 646569472243250,
            "freq_units": "Hz"
        },
        {
            "filter_key": "r.sdss",
            "filter_name": "r.sdss",
            "freq_eff": 488925642232043.75,
            "freq_units": "Hz"
        },
        {
            "filter_key": "6.0GHz",
            "filter_name": "C",
            "freq_eff": 6,
            "freq_units": "GHz"
        }
    ],
    "photometry": [
        {
            "raw": [
                20.14,
                19.57,
                20.03,
                19.99,
                20.49,
                20.21,
                20.7
            ],
            "raw_err": [
                0.15,
                0.1,
                0.1,
                0.08,
                0.21,
                0.19,
                0.2
            ],
            "raw_units": "mag(AB)",
            "filter_key": [
                "o",
                "o",
                "o",
                "o",
                "o",
                "o",
                "o"
            ],
            "obs_type": [
                "uvoir",
                "uvoir",
                "uvoir",
                "uvoir",
                "uvoir",
                "uvoir",
                "uvoir"
            ],
            "date": [
                "57905.58",
                "57926.62",
                "57932.59",
                "57936.58",
                "57952.55",
                "57956.54",
                "57964.52"
            ],
            "date_format": "MJD",
            "upperlimit": [
                false,
                false,
                false,
                false,
                false,
                false,
                false
            ],
            "telescope": "ATLAS",
            "corr_k": null,
            "corr_av": null,
            "corr_host": null,
            "corr_hostav": null,
            "reference": [
                "2019MNRAS.488.1878N"
            ],
            "corr_s": null
        },
        {
            "raw": [
                20.78,
                20.8,
                21.08,
                21.05,
                21.54,
                21.31,
                21.89,
                21.63,
                21.82,
                22.08,
                22.48,
                23.05,
                22.81
            ],
            "raw_err": [
                0.13,
                0.11,
                0.14,
                0.19,
                0.13,
                0.2,
                0.24,
                0.09,
                0.15,
                0.14,
                0.19,
                0.32,
                0.28
            ],
            "raw_units": "mag(AB)",
            "filter_key": [
                "g",
                "g",
                "r",
                "i",
                "g",
                "i",
                "r",
                "g",
                "g",
                "r",
                "g",
                "r",
                "i"
            ],
            "obs_type": [
                "uvoir",
                "uvoir",
                "uvoir",
                "uvoir",
                "uvoir",
                "uvoir",
                "uvoir",
                "uvoir",
                "uvoir",
                "uvoir",
                "uvoir",
                "uvoir",
                "uvoir"
            ],
            "date": [
                "57965.47",
                "57965.47",
                "57965.47",
                "57965.48",
                "57997.4",
                "57997.41",
                "57997.41",
                "58010.23",
                "58028.11",
                "58028.12",
                "58076.15",
                "58076.15",
                "58077.14"
            ],
            "date_format": "MJD",
            "upperlimit": [
                false,
                false,
                false,
                false,
                false,
                false,
                false,
                false,
                false,
                false,
                false,
                false,
                false
            ],
            "telescope": "FLWO48",
            "corr_k": null,
            "corr_av": null,
            "corr_host": null,
            "corr_hostav": null,
            "reference": [
                "2019MNRAS.488.1878N"
            ],
            "corr_s": null
        },
        {
            "raw": [
                20.47,
                20.93,
                20.96,
                21.31,
                20.59,
                21.12,
                20.88,
                20.92,
                22.04,
                22.25,
                22.89,
                23.02
            ],
            "raw_err": [
                0.05,
                0.05,
                0.04,
                0.05,
                0.04,
                0.11,
                0.08,
                0.35,
                0.06,
                0.18,
                0.19,
                0.54
            ],
            "raw_units": "mag(AB)",
            "filter_key": [
                "g",
                "i",
                "r",
                "z",
                "g",
                "i",
                "r",
                "z",
                "g",
                "i",
                "r",
                "z"
            ],
            "obs_type": [
                "uvoir",
                "uvoir",
                "uvoir",
                "uvoir",
                "uvoir",
                "uvoir",
                "uvoir",
                "uvoir",
                "uvoir",
                "uvoir",
                "uvoir",
                "uvoir"
            ],
            "date": [
                "57951.3",
                "57951.3",
                "57951.3",
                "57951.3",
                "57956.3",
                "57956.3",
                "57956.3",
                "57956.3",
                "58046.1",
                "58046.1",
                "58046.1",
                "58046.1"
            ],
            "date_format": "MJD",
            "upperlimit": [
                false,
                false,
                false,
                false,
                false,
                false,
                false,
                false,
                false,
                false,
                false,
                false
            ],
            "telescope": "Magellan",
            "corr_k": null,
            "corr_av": null,
            "corr_host": null,
            "corr_hostav": null,
            "reference": [
                "2019MNRAS.488.1878N"
            ],
            "corr_s": null
        },
        {
            "raw": [
                19.7,
                20.09
            ],
            "raw_err": [
                0.04,
                0.03
            ],
            "raw_units": "mag(AB)",
            "filter_key": [
                "i",
                "i"
            ],
            "obs_type": [
                "uvoir",
                "uvoir"
            ],
            "date": [
                "57911.56",
                "57938.52"
            ],
            "date_format": "MJD",
            "upperlimit": [
                false,
                false
            ],
            "telescope": "PS1",
            "corr_k": null,
            "corr_av": null,
            "corr_host": null,
            "corr_hostav": null,
            "reference": [
                "2019MNRAS.488.1878N"
            ],
            "corr_s": null
        },
        {
            "raw": [
                18.45,
                19.05,
                18.82,
                18.28,
                18.75,
                19.55,
                19.06,
                18.33,
                18.99,
                20.05,
                19.13,
                18.64,
                18.89,
                19.22,
                19.07,
                19.28,
                20.03,
                19.39,
                18.83,
                19.01,
                19.66,
                19.49,
                19.56,
                19.32,
                19.62,
                19.57
            ],
            "raw_err": [
                0.13,
                0.2,
                0.18,
                0.09,
                0.15,
                0.27,
                0.2,
                0.09,
                0.17,
                0.37,
                0.21,
                0.1,
                0.28,
                0.45,
                0.26,
                0.18,
                0.34,
                0.24,
                0.11,
                0.28,
                0.49,
                0.28,
                0.29,
                0.22,
                0.24,
                0.21
            ],
            "raw_units": [
                "mag(AB)",
                "vega",
                "mag(AB)",
                "mag(AB)",
                "mag(AB)",
                "vega",
                "mag(AB)",
                "mag(AB)",
                "mag(AB)",
                "vega",
                "mag(AB)",
                "mag(AB)",
                "mag(AB)",
                "mag(AB)",
                "mag(AB)",
                "mag(AB)",
                "vega",
                "mag(AB)",
                "mag(AB)",
                "mag(AB)",
                "mag(AB)",
                "mag(AB)",
                "mag(AB)",
                "mag(AB)",
                "mag(AB)",
                "mag(AB)"
            ],
            "filter_key": [
                "UVM2",
                "U",
                "UVW1",
                "UVW2",
                "UVM2",
                "U",
                "UVW1",
                "UVW2",
                "UVM2",
                "U",
                "UVW1",
                "UVW2",
                "UVM2",
                "UVW1",
                "UVW2",
                "UVM2",
                "U",
                "UVW1",
                "UVW2",
                "UVM2",
                "UVW1",
                "UVW2",
                "UVM2",
                "UVW2",
                "UVM2",
                "UVW2"
            ],
            "obs_type": [
                "uvoir",
                "uvoir",
                "uvoir",
                "uvoir",
                "uvoir",
                "uvoir",
                "uvoir",
                "uvoir",
                "uvoir",
                "uvoir",
                "uvoir",
                "uvoir",
                "uvoir",
                "uvoir",
                "uvoir",
                "uvoir",
                "uvoir",
                "uvoir",
                "uvoir",
                "uvoir",
                "uvoir",
                "uvoir",
                "uvoir",
                "uvoir",
                "uvoir",
                "uvoir"
            ],
            "date": [
                "57945.0",
                "57945.0",
                "57945.0",
                "57945.0",
                "57953.0",
                "57953.0",
                "57953.0",
                "57953.0",
                "57968.0",
                "57968.0",
                "57968.0",
                "57968.0",
                "57973.0",
                "57973.0",
                "57973.0",
                "57978.0",
                "57978.0",
                "57978.0",
                "57978.0",
                "58002.0",
                "58002.0",
                "58002.0",
                "58006.0",
                "58006.0",
                "58012.0",
                "58012.0"
            ],
            "date_format": "MJD",
            "upperlimit": [
                false,
                false,
                false,
                false,
                false,
                false,
                false,
                false,
                false,
                false,
                false,
                false,
                false,
                false,
                false,
                false,
                false,
                false,
                false,
                false,
                false,
                false,
                false,
                false,
                false,
                false
            ],
            "telescope": "Swift",
            "corr_k": null,
            "corr_av": null,
            "corr_host": null,
            "corr_hostav": null,
            "reference": [
                "2019MNRAS.488.1878N"
            ],
            "corr_s": null
        },
        {
            "raw": [
                21.16,
                21.25,
                21.1,
                21.03,
                21.293,
                21.003,
                21.619,
                21,
                21.627,
                21.968,
                21.852,
                21.26,
                22.01,
                22.254,
                21.5,
                22.25,
                22.36,
                21.56
            ],
            "raw_units": "mag(AB)",
            "filter_key": [
                "r",
                "i",
                "g",
                "r",
                "i",
                "g",
                "i",
                "r",
                "g",
                "i",
                "g",
                "r",
                "g",
                "i",
                "r",
                "g",
                "i",
                "r"
            ],
            "obs_type": [
                "uvoir",
                "uvoir",
                "uvoir",
                "uvoir",
                "uvoir",
                "uvoir",
                "uvoir",
                "uvoir",
                "uvoir",
                "uvoir",
                "uvoir",
                "uvoir",
                "uvoir",
                "uvoir",
                "uvoir",
                "uvoir",
                "uvoir",
                "uvoir"
            ],
            "date": [
                "57979.22",
                "57979.227",
                "57979.235",
                "57995.187",
                "57995.195",
                "57995.202",
                "58012.201",
                "58012.201",
                "58012.208",
                "58019.14",
                "58019.148",
                "58019.148",
                "58028.083",
                "58028.083",
                "58028.083",
                "58035.058",
                "58035.058",
                "58035.058"
            ],
            "date_format": "MJD",
            "upperlimit": [
                false,
                false,
                false,
                false,
                false,
                false,
                false,
                false,
                false,
                false,
                false,
                false,
                false,
                false,
                false,
                false,
                false,
                false
            ],
            "telescope": "Swope",
            "corr_k": null,
            "corr_av": null,
            "corr_host": null,
            "corr_hostav": null,
            "reference": [
                "2019MNRAS.488.1878N"
            ],
            "corr_s": null
        },
        {
            "raw": [
                3.4553e-05,
                3.3441e-05,
                2.5605e-05,
                1.7869e-05,
                2.0965e-05,
                1.1596e-05,
                1.3668e-05,
                1.1597e-05,
                8.8212e-06,
                8.3094e-06,
                8.0639e-06,
                7.5875e-06,
                8.5609e-07,
                1.3582e-06,
                3.205e-05,
                2.2848e-05,
                1.961e-05,
                1.943e-05,
                1.5197e-05,
                1.7873e-05,
                1.105e-05,
                1.0829e-05,
                3.4245e-06,
                6.9823e-06,
                9.4096e-06,
                6.3005e-06,
                4.8724e-06,
                2.5728e-05,
                2.0119e-05,
                2.2273e-05,
                1.7227e-05,
                1.8893e-05,
                1.0371e-05,
                3.655e-06,
                5.4632e-06,
                2.856e-06,
                2.7604e-06,
                5.3218e-06,
                7.8901e-06,
                5.4743e-06,
                3.0197e-06,
                3.5281e-05,
                2.8499e-05,
                1.6806e-05,
                2.2931e-05,
                1.5033e-05,
                1.2859e-05,
                4.4271e-06,
                1.494e-05,
                6.3337e-06,
                1.6428e-05,
                -3.0088e-06,
                3.9531e-05,
                4.8787e-05,
                4.2199e-06,
                4.0898e-05,
                1.4619e-05,
                2.61167e-05,
                9.74807e-06,
                2.3384e-05,
                8.97261e-06,
                8.97261e-06,
                1.96299e-05,
                7.32687e-06,
                7.53214e-06,
                1.38331e-05,
                1.6631e-05,
                7.06185e-06,
                1.79027e-05,
                1.48908e-05,
                5.92814e-06
            ],
            "raw_err": [
                3.2292e-06,
                2.9592e-06,
                2.5944e-06,
                4.2174e-06,
                2.2785e-06,
                3.1781e-06,
                2.8543e-06,
                2.212e-06,
                1.968e-06,
                2.3382e-06,
                2.1989e-06,
                1.8513e-06,
                1.8714e-06,
                1.1317e-06,
                3.8249e-06,
                3.4213e-06,
                3.0162e-06,
                5.4046e-06,
                2.577e-06,
                4.8871e-06,
                3.1897e-06,
                2.4696e-06,
                1.7676e-06,
                2.5356e-06,
                2.8335e-06,
                1.9679e-06,
                3.4893e-06,
                4.6234e-06,
                4.1102e-06,
                3.9945e-06,
                7.8898e-06,
                3.6156e-06,
                5.9436e-06,
                4.3796e-06,
                2.6117e-06,
                3.0172e-06,
                3.6096e-06,
                2.5667e-06,
                9.5022e-06,
                3.6508e-06,
                5.029e-06,
                7.3912e-06,
                6.6e-06,
                5.8752e-06,
                1.2553e-05,
                5.5645e-06,
                9.482e-06,
                7.9053e-06,
                1.9694e-05,
                7.0088e-06,
                1.8474e-05,
                1.3759e-05,
                2.1519e-05,
                4.5514e-05,
                1.247e-05,
                2.3462e-05,
                1.7503991421137149e-06,
                1.2027205183270736e-06,
                1.167180598273427e-06,
                8.614988305317992e-07,
                7.437671680098501e-07,
                2.148658382765279e-06,
                2.3503730669955296e-06,
                2.159457340268893e-06,
                1.040599827660922e-06,
                1.7837008742172957e-06,
                6.127087314853591e-07,
                1.5610069512195123e-06,
                1.3191167450375291e-06,
                1.920090508070887e-06,
                7.643983388619042e-07
            ],
            "raw_units": "Jy",
            "date": [
                "57945.827823",
                "57953.560603",
                "57958.184475",
                "57963.582221",
                "57968.519307",
                "57973.351147",
                "57978.28446",
                "57988.936802",
                "58002.923152",
                "58006.03646",
                "58010.567755",
                "58012.576359",
                "60416.719609",
                "60418.2996",
                "57945.80092",
                "57953.557693",
                "57958.177098",
                "57963.554692",
                "57968.514224",
                "57973.345576",
                "57978.244616",
                "57988.940265",
                "58002.92571",
                "58006.041449",
                "58010.5696",
                "58012.580272",
                "60419.450575",
                "57945.823134",
                "57953.55878",
                "57958.180098",
                "57963.579913",
                "57968.516079",
                "57973.347704",
                "57978.281967",
                "58002.928277",
                "58006.046298",
                "58010.571196",
                "58012.583951",
                "60416.816838",
                "60417.574151",
                "60419.445854",
                "57945.824569",
                "57953.559432",
                "57958.18196",
                "57963.580759",
                "57968.517169",
                "57973.348995",
                "57978.282802",
                "60416.817551",
                "60417.574846",
                "60421.360542",
                "57945.825546",
                "60416.718319",
                "60416.81804",
                "60418.296726",
                "60419.447136",
                "57979.20756",
                "57951.307636000005",
                "57997.404609000005",
                "57956.297686000005",
                "58010.201315000006",
                "58012.197335000004",
                "57965.501556",
                "58019.105782000006",
                "58028.098961",
                "57979.20756",
                "57951.307636000005",
                "57997.404609000005",
                "57956.297686000005",
                "57965.501556",
                "58028.098961"
            ],
            "date_format": "mjd",
            "filter_key": [
                "UVW2.uvot",
                "UVW2.uvot",
                "UVW2.uvot",
                "UVW2.uvot",
                "UVW2.uvot",
                "UVW2.uvot",
                "UVW2.uvot",
                "UVW2.uvot",
                "UVW2.uvot",
                "UVW2.uvot",
                "UVW2.uvot",
                "UVW2.uvot",
                "UVW2.uvot",
                "UVW2.uvot",
                "UVM2.uvot",
                "UVM2.uvot",
                "UVM2.uvot",
                "UVM2.uvot",
                "UVM2.uvot",
                "UVM2.uvot",
                "UVM2.uvot",
                "UVM2.uvot",
                "UVM2.uvot",
                "UVM2.uvot",
                "UVM2.uvot",
                "UVM2.uvot",
                "UVM2.uvot",
                "UVW1.uvot",
                "UVW1.uvot",
                "UVW1.uvot",
                "UVW1.uvot",
                "UVW1.uvot",
                "UVW1.uvot",
                "UVW1.uvot",
                "UVW1.uvot",
                "UVW1.uvot",
                "UVW1.uvot",
                "UVW1.uvot",
                "UVW1.uvot",
                "UVW1.uvot",
                "UVW1.uvot",
                "U.uvot",
                "U.uvot",
                "U.uvot",
                "U.uvot",
                "U.uvot",
                "U.uvot",
                "U.uvot",
                "U.uvot",
                "U.uvot",
                "U.uvot",
                "B.uvot",
                "B.uvot",
                "B.uvot",
                "B.uvot",
                "B.uvot",
                "g.sdss",
                "g.sdss",
                "g.sdss",
                "g.sdss",
                "g.sdss",
                "g.sdss",
                "g.sdss",
                "g.sdss",
                "g.sdss",
                "r.sdss",
                "r.sdss",
                "r.sdss",
                "r.sdss",
                "r.sdss",
                "r.sdss"
            ],
            "obs_type": "uvoir",
            "reference": [
                "2019MNRAS.488.1878N",
                "2024MNRAS.527.2452M"
            ],
            "upperlimit": [
                false,
                false,
                false,
                false,
                false,
                false,
                false,
                false,
                false,
                false,
                false,
                false,
                true,
                true,
                false,
                false,
                false,
                false,
                false,
                false,
                false,
                false,
                true,
                true,
                false,
                false,
                true,
                false,
                false,
                false,
                true,
                false,
                true,
                true,
                true,
                true,
                true,
                true,
                true,
                true,
                true,
                false,
                false,
                true,
                true,
                true,
                true,
                true,
                true,
                true,
                true,
                true,
                true,
                true,
                true,
                true,
                false,
                false,
                false,
                false,
                false,
                false,
                false,
                false,
                false,
                false,
                false,
                false,
                false,
                false,
                false
            ],
            "corr_k": false,
            "corr_s": false,
            "corr_av": false,
            "corr_host": false,
            "corr_hostav": false,
            "val_av": 0.17524669876217752
        },
        {
            "reference": "2023arXiv230813595C",
            "raw": [
                0.018,
                0.011
            ],
            "raw_err": [
                0,
                0
            ],
            "raw_units": "mJy",
            "date": [
                "2020-05-25",
                "2022-10-7"
            ],
            "date_format": [
                "iso",
                "iso"
            ],
            "upperlimit": [
                true,
                true
            ],
            "filter_key": [
                "6.0GHz",
                "6.0GHz"
            ],
            "obs_type": "radio",
            "telescope": "VLA",
            "corr_k": false,
            "corr_s": false,
            "corr_host": false,
            "corr_av": false,
            "corr_hostav": false
        },
        {
            "reference": "['2019MNRAS.488.1878N', '2020SSRv..216...81A']",
            "raw": [
                27,
                26
            ],
            "raw_err": [
                0,
                0
            ],
            "raw_units": "uJy",
            "date": [
                "57948.477",
                "57987.252"
            ],
            "date_format": [
                "mjd",
                "mjd"
            ],
            "upperlimit": [
                true,
                true
            ],
            "filter_key": [
                "6.0GHz",
                "6.0GHz"
            ],
            "obs_type": "radio",
            "corr_k": false,
            "corr_s": false,
            "corr_host": false,
            "corr_av": false,
            "corr_hostav": false
        }
    ],
    "distance": [
        {
            "value": "0.1089",
            "distance_type": "redshift",
            "reference": [
                "2019MNRAS.488.1878N",
                "2023PASP..135c4101G",
                "2024MNRAS.527.2452M"
            ],
            "default": true
        },
        {
            "value": "469.6",
            "distance_type": "comoving",
            "unit": "Mpc",
            "reference": [
                "2016A&A...594A..13P",
                "2017ApJ...835...64G",
                "2019MNRAS.488.1878N"
            ],
            "default": true
        },
        {
            "value": "523.1",
            "distance_type": "luminosity",
            "unit": "Mpc",
            "reference": [
                "2019MNRAS.488.1878N"
            ],
            "default": true
        }
    ]
}