{
    "_key": "7536146",
    "_id": "transients/7536146",
    "_rev": "_kk4VT2m---",
    "coordinate": [
        {
            "ra": "216.964333",
            "dec": "28.174731",
            "ra_units": "deg",
            "dec_units": "deg",
            "coordinate_type": "equatorial",
            "epoch": "J2000",
            "frame": "ICRS",
            "reference": [
                "2022TNSTR.156....1M"
            ],
            "default": true
        },
        {
            "ra": "216.964333",
            "dec": "28.174731",
            "ra_units": "deg",
            "dec_units": "deg",
            "coordinate_type": "equatorial",
            "reference": [
                "2022TNSTR.156....1M"
            ],
            "default": false
        }
    ],
    "classification": {
        "discovery_method": "optical",
        "spec_classed": 3,
        "unambiguous": true,
        "value": [
            {
                "object_class": "TDE",
                "confidence": 3.3,
                "reference": [
                    "2022TNSCR.402....1T",
                    "2024ApJ...974..241A"
                ],
                "default": true
            }
        ]
    },
    "name": {
        "alias": [
            {
                "value": "Gaia22anq",
                "reference": [
                    "TNS"
                ]
            },
            {
                "value": "2022adm",
                "reference": [
                    "TNS"
                ]
            },
            {
                "value": "ZTF22aaaekqh",
                "reference": [
                    "TNS"
                ]
            },
            {
                "value": "AT2022adm",
                "reference": [
                    "2022TNSTR.156....1M"
                ]
            }
        ],
        "default_name": "2022adm"
    },
    "reference_alias": [
        {
            "name": "2022TNSTR.156....1M",
            "human_readable_name": "Munoz-Arancibia, A. et al. (2022)"
        },
        {
            "name": "2024ApJ...974..241A",
            "human_readable_name": "Anumarlapudi, Akash et al. (2024)"
        },
        {
            "name": "2022TNSCR.402....1T",
            "human_readable_name": "Tucker, M. A. (2022)"
        }
    ],
    "photometry": [
        {
            "reference": "2024ApJ...974..241A",
            "raw": [
                1.6,
                0.7
            ],
            "raw_err": [
                0,
                0
            ],
            "raw_units": "mJy",
            "date": [
                "58771.494108796294",
                "59672.494108796294"
            ],
            "date_format": [
                "mjd",
                "mjd"
            ],
            "upperlimit": [
                true,
                true
            ],
            "filter_key": [
                "887.5MHz",
                "887.5MHz"
            ],
            "obs_type": "radio",
            "telescope": "RACS",
            "corr_k": false,
            "corr_s": false,
            "corr_host": false,
            "corr_av": false,
            "corr_hostav": false
        }
    ],
    "filter_alias": [
        {
            "filter_key": "887.5MHz",
            "filter_name": "UHF",
            "freq_eff": 887.5,
            "freq_units": "MHz"
        }
    ],
    "distance": [
        {
            "value": 0.061,
            "computed": false,
            "distance_type": "redshift",
            "reference": [
                "2022TNSCR.402....1T"
            ]
        }
    ],
    "date_reference": [
        {
            "value": 59600.494108796294,
            "date_format": "mjd",
            "date_type": "discovery",
            "reference": [
                "2022TNSTR.156....1M"
            ],
            "computed": false
        }
    ]
}