{
    "_key": "7536216",
    "_id": "transients/7536216",
    "_rev": "_kk4VbWq---",
    "name": {
        "alias": [
            {
                "value": "VAST J011148.1-025539",
                "reference": [
                    "2024ApJ...973..104D"
                ]
            }
        ],
        "default_name": "VAST J011148.1-025539"
    },
    "coordinate": [
        {
            "ra": 17.95,
            "dec": -2.93,
            "ra_units": "deg",
            "dec_units": "deg",
            "reference": [
                "2024ApJ...973..104D"
            ],
            "coordinate_type": "equatorial"
        }
    ],
    "classification": {
        "discovery_method": "radio",
        "value": [
            {
                "object_class": "TDE",
                "confidence": 1,
                "reference": [
                    "2024ApJ...973..104D"
                ]
            }
        ]
    },
    "schema_version": {
        "comment": "Uploader:Noah Franz | Email:nfranz@arizona.edu"
    },
    "photometry": [
        {
            "reference": "2024ApJ...973..104D",
            "raw": [
                3.4
            ],
            "raw_err": [
                0.3
            ],
            "raw_units": "mJy",
            "date": [
                59211
            ],
            "date_format": [
                "mjd"
            ],
            "upperlimit": [
                false
            ],
            "filter_key": [
                "1.367GHz"
            ],
            "obs_type": "radio",
            "telescope": "RACS",
            "val_k": false,
            "val_s": false,
            "val_host": false,
            "val_av": false,
            "val_hostav": false
        }
    ],
    "filter_alias": [
        {
            "filter_key": "1.367GHz",
            "filter_name": "L",
            "wave_eff": 219306845.64740306,
            "wave_units": "nm"
        }
    ],
    "reference_alias": [
        {
            "name": "2024ApJ...973..104D",
            "human_readable_name": "Dykaar, Hannah et al. (2024)"
        }
    ]
}