{
    "_key": "7536037",
    "_id": "transients/7536037",
    "_rev": "_kk4VLpC---",
    "name": {
        "alias": [
            {
                "value": "VT J1356",
                "reference": [
                    "2025ApJ...982..163S"
                ]
            }
        ],
        "default_name": "VT J1356"
    },
    "coordinate": [
        {
            "ra": "13h56m12.1s",
            "dec": "\u221226d58m50.7s",
            "ra_units": "hourangle",
            "dec_units": "deg",
            "reference": [
                "2025ApJ...982..163S"
            ],
            "coordinate_type": "equatorial"
        }
    ],
    "distance": [
        {
            "value": 0.018,
            "reference": [
                "2025ApJ...982..163S"
            ],
            "computed": false,
            "distance_type": "redshift"
        }
    ],
    "classification": {
        "value": [
            {
                "object_class": "TDE",
                "confidence": 1,
                "reference": [
                    "2025ApJ...982..163S"
                ]
            }
        ],
        "discovery_method": "radio"
    },
    "schema_version": {
        "comment": "Uploader:Noah Franz | Email:nfranz@arizona.edu"
    },
    "reference_alias": [
        {
            "name": "2025ApJ...982..163S",
            "human_readable_name": "Somalwar, Jean J. et al. (2025)"
        }
    ]
}