{
    "_key": "7536148",
    "_id": "transients/7536148",
    "_rev": "_kk4VT6i---",
    "classification": {
        "discovery_method": "xray",
        "spec_classed": 0,
        "unambiguous": false,
        "value": [
            {
                "object_class": "TDE",
                "confidence": 0,
                "reference": [
                    "2016A&A...586A...9H",
                    "2017ApJ...835...64G",
                    "2023PASP..135c4101G"
                ],
                "default": true
            }
        ]
    },
    "coordinate": [
        {
            "ra": "15:57:30.72",
            "dec": "+15:57:21.60",
            "ra_units": "hour",
            "dec_units": "deg",
            "reference": [
                "2017ApJ...838..149A"
            ],
            "coordinate_type": "equatorial"
        }
    ],
    "distance": [
        {
            "value": "0.015607",
            "distance_type": "redshift",
            "reference": [
                "2015arXiv150506612H",
                "2016A&A...586A...9H",
                "2017ApJ...838..149A",
                "2023PASP..135c4101G"
            ],
            "default": true
        },
        {
            "value": "68.82",
            "distance_type": "comoving",
            "unit": "Mpc",
            "reference": [
                "2015arXiv150506612H",
                "2016A&A...594A..13P",
                "2017ApJ...835...64G",
                "2017ApJ...838..149A"
            ],
            "default": true
        },
        {
            "value": "69.894",
            "distance_type": "luminosity",
            "unit": "Mpc",
            "reference": [
                "2015arXiv150506612H",
                "2016A&A...594A..13P",
                "2017ApJ...835...64G",
                "2017ApJ...838..149A"
            ],
            "default": true
        }
    ],
    "schema_version": {
        "comment": "Copied from tde.space;",
        "comments": "From Goldtooth et al. (2023)",
        "value": 0
    },
    "name": {
        "alias": [
            {
                "value": "NGC 6021",
                "reference": [
                    "2017ApJ...838..149A",
                    "2023PASP..135c4101G"
                ]
            }
        ],
        "default_name": "NGC 6021"
    },
    "reference_alias": [
        {
            "name": "2017ApJ...838..149A",
            "human_readable_name": "Auchettl, Guillochon, & Ramirez-Ruiz (2017)"
        },
        {
            "name": "2016A&A...594A..13P",
            "human_readable_name": "Planck Collaboration et al. (2016)"
        },
        {
            "name": "2015arXiv150506612H",
            "human_readable_name": "Hryniewicz & Walter (2015)"
        },
        {
            "name": "2011ApJ...737..103S",
            "human_readable_name": "Schlafly & Finkbeiner (2011)"
        },
        {
            "name": "2017ApJ...835...64G",
            "human_readable_name": "Guillochon et al. (2017)"
        },
        {
            "name": "2023PASP..135c4101G",
            "human_readable_name": "Goldtooth, Aaron et al. (2023)"
        },
        {
            "name": "2016A&A...586A...9H",
            "human_readable_name": "Hryniewicz, K. & Walter, R. (2016)"
        }
    ],
    "date_reference": [
        {
            "value": "2005-01-02 ",
            "date_format": "iso",
            "date_type": "discovery",
            "reference": [
                "2023PASP..135c4101G",
                "2016A&A...586A...9H"
            ],
            "default": true
        }
    ],
    "host": [
        {
            "host_name": "NGC 6021",
            "host_ra": 239.37916666666663,
            "host_dec": 15.956213888888888,
            "host_ra_units": "deg",
            "host_dec_units": "deg",
            "reference": [
                "2023PASP..135c4101G",
                "2016A&A...586A...9H"
            ]
        }
    ]
}