{
    "_key": "7535969",
    "_id": "transients/7535969",
    "_rev": "_kk4VHJq---",
    "schema_version": {
        "comments": "From Goldtooth et al. (2023)",
        "value": 0
    },
    "name": {
        "alias": [
            {
                "value": "XMMSL2 J140446.9-251135",
                "reference": [
                    "2023PASP..135c4101G"
                ]
            }
        ],
        "default_name": "XMMSL2 J140446.9-251135"
    },
    "classification": {
        "discovery_method": "xray",
        "spec_classed": 0,
        "unambiguous": true,
        "value": [
            {
                "object_class": "TDE",
                "confidence": 1,
                "reference": [
                    "2023PASP..135c4101G",
                    "2018ATel11394....1R"
                ]
            }
        ]
    },
    "distance": [
        {
            "value": "0.043",
            "reference": [
                "2023PASP..135c4101G",
                "2018ATel11394....1R"
            ],
            "computed": false,
            "default": true,
            "distance_type": "redshift"
        }
    ],
    "coordinate": [
        {
            "ra": 211.1958333333333,
            "dec": -25.193055555555556,
            "ra_units": "deg",
            "dec_units": "deg",
            "coordinate_type": "equatorial",
            "reference": [
                "2023PASP..135c4101G",
                "2018ATel11394....1R"
            ],
            "default": true
        }
    ],
    "date_reference": [
        {
            "value": "2018-02-15 ",
            "date_format": "iso",
            "date_type": "discovery",
            "reference": [
                "2023PASP..135c4101G",
                "2018ATel11394....1R"
            ],
            "default": true
        }
    ],
    "host": [
        {
            "host_name": "2MASX 14044671-2511433",
            "host_ra": 211.1958333333333,
            "host_dec": -25.193055555555556,
            "host_ra_units": "deg",
            "host_dec_units": "deg",
            "reference": [
                "2023PASP..135c4101G",
                "2018ATel11394....1R"
            ]
        }
    ],
    "reference_alias": [
        {
            "name": "2023PASP..135c4101G",
            "human_readable_name": "Goldtooth, Aaron et al. (2023)"
        },
        {
            "name": "2018ATel11394....1R",
            "human_readable_name": "Read, A. M. et al. (2018)"
        }
    ]
}