{
    "_key": "7535935",
    "_id": "transients/7535935",
    "_rev": "_kk4VFMK---",
    "schema_version": {
        "comments": "From Goldtooth et al. (2023)",
        "value": 0
    },
    "name": {
        "alias": [
            {
                "value": "XMMSL1 J061927.1-655311",
                "reference": [
                    "2023PASP..135c4101G"
                ]
            }
        ],
        "default_name": "XMMSL1 J061927.1-655311"
    },
    "classification": {
        "discovery_method": "xray",
        "spec_classed": 1,
        "unambiguous": true,
        "value": [
            {
                "object_class": "TDE",
                "confidence": 3.1,
                "reference": [
                    "2023PASP..135c4101G",
                    "2014A&A...572A...1S"
                ]
            }
        ]
    },
    "distance": [
        {
            "value": "0.0729",
            "reference": [
                "2023PASP..135c4101G",
                "2014A&A...572A...1S"
            ],
            "computed": false,
            "default": true,
            "distance_type": "redshift"
        }
    ],
    "coordinate": [
        {
            "ra": 94.86249999999998,
            "dec": -65.88527777777779,
            "ra_units": "deg",
            "dec_units": "deg",
            "coordinate_type": "equatorial",
            "reference": [
                "2023PASP..135c4101G",
                "2014A&A...572A...1S"
            ],
            "default": true
        }
    ],
    "date_reference": [
        {
            "value": "2012-11-12 ",
            "date_format": "iso",
            "date_type": "discovery",
            "reference": [
                "2023PASP..135c4101G",
                "2014A&A...572A...1S"
            ],
            "default": true
        }
    ],
    "host": [
        {
            "host_name": "2MASX 06192755-6553079",
            "host_ra": 94.86249999999998,
            "host_dec": -65.88527777777779,
            "host_ra_units": "deg",
            "host_dec_units": "deg",
            "reference": [
                "2023PASP..135c4101G",
                "2014A&A...572A...1S"
            ]
        }
    ],
    "reference_alias": [
        {
            "name": "2023PASP..135c4101G",
            "human_readable_name": "Goldtooth, Aaron et al. (2023)"
        },
        {
            "name": "2014A&A...572A...1S",
            "human_readable_name": "Saxton, R. D. et al. (2014)"
        }
    ]
}